scenario,sorting,population,patient_id,panel,top_five_membership_changed,removed,added,retained,top_five_order_changed,displayed_membership_changed,displayed_order_changed,full_order_changed,common_eligible_features,eligible_membership_changed,mean_absolute_full_rank_change
p01,stable,demonstration,1,uncertainty,False,0,0,5,False,False,False,False,44,False,0.0
p01,stable,demonstration,2,uncertainty,False,0,0,5,False,False,False,False,44,False,0.0
p01,stable,demonstration,3,uncertainty,False,0,0,5,False,False,False,False,44,False,0.0
p01,stable,demonstration,4,uncertainty,False,0,0,5,False,False,False,False,44,False,0.0
p01,stable,demonstration,5,uncertainty,False,0,0,5,False,False,False,False,44,False,0.0
p01,stable,demonstration,6,uncertainty,False,0,0,5,False,False,False,False,44,False,0.0
p01,stable,demonstration,7,uncertainty,False,0,0,5,False,False,False,False,44,False,0.0
p01,stable,demonstration,8,uncertainty,False,0,0,5,False,False,False,False,44,False,0.0
p01,stable,demonstration,9,uncertainty,False,0,0,5,False,False,False,False,44,False,0.0
p01,stable,demonstration,10,uncertainty,False,0,0,5,False,False,False,False,44,False,0.0
p01,stable,demonstration,1,low_score,False,0,0,5,False,False,False,False,5,False,0.0
p01,stable,demonstration,2,low_score,False,0,0,5,False,False,False,False,9,False,0.0
p01,stable,demonstration,3,low_score,False,0,0,5,False,False,False,False,15,False,0.0
p01,stable,demonstration,4,low_score,False,0,0,5,False,False,False,False,7,False,0.0
p01,stable,demonstration,5,low_score,False,0,0,5,False,False,False,False,8,False,0.0
p01,stable,demonstration,6,low_score,False,0,0,5,False,False,False,False,10,False,0.0
p01,stable,demonstration,7,low_score,False,0,0,5,False,False,False,False,17,False,0.0
p01,stable,demonstration,8,low_score,False,0,0,5,False,False,False,False,19,False,0.0
p01,stable,demonstration,9,low_score,False,0,0,5,False,False,False,False,5,False,0.0
p01,stable,demonstration,10,low_score,False,0,0,5,False,False,False,False,12,False,0.0
p01,app_quicksort,demonstration,1,uncertainty,False,0,0,5,False,False,False,False,44,False,0.0
p01,app_quicksort,demonstration,2,uncertainty,False,0,0,5,False,False,False,False,44,False,0.0
p01,app_quicksort,demonstration,3,uncertainty,False,0,0,5,False,False,False,False,44,False,0.0
p01,app_quicksort,demonstration,4,uncertainty,False,0,0,5,False,False,False,False,44,False,0.0
p01,app_quicksort,demonstration,5,uncertainty,False,0,0,5,False,False,False,False,44,False,0.0
p01,app_quicksort,demonstration,6,uncertainty,False,0,0,5,False,False,False,False,44,False,0.0
p01,app_quicksort,demonstration,7,uncertainty,False,0,0,5,False,False,False,False,44,False,0.0
p01,app_quicksort,demonstration,8,uncertainty,False,0,0,5,False,False,False,False,44,False,0.0
p01,app_quicksort,demonstration,9,uncertainty,False,0,0,5,False,False,False,False,44,False,0.0
p01,app_quicksort,demonstration,10,uncertainty,False,0,0,5,False,False,False,False,44,False,0.0
p01,app_quicksort,demonstration,1,low_score,False,0,0,5,False,False,False,False,5,False,0.0
p01,app_quicksort,demonstration,2,low_score,False,0,0,5,False,False,False,False,9,False,0.0
p01,app_quicksort,demonstration,3,low_score,False,0,0,5,False,False,False,False,15,False,0.0
p01,app_quicksort,demonstration,4,low_score,False,0,0,5,False,False,False,False,7,False,0.0
p01,app_quicksort,demonstration,5,low_score,False,0,0,5,False,False,False,False,8,False,0.0
p01,app_quicksort,demonstration,6,low_score,False,0,0,5,False,False,False,False,10,False,0.0
p01,app_quicksort,demonstration,7,low_score,False,0,0,5,False,False,False,False,17,False,0.0
p01,app_quicksort,demonstration,8,low_score,False,0,0,5,False,False,False,False,19,False,0.0
p01,app_quicksort,demonstration,9,low_score,False,0,0,5,False,False,False,False,5,False,0.0
p01,app_quicksort,demonstration,10,low_score,False,0,0,5,False,False,False,False,12,False,0.0
p01,stable,reference,159,uncertainty,False,0,0,5,False,False,False,False,44,False,0.0
p01,stable,reference,42,uncertainty,False,0,0,5,False,False,False,False,44,False,0.0
p01,stable,reference,64,uncertainty,False,0,0,5,False,False,False,False,44,False,0.0
p01,stable,reference,12,uncertainty,False,0,0,5,False,False,False,False,44,False,0.0
p01,stable,reference,160,uncertainty,False,0,0,5,False,False,False,False,44,False,0.0
p01,stable,reference,155,uncertainty,False,0,0,5,False,False,False,False,44,False,0.0
p01,stable,reference,11,uncertainty,False,0,0,5,False,False,False,False,44,False,0.0
p01,stable,reference,124,uncertainty,False,0,0,5,False,False,False,False,44,False,0.0
p01,stable,reference,169,uncertainty,False,0,0,5,False,False,False,False,44,False,0.0
p01,stable,reference,106,uncertainty,False,0,0,5,False,False,False,False,44,False,0.0
p01,stable,reference,157,uncertainty,False,0,0,5,False,False,False,False,44,False,0.0
p01,stable,reference,126,uncertainty,False,0,0,5,False,False,False,False,44,False,0.0
p01,stable,reference,55,uncertainty,False,0,0,5,False,False,False,False,44,False,0.0
p01,stable,reference,113,uncertainty,False,0,0,5,False,False,False,False,44,False,0.0
p01,stable,reference,158,uncertainty,False,0,0,5,False,False,False,False,44,False,0.0
p01,stable,reference,165,uncertainty,False,0,0,5,False,False,False,False,44,False,0.0
p01,stable,reference,178,uncertainty,False,0,0,5,False,False,False,False,44,False,0.0
p01,stable,reference,133,uncertainty,False,0,0,5,False,False,False,False,44,False,0.0
p01,stable,reference,78,uncertainty,False,0,0,5,False,False,False,False,44,False,0.0
p01,stable,reference,70,uncertainty,False,0,0,5,False,False,False,False,44,False,0.0
p01,stable,reference,176,uncertainty,False,0,0,5,False,False,False,False,44,False,0.0
p01,stable,reference,17,uncertainty,False,0,0,5,False,False,False,False,44,False,0.0
p01,stable,reference,136,uncertainty,False,0,0,5,False,False,False,False,44,False,0.0
p01,stable,reference,76,uncertainty,False,0,0,5,False,False,False,False,44,False,0.0
p01,stable,reference,82,uncertainty,False,0,0,5,False,False,False,False,44,False,0.0
p01,stable,reference,114,uncertainty,False,0,0,5,False,False,False,False,44,False,0.0
p01,stable,reference,168,uncertainty,False,0,0,5,False,False,False,False,44,False,0.0
p01,stable,reference,28,uncertainty,False,0,0,5,False,False,False,False,44,False,0.0
p01,stable,reference,39,uncertainty,False,0,0,5,False,False,False,False,44,False,0.0
p01,stable,reference,50,uncertainty,False,0,0,5,False,False,False,False,44,False,0.0
p01,stable,reference,61,uncertainty,False,0,0,5,False,False,False,False,44,False,0.0
p01,stable,reference,100,uncertainty,False,0,0,5,False,False,False,False,44,False,0.0
p01,stable,reference,130,uncertainty,False,0,0,5,False,False,False,False,44,False,0.0
p01,stable,reference,141,uncertainty,False,0,0,5,False,False,False,False,44,False,0.0
p01,stable,reference,53,uncertainty,False,0,0,5,False,False,False,False,44,False,0.0
p01,stable,reference,73,uncertainty,False,0,0,5,False,False,False,False,44,False,0.0
p01,stable,reference,9,uncertainty,False,0,0,5,False,False,False,False,44,False,0.0
p01,stable,reference,6,uncertainty,False,0,0,5,False,False,False,False,44,False,0.0
p01,stable,reference,31,uncertainty,False,0,0,5,False,False,False,False,44,False,0.0
p01,stable,reference,94,uncertainty,False,0,0,5,False,False,False,False,44,False,0.0
p01,stable,reference,58,uncertainty,False,0,0,5,False,False,False,False,44,False,0.0
p01,stable,reference,177,uncertainty,False,0,0,5,False,False,False,False,44,False,0.0
p01,stable,reference,48,uncertainty,False,0,0,5,False,False,False,False,44,False,0.0
p01,stable,reference,164,uncertainty,False,0,0,5,False,False,False,False,44,False,0.0
p01,stable,reference,67,uncertainty,False,0,0,5,False,False,False,False,44,False,0.0
p01,stable,reference,118,uncertainty,False,0,0,5,False,False,False,False,44,False,0.0
p01,stable,reference,79,uncertainty,False,0,0,5,False,False,False,False,44,False,0.0
p01,stable,reference,122,uncertainty,False,0,0,5,False,False,False,False,44,False,0.0
p01,stable,reference,54,uncertainty,False,0,0,5,False,False,False,False,44,False,0.0
p01,stable,reference,151,uncertainty,False,0,0,5,False,False,False,False,44,False,0.0
p01,stable,reference,103,uncertainty,False,0,0,5,False,False,False,False,44,False,0.0
p01,stable,reference,137,uncertainty,False,0,0,5,False,False,False,False,44,False,0.0
p01,stable,reference,132,uncertainty,False,0,0,5,False,False,False,False,44,False,0.0
p01,stable,reference,143,uncertainty,False,0,0,5,False,False,False,False,44,False,0.0
p01,stable,reference,107,uncertainty,False,0,0,5,False,False,False,False,44,False,0.0
p01,stable,reference,119,uncertainty,False,0,0,5,False,False,False,False,44,False,0.0
p01,stable,reference,109,uncertainty,False,0,0,5,False,False,False,False,44,False,0.0
p01,stable,reference,84,uncertainty,False,0,0,5,False,False,False,False,44,False,0.0
p01,stable,reference,135,uncertainty,False,0,0,5,False,False,False,False,44,False,0.0
p01,stable,reference,125,uncertainty,False,0,0,5,False,False,False,False,44,False,0.0
p01,stable,reference,161,uncertainty,False,0,0,5,False,False,False,False,44,False,0.0
p01,stable,reference,4,uncertainty,False,0,0,5,False,False,False,False,44,False,0.0
p01,stable,reference,72,uncertainty,False,0,0,5,False,False,False,False,44,False,0.0
p01,stable,reference,68,uncertainty,False,0,0,5,False,False,False,False,44,False,0.0
p01,stable,reference,175,uncertainty,False,0,0,5,False,False,False,False,44,False,0.0
p01,stable,reference,182,uncertainty,False,0,0,5,False,False,False,False,44,False,0.0
p01,stable,reference,134,uncertainty,False,0,0,5,False,False,False,False,44,False,0.0
p01,stable,reference,105,uncertainty,False,0,0,5,False,False,False,False,44,False,0.0
p01,stable,reference,43,uncertainty,False,0,0,5,False,False,False,False,44,False,0.0
p01,stable,reference,139,uncertainty,False,0,0,5,False,False,False,False,44,False,0.0
p01,stable,reference,3,uncertainty,False,0,0,5,False,False,False,False,44,False,0.0
p01,stable,reference,62,uncertainty,False,0,0,5,False,False,False,False,44,False,0.0
p01,stable,reference,5,uncertainty,False,0,0,5,False,False,False,False,44,False,0.0
p01,stable,reference,66,uncertainty,False,0,0,5,False,False,False,False,44,False,0.0
p01,stable,reference,180,uncertainty,False,0,0,5,False,False,False,False,44,False,0.0
p01,stable,reference,30,uncertainty,False,0,0,5,False,False,False,False,44,False,0.0
p01,stable,reference,149,uncertainty,False,0,0,5,False,False,False,False,44,False,0.0
p01,stable,reference,110,uncertainty,False,0,0,5,False,False,False,False,44,False,0.0
p01,stable,reference,13,uncertainty,False,0,0,5,False,False,False,False,44,False,0.0
p01,stable,reference,7,uncertainty,False,0,0,5,False,False,False,False,44,False,0.0
p01,stable,reference,87,uncertainty,False,0,0,5,False,False,False,False,44,False,0.0
p01,stable,reference,150,uncertainty,False,0,0,5,False,False,False,False,44,False,0.0
p01,stable,reference,179,uncertainty,False,0,0,5,False,False,False,False,44,False,0.0
p01,stable,reference,181,uncertainty,False,0,0,5,False,False,False,False,44,False,0.0
p01,stable,reference,148,uncertainty,False,0,0,5,False,False,False,False,44,False,0.0
p01,stable,reference,162,uncertainty,False,0,0,5,False,False,False,False,44,False,0.0
p01,stable,reference,102,uncertainty,False,0,0,5,False,False,False,False,44,False,0.0
p01,stable,reference,56,uncertainty,False,0,0,5,False,False,False,False,44,False,0.0
p01,stable,reference,19,uncertainty,False,0,0,5,False,False,False,False,44,False,0.0
p01,stable,reference,112,uncertainty,False,0,0,5,False,False,False,False,44,False,0.0
p01,stable,reference,40,uncertainty,False,0,0,5,False,False,False,False,44,False,0.0
p01,stable,reference,22,uncertainty,False,0,0,5,False,False,False,False,44,False,0.0
p01,stable,reference,88,uncertainty,False,0,0,5,False,False,False,False,44,False,0.0
p01,stable,reference,167,uncertainty,False,0,0,5,False,False,False,False,44,False,0.0
p01,stable,reference,183,uncertainty,False,0,0,5,False,False,False,False,44,False,0.0
p01,stable,reference,24,uncertainty,False,0,0,5,False,False,False,False,44,False,0.0
p01,stable,reference,128,uncertainty,False,0,0,5,False,False,False,False,44,False,0.0
p01,stable,reference,120,uncertainty,False,0,0,5,False,False,False,False,44,False,0.0
p01,stable,reference,45,uncertainty,False,0,0,5,False,False,False,False,44,False,0.0
p01,stable,reference,86,uncertainty,False,0,0,5,False,False,False,False,44,False,0.0
p01,stable,reference,156,uncertainty,False,0,0,5,False,False,False,False,44,False,0.0
p01,stable,reference,98,uncertainty,False,0,0,5,False,False,False,False,44,False,0.0
p01,stable,reference,92,uncertainty,False,0,0,5,False,False,False,False,44,False,0.0
p01,stable,reference,95,uncertainty,False,0,0,5,False,False,False,False,44,False,0.0
p01,stable,reference,101,uncertainty,False,0,0,5,False,False,False,False,44,False,0.0
p01,stable,reference,47,uncertainty,False,0,0,5,False,False,False,False,44,False,0.0
p01,stable,reference,25,uncertainty,False,0,0,5,False,False,False,False,44,False,0.0
p01,stable,reference,121,uncertainty,False,0,0,5,False,False,False,False,44,False,0.0
p01,stable,reference,41,uncertainty,False,0,0,5,False,False,False,False,44,False,0.0
p01,stable,reference,99,uncertainty,False,0,0,5,False,False,False,False,44,False,0.0
p01,stable,reference,27,uncertainty,False,0,0,5,False,False,False,False,44,False,0.0
p01,stable,reference,140,uncertainty,False,0,0,5,False,False,False,False,44,False,0.0
p01,stable,reference,81,uncertainty,False,0,0,5,False,False,False,False,44,False,0.0
p01,stable,reference,144,uncertainty,False,0,0,5,False,False,False,False,44,False,0.0
p01,stable,reference,108,uncertainty,False,0,0,5,False,False,False,False,44,False,0.0
p01,stable,reference,85,uncertainty,False,0,0,5,False,False,False,False,44,False,0.0
p01,stable,reference,152,uncertainty,False,0,0,5,False,False,False,False,44,False,0.0
p01,stable,reference,15,uncertainty,False,0,0,5,False,False,False,False,44,False,0.0
p01,stable,reference,89,uncertainty,False,0,0,5,False,False,False,False,44,False,0.0
p01,stable,reference,116,uncertainty,False,0,0,5,False,False,False,False,44,False,0.0
p01,stable,reference,138,uncertainty,False,0,0,5,False,False,False,False,44,False,0.0
p01,stable,reference,154,uncertainty,False,0,0,5,False,False,False,False,44,False,0.0
p01,stable,reference,104,uncertainty,False,0,0,5,False,False,False,False,44,False,0.0
p01,stable,reference,131,uncertainty,False,0,0,5,False,False,False,False,44,False,0.0
p01,stable,reference,129,uncertainty,False,0,0,5,False,False,False,False,44,False,0.0
p01,stable,reference,96,uncertainty,False,0,0,5,False,False,False,False,44,False,0.0
p01,stable,reference,44,uncertainty,False,0,0,5,False,False,False,False,44,False,0.0
p01,stable,reference,46,uncertainty,False,0,0,5,False,False,False,False,44,False,0.0
p01,stable,reference,159,low_score,False,0,0,5,False,False,False,False,13,False,0.0
p01,stable,reference,42,low_score,False,0,0,5,False,False,False,False,12,False,0.0
p01,stable,reference,64,low_score,False,0,0,5,False,False,False,False,5,False,0.0
p01,stable,reference,12,low_score,False,0,0,5,False,False,False,False,7,False,0.0
p01,stable,reference,160,low_score,False,0,0,5,False,False,False,False,14,False,0.0
p01,stable,reference,155,low_score,False,0,0,5,False,False,False,False,10,False,0.0
p01,stable,reference,11,low_score,False,0,0,5,False,False,False,False,12,False,0.0
p01,stable,reference,124,low_score,False,0,0,5,False,False,False,False,8,False,0.0
p01,stable,reference,169,low_score,False,0,0,5,False,False,False,False,13,False,0.0
p01,stable,reference,106,low_score,False,0,0,5,False,False,False,False,13,False,0.0
p01,stable,reference,157,low_score,False,0,0,5,False,False,False,False,9,False,0.0
p01,stable,reference,126,low_score,False,0,0,5,False,False,False,False,16,False,0.0
p01,stable,reference,55,low_score,False,0,0,5,False,False,False,False,9,False,0.0
p01,stable,reference,113,low_score,False,0,0,5,False,False,False,False,11,False,0.0
p01,stable,reference,158,low_score,False,0,0,5,False,False,False,False,12,False,0.0
p01,stable,reference,165,low_score,False,0,0,5,False,False,False,False,16,False,0.0
p01,stable,reference,178,low_score,False,0,0,5,False,False,False,False,10,False,0.0
p01,stable,reference,133,low_score,False,0,0,5,False,False,False,False,5,False,0.0
p01,stable,reference,78,low_score,False,0,0,5,False,False,False,False,11,False,0.0
p01,stable,reference,70,low_score,False,0,0,5,False,False,False,False,16,False,0.0
p01,stable,reference,176,low_score,False,0,0,5,False,False,False,False,11,False,0.0
p01,stable,reference,17,low_score,False,0,0,5,False,False,False,False,11,False,0.0
p01,stable,reference,136,low_score,False,0,0,5,False,False,False,False,15,False,0.0
p01,stable,reference,76,low_score,False,0,0,5,False,False,False,False,21,False,0.0
p01,stable,reference,82,low_score,False,0,0,5,False,False,False,False,9,False,0.0
p01,stable,reference,114,low_score,False,0,0,5,False,False,False,False,13,False,0.0
p01,stable,reference,168,low_score,False,0,0,5,False,False,False,False,8,False,0.0
p01,stable,reference,28,low_score,False,0,0,5,False,False,False,False,10,False,0.0
p01,stable,reference,39,low_score,False,0,0,5,False,False,False,False,8,False,0.0
p01,stable,reference,50,low_score,False,0,0,5,False,False,False,False,7,False,0.0
p01,stable,reference,61,low_score,False,0,0,5,False,False,False,False,9,False,0.0
p01,stable,reference,100,low_score,False,0,0,5,False,False,False,False,16,False,0.0
p01,stable,reference,130,low_score,False,0,0,5,False,False,False,False,15,False,0.0
p01,stable,reference,141,low_score,False,0,0,5,False,False,False,False,16,False,0.0
p01,stable,reference,53,low_score,False,0,0,5,False,False,False,False,17,False,0.0
p01,stable,reference,73,low_score,False,0,0,5,False,False,False,False,9,False,0.0
p01,stable,reference,9,low_score,False,0,0,5,False,False,False,False,8,False,0.0
p01,stable,reference,6,low_score,False,0,0,5,False,False,False,False,7,False,0.0
p01,stable,reference,31,low_score,False,0,0,5,False,False,False,False,10,False,0.0
p01,stable,reference,94,low_score,False,0,0,5,False,False,False,False,13,False,0.0
p01,stable,reference,58,low_score,False,0,0,5,False,False,False,False,14,False,0.0
p01,stable,reference,177,low_score,False,0,0,5,False,False,False,False,12,False,0.0
p01,stable,reference,48,low_score,False,0,0,5,False,False,False,False,14,False,0.0
p01,stable,reference,164,low_score,False,0,0,5,False,False,False,False,13,False,0.0
p01,stable,reference,67,low_score,False,0,0,5,False,False,False,False,14,False,0.0
p01,stable,reference,118,low_score,False,0,0,5,False,False,False,False,17,False,0.0
p01,stable,reference,79,low_score,False,0,0,5,False,False,False,False,5,False,0.0
p01,stable,reference,122,low_score,False,0,0,5,False,False,False,False,17,False,0.0
p01,stable,reference,54,low_score,False,0,0,5,False,False,False,False,8,False,0.0
p01,stable,reference,151,low_score,False,0,0,5,False,False,False,False,16,False,0.0
p01,stable,reference,103,low_score,False,0,0,5,False,False,False,False,11,False,0.0
p01,stable,reference,137,low_score,False,0,0,5,False,False,False,False,15,False,0.0
p01,stable,reference,132,low_score,False,0,0,5,False,False,False,False,11,False,0.0
p01,stable,reference,143,low_score,False,0,0,5,False,False,False,False,17,False,0.0
p01,stable,reference,107,low_score,False,0,0,5,False,False,False,False,12,False,0.0
p01,stable,reference,119,low_score,False,0,0,5,False,False,False,False,9,False,0.0
p01,stable,reference,109,low_score,False,0,0,5,False,False,False,False,11,False,0.0
p01,stable,reference,84,low_score,False,0,0,5,False,False,False,False,5,False,0.0
p01,stable,reference,135,low_score,False,0,0,5,False,False,False,False,13,False,0.0
p01,stable,reference,125,low_score,False,0,0,5,False,False,False,False,13,False,0.0
p01,stable,reference,161,low_score,False,0,0,5,False,False,False,False,15,False,0.0
p01,stable,reference,4,low_score,False,0,0,5,False,False,False,False,15,False,0.0
p01,stable,reference,72,low_score,False,0,0,4,False,False,False,False,4,False,0.0
p01,stable,reference,68,low_score,False,0,0,5,False,False,False,False,12,False,0.0
p01,stable,reference,175,low_score,False,0,0,5,False,False,False,False,14,False,0.0
p01,stable,reference,182,low_score,False,0,0,5,False,False,False,False,9,False,0.0
p01,stable,reference,134,low_score,False,0,0,5,False,False,False,False,15,False,0.0
p01,stable,reference,105,low_score,False,0,0,5,False,False,False,False,10,False,0.0
p01,stable,reference,43,low_score,False,0,0,5,False,False,False,False,10,False,0.0
p01,stable,reference,139,low_score,False,0,0,5,False,False,False,False,14,False,0.0
p01,stable,reference,3,low_score,False,0,0,5,False,False,False,False,9,False,0.0
p01,stable,reference,62,low_score,False,0,0,5,False,False,False,False,9,False,0.0
p01,stable,reference,5,low_score,False,0,0,5,False,False,False,False,9,False,0.0
p01,stable,reference,66,low_score,False,0,0,5,False,False,False,False,7,False,0.0
p01,stable,reference,180,low_score,False,0,0,5,False,False,False,False,17,False,0.0
p01,stable,reference,30,low_score,False,0,0,5,False,False,False,False,6,False,0.0
p01,stable,reference,149,low_score,False,0,0,5,False,False,False,False,12,False,0.0
p01,stable,reference,110,low_score,False,0,0,5,False,False,False,False,9,False,0.0
p01,stable,reference,13,low_score,False,0,0,5,False,False,False,False,15,False,0.0
p01,stable,reference,7,low_score,False,0,0,5,False,False,False,False,15,False,0.0
p01,stable,reference,87,low_score,False,0,0,5,False,False,False,False,10,False,0.0
p01,stable,reference,150,low_score,False,0,0,5,False,False,False,False,15,False,0.0
p01,stable,reference,179,low_score,False,0,0,5,False,False,False,False,18,False,0.0
p01,stable,reference,181,low_score,False,0,0,5,False,False,False,False,11,False,0.0
p01,stable,reference,148,low_score,False,0,0,5,False,False,False,False,15,False,0.0
p01,stable,reference,162,low_score,False,0,0,5,False,False,False,False,20,False,0.0
p01,stable,reference,102,low_score,False,0,0,5,False,False,False,False,11,False,0.0
p01,stable,reference,56,low_score,False,0,0,5,False,False,False,False,5,False,0.0
p01,stable,reference,19,low_score,False,0,0,5,False,False,False,False,11,False,0.0
p01,stable,reference,112,low_score,False,0,0,5,False,False,False,False,11,False,0.0
p01,stable,reference,40,low_score,False,0,0,5,False,False,False,False,6,False,0.0
p01,stable,reference,22,low_score,False,0,0,5,False,False,False,False,16,False,0.0
p01,stable,reference,88,low_score,False,0,0,5,False,False,False,False,10,False,0.0
p01,stable,reference,167,low_score,False,0,0,5,False,False,False,False,12,False,0.0
p01,stable,reference,183,low_score,False,0,0,5,False,False,False,False,15,False,0.0
p01,stable,reference,24,low_score,False,0,0,5,False,False,False,False,9,False,0.0
p01,stable,reference,128,low_score,False,0,0,5,False,False,False,False,13,False,0.0
p01,stable,reference,120,low_score,False,0,0,5,False,False,False,False,10,False,0.0
p01,stable,reference,45,low_score,False,0,0,5,False,False,False,False,8,False,0.0
p01,stable,reference,86,low_score,False,0,0,5,False,False,False,False,17,False,0.0
p01,stable,reference,156,low_score,False,0,0,5,False,False,False,False,16,False,0.0
p01,stable,reference,98,low_score,False,0,0,5,False,False,False,False,11,False,0.0
p01,stable,reference,92,low_score,False,0,0,5,False,False,False,False,12,False,0.0
p01,stable,reference,95,low_score,False,0,0,5,False,False,False,False,14,False,0.0
p01,stable,reference,101,low_score,False,0,0,5,False,False,False,False,15,False,0.0
p01,stable,reference,47,low_score,False,0,0,5,False,False,False,False,8,False,0.0
p01,stable,reference,25,low_score,False,0,0,5,False,False,False,False,11,False,0.0
p01,stable,reference,121,low_score,False,0,0,5,False,False,False,False,12,False,0.0
p01,stable,reference,41,low_score,False,0,0,5,False,False,False,False,9,False,0.0
p01,stable,reference,99,low_score,False,0,0,5,False,False,False,False,8,False,0.0
p01,stable,reference,27,low_score,False,0,0,5,False,False,False,False,13,False,0.0
p01,stable,reference,140,low_score,False,0,0,5,False,False,False,False,17,False,0.0
p01,stable,reference,81,low_score,False,0,0,3,False,False,False,False,3,False,0.0
p01,stable,reference,144,low_score,False,0,0,5,False,False,False,False,8,False,0.0
p01,stable,reference,108,low_score,False,0,0,5,False,False,False,False,12,False,0.0
p01,stable,reference,85,low_score,False,0,0,5,False,False,False,False,6,False,0.0
p01,stable,reference,152,low_score,False,0,0,5,False,False,False,False,17,False,0.0
p01,stable,reference,15,low_score,False,0,0,5,False,False,False,False,11,False,0.0
p01,stable,reference,89,low_score,False,0,0,5,False,False,False,False,13,False,0.0
p01,stable,reference,116,low_score,False,0,0,5,False,False,False,False,10,False,0.0
p01,stable,reference,138,low_score,False,0,0,5,False,False,False,False,14,False,0.0
p01,stable,reference,154,low_score,False,0,0,5,False,False,False,False,8,False,0.0
p01,stable,reference,104,low_score,False,0,0,5,False,False,False,False,14,False,0.0
p01,stable,reference,131,low_score,False,0,0,5,False,False,False,False,18,False,0.0
p01,stable,reference,129,low_score,False,0,0,5,False,False,False,False,7,False,0.0
p01,stable,reference,96,low_score,False,0,0,5,False,False,False,False,10,False,0.0
p01,stable,reference,44,low_score,False,0,0,5,False,False,False,False,7,False,0.0
p01,stable,reference,46,low_score,False,0,0,5,False,False,False,False,12,False,0.0
p01,app_quicksort,reference,159,uncertainty,False,0,0,5,False,False,False,False,44,False,0.0
p01,app_quicksort,reference,42,uncertainty,False,0,0,5,False,False,False,False,44,False,0.0
p01,app_quicksort,reference,64,uncertainty,False,0,0,5,False,False,False,False,44,False,0.0
p01,app_quicksort,reference,12,uncertainty,False,0,0,5,False,False,False,False,44,False,0.0
p01,app_quicksort,reference,160,uncertainty,False,0,0,5,False,False,False,False,44,False,0.0
p01,app_quicksort,reference,155,uncertainty,False,0,0,5,False,False,False,False,44,False,0.0
p01,app_quicksort,reference,11,uncertainty,False,0,0,5,False,False,False,False,44,False,0.0
p01,app_quicksort,reference,124,uncertainty,False,0,0,5,False,False,False,False,44,False,0.0
p01,app_quicksort,reference,169,uncertainty,False,0,0,5,False,False,False,False,44,False,0.0
p01,app_quicksort,reference,106,uncertainty,False,0,0,5,False,False,False,False,44,False,0.0
p01,app_quicksort,reference,157,uncertainty,False,0,0,5,False,False,False,False,44,False,0.0
p01,app_quicksort,reference,126,uncertainty,False,0,0,5,False,False,False,False,44,False,0.0
p01,app_quicksort,reference,55,uncertainty,False,0,0,5,False,False,False,False,44,False,0.0
p01,app_quicksort,reference,113,uncertainty,False,0,0,5,False,False,False,False,44,False,0.0
p01,app_quicksort,reference,158,uncertainty,False,0,0,5,False,False,False,False,44,False,0.0
p01,app_quicksort,reference,165,uncertainty,False,0,0,5,False,False,False,False,44,False,0.0
p01,app_quicksort,reference,178,uncertainty,False,0,0,5,False,False,False,False,44,False,0.0
p01,app_quicksort,reference,133,uncertainty,False,0,0,5,False,False,False,False,44,False,0.0
p01,app_quicksort,reference,78,uncertainty,False,0,0,5,False,False,False,False,44,False,0.0
p01,app_quicksort,reference,70,uncertainty,False,0,0,5,False,False,False,False,44,False,0.0
p01,app_quicksort,reference,176,uncertainty,False,0,0,5,False,False,False,False,44,False,0.0
p01,app_quicksort,reference,17,uncertainty,False,0,0,5,False,False,False,False,44,False,0.0
p01,app_quicksort,reference,136,uncertainty,False,0,0,5,False,False,False,False,44,False,0.0
p01,app_quicksort,reference,76,uncertainty,False,0,0,5,False,False,False,False,44,False,0.0
p01,app_quicksort,reference,82,uncertainty,False,0,0,5,False,False,False,False,44,False,0.0
p01,app_quicksort,reference,114,uncertainty,False,0,0,5,False,False,False,False,44,False,0.0
p01,app_quicksort,reference,168,uncertainty,False,0,0,5,False,False,False,False,44,False,0.0
p01,app_quicksort,reference,28,uncertainty,False,0,0,5,False,False,False,False,44,False,0.0
p01,app_quicksort,reference,39,uncertainty,False,0,0,5,False,False,False,False,44,False,0.0
p01,app_quicksort,reference,50,uncertainty,False,0,0,5,False,False,False,False,44,False,0.0
p01,app_quicksort,reference,61,uncertainty,False,0,0,5,False,False,False,False,44,False,0.0
p01,app_quicksort,reference,100,uncertainty,False,0,0,5,False,False,False,False,44,False,0.0
p01,app_quicksort,reference,130,uncertainty,False,0,0,5,False,False,False,False,44,False,0.0
p01,app_quicksort,reference,141,uncertainty,False,0,0,5,False,False,False,False,44,False,0.0
p01,app_quicksort,reference,53,uncertainty,False,0,0,5,False,False,False,False,44,False,0.0
p01,app_quicksort,reference,73,uncertainty,False,0,0,5,False,False,False,False,44,False,0.0
p01,app_quicksort,reference,9,uncertainty,False,0,0,5,False,False,False,False,44,False,0.0
p01,app_quicksort,reference,6,uncertainty,False,0,0,5,False,False,False,False,44,False,0.0
p01,app_quicksort,reference,31,uncertainty,False,0,0,5,False,False,False,False,44,False,0.0
p01,app_quicksort,reference,94,uncertainty,False,0,0,5,False,False,False,False,44,False,0.0
p01,app_quicksort,reference,58,uncertainty,False,0,0,5,False,False,False,False,44,False,0.0
p01,app_quicksort,reference,177,uncertainty,False,0,0,5,False,False,False,False,44,False,0.0
p01,app_quicksort,reference,48,uncertainty,False,0,0,5,False,False,False,False,44,False,0.0
p01,app_quicksort,reference,164,uncertainty,False,0,0,5,False,False,False,False,44,False,0.0
p01,app_quicksort,reference,67,uncertainty,False,0,0,5,False,False,False,False,44,False,0.0
p01,app_quicksort,reference,118,uncertainty,False,0,0,5,False,False,False,False,44,False,0.0
p01,app_quicksort,reference,79,uncertainty,False,0,0,5,False,False,False,False,44,False,0.0
p01,app_quicksort,reference,122,uncertainty,False,0,0,5,False,False,False,False,44,False,0.0
p01,app_quicksort,reference,54,uncertainty,False,0,0,5,False,False,False,False,44,False,0.0
p01,app_quicksort,reference,151,uncertainty,False,0,0,5,False,False,False,False,44,False,0.0
p01,app_quicksort,reference,103,uncertainty,False,0,0,5,False,False,False,False,44,False,0.0
p01,app_quicksort,reference,137,uncertainty,False,0,0,5,False,False,False,False,44,False,0.0
p01,app_quicksort,reference,132,uncertainty,False,0,0,5,False,False,False,False,44,False,0.0
p01,app_quicksort,reference,143,uncertainty,False,0,0,5,False,False,False,False,44,False,0.0
p01,app_quicksort,reference,107,uncertainty,False,0,0,5,False,False,False,False,44,False,0.0
p01,app_quicksort,reference,119,uncertainty,False,0,0,5,False,False,False,False,44,False,0.0
p01,app_quicksort,reference,109,uncertainty,False,0,0,5,False,False,False,False,44,False,0.0
p01,app_quicksort,reference,84,uncertainty,False,0,0,5,False,False,False,False,44,False,0.0
p01,app_quicksort,reference,135,uncertainty,False,0,0,5,False,False,False,False,44,False,0.0
p01,app_quicksort,reference,125,uncertainty,False,0,0,5,False,False,False,False,44,False,0.0
p01,app_quicksort,reference,161,uncertainty,False,0,0,5,False,False,False,False,44,False,0.0
p01,app_quicksort,reference,4,uncertainty,False,0,0,5,False,False,False,False,44,False,0.0
p01,app_quicksort,reference,72,uncertainty,False,0,0,5,False,False,False,False,44,False,0.0
p01,app_quicksort,reference,68,uncertainty,False,0,0,5,False,False,False,False,44,False,0.0
p01,app_quicksort,reference,175,uncertainty,False,0,0,5,False,False,False,False,44,False,0.0
p01,app_quicksort,reference,182,uncertainty,False,0,0,5,False,False,False,False,44,False,0.0
p01,app_quicksort,reference,134,uncertainty,False,0,0,5,False,False,False,False,44,False,0.0
p01,app_quicksort,reference,105,uncertainty,False,0,0,5,False,False,False,False,44,False,0.0
p01,app_quicksort,reference,43,uncertainty,False,0,0,5,False,False,False,False,44,False,0.0
p01,app_quicksort,reference,139,uncertainty,False,0,0,5,False,False,False,False,44,False,0.0
p01,app_quicksort,reference,3,uncertainty,False,0,0,5,False,False,False,False,44,False,0.0
p01,app_quicksort,reference,62,uncertainty,False,0,0,5,False,False,False,False,44,False,0.0
p01,app_quicksort,reference,5,uncertainty,False,0,0,5,False,False,False,False,44,False,0.0
p01,app_quicksort,reference,66,uncertainty,False,0,0,5,False,False,False,False,44,False,0.0
p01,app_quicksort,reference,180,uncertainty,False,0,0,5,False,False,False,False,44,False,0.0
p01,app_quicksort,reference,30,uncertainty,False,0,0,5,False,False,False,False,44,False,0.0
p01,app_quicksort,reference,149,uncertainty,False,0,0,5,False,False,False,False,44,False,0.0
p01,app_quicksort,reference,110,uncertainty,False,0,0,5,False,False,False,False,44,False,0.0
p01,app_quicksort,reference,13,uncertainty,False,0,0,5,False,False,False,False,44,False,0.0
p01,app_quicksort,reference,7,uncertainty,False,0,0,5,False,False,False,False,44,False,0.0
p01,app_quicksort,reference,87,uncertainty,False,0,0,5,False,False,False,False,44,False,0.0
p01,app_quicksort,reference,150,uncertainty,False,0,0,5,False,False,False,False,44,False,0.0
p01,app_quicksort,reference,179,uncertainty,False,0,0,5,False,False,False,False,44,False,0.0
p01,app_quicksort,reference,181,uncertainty,False,0,0,5,False,False,False,False,44,False,0.0
p01,app_quicksort,reference,148,uncertainty,False,0,0,5,False,False,False,False,44,False,0.0
p01,app_quicksort,reference,162,uncertainty,False,0,0,5,False,False,False,False,44,False,0.0
p01,app_quicksort,reference,102,uncertainty,False,0,0,5,False,False,False,False,44,False,0.0
p01,app_quicksort,reference,56,uncertainty,False,0,0,5,False,False,False,False,44,False,0.0
p01,app_quicksort,reference,19,uncertainty,False,0,0,5,False,False,False,False,44,False,0.0
p01,app_quicksort,reference,112,uncertainty,False,0,0,5,False,False,False,False,44,False,0.0
p01,app_quicksort,reference,40,uncertainty,False,0,0,5,False,False,False,False,44,False,0.0
p01,app_quicksort,reference,22,uncertainty,False,0,0,5,False,False,False,False,44,False,0.0
p01,app_quicksort,reference,88,uncertainty,False,0,0,5,False,False,False,False,44,False,0.0
p01,app_quicksort,reference,167,uncertainty,False,0,0,5,False,False,False,False,44,False,0.0
p01,app_quicksort,reference,183,uncertainty,False,0,0,5,False,False,False,False,44,False,0.0
p01,app_quicksort,reference,24,uncertainty,False,0,0,5,False,False,False,False,44,False,0.0
p01,app_quicksort,reference,128,uncertainty,False,0,0,5,False,False,False,False,44,False,0.0
p01,app_quicksort,reference,120,uncertainty,False,0,0,5,False,False,False,False,44,False,0.0
p01,app_quicksort,reference,45,uncertainty,False,0,0,5,False,False,False,False,44,False,0.0
p01,app_quicksort,reference,86,uncertainty,False,0,0,5,False,False,False,False,44,False,0.0
p01,app_quicksort,reference,156,uncertainty,False,0,0,5,False,False,False,False,44,False,0.0
p01,app_quicksort,reference,98,uncertainty,False,0,0,5,False,False,False,False,44,False,0.0
p01,app_quicksort,reference,92,uncertainty,False,0,0,5,False,False,False,False,44,False,0.0
p01,app_quicksort,reference,95,uncertainty,False,0,0,5,False,False,False,False,44,False,0.0
p01,app_quicksort,reference,101,uncertainty,False,0,0,5,False,False,False,False,44,False,0.0
p01,app_quicksort,reference,47,uncertainty,False,0,0,5,False,False,False,False,44,False,0.0
p01,app_quicksort,reference,25,uncertainty,False,0,0,5,False,False,False,False,44,False,0.0
p01,app_quicksort,reference,121,uncertainty,False,0,0,5,False,False,False,False,44,False,0.0
p01,app_quicksort,reference,41,uncertainty,False,0,0,5,False,False,False,False,44,False,0.0
p01,app_quicksort,reference,99,uncertainty,False,0,0,5,False,False,False,False,44,False,0.0
p01,app_quicksort,reference,27,uncertainty,False,0,0,5,False,False,False,False,44,False,0.0
p01,app_quicksort,reference,140,uncertainty,False,0,0,5,False,False,False,False,44,False,0.0
p01,app_quicksort,reference,81,uncertainty,False,0,0,5,False,False,False,False,44,False,0.0
p01,app_quicksort,reference,144,uncertainty,False,0,0,5,False,False,False,False,44,False,0.0
p01,app_quicksort,reference,108,uncertainty,False,0,0,5,False,False,False,False,44,False,0.0
p01,app_quicksort,reference,85,uncertainty,False,0,0,5,False,False,False,False,44,False,0.0
p01,app_quicksort,reference,152,uncertainty,False,0,0,5,False,False,False,False,44,False,0.0
p01,app_quicksort,reference,15,uncertainty,False,0,0,5,False,False,False,False,44,False,0.0
p01,app_quicksort,reference,89,uncertainty,False,0,0,5,False,False,False,False,44,False,0.0
p01,app_quicksort,reference,116,uncertainty,False,0,0,5,False,False,False,False,44,False,0.0
p01,app_quicksort,reference,138,uncertainty,False,0,0,5,False,False,False,False,44,False,0.0
p01,app_quicksort,reference,154,uncertainty,False,0,0,5,False,False,False,False,44,False,0.0
p01,app_quicksort,reference,104,uncertainty,False,0,0,5,False,False,False,False,44,False,0.0
p01,app_quicksort,reference,131,uncertainty,False,0,0,5,False,False,False,False,44,False,0.0
p01,app_quicksort,reference,129,uncertainty,False,0,0,5,False,False,False,False,44,False,0.0
p01,app_quicksort,reference,96,uncertainty,False,0,0,5,False,False,False,False,44,False,0.0
p01,app_quicksort,reference,44,uncertainty,False,0,0,5,False,False,False,False,44,False,0.0
p01,app_quicksort,reference,46,uncertainty,False,0,0,5,False,False,False,False,44,False,0.0
p01,app_quicksort,reference,159,low_score,False,0,0,5,False,False,False,False,13,False,0.0
p01,app_quicksort,reference,42,low_score,False,0,0,5,False,False,False,False,12,False,0.0
p01,app_quicksort,reference,64,low_score,False,0,0,5,False,False,False,False,5,False,0.0
p01,app_quicksort,reference,12,low_score,False,0,0,5,False,False,False,False,7,False,0.0
p01,app_quicksort,reference,160,low_score,False,0,0,5,False,False,False,False,14,False,0.0
p01,app_quicksort,reference,155,low_score,False,0,0,5,False,False,False,False,10,False,0.0
p01,app_quicksort,reference,11,low_score,False,0,0,5,False,False,False,False,12,False,0.0
p01,app_quicksort,reference,124,low_score,False,0,0,5,False,False,False,False,8,False,0.0
p01,app_quicksort,reference,169,low_score,False,0,0,5,False,False,False,False,13,False,0.0
p01,app_quicksort,reference,106,low_score,False,0,0,5,False,False,False,False,13,False,0.0
p01,app_quicksort,reference,157,low_score,False,0,0,5,False,False,False,False,9,False,0.0
p01,app_quicksort,reference,126,low_score,False,0,0,5,False,False,False,False,16,False,0.0
p01,app_quicksort,reference,55,low_score,False,0,0,5,False,False,False,False,9,False,0.0
p01,app_quicksort,reference,113,low_score,False,0,0,5,False,False,False,False,11,False,0.0
p01,app_quicksort,reference,158,low_score,False,0,0,5,False,False,False,False,12,False,0.0
p01,app_quicksort,reference,165,low_score,False,0,0,5,False,False,False,False,16,False,0.0
p01,app_quicksort,reference,178,low_score,False,0,0,5,False,False,False,False,10,False,0.0
p01,app_quicksort,reference,133,low_score,False,0,0,5,False,False,False,False,5,False,0.0
p01,app_quicksort,reference,78,low_score,False,0,0,5,False,False,False,False,11,False,0.0
p01,app_quicksort,reference,70,low_score,False,0,0,5,False,False,False,False,16,False,0.0
p01,app_quicksort,reference,176,low_score,False,0,0,5,False,False,False,False,11,False,0.0
p01,app_quicksort,reference,17,low_score,False,0,0,5,False,False,False,False,11,False,0.0
p01,app_quicksort,reference,136,low_score,False,0,0,5,False,False,False,False,15,False,0.0
p01,app_quicksort,reference,76,low_score,False,0,0,5,False,False,False,False,21,False,0.0
p01,app_quicksort,reference,82,low_score,False,0,0,5,False,False,False,False,9,False,0.0
p01,app_quicksort,reference,114,low_score,False,0,0,5,False,False,False,False,13,False,0.0
p01,app_quicksort,reference,168,low_score,False,0,0,5,False,False,False,False,8,False,0.0
p01,app_quicksort,reference,28,low_score,False,0,0,5,False,False,False,False,10,False,0.0
p01,app_quicksort,reference,39,low_score,False,0,0,5,False,False,False,False,8,False,0.0
p01,app_quicksort,reference,50,low_score,False,0,0,5,False,False,False,False,7,False,0.0
p01,app_quicksort,reference,61,low_score,False,0,0,5,False,False,False,False,9,False,0.0
p01,app_quicksort,reference,100,low_score,False,0,0,5,False,False,False,False,16,False,0.0
p01,app_quicksort,reference,130,low_score,False,0,0,5,False,False,False,False,15,False,0.0
p01,app_quicksort,reference,141,low_score,False,0,0,5,False,False,False,False,16,False,0.0
p01,app_quicksort,reference,53,low_score,False,0,0,5,False,False,False,False,17,False,0.0
p01,app_quicksort,reference,73,low_score,False,0,0,5,False,False,False,False,9,False,0.0
p01,app_quicksort,reference,9,low_score,False,0,0,5,False,False,False,False,8,False,0.0
p01,app_quicksort,reference,6,low_score,False,0,0,5,False,False,False,False,7,False,0.0
p01,app_quicksort,reference,31,low_score,False,0,0,5,False,False,False,False,10,False,0.0
p01,app_quicksort,reference,94,low_score,False,0,0,5,False,False,False,False,13,False,0.0
p01,app_quicksort,reference,58,low_score,False,0,0,5,False,False,False,False,14,False,0.0
p01,app_quicksort,reference,177,low_score,False,0,0,5,False,False,False,False,12,False,0.0
p01,app_quicksort,reference,48,low_score,False,0,0,5,False,False,False,False,14,False,0.0
p01,app_quicksort,reference,164,low_score,False,0,0,5,False,False,False,False,13,False,0.0
p01,app_quicksort,reference,67,low_score,False,0,0,5,False,False,False,False,14,False,0.0
p01,app_quicksort,reference,118,low_score,False,0,0,5,False,False,False,False,17,False,0.0
p01,app_quicksort,reference,79,low_score,False,0,0,5,False,False,False,False,5,False,0.0
p01,app_quicksort,reference,122,low_score,False,0,0,5,False,False,False,False,17,False,0.0
p01,app_quicksort,reference,54,low_score,False,0,0,5,False,False,False,False,8,False,0.0
p01,app_quicksort,reference,151,low_score,False,0,0,5,False,False,False,False,16,False,0.0
p01,app_quicksort,reference,103,low_score,False,0,0,5,False,False,False,False,11,False,0.0
p01,app_quicksort,reference,137,low_score,False,0,0,5,False,False,False,False,15,False,0.0
p01,app_quicksort,reference,132,low_score,False,0,0,5,False,False,False,False,11,False,0.0
p01,app_quicksort,reference,143,low_score,False,0,0,5,False,False,False,False,17,False,0.0
p01,app_quicksort,reference,107,low_score,False,0,0,5,False,False,False,False,12,False,0.0
p01,app_quicksort,reference,119,low_score,False,0,0,5,False,False,False,False,9,False,0.0
p01,app_quicksort,reference,109,low_score,False,0,0,5,False,False,False,False,11,False,0.0
p01,app_quicksort,reference,84,low_score,False,0,0,5,False,False,False,False,5,False,0.0
p01,app_quicksort,reference,135,low_score,False,0,0,5,False,False,False,False,13,False,0.0
p01,app_quicksort,reference,125,low_score,False,0,0,5,False,False,False,False,13,False,0.0
p01,app_quicksort,reference,161,low_score,False,0,0,5,False,False,False,False,15,False,0.0
p01,app_quicksort,reference,4,low_score,False,0,0,5,False,False,False,False,15,False,0.0
p01,app_quicksort,reference,72,low_score,False,0,0,4,False,False,False,False,4,False,0.0
p01,app_quicksort,reference,68,low_score,False,0,0,5,False,False,False,False,12,False,0.0
p01,app_quicksort,reference,175,low_score,False,0,0,5,False,False,False,False,14,False,0.0
p01,app_quicksort,reference,182,low_score,False,0,0,5,False,False,False,False,9,False,0.0
p01,app_quicksort,reference,134,low_score,False,0,0,5,False,False,False,False,15,False,0.0
p01,app_quicksort,reference,105,low_score,False,0,0,5,False,False,False,False,10,False,0.0
p01,app_quicksort,reference,43,low_score,False,0,0,5,False,False,False,False,10,False,0.0
p01,app_quicksort,reference,139,low_score,False,0,0,5,False,False,False,False,14,False,0.0
p01,app_quicksort,reference,3,low_score,False,0,0,5,False,False,False,False,9,False,0.0
p01,app_quicksort,reference,62,low_score,False,0,0,5,False,False,False,False,9,False,0.0
p01,app_quicksort,reference,5,low_score,False,0,0,5,False,False,False,False,9,False,0.0
p01,app_quicksort,reference,66,low_score,False,0,0,5,False,False,False,False,7,False,0.0
p01,app_quicksort,reference,180,low_score,False,0,0,5,False,False,False,False,17,False,0.0
p01,app_quicksort,reference,30,low_score,False,0,0,5,False,False,False,False,6,False,0.0
p01,app_quicksort,reference,149,low_score,False,0,0,5,False,False,False,False,12,False,0.0
p01,app_quicksort,reference,110,low_score,False,0,0,5,False,False,False,False,9,False,0.0
p01,app_quicksort,reference,13,low_score,False,0,0,5,False,False,False,False,15,False,0.0
p01,app_quicksort,reference,7,low_score,False,0,0,5,False,False,False,False,15,False,0.0
p01,app_quicksort,reference,87,low_score,False,0,0,5,False,False,False,False,10,False,0.0
p01,app_quicksort,reference,150,low_score,False,0,0,5,False,False,False,False,15,False,0.0
p01,app_quicksort,reference,179,low_score,False,0,0,5,False,False,False,False,18,False,0.0
p01,app_quicksort,reference,181,low_score,False,0,0,5,False,False,False,False,11,False,0.0
p01,app_quicksort,reference,148,low_score,False,0,0,5,False,False,False,False,15,False,0.0
p01,app_quicksort,reference,162,low_score,False,0,0,5,False,False,False,False,20,False,0.0
p01,app_quicksort,reference,102,low_score,False,0,0,5,False,False,False,False,11,False,0.0
p01,app_quicksort,reference,56,low_score,False,0,0,5,False,False,False,False,5,False,0.0
p01,app_quicksort,reference,19,low_score,False,0,0,5,False,False,False,False,11,False,0.0
p01,app_quicksort,reference,112,low_score,False,0,0,5,False,False,False,False,11,False,0.0
p01,app_quicksort,reference,40,low_score,False,0,0,5,False,False,False,False,6,False,0.0
p01,app_quicksort,reference,22,low_score,False,0,0,5,False,False,False,False,16,False,0.0
p01,app_quicksort,reference,88,low_score,False,0,0,5,False,False,False,False,10,False,0.0
p01,app_quicksort,reference,167,low_score,False,0,0,5,False,False,False,False,12,False,0.0
p01,app_quicksort,reference,183,low_score,False,0,0,5,False,False,False,False,15,False,0.0
p01,app_quicksort,reference,24,low_score,False,0,0,5,False,False,False,False,9,False,0.0
p01,app_quicksort,reference,128,low_score,False,0,0,5,False,False,False,False,13,False,0.0
p01,app_quicksort,reference,120,low_score,False,0,0,5,False,False,False,False,10,False,0.0
p01,app_quicksort,reference,45,low_score,False,0,0,5,False,False,False,False,8,False,0.0
p01,app_quicksort,reference,86,low_score,False,0,0,5,False,False,False,False,17,False,0.0
p01,app_quicksort,reference,156,low_score,False,0,0,5,False,False,False,False,16,False,0.0
p01,app_quicksort,reference,98,low_score,False,0,0,5,False,False,False,False,11,False,0.0
p01,app_quicksort,reference,92,low_score,False,0,0,5,False,False,False,False,12,False,0.0
p01,app_quicksort,reference,95,low_score,False,0,0,5,False,False,False,False,14,False,0.0
p01,app_quicksort,reference,101,low_score,False,0,0,5,False,False,False,False,15,False,0.0
p01,app_quicksort,reference,47,low_score,False,0,0,5,False,False,False,False,8,False,0.0
p01,app_quicksort,reference,25,low_score,False,0,0,5,False,False,False,False,11,False,0.0
p01,app_quicksort,reference,121,low_score,False,0,0,5,False,False,False,False,12,False,0.0
p01,app_quicksort,reference,41,low_score,False,0,0,5,False,False,False,False,9,False,0.0
p01,app_quicksort,reference,99,low_score,False,0,0,5,False,False,False,False,8,False,0.0
p01,app_quicksort,reference,27,low_score,False,0,0,5,False,False,False,False,13,False,0.0
p01,app_quicksort,reference,140,low_score,False,0,0,5,False,False,False,False,17,False,0.0
p01,app_quicksort,reference,81,low_score,False,0,0,3,False,False,False,False,3,False,0.0
p01,app_quicksort,reference,144,low_score,False,0,0,5,False,False,False,False,8,False,0.0
p01,app_quicksort,reference,108,low_score,False,0,0,5,False,False,False,False,12,False,0.0
p01,app_quicksort,reference,85,low_score,False,0,0,5,False,False,False,False,6,False,0.0
p01,app_quicksort,reference,152,low_score,False,0,0,5,False,False,False,False,17,False,0.0
p01,app_quicksort,reference,15,low_score,False,0,0,5,False,False,False,False,11,False,0.0
p01,app_quicksort,reference,89,low_score,False,0,0,5,False,False,False,False,13,False,0.0
p01,app_quicksort,reference,116,low_score,False,0,0,5,False,False,False,False,10,False,0.0
p01,app_quicksort,reference,138,low_score,False,0,0,5,False,False,False,False,14,False,0.0
p01,app_quicksort,reference,154,low_score,False,0,0,5,False,False,False,False,8,False,0.0
p01,app_quicksort,reference,104,low_score,False,0,0,5,False,False,False,False,14,False,0.0
p01,app_quicksort,reference,131,low_score,False,0,0,5,False,False,False,False,18,False,0.0
p01,app_quicksort,reference,129,low_score,False,0,0,5,False,False,False,False,7,False,0.0
p01,app_quicksort,reference,96,low_score,False,0,0,5,False,False,False,False,10,False,0.0
p01,app_quicksort,reference,44,low_score,False,0,0,5,False,False,False,False,7,False,0.0
p01,app_quicksort,reference,46,low_score,False,0,0,5,False,False,False,False,12,False,0.0
p01,stable,complete_cohort,2,uncertainty,False,0,0,5,False,False,False,False,44,False,0.0
p01,stable,complete_cohort,3,uncertainty,False,0,0,5,False,False,False,False,44,False,0.0
p01,stable,complete_cohort,4,uncertainty,False,0,0,5,False,False,False,False,44,False,0.0
p01,stable,complete_cohort,5,uncertainty,False,0,0,5,False,False,False,False,44,False,0.0
p01,stable,complete_cohort,6,uncertainty,False,0,0,5,False,False,False,False,44,False,0.0
p01,stable,complete_cohort,7,uncertainty,False,0,0,5,False,False,False,False,44,False,0.0
p01,stable,complete_cohort,9,uncertainty,False,0,0,5,False,False,False,False,44,False,0.0
p01,stable,complete_cohort,11,uncertainty,False,0,0,5,False,False,False,False,44,False,0.0
p01,stable,complete_cohort,12,uncertainty,False,0,0,5,False,False,False,False,44,False,0.0
p01,stable,complete_cohort,13,uncertainty,False,0,0,5,False,False,False,False,44,False,0.0
p01,stable,complete_cohort,14,uncertainty,False,0,0,5,False,False,False,False,44,False,0.0
p01,stable,complete_cohort,15,uncertainty,False,0,0,5,False,False,False,False,44,False,0.0
p01,stable,complete_cohort,17,uncertainty,False,0,0,5,False,False,False,False,44,False,0.0
p01,stable,complete_cohort,19,uncertainty,False,0,0,5,False,False,False,False,44,False,0.0
p01,stable,complete_cohort,20,uncertainty,False,0,0,5,False,False,False,False,44,False,0.0
p01,stable,complete_cohort,21,uncertainty,False,0,0,5,False,False,False,False,44,False,0.0
p01,stable,complete_cohort,22,uncertainty,False,0,0,5,False,False,False,False,44,False,0.0
p01,stable,complete_cohort,23,uncertainty,False,0,0,5,False,False,False,False,44,False,0.0
p01,stable,complete_cohort,24,uncertainty,False,0,0,5,False,False,False,False,44,False,0.0
p01,stable,complete_cohort,25,uncertainty,False,0,0,5,False,False,False,False,44,False,0.0
p01,stable,complete_cohort,27,uncertainty,False,0,0,5,False,False,False,False,44,False,0.0
p01,stable,complete_cohort,28,uncertainty,False,0,0,5,False,False,False,False,44,False,0.0
p01,stable,complete_cohort,29,uncertainty,False,0,0,5,False,False,False,False,44,False,0.0
p01,stable,complete_cohort,30,uncertainty,False,0,0,5,False,False,False,False,44,False,0.0
p01,stable,complete_cohort,31,uncertainty,False,0,0,5,False,False,False,False,44,False,0.0
p01,stable,complete_cohort,39,uncertainty,False,0,0,5,False,False,False,False,44,False,0.0
p01,stable,complete_cohort,40,uncertainty,False,0,0,5,False,False,False,False,44,False,0.0
p01,stable,complete_cohort,41,uncertainty,False,0,0,5,False,False,False,False,44,False,0.0
p01,stable,complete_cohort,42,uncertainty,False,0,0,5,False,False,False,False,44,False,0.0
p01,stable,complete_cohort,43,uncertainty,False,0,0,5,False,False,False,False,44,False,0.0
p01,stable,complete_cohort,44,uncertainty,False,0,0,5,False,False,False,False,44,False,0.0
p01,stable,complete_cohort,45,uncertainty,False,0,0,5,False,False,False,False,44,False,0.0
p01,stable,complete_cohort,46,uncertainty,False,0,0,5,False,False,False,False,44,False,0.0
p01,stable,complete_cohort,47,uncertainty,False,0,0,5,False,False,False,False,44,False,0.0
p01,stable,complete_cohort,48,uncertainty,False,0,0,5,False,False,False,False,44,False,0.0
p01,stable,complete_cohort,50,uncertainty,False,0,0,5,False,False,False,False,44,False,0.0
p01,stable,complete_cohort,51,uncertainty,False,0,0,5,False,False,False,False,44,False,0.0
p01,stable,complete_cohort,52,uncertainty,False,0,0,5,False,False,False,False,44,False,0.0
p01,stable,complete_cohort,53,uncertainty,False,0,0,5,False,False,False,False,44,False,0.0
p01,stable,complete_cohort,54,uncertainty,False,0,0,5,False,False,False,False,44,False,0.0
p01,stable,complete_cohort,55,uncertainty,False,0,0,5,False,False,False,False,44,False,0.0
p01,stable,complete_cohort,56,uncertainty,False,0,0,5,False,False,False,False,44,False,0.0
p01,stable,complete_cohort,58,uncertainty,False,0,0,5,False,False,False,False,44,False,0.0
p01,stable,complete_cohort,59,uncertainty,False,0,0,5,False,False,False,False,44,False,0.0
p01,stable,complete_cohort,61,uncertainty,False,0,0,5,False,False,False,False,44,False,0.0
p01,stable,complete_cohort,62,uncertainty,False,0,0,5,False,False,False,False,44,False,0.0
p01,stable,complete_cohort,63,uncertainty,False,0,0,5,False,False,False,False,44,False,0.0
p01,stable,complete_cohort,64,uncertainty,False,0,0,5,False,False,False,False,44,False,0.0
p01,stable,complete_cohort,66,uncertainty,False,0,0,5,False,False,False,False,44,False,0.0
p01,stable,complete_cohort,67,uncertainty,False,0,0,5,False,False,False,False,44,False,0.0
p01,stable,complete_cohort,68,uncertainty,False,0,0,5,False,False,False,False,44,False,0.0
p01,stable,complete_cohort,70,uncertainty,False,0,0,5,False,False,False,False,44,False,0.0
p01,stable,complete_cohort,71,uncertainty,False,0,0,5,False,False,False,False,44,False,0.0
p01,stable,complete_cohort,72,uncertainty,False,0,0,5,False,False,False,False,44,False,0.0
p01,stable,complete_cohort,73,uncertainty,False,0,0,5,False,False,False,False,44,False,0.0
p01,stable,complete_cohort,74,uncertainty,False,0,0,5,False,False,False,False,44,False,0.0
p01,stable,complete_cohort,76,uncertainty,False,0,0,5,False,False,False,False,44,False,0.0
p01,stable,complete_cohort,77,uncertainty,False,0,0,5,False,False,False,False,44,False,0.0
p01,stable,complete_cohort,78,uncertainty,False,0,0,5,False,False,False,False,44,False,0.0
p01,stable,complete_cohort,79,uncertainty,False,0,0,5,False,False,False,False,44,False,0.0
p01,stable,complete_cohort,80,uncertainty,False,0,0,5,False,False,False,False,44,False,0.0
p01,stable,complete_cohort,81,uncertainty,False,0,0,5,False,False,False,False,44,False,0.0
p01,stable,complete_cohort,82,uncertainty,False,0,0,5,False,False,False,False,44,False,0.0
p01,stable,complete_cohort,83,uncertainty,False,0,0,5,False,False,False,False,44,False,0.0
p01,stable,complete_cohort,84,uncertainty,False,0,0,5,False,False,False,False,44,False,0.0
p01,stable,complete_cohort,85,uncertainty,False,0,0,5,False,False,False,False,44,False,0.0
p01,stable,complete_cohort,86,uncertainty,False,0,0,5,False,False,False,False,44,False,0.0
p01,stable,complete_cohort,87,uncertainty,False,0,0,5,False,False,False,False,44,False,0.0
p01,stable,complete_cohort,88,uncertainty,False,0,0,5,False,False,False,False,44,False,0.0
p01,stable,complete_cohort,89,uncertainty,False,0,0,5,False,False,False,False,44,False,0.0
p01,stable,complete_cohort,90,uncertainty,False,0,0,5,False,False,False,False,44,False,0.0
p01,stable,complete_cohort,91,uncertainty,False,0,0,5,False,False,False,False,44,False,0.0
p01,stable,complete_cohort,92,uncertainty,False,0,0,5,False,False,False,False,44,False,0.0
p01,stable,complete_cohort,93,uncertainty,False,0,0,5,False,False,False,False,44,False,0.0
p01,stable,complete_cohort,94,uncertainty,False,0,0,5,False,False,False,False,44,False,0.0
p01,stable,complete_cohort,95,uncertainty,False,0,0,5,False,False,False,False,44,False,0.0
p01,stable,complete_cohort,96,uncertainty,False,0,0,5,False,False,False,False,44,False,0.0
p01,stable,complete_cohort,97,uncertainty,False,0,0,5,False,False,False,False,44,False,0.0
p01,stable,complete_cohort,98,uncertainty,False,0,0,5,False,False,False,False,44,False,0.0
p01,stable,complete_cohort,99,uncertainty,False,0,0,5,False,False,False,False,44,False,0.0
p01,stable,complete_cohort,100,uncertainty,False,0,0,5,False,False,False,False,44,False,0.0
p01,stable,complete_cohort,101,uncertainty,False,0,0,5,False,False,False,False,44,False,0.0
p01,stable,complete_cohort,102,uncertainty,False,0,0,5,False,False,False,False,44,False,0.0
p01,stable,complete_cohort,103,uncertainty,False,0,0,5,False,False,False,False,44,False,0.0
p01,stable,complete_cohort,104,uncertainty,False,0,0,5,False,False,False,False,44,False,0.0
p01,stable,complete_cohort,105,uncertainty,False,0,0,5,False,False,False,False,44,False,0.0
p01,stable,complete_cohort,106,uncertainty,False,0,0,5,False,False,False,False,44,False,0.0
p01,stable,complete_cohort,107,uncertainty,False,0,0,5,False,False,False,False,44,False,0.0
p01,stable,complete_cohort,108,uncertainty,False,0,0,5,False,False,False,False,44,False,0.0
p01,stable,complete_cohort,109,uncertainty,False,0,0,5,False,False,False,False,44,False,0.0
p01,stable,complete_cohort,110,uncertainty,False,0,0,5,False,False,False,False,44,False,0.0
p01,stable,complete_cohort,111,uncertainty,False,0,0,5,False,False,False,False,44,False,0.0
p01,stable,complete_cohort,112,uncertainty,False,0,0,5,False,False,False,False,44,False,0.0
p01,stable,complete_cohort,113,uncertainty,False,0,0,5,False,False,False,False,44,False,0.0
p01,stable,complete_cohort,114,uncertainty,False,0,0,5,False,False,False,False,44,False,0.0
p01,stable,complete_cohort,115,uncertainty,False,0,0,5,False,False,False,False,44,False,0.0
p01,stable,complete_cohort,116,uncertainty,False,0,0,5,False,False,False,False,44,False,0.0
p01,stable,complete_cohort,117,uncertainty,False,0,0,5,False,False,False,False,44,False,0.0
p01,stable,complete_cohort,118,uncertainty,False,0,0,5,False,False,False,False,44,False,0.0
p01,stable,complete_cohort,119,uncertainty,False,0,0,5,False,False,False,False,44,False,0.0
p01,stable,complete_cohort,120,uncertainty,False,0,0,5,False,False,False,False,44,False,0.0
p01,stable,complete_cohort,121,uncertainty,False,0,0,5,False,False,False,False,44,False,0.0
p01,stable,complete_cohort,122,uncertainty,False,0,0,5,False,False,False,False,44,False,0.0
p01,stable,complete_cohort,123,uncertainty,False,0,0,5,False,False,False,False,44,False,0.0
p01,stable,complete_cohort,124,uncertainty,False,0,0,5,False,False,False,False,44,False,0.0
p01,stable,complete_cohort,125,uncertainty,False,0,0,5,False,False,False,False,44,False,0.0
p01,stable,complete_cohort,126,uncertainty,False,0,0,5,False,False,False,False,44,False,0.0
p01,stable,complete_cohort,127,uncertainty,False,0,0,5,False,False,False,False,44,False,0.0
p01,stable,complete_cohort,128,uncertainty,False,0,0,5,False,False,False,False,44,False,0.0
p01,stable,complete_cohort,129,uncertainty,False,0,0,5,False,False,False,False,44,False,0.0
p01,stable,complete_cohort,130,uncertainty,False,0,0,5,False,False,False,False,44,False,0.0
p01,stable,complete_cohort,131,uncertainty,False,0,0,5,False,False,False,False,44,False,0.0
p01,stable,complete_cohort,132,uncertainty,False,0,0,5,False,False,False,False,44,False,0.0
p01,stable,complete_cohort,133,uncertainty,False,0,0,5,False,False,False,False,44,False,0.0
p01,stable,complete_cohort,134,uncertainty,False,0,0,5,False,False,False,False,44,False,0.0
p01,stable,complete_cohort,135,uncertainty,False,0,0,5,False,False,False,False,44,False,0.0
p01,stable,complete_cohort,136,uncertainty,False,0,0,5,False,False,False,False,44,False,0.0
p01,stable,complete_cohort,137,uncertainty,False,0,0,5,False,False,False,False,44,False,0.0
p01,stable,complete_cohort,138,uncertainty,False,0,0,5,False,False,False,False,44,False,0.0
p01,stable,complete_cohort,139,uncertainty,False,0,0,5,False,False,False,False,44,False,0.0
p01,stable,complete_cohort,140,uncertainty,False,0,0,5,False,False,False,False,44,False,0.0
p01,stable,complete_cohort,141,uncertainty,False,0,0,5,False,False,False,False,44,False,0.0
p01,stable,complete_cohort,142,uncertainty,False,0,0,5,False,False,False,False,44,False,0.0
p01,stable,complete_cohort,143,uncertainty,False,0,0,5,False,False,False,False,44,False,0.0
p01,stable,complete_cohort,144,uncertainty,False,0,0,5,False,False,False,False,44,False,0.0
p01,stable,complete_cohort,147,uncertainty,False,0,0,5,False,False,False,False,44,False,0.0
p01,stable,complete_cohort,148,uncertainty,False,0,0,5,False,False,False,False,44,False,0.0
p01,stable,complete_cohort,149,uncertainty,False,0,0,5,False,False,False,False,44,False,0.0
p01,stable,complete_cohort,150,uncertainty,False,0,0,5,False,False,False,False,44,False,0.0
p01,stable,complete_cohort,151,uncertainty,False,0,0,5,False,False,False,False,44,False,0.0
p01,stable,complete_cohort,152,uncertainty,False,0,0,5,False,False,False,False,44,False,0.0
p01,stable,complete_cohort,153,uncertainty,False,0,0,5,False,False,False,False,44,False,0.0
p01,stable,complete_cohort,154,uncertainty,False,0,0,5,False,False,False,False,44,False,0.0
p01,stable,complete_cohort,155,uncertainty,False,0,0,5,False,False,False,False,44,False,0.0
p01,stable,complete_cohort,156,uncertainty,False,0,0,5,False,False,False,False,44,False,0.0
p01,stable,complete_cohort,157,uncertainty,False,0,0,5,False,False,False,False,44,False,0.0
p01,stable,complete_cohort,158,uncertainty,False,0,0,5,False,False,False,False,44,False,0.0
p01,stable,complete_cohort,159,uncertainty,False,0,0,5,False,False,False,False,44,False,0.0
p01,stable,complete_cohort,160,uncertainty,False,0,0,5,False,False,False,False,44,False,0.0
p01,stable,complete_cohort,161,uncertainty,False,0,0,5,False,False,False,False,44,False,0.0
p01,stable,complete_cohort,162,uncertainty,False,0,0,5,False,False,False,False,44,False,0.0
p01,stable,complete_cohort,163,uncertainty,False,0,0,5,False,False,False,False,44,False,0.0
p01,stable,complete_cohort,164,uncertainty,False,0,0,5,False,False,False,False,44,False,0.0
p01,stable,complete_cohort,165,uncertainty,False,0,0,5,False,False,False,False,44,False,0.0
p01,stable,complete_cohort,166,uncertainty,False,0,0,5,False,False,False,False,44,False,0.0
p01,stable,complete_cohort,167,uncertainty,False,0,0,5,False,False,False,False,44,False,0.0
p01,stable,complete_cohort,168,uncertainty,False,0,0,5,False,False,False,False,44,False,0.0
p01,stable,complete_cohort,169,uncertainty,False,0,0,5,False,False,False,False,44,False,0.0
p01,stable,complete_cohort,170,uncertainty,False,0,0,5,False,False,False,False,44,False,0.0
p01,stable,complete_cohort,172,uncertainty,False,0,0,5,False,False,False,False,44,False,0.0
p01,stable,complete_cohort,174,uncertainty,False,0,0,5,False,False,False,False,44,False,0.0
p01,stable,complete_cohort,175,uncertainty,False,0,0,5,False,False,False,False,44,False,0.0
p01,stable,complete_cohort,176,uncertainty,False,0,0,5,False,False,False,False,44,False,0.0
p01,stable,complete_cohort,177,uncertainty,False,0,0,5,False,False,False,False,44,False,0.0
p01,stable,complete_cohort,178,uncertainty,False,0,0,5,False,False,False,False,44,False,0.0
p01,stable,complete_cohort,179,uncertainty,False,0,0,5,False,False,False,False,44,False,0.0
p01,stable,complete_cohort,180,uncertainty,False,0,0,5,False,False,False,False,44,False,0.0
p01,stable,complete_cohort,181,uncertainty,False,0,0,5,False,False,False,False,44,False,0.0
p01,stable,complete_cohort,182,uncertainty,False,0,0,5,False,False,False,False,44,False,0.0
p01,stable,complete_cohort,183,uncertainty,False,0,0,5,False,False,False,False,44,False,0.0
p01,stable,complete_cohort,2,low_score,False,0,0,5,False,False,False,False,5,False,0.0
p01,stable,complete_cohort,3,low_score,False,0,0,5,False,False,False,False,9,False,0.0
p01,stable,complete_cohort,4,low_score,False,0,0,5,False,False,False,False,15,False,0.0
p01,stable,complete_cohort,5,low_score,False,0,0,5,False,False,False,False,9,False,0.0
p01,stable,complete_cohort,6,low_score,False,0,0,5,False,False,False,False,7,False,0.0
p01,stable,complete_cohort,7,low_score,False,0,0,5,False,False,False,False,15,False,0.0
p01,stable,complete_cohort,9,low_score,False,0,0,5,False,False,False,False,8,False,0.0
p01,stable,complete_cohort,11,low_score,False,0,0,5,False,False,False,False,12,False,0.0
p01,stable,complete_cohort,12,low_score,False,0,0,5,False,False,False,False,7,False,0.0
p01,stable,complete_cohort,13,low_score,False,0,0,5,False,False,False,False,15,False,0.0
p01,stable,complete_cohort,14,low_score,False,0,0,5,False,False,False,False,16,False,0.0
p01,stable,complete_cohort,15,low_score,False,0,0,5,False,False,False,False,11,False,0.0
p01,stable,complete_cohort,17,low_score,False,0,0,5,False,False,False,False,11,False,0.0
p01,stable,complete_cohort,19,low_score,False,0,0,5,False,False,False,False,11,False,0.0
p01,stable,complete_cohort,20,low_score,False,0,0,5,False,False,False,False,6,False,0.0
p01,stable,complete_cohort,21,low_score,False,0,0,5,False,False,False,False,15,False,0.0
p01,stable,complete_cohort,22,low_score,False,0,0,5,False,False,False,False,16,False,0.0
p01,stable,complete_cohort,23,low_score,False,0,0,5,False,False,False,False,12,False,0.0
p01,stable,complete_cohort,24,low_score,False,0,0,5,False,False,False,False,9,False,0.0
p01,stable,complete_cohort,25,low_score,False,0,0,5,False,False,False,False,11,False,0.0
p01,stable,complete_cohort,27,low_score,False,0,0,5,False,False,False,False,13,False,0.0
p01,stable,complete_cohort,28,low_score,False,0,0,5,False,False,False,False,10,False,0.0
p01,stable,complete_cohort,29,low_score,False,0,0,5,False,False,False,False,9,False,0.0
p01,stable,complete_cohort,30,low_score,False,0,0,5,False,False,False,False,6,False,0.0
p01,stable,complete_cohort,31,low_score,False,0,0,5,False,False,False,False,10,False,0.0
p01,stable,complete_cohort,39,low_score,False,0,0,5,False,False,False,False,8,False,0.0
p01,stable,complete_cohort,40,low_score,False,0,0,5,False,False,False,False,6,False,0.0
p01,stable,complete_cohort,41,low_score,False,0,0,5,False,False,False,False,9,False,0.0
p01,stable,complete_cohort,42,low_score,False,0,0,5,False,False,False,False,12,False,0.0
p01,stable,complete_cohort,43,low_score,False,0,0,5,False,False,False,False,10,False,0.0
p01,stable,complete_cohort,44,low_score,False,0,0,5,False,False,False,False,7,False,0.0
p01,stable,complete_cohort,45,low_score,False,0,0,5,False,False,False,False,8,False,0.0
p01,stable,complete_cohort,46,low_score,False,0,0,5,False,False,False,False,12,False,0.0
p01,stable,complete_cohort,47,low_score,False,0,0,5,False,False,False,False,8,False,0.0
p01,stable,complete_cohort,48,low_score,False,0,0,5,False,False,False,False,14,False,0.0
p01,stable,complete_cohort,50,low_score,False,0,0,5,False,False,False,False,7,False,0.0
p01,stable,complete_cohort,51,low_score,False,0,0,5,False,False,False,False,17,False,0.0
p01,stable,complete_cohort,52,low_score,False,0,0,5,False,False,False,False,15,False,0.0
p01,stable,complete_cohort,53,low_score,False,0,0,5,False,False,False,False,17,False,0.0
p01,stable,complete_cohort,54,low_score,False,0,0,5,False,False,False,False,8,False,0.0
p01,stable,complete_cohort,55,low_score,False,0,0,5,False,False,False,False,9,False,0.0
p01,stable,complete_cohort,56,low_score,False,0,0,5,False,False,False,False,5,False,0.0
p01,stable,complete_cohort,58,low_score,False,0,0,5,False,False,False,False,14,False,0.0
p01,stable,complete_cohort,59,low_score,False,0,0,5,False,False,False,False,6,False,0.0
p01,stable,complete_cohort,61,low_score,False,0,0,5,False,False,False,False,9,False,0.0
p01,stable,complete_cohort,62,low_score,False,0,0,5,False,False,False,False,9,False,0.0
p01,stable,complete_cohort,63,low_score,False,0,0,5,False,False,False,False,6,False,0.0
p01,stable,complete_cohort,64,low_score,False,0,0,5,False,False,False,False,5,False,0.0
p01,stable,complete_cohort,66,low_score,False,0,0,5,False,False,False,False,7,False,0.0
p01,stable,complete_cohort,67,low_score,False,0,0,5,False,False,False,False,14,False,0.0
p01,stable,complete_cohort,68,low_score,False,0,0,5,False,False,False,False,12,False,0.0
p01,stable,complete_cohort,70,low_score,False,0,0,5,False,False,False,False,16,False,0.0
p01,stable,complete_cohort,71,low_score,False,0,0,5,False,False,False,False,11,False,0.0
p01,stable,complete_cohort,72,low_score,False,0,0,4,False,False,False,False,4,False,0.0
p01,stable,complete_cohort,73,low_score,False,0,0,5,False,False,False,False,9,False,0.0
p01,stable,complete_cohort,74,low_score,False,0,0,5,False,False,False,False,15,False,0.0
p01,stable,complete_cohort,76,low_score,False,0,0,5,False,False,False,False,21,False,0.0
p01,stable,complete_cohort,77,low_score,False,0,0,5,False,False,False,False,12,False,0.0
p01,stable,complete_cohort,78,low_score,False,0,0,5,False,False,False,False,11,False,0.0
p01,stable,complete_cohort,79,low_score,False,0,0,5,False,False,False,False,5,False,0.0
p01,stable,complete_cohort,80,low_score,False,0,0,5,False,False,False,False,18,False,0.0
p01,stable,complete_cohort,81,low_score,False,0,0,3,False,False,False,False,3,False,0.0
p01,stable,complete_cohort,82,low_score,False,0,0,5,False,False,False,False,9,False,0.0
p01,stable,complete_cohort,83,low_score,False,0,0,5,False,False,False,False,5,False,0.0
p01,stable,complete_cohort,84,low_score,False,0,0,5,False,False,False,False,5,False,0.0
p01,stable,complete_cohort,85,low_score,False,0,0,5,False,False,False,False,6,False,0.0
p01,stable,complete_cohort,86,low_score,False,0,0,5,False,False,False,False,17,False,0.0
p01,stable,complete_cohort,87,low_score,False,0,0,5,False,False,False,False,10,False,0.0
p01,stable,complete_cohort,88,low_score,False,0,0,5,False,False,False,False,10,False,0.0
p01,stable,complete_cohort,89,low_score,False,0,0,5,False,False,False,False,13,False,0.0
p01,stable,complete_cohort,90,low_score,False,0,0,5,False,False,False,False,19,False,0.0
p01,stable,complete_cohort,91,low_score,False,0,0,5,False,False,False,False,19,False,0.0
p01,stable,complete_cohort,92,low_score,False,0,0,5,False,False,False,False,12,False,0.0
p01,stable,complete_cohort,93,low_score,False,0,0,5,False,False,False,False,9,False,0.0
p01,stable,complete_cohort,94,low_score,False,0,0,5,False,False,False,False,13,False,0.0
p01,stable,complete_cohort,95,low_score,False,0,0,5,False,False,False,False,14,False,0.0
p01,stable,complete_cohort,96,low_score,False,0,0,5,False,False,False,False,10,False,0.0
p01,stable,complete_cohort,97,low_score,False,0,0,5,False,False,False,False,9,False,0.0
p01,stable,complete_cohort,98,low_score,False,0,0,5,False,False,False,False,11,False,0.0
p01,stable,complete_cohort,99,low_score,False,0,0,5,False,False,False,False,8,False,0.0
p01,stable,complete_cohort,100,low_score,False,0,0,5,False,False,False,False,16,False,0.0
p01,stable,complete_cohort,101,low_score,False,0,0,5,False,False,False,False,15,False,0.0
p01,stable,complete_cohort,102,low_score,False,0,0,5,False,False,False,False,11,False,0.0
p01,stable,complete_cohort,103,low_score,False,0,0,5,False,False,False,False,11,False,0.0
p01,stable,complete_cohort,104,low_score,False,0,0,5,False,False,False,False,14,False,0.0
p01,stable,complete_cohort,105,low_score,False,0,0,5,False,False,False,False,10,False,0.0
p01,stable,complete_cohort,106,low_score,False,0,0,5,False,False,False,False,13,False,0.0
p01,stable,complete_cohort,107,low_score,False,0,0,5,False,False,False,False,12,False,0.0
p01,stable,complete_cohort,108,low_score,False,0,0,5,False,False,False,False,12,False,0.0
p01,stable,complete_cohort,109,low_score,False,0,0,5,False,False,False,False,11,False,0.0
p01,stable,complete_cohort,110,low_score,False,0,0,5,False,False,False,False,9,False,0.0
p01,stable,complete_cohort,111,low_score,False,0,0,5,False,False,False,False,9,False,0.0
p01,stable,complete_cohort,112,low_score,False,0,0,5,False,False,False,False,11,False,0.0
p01,stable,complete_cohort,113,low_score,False,0,0,5,False,False,False,False,11,False,0.0
p01,stable,complete_cohort,114,low_score,False,0,0,5,False,False,False,False,13,False,0.0
p01,stable,complete_cohort,115,low_score,False,0,0,5,False,False,False,False,10,False,0.0
p01,stable,complete_cohort,116,low_score,False,0,0,5,False,False,False,False,10,False,0.0
p01,stable,complete_cohort,117,low_score,False,0,0,5,False,False,False,False,11,False,0.0
p01,stable,complete_cohort,118,low_score,False,0,0,5,False,False,False,False,17,False,0.0
p01,stable,complete_cohort,119,low_score,False,0,0,5,False,False,False,False,9,False,0.0
p01,stable,complete_cohort,120,low_score,False,0,0,5,False,False,False,False,10,False,0.0
p01,stable,complete_cohort,121,low_score,False,0,0,5,False,False,False,False,12,False,0.0
p01,stable,complete_cohort,122,low_score,False,0,0,5,False,False,False,False,17,False,0.0
p01,stable,complete_cohort,123,low_score,False,0,0,5,False,False,False,False,11,False,0.0
p01,stable,complete_cohort,124,low_score,False,0,0,5,False,False,False,False,8,False,0.0
p01,stable,complete_cohort,125,low_score,False,0,0,5,False,False,False,False,13,False,0.0
p01,stable,complete_cohort,126,low_score,False,0,0,5,False,False,False,False,16,False,0.0
p01,stable,complete_cohort,127,low_score,False,0,0,5,False,False,False,False,15,False,0.0
p01,stable,complete_cohort,128,low_score,False,0,0,5,False,False,False,False,13,False,0.0
p01,stable,complete_cohort,129,low_score,False,0,0,5,False,False,False,False,7,False,0.0
p01,stable,complete_cohort,130,low_score,False,0,0,5,False,False,False,False,15,False,0.0
p01,stable,complete_cohort,131,low_score,False,0,0,5,False,False,False,False,18,False,0.0
p01,stable,complete_cohort,132,low_score,False,0,0,5,False,False,False,False,11,False,0.0
p01,stable,complete_cohort,133,low_score,False,0,0,5,False,False,False,False,5,False,0.0
p01,stable,complete_cohort,134,low_score,False,0,0,5,False,False,False,False,15,False,0.0
p01,stable,complete_cohort,135,low_score,False,0,0,5,False,False,False,False,13,False,0.0
p01,stable,complete_cohort,136,low_score,False,0,0,5,False,False,False,False,15,False,0.0
p01,stable,complete_cohort,137,low_score,False,0,0,5,False,False,False,False,15,False,0.0
p01,stable,complete_cohort,138,low_score,False,0,0,5,False,False,False,False,14,False,0.0
p01,stable,complete_cohort,139,low_score,False,0,0,5,False,False,False,False,14,False,0.0
p01,stable,complete_cohort,140,low_score,False,0,0,5,False,False,False,False,17,False,0.0
p01,stable,complete_cohort,141,low_score,False,0,0,5,False,False,False,False,16,False,0.0
p01,stable,complete_cohort,142,low_score,False,0,0,5,False,False,False,False,17,False,0.0
p01,stable,complete_cohort,143,low_score,False,0,0,5,False,False,False,False,17,False,0.0
p01,stable,complete_cohort,144,low_score,False,0,0,5,False,False,False,False,8,False,0.0
p01,stable,complete_cohort,147,low_score,False,0,0,5,False,False,False,False,14,False,0.0
p01,stable,complete_cohort,148,low_score,False,0,0,5,False,False,False,False,15,False,0.0
p01,stable,complete_cohort,149,low_score,False,0,0,5,False,False,False,False,12,False,0.0
p01,stable,complete_cohort,150,low_score,False,0,0,5,False,False,False,False,15,False,0.0
p01,stable,complete_cohort,151,low_score,False,0,0,5,False,False,False,False,16,False,0.0
p01,stable,complete_cohort,152,low_score,False,0,0,5,False,False,False,False,17,False,0.0
p01,stable,complete_cohort,153,low_score,False,0,0,5,False,False,False,False,14,False,0.0
p01,stable,complete_cohort,154,low_score,False,0,0,5,False,False,False,False,8,False,0.0
p01,stable,complete_cohort,155,low_score,False,0,0,5,False,False,False,False,10,False,0.0
p01,stable,complete_cohort,156,low_score,False,0,0,5,False,False,False,False,16,False,0.0
p01,stable,complete_cohort,157,low_score,False,0,0,5,False,False,False,False,9,False,0.0
p01,stable,complete_cohort,158,low_score,False,0,0,5,False,False,False,False,12,False,0.0
p01,stable,complete_cohort,159,low_score,False,0,0,5,False,False,False,False,13,False,0.0
p01,stable,complete_cohort,160,low_score,False,0,0,5,False,False,False,False,14,False,0.0
p01,stable,complete_cohort,161,low_score,False,0,0,5,False,False,False,False,15,False,0.0
p01,stable,complete_cohort,162,low_score,False,0,0,5,False,False,False,False,20,False,0.0
p01,stable,complete_cohort,163,low_score,False,0,0,5,False,False,False,False,18,False,0.0
p01,stable,complete_cohort,164,low_score,False,0,0,5,False,False,False,False,13,False,0.0
p01,stable,complete_cohort,165,low_score,False,0,0,5,False,False,False,False,16,False,0.0
p01,stable,complete_cohort,166,low_score,False,0,0,5,False,False,False,False,18,False,0.0
p01,stable,complete_cohort,167,low_score,False,0,0,5,False,False,False,False,12,False,0.0
p01,stable,complete_cohort,168,low_score,False,0,0,5,False,False,False,False,8,False,0.0
p01,stable,complete_cohort,169,low_score,False,0,0,5,False,False,False,False,13,False,0.0
p01,stable,complete_cohort,170,low_score,False,0,0,5,False,False,False,False,12,False,0.0
p01,stable,complete_cohort,172,low_score,False,0,0,5,False,False,False,False,12,False,0.0
p01,stable,complete_cohort,174,low_score,False,0,0,5,False,False,False,False,15,False,0.0
p01,stable,complete_cohort,175,low_score,False,0,0,5,False,False,False,False,14,False,0.0
p01,stable,complete_cohort,176,low_score,False,0,0,5,False,False,False,False,11,False,0.0
p01,stable,complete_cohort,177,low_score,False,0,0,5,False,False,False,False,12,False,0.0
p01,stable,complete_cohort,178,low_score,False,0,0,5,False,False,False,False,10,False,0.0
p01,stable,complete_cohort,179,low_score,False,0,0,5,False,False,False,False,18,False,0.0
p01,stable,complete_cohort,180,low_score,False,0,0,5,False,False,False,False,17,False,0.0
p01,stable,complete_cohort,181,low_score,False,0,0,5,False,False,False,False,11,False,0.0
p01,stable,complete_cohort,182,low_score,False,0,0,5,False,False,False,False,9,False,0.0
p01,stable,complete_cohort,183,low_score,False,0,0,5,False,False,False,False,15,False,0.0
p01,app_quicksort,complete_cohort,2,uncertainty,False,0,0,5,False,False,False,False,44,False,0.0
p01,app_quicksort,complete_cohort,3,uncertainty,False,0,0,5,False,False,False,False,44,False,0.0
p01,app_quicksort,complete_cohort,4,uncertainty,False,0,0,5,False,False,False,False,44,False,0.0
p01,app_quicksort,complete_cohort,5,uncertainty,False,0,0,5,False,False,False,False,44,False,0.0
p01,app_quicksort,complete_cohort,6,uncertainty,False,0,0,5,False,False,False,False,44,False,0.0
p01,app_quicksort,complete_cohort,7,uncertainty,False,0,0,5,False,False,False,False,44,False,0.0
p01,app_quicksort,complete_cohort,9,uncertainty,False,0,0,5,False,False,False,False,44,False,0.0
p01,app_quicksort,complete_cohort,11,uncertainty,False,0,0,5,False,False,False,False,44,False,0.0
p01,app_quicksort,complete_cohort,12,uncertainty,False,0,0,5,False,False,False,False,44,False,0.0
p01,app_quicksort,complete_cohort,13,uncertainty,False,0,0,5,False,False,False,False,44,False,0.0
p01,app_quicksort,complete_cohort,14,uncertainty,False,0,0,5,False,False,False,False,44,False,0.0
p01,app_quicksort,complete_cohort,15,uncertainty,False,0,0,5,False,False,False,False,44,False,0.0
p01,app_quicksort,complete_cohort,17,uncertainty,False,0,0,5,False,False,False,False,44,False,0.0
p01,app_quicksort,complete_cohort,19,uncertainty,False,0,0,5,False,False,False,False,44,False,0.0
p01,app_quicksort,complete_cohort,20,uncertainty,False,0,0,5,False,False,False,False,44,False,0.0
p01,app_quicksort,complete_cohort,21,uncertainty,False,0,0,5,False,False,False,False,44,False,0.0
p01,app_quicksort,complete_cohort,22,uncertainty,False,0,0,5,False,False,False,False,44,False,0.0
p01,app_quicksort,complete_cohort,23,uncertainty,False,0,0,5,False,False,False,False,44,False,0.0
p01,app_quicksort,complete_cohort,24,uncertainty,False,0,0,5,False,False,False,False,44,False,0.0
p01,app_quicksort,complete_cohort,25,uncertainty,False,0,0,5,False,False,False,False,44,False,0.0
p01,app_quicksort,complete_cohort,27,uncertainty,False,0,0,5,False,False,False,False,44,False,0.0
p01,app_quicksort,complete_cohort,28,uncertainty,False,0,0,5,False,False,False,False,44,False,0.0
p01,app_quicksort,complete_cohort,29,uncertainty,False,0,0,5,False,False,False,False,44,False,0.0
p01,app_quicksort,complete_cohort,30,uncertainty,False,0,0,5,False,False,False,False,44,False,0.0
p01,app_quicksort,complete_cohort,31,uncertainty,False,0,0,5,False,False,False,False,44,False,0.0
p01,app_quicksort,complete_cohort,39,uncertainty,False,0,0,5,False,False,False,False,44,False,0.0
p01,app_quicksort,complete_cohort,40,uncertainty,False,0,0,5,False,False,False,False,44,False,0.0
p01,app_quicksort,complete_cohort,41,uncertainty,False,0,0,5,False,False,False,False,44,False,0.0
p01,app_quicksort,complete_cohort,42,uncertainty,False,0,0,5,False,False,False,False,44,False,0.0
p01,app_quicksort,complete_cohort,43,uncertainty,False,0,0,5,False,False,False,False,44,False,0.0
p01,app_quicksort,complete_cohort,44,uncertainty,False,0,0,5,False,False,False,False,44,False,0.0
p01,app_quicksort,complete_cohort,45,uncertainty,False,0,0,5,False,False,False,False,44,False,0.0
p01,app_quicksort,complete_cohort,46,uncertainty,False,0,0,5,False,False,False,False,44,False,0.0
p01,app_quicksort,complete_cohort,47,uncertainty,False,0,0,5,False,False,False,False,44,False,0.0
p01,app_quicksort,complete_cohort,48,uncertainty,False,0,0,5,False,False,False,False,44,False,0.0
p01,app_quicksort,complete_cohort,50,uncertainty,False,0,0,5,False,False,False,False,44,False,0.0
p01,app_quicksort,complete_cohort,51,uncertainty,False,0,0,5,False,False,False,False,44,False,0.0
p01,app_quicksort,complete_cohort,52,uncertainty,False,0,0,5,False,False,False,False,44,False,0.0
p01,app_quicksort,complete_cohort,53,uncertainty,False,0,0,5,False,False,False,False,44,False,0.0
p01,app_quicksort,complete_cohort,54,uncertainty,False,0,0,5,False,False,False,False,44,False,0.0
p01,app_quicksort,complete_cohort,55,uncertainty,False,0,0,5,False,False,False,False,44,False,0.0
p01,app_quicksort,complete_cohort,56,uncertainty,False,0,0,5,False,False,False,False,44,False,0.0
p01,app_quicksort,complete_cohort,58,uncertainty,False,0,0,5,False,False,False,False,44,False,0.0
p01,app_quicksort,complete_cohort,59,uncertainty,False,0,0,5,False,False,False,False,44,False,0.0
p01,app_quicksort,complete_cohort,61,uncertainty,False,0,0,5,False,False,False,False,44,False,0.0
p01,app_quicksort,complete_cohort,62,uncertainty,False,0,0,5,False,False,False,False,44,False,0.0
p01,app_quicksort,complete_cohort,63,uncertainty,False,0,0,5,False,False,False,False,44,False,0.0
p01,app_quicksort,complete_cohort,64,uncertainty,False,0,0,5,False,False,False,False,44,False,0.0
p01,app_quicksort,complete_cohort,66,uncertainty,False,0,0,5,False,False,False,False,44,False,0.0
p01,app_quicksort,complete_cohort,67,uncertainty,False,0,0,5,False,False,False,False,44,False,0.0
p01,app_quicksort,complete_cohort,68,uncertainty,False,0,0,5,False,False,False,False,44,False,0.0
p01,app_quicksort,complete_cohort,70,uncertainty,False,0,0,5,False,False,False,False,44,False,0.0
p01,app_quicksort,complete_cohort,71,uncertainty,False,0,0,5,False,False,False,False,44,False,0.0
p01,app_quicksort,complete_cohort,72,uncertainty,False,0,0,5,False,False,False,False,44,False,0.0
p01,app_quicksort,complete_cohort,73,uncertainty,False,0,0,5,False,False,False,False,44,False,0.0
p01,app_quicksort,complete_cohort,74,uncertainty,False,0,0,5,False,False,False,False,44,False,0.0
p01,app_quicksort,complete_cohort,76,uncertainty,False,0,0,5,False,False,False,False,44,False,0.0
p01,app_quicksort,complete_cohort,77,uncertainty,False,0,0,5,False,False,False,False,44,False,0.0
p01,app_quicksort,complete_cohort,78,uncertainty,False,0,0,5,False,False,False,False,44,False,0.0
p01,app_quicksort,complete_cohort,79,uncertainty,False,0,0,5,False,False,False,False,44,False,0.0
p01,app_quicksort,complete_cohort,80,uncertainty,False,0,0,5,False,False,False,False,44,False,0.0
p01,app_quicksort,complete_cohort,81,uncertainty,False,0,0,5,False,False,False,False,44,False,0.0
p01,app_quicksort,complete_cohort,82,uncertainty,False,0,0,5,False,False,False,False,44,False,0.0
p01,app_quicksort,complete_cohort,83,uncertainty,False,0,0,5,False,False,False,False,44,False,0.0
p01,app_quicksort,complete_cohort,84,uncertainty,False,0,0,5,False,False,False,False,44,False,0.0
p01,app_quicksort,complete_cohort,85,uncertainty,False,0,0,5,False,False,False,False,44,False,0.0
p01,app_quicksort,complete_cohort,86,uncertainty,False,0,0,5,False,False,False,False,44,False,0.0
p01,app_quicksort,complete_cohort,87,uncertainty,False,0,0,5,False,False,False,False,44,False,0.0
p01,app_quicksort,complete_cohort,88,uncertainty,False,0,0,5,False,False,False,False,44,False,0.0
p01,app_quicksort,complete_cohort,89,uncertainty,False,0,0,5,False,False,False,False,44,False,0.0
p01,app_quicksort,complete_cohort,90,uncertainty,False,0,0,5,False,False,False,False,44,False,0.0
p01,app_quicksort,complete_cohort,91,uncertainty,False,0,0,5,False,False,False,False,44,False,0.0
p01,app_quicksort,complete_cohort,92,uncertainty,False,0,0,5,False,False,False,False,44,False,0.0
p01,app_quicksort,complete_cohort,93,uncertainty,False,0,0,5,False,False,False,False,44,False,0.0
p01,app_quicksort,complete_cohort,94,uncertainty,False,0,0,5,False,False,False,False,44,False,0.0
p01,app_quicksort,complete_cohort,95,uncertainty,False,0,0,5,False,False,False,False,44,False,0.0
p01,app_quicksort,complete_cohort,96,uncertainty,False,0,0,5,False,False,False,False,44,False,0.0
p01,app_quicksort,complete_cohort,97,uncertainty,False,0,0,5,False,False,False,False,44,False,0.0
p01,app_quicksort,complete_cohort,98,uncertainty,False,0,0,5,False,False,False,False,44,False,0.0
p01,app_quicksort,complete_cohort,99,uncertainty,False,0,0,5,False,False,False,False,44,False,0.0
p01,app_quicksort,complete_cohort,100,uncertainty,False,0,0,5,False,False,False,False,44,False,0.0
p01,app_quicksort,complete_cohort,101,uncertainty,False,0,0,5,False,False,False,False,44,False,0.0
p01,app_quicksort,complete_cohort,102,uncertainty,False,0,0,5,False,False,False,False,44,False,0.0
p01,app_quicksort,complete_cohort,103,uncertainty,False,0,0,5,False,False,False,False,44,False,0.0
p01,app_quicksort,complete_cohort,104,uncertainty,False,0,0,5,False,False,False,False,44,False,0.0
p01,app_quicksort,complete_cohort,105,uncertainty,False,0,0,5,False,False,False,False,44,False,0.0
p01,app_quicksort,complete_cohort,106,uncertainty,False,0,0,5,False,False,False,False,44,False,0.0
p01,app_quicksort,complete_cohort,107,uncertainty,False,0,0,5,False,False,False,False,44,False,0.0
p01,app_quicksort,complete_cohort,108,uncertainty,False,0,0,5,False,False,False,False,44,False,0.0
p01,app_quicksort,complete_cohort,109,uncertainty,False,0,0,5,False,False,False,False,44,False,0.0
p01,app_quicksort,complete_cohort,110,uncertainty,False,0,0,5,False,False,False,False,44,False,0.0
p01,app_quicksort,complete_cohort,111,uncertainty,False,0,0,5,False,False,False,False,44,False,0.0
p01,app_quicksort,complete_cohort,112,uncertainty,False,0,0,5,False,False,False,False,44,False,0.0
p01,app_quicksort,complete_cohort,113,uncertainty,False,0,0,5,False,False,False,False,44,False,0.0
p01,app_quicksort,complete_cohort,114,uncertainty,False,0,0,5,False,False,False,False,44,False,0.0
p01,app_quicksort,complete_cohort,115,uncertainty,False,0,0,5,False,False,False,False,44,False,0.0
p01,app_quicksort,complete_cohort,116,uncertainty,False,0,0,5,False,False,False,False,44,False,0.0
p01,app_quicksort,complete_cohort,117,uncertainty,False,0,0,5,False,False,False,False,44,False,0.0
p01,app_quicksort,complete_cohort,118,uncertainty,False,0,0,5,False,False,False,False,44,False,0.0
p01,app_quicksort,complete_cohort,119,uncertainty,False,0,0,5,False,False,False,False,44,False,0.0
p01,app_quicksort,complete_cohort,120,uncertainty,False,0,0,5,False,False,False,False,44,False,0.0
p01,app_quicksort,complete_cohort,121,uncertainty,False,0,0,5,False,False,False,False,44,False,0.0
p01,app_quicksort,complete_cohort,122,uncertainty,False,0,0,5,False,False,False,False,44,False,0.0
p01,app_quicksort,complete_cohort,123,uncertainty,False,0,0,5,False,False,False,False,44,False,0.0
p01,app_quicksort,complete_cohort,124,uncertainty,False,0,0,5,False,False,False,False,44,False,0.0
p01,app_quicksort,complete_cohort,125,uncertainty,False,0,0,5,False,False,False,False,44,False,0.0
p01,app_quicksort,complete_cohort,126,uncertainty,False,0,0,5,False,False,False,False,44,False,0.0
p01,app_quicksort,complete_cohort,127,uncertainty,False,0,0,5,False,False,False,False,44,False,0.0
p01,app_quicksort,complete_cohort,128,uncertainty,False,0,0,5,False,False,False,False,44,False,0.0
p01,app_quicksort,complete_cohort,129,uncertainty,False,0,0,5,False,False,False,False,44,False,0.0
p01,app_quicksort,complete_cohort,130,uncertainty,False,0,0,5,False,False,False,False,44,False,0.0
p01,app_quicksort,complete_cohort,131,uncertainty,False,0,0,5,False,False,False,False,44,False,0.0
p01,app_quicksort,complete_cohort,132,uncertainty,False,0,0,5,False,False,False,False,44,False,0.0
p01,app_quicksort,complete_cohort,133,uncertainty,False,0,0,5,False,False,False,False,44,False,0.0
p01,app_quicksort,complete_cohort,134,uncertainty,False,0,0,5,False,False,False,False,44,False,0.0
p01,app_quicksort,complete_cohort,135,uncertainty,False,0,0,5,False,False,False,False,44,False,0.0
p01,app_quicksort,complete_cohort,136,uncertainty,False,0,0,5,False,False,False,False,44,False,0.0
p01,app_quicksort,complete_cohort,137,uncertainty,False,0,0,5,False,False,False,False,44,False,0.0
p01,app_quicksort,complete_cohort,138,uncertainty,False,0,0,5,False,False,False,False,44,False,0.0
p01,app_quicksort,complete_cohort,139,uncertainty,False,0,0,5,False,False,False,False,44,False,0.0
p01,app_quicksort,complete_cohort,140,uncertainty,False,0,0,5,False,False,False,False,44,False,0.0
p01,app_quicksort,complete_cohort,141,uncertainty,False,0,0,5,False,False,False,False,44,False,0.0
p01,app_quicksort,complete_cohort,142,uncertainty,False,0,0,5,False,False,False,False,44,False,0.0
p01,app_quicksort,complete_cohort,143,uncertainty,False,0,0,5,False,False,False,False,44,False,0.0
p01,app_quicksort,complete_cohort,144,uncertainty,False,0,0,5,False,False,False,False,44,False,0.0
p01,app_quicksort,complete_cohort,147,uncertainty,False,0,0,5,False,False,False,False,44,False,0.0
p01,app_quicksort,complete_cohort,148,uncertainty,False,0,0,5,False,False,False,False,44,False,0.0
p01,app_quicksort,complete_cohort,149,uncertainty,False,0,0,5,False,False,False,False,44,False,0.0
p01,app_quicksort,complete_cohort,150,uncertainty,False,0,0,5,False,False,False,False,44,False,0.0
p01,app_quicksort,complete_cohort,151,uncertainty,False,0,0,5,False,False,False,False,44,False,0.0
p01,app_quicksort,complete_cohort,152,uncertainty,False,0,0,5,False,False,False,False,44,False,0.0
p01,app_quicksort,complete_cohort,153,uncertainty,False,0,0,5,False,False,False,False,44,False,0.0
p01,app_quicksort,complete_cohort,154,uncertainty,False,0,0,5,False,False,False,False,44,False,0.0
p01,app_quicksort,complete_cohort,155,uncertainty,False,0,0,5,False,False,False,False,44,False,0.0
p01,app_quicksort,complete_cohort,156,uncertainty,False,0,0,5,False,False,False,False,44,False,0.0
p01,app_quicksort,complete_cohort,157,uncertainty,False,0,0,5,False,False,False,False,44,False,0.0
p01,app_quicksort,complete_cohort,158,uncertainty,False,0,0,5,False,False,False,False,44,False,0.0
p01,app_quicksort,complete_cohort,159,uncertainty,False,0,0,5,False,False,False,False,44,False,0.0
p01,app_quicksort,complete_cohort,160,uncertainty,False,0,0,5,False,False,False,False,44,False,0.0
p01,app_quicksort,complete_cohort,161,uncertainty,False,0,0,5,False,False,False,False,44,False,0.0
p01,app_quicksort,complete_cohort,162,uncertainty,False,0,0,5,False,False,False,False,44,False,0.0
p01,app_quicksort,complete_cohort,163,uncertainty,False,0,0,5,False,False,False,False,44,False,0.0
p01,app_quicksort,complete_cohort,164,uncertainty,False,0,0,5,False,False,False,False,44,False,0.0
p01,app_quicksort,complete_cohort,165,uncertainty,False,0,0,5,False,False,False,False,44,False,0.0
p01,app_quicksort,complete_cohort,166,uncertainty,False,0,0,5,False,False,False,False,44,False,0.0
p01,app_quicksort,complete_cohort,167,uncertainty,False,0,0,5,False,False,False,False,44,False,0.0
p01,app_quicksort,complete_cohort,168,uncertainty,False,0,0,5,False,False,False,False,44,False,0.0
p01,app_quicksort,complete_cohort,169,uncertainty,False,0,0,5,False,False,False,False,44,False,0.0
p01,app_quicksort,complete_cohort,170,uncertainty,False,0,0,5,False,False,False,False,44,False,0.0
p01,app_quicksort,complete_cohort,172,uncertainty,False,0,0,5,False,False,False,False,44,False,0.0
p01,app_quicksort,complete_cohort,174,uncertainty,False,0,0,5,False,False,False,False,44,False,0.0
p01,app_quicksort,complete_cohort,175,uncertainty,False,0,0,5,False,False,False,False,44,False,0.0
p01,app_quicksort,complete_cohort,176,uncertainty,False,0,0,5,False,False,False,False,44,False,0.0
p01,app_quicksort,complete_cohort,177,uncertainty,False,0,0,5,False,False,False,False,44,False,0.0
p01,app_quicksort,complete_cohort,178,uncertainty,False,0,0,5,False,False,False,False,44,False,0.0
p01,app_quicksort,complete_cohort,179,uncertainty,False,0,0,5,False,False,False,False,44,False,0.0
p01,app_quicksort,complete_cohort,180,uncertainty,False,0,0,5,False,False,False,False,44,False,0.0
p01,app_quicksort,complete_cohort,181,uncertainty,False,0,0,5,False,False,False,False,44,False,0.0
p01,app_quicksort,complete_cohort,182,uncertainty,False,0,0,5,False,False,False,False,44,False,0.0
p01,app_quicksort,complete_cohort,183,uncertainty,False,0,0,5,False,False,False,False,44,False,0.0
p01,app_quicksort,complete_cohort,2,low_score,False,0,0,5,False,False,False,False,5,False,0.0
p01,app_quicksort,complete_cohort,3,low_score,False,0,0,5,False,False,False,False,9,False,0.0
p01,app_quicksort,complete_cohort,4,low_score,False,0,0,5,False,False,False,False,15,False,0.0
p01,app_quicksort,complete_cohort,5,low_score,False,0,0,5,False,False,False,False,9,False,0.0
p01,app_quicksort,complete_cohort,6,low_score,False,0,0,5,False,False,False,False,7,False,0.0
p01,app_quicksort,complete_cohort,7,low_score,False,0,0,5,False,False,False,False,15,False,0.0
p01,app_quicksort,complete_cohort,9,low_score,False,0,0,5,False,False,False,False,8,False,0.0
p01,app_quicksort,complete_cohort,11,low_score,False,0,0,5,False,False,False,False,12,False,0.0
p01,app_quicksort,complete_cohort,12,low_score,False,0,0,5,False,False,False,False,7,False,0.0
p01,app_quicksort,complete_cohort,13,low_score,False,0,0,5,False,False,False,False,15,False,0.0
p01,app_quicksort,complete_cohort,14,low_score,False,0,0,5,False,False,False,False,16,False,0.0
p01,app_quicksort,complete_cohort,15,low_score,False,0,0,5,False,False,False,False,11,False,0.0
p01,app_quicksort,complete_cohort,17,low_score,False,0,0,5,False,False,False,False,11,False,0.0
p01,app_quicksort,complete_cohort,19,low_score,False,0,0,5,False,False,False,False,11,False,0.0
p01,app_quicksort,complete_cohort,20,low_score,False,0,0,5,False,False,False,False,6,False,0.0
p01,app_quicksort,complete_cohort,21,low_score,False,0,0,5,False,False,False,False,15,False,0.0
p01,app_quicksort,complete_cohort,22,low_score,False,0,0,5,False,False,False,False,16,False,0.0
p01,app_quicksort,complete_cohort,23,low_score,False,0,0,5,False,False,False,False,12,False,0.0
p01,app_quicksort,complete_cohort,24,low_score,False,0,0,5,False,False,False,False,9,False,0.0
p01,app_quicksort,complete_cohort,25,low_score,False,0,0,5,False,False,False,False,11,False,0.0
p01,app_quicksort,complete_cohort,27,low_score,False,0,0,5,False,False,False,False,13,False,0.0
p01,app_quicksort,complete_cohort,28,low_score,False,0,0,5,False,False,False,False,10,False,0.0
p01,app_quicksort,complete_cohort,29,low_score,False,0,0,5,False,False,False,False,9,False,0.0
p01,app_quicksort,complete_cohort,30,low_score,False,0,0,5,False,False,False,False,6,False,0.0
p01,app_quicksort,complete_cohort,31,low_score,False,0,0,5,False,False,False,False,10,False,0.0
p01,app_quicksort,complete_cohort,39,low_score,False,0,0,5,False,False,False,False,8,False,0.0
p01,app_quicksort,complete_cohort,40,low_score,False,0,0,5,False,False,False,False,6,False,0.0
p01,app_quicksort,complete_cohort,41,low_score,False,0,0,5,False,False,False,False,9,False,0.0
p01,app_quicksort,complete_cohort,42,low_score,False,0,0,5,False,False,False,False,12,False,0.0
p01,app_quicksort,complete_cohort,43,low_score,False,0,0,5,False,False,False,False,10,False,0.0
p01,app_quicksort,complete_cohort,44,low_score,False,0,0,5,False,False,False,False,7,False,0.0
p01,app_quicksort,complete_cohort,45,low_score,False,0,0,5,False,False,False,False,8,False,0.0
p01,app_quicksort,complete_cohort,46,low_score,False,0,0,5,False,False,False,False,12,False,0.0
p01,app_quicksort,complete_cohort,47,low_score,False,0,0,5,False,False,False,False,8,False,0.0
p01,app_quicksort,complete_cohort,48,low_score,False,0,0,5,False,False,False,False,14,False,0.0
p01,app_quicksort,complete_cohort,50,low_score,False,0,0,5,False,False,False,False,7,False,0.0
p01,app_quicksort,complete_cohort,51,low_score,False,0,0,5,False,False,False,False,17,False,0.0
p01,app_quicksort,complete_cohort,52,low_score,False,0,0,5,False,False,False,False,15,False,0.0
p01,app_quicksort,complete_cohort,53,low_score,False,0,0,5,False,False,False,False,17,False,0.0
p01,app_quicksort,complete_cohort,54,low_score,False,0,0,5,False,False,False,False,8,False,0.0
p01,app_quicksort,complete_cohort,55,low_score,False,0,0,5,False,False,False,False,9,False,0.0
p01,app_quicksort,complete_cohort,56,low_score,False,0,0,5,False,False,False,False,5,False,0.0
p01,app_quicksort,complete_cohort,58,low_score,False,0,0,5,False,False,False,False,14,False,0.0
p01,app_quicksort,complete_cohort,59,low_score,False,0,0,5,False,False,False,False,6,False,0.0
p01,app_quicksort,complete_cohort,61,low_score,False,0,0,5,False,False,False,False,9,False,0.0
p01,app_quicksort,complete_cohort,62,low_score,False,0,0,5,False,False,False,False,9,False,0.0
p01,app_quicksort,complete_cohort,63,low_score,False,0,0,5,False,False,False,False,6,False,0.0
p01,app_quicksort,complete_cohort,64,low_score,False,0,0,5,False,False,False,False,5,False,0.0
p01,app_quicksort,complete_cohort,66,low_score,False,0,0,5,False,False,False,False,7,False,0.0
p01,app_quicksort,complete_cohort,67,low_score,False,0,0,5,False,False,False,False,14,False,0.0
p01,app_quicksort,complete_cohort,68,low_score,False,0,0,5,False,False,False,False,12,False,0.0
p01,app_quicksort,complete_cohort,70,low_score,False,0,0,5,False,False,False,False,16,False,0.0
p01,app_quicksort,complete_cohort,71,low_score,False,0,0,5,False,False,False,False,11,False,0.0
p01,app_quicksort,complete_cohort,72,low_score,False,0,0,4,False,False,False,False,4,False,0.0
p01,app_quicksort,complete_cohort,73,low_score,False,0,0,5,False,False,False,False,9,False,0.0
p01,app_quicksort,complete_cohort,74,low_score,False,0,0,5,False,False,False,False,15,False,0.0
p01,app_quicksort,complete_cohort,76,low_score,False,0,0,5,False,False,False,False,21,False,0.0
p01,app_quicksort,complete_cohort,77,low_score,False,0,0,5,False,False,False,False,12,False,0.0
p01,app_quicksort,complete_cohort,78,low_score,False,0,0,5,False,False,False,False,11,False,0.0
p01,app_quicksort,complete_cohort,79,low_score,False,0,0,5,False,False,False,False,5,False,0.0
p01,app_quicksort,complete_cohort,80,low_score,False,0,0,5,False,False,False,False,18,False,0.0
p01,app_quicksort,complete_cohort,81,low_score,False,0,0,3,False,False,False,False,3,False,0.0
p01,app_quicksort,complete_cohort,82,low_score,False,0,0,5,False,False,False,False,9,False,0.0
p01,app_quicksort,complete_cohort,83,low_score,False,0,0,5,False,False,False,False,5,False,0.0
p01,app_quicksort,complete_cohort,84,low_score,False,0,0,5,False,False,False,False,5,False,0.0
p01,app_quicksort,complete_cohort,85,low_score,False,0,0,5,False,False,False,False,6,False,0.0
p01,app_quicksort,complete_cohort,86,low_score,False,0,0,5,False,False,False,False,17,False,0.0
p01,app_quicksort,complete_cohort,87,low_score,False,0,0,5,False,False,False,False,10,False,0.0
p01,app_quicksort,complete_cohort,88,low_score,False,0,0,5,False,False,False,False,10,False,0.0
p01,app_quicksort,complete_cohort,89,low_score,False,0,0,5,False,False,False,False,13,False,0.0
p01,app_quicksort,complete_cohort,90,low_score,False,0,0,5,False,False,False,False,19,False,0.0
p01,app_quicksort,complete_cohort,91,low_score,False,0,0,5,False,False,False,False,19,False,0.0
p01,app_quicksort,complete_cohort,92,low_score,False,0,0,5,False,False,False,False,12,False,0.0
p01,app_quicksort,complete_cohort,93,low_score,False,0,0,5,False,False,False,False,9,False,0.0
p01,app_quicksort,complete_cohort,94,low_score,False,0,0,5,False,False,False,False,13,False,0.0
p01,app_quicksort,complete_cohort,95,low_score,False,0,0,5,False,False,False,False,14,False,0.0
p01,app_quicksort,complete_cohort,96,low_score,False,0,0,5,False,False,False,False,10,False,0.0
p01,app_quicksort,complete_cohort,97,low_score,False,0,0,5,False,False,False,False,9,False,0.0
p01,app_quicksort,complete_cohort,98,low_score,False,0,0,5,False,False,False,False,11,False,0.0
p01,app_quicksort,complete_cohort,99,low_score,False,0,0,5,False,False,False,False,8,False,0.0
p01,app_quicksort,complete_cohort,100,low_score,False,0,0,5,False,False,False,False,16,False,0.0
p01,app_quicksort,complete_cohort,101,low_score,False,0,0,5,False,False,False,False,15,False,0.0
p01,app_quicksort,complete_cohort,102,low_score,False,0,0,5,False,False,False,False,11,False,0.0
p01,app_quicksort,complete_cohort,103,low_score,False,0,0,5,False,False,False,False,11,False,0.0
p01,app_quicksort,complete_cohort,104,low_score,False,0,0,5,False,False,False,False,14,False,0.0
p01,app_quicksort,complete_cohort,105,low_score,False,0,0,5,False,False,False,False,10,False,0.0
p01,app_quicksort,complete_cohort,106,low_score,False,0,0,5,False,False,False,False,13,False,0.0
p01,app_quicksort,complete_cohort,107,low_score,False,0,0,5,False,False,False,False,12,False,0.0
p01,app_quicksort,complete_cohort,108,low_score,False,0,0,5,False,False,False,False,12,False,0.0
p01,app_quicksort,complete_cohort,109,low_score,False,0,0,5,False,False,False,False,11,False,0.0
p01,app_quicksort,complete_cohort,110,low_score,False,0,0,5,False,False,False,False,9,False,0.0
p01,app_quicksort,complete_cohort,111,low_score,False,0,0,5,False,False,False,False,9,False,0.0
p01,app_quicksort,complete_cohort,112,low_score,False,0,0,5,False,False,False,False,11,False,0.0
p01,app_quicksort,complete_cohort,113,low_score,False,0,0,5,False,False,False,False,11,False,0.0
p01,app_quicksort,complete_cohort,114,low_score,False,0,0,5,False,False,False,False,13,False,0.0
p01,app_quicksort,complete_cohort,115,low_score,False,0,0,5,False,False,False,False,10,False,0.0
p01,app_quicksort,complete_cohort,116,low_score,False,0,0,5,False,False,False,False,10,False,0.0
p01,app_quicksort,complete_cohort,117,low_score,False,0,0,5,False,False,False,False,11,False,0.0
p01,app_quicksort,complete_cohort,118,low_score,False,0,0,5,False,False,False,False,17,False,0.0
p01,app_quicksort,complete_cohort,119,low_score,False,0,0,5,False,False,False,False,9,False,0.0
p01,app_quicksort,complete_cohort,120,low_score,False,0,0,5,False,False,False,False,10,False,0.0
p01,app_quicksort,complete_cohort,121,low_score,False,0,0,5,False,False,False,False,12,False,0.0
p01,app_quicksort,complete_cohort,122,low_score,False,0,0,5,False,False,False,False,17,False,0.0
p01,app_quicksort,complete_cohort,123,low_score,False,0,0,5,False,False,False,False,11,False,0.0
p01,app_quicksort,complete_cohort,124,low_score,False,0,0,5,False,False,False,False,8,False,0.0
p01,app_quicksort,complete_cohort,125,low_score,False,0,0,5,False,False,False,False,13,False,0.0
p01,app_quicksort,complete_cohort,126,low_score,False,0,0,5,False,False,False,False,16,False,0.0
p01,app_quicksort,complete_cohort,127,low_score,False,0,0,5,False,False,False,False,15,False,0.0
p01,app_quicksort,complete_cohort,128,low_score,False,0,0,5,False,False,False,False,13,False,0.0
p01,app_quicksort,complete_cohort,129,low_score,False,0,0,5,False,False,False,False,7,False,0.0
p01,app_quicksort,complete_cohort,130,low_score,False,0,0,5,False,False,False,False,15,False,0.0
p01,app_quicksort,complete_cohort,131,low_score,False,0,0,5,False,False,False,False,18,False,0.0
p01,app_quicksort,complete_cohort,132,low_score,False,0,0,5,False,False,False,False,11,False,0.0
p01,app_quicksort,complete_cohort,133,low_score,False,0,0,5,False,False,False,False,5,False,0.0
p01,app_quicksort,complete_cohort,134,low_score,False,0,0,5,False,False,False,False,15,False,0.0
p01,app_quicksort,complete_cohort,135,low_score,False,0,0,5,False,False,False,False,13,False,0.0
p01,app_quicksort,complete_cohort,136,low_score,False,0,0,5,False,False,False,False,15,False,0.0
p01,app_quicksort,complete_cohort,137,low_score,False,0,0,5,False,False,False,False,15,False,0.0
p01,app_quicksort,complete_cohort,138,low_score,False,0,0,5,False,False,False,False,14,False,0.0
p01,app_quicksort,complete_cohort,139,low_score,False,0,0,5,False,False,False,False,14,False,0.0
p01,app_quicksort,complete_cohort,140,low_score,False,0,0,5,False,False,False,False,17,False,0.0
p01,app_quicksort,complete_cohort,141,low_score,False,0,0,5,False,False,False,False,16,False,0.0
p01,app_quicksort,complete_cohort,142,low_score,False,0,0,5,False,False,False,False,17,False,0.0
p01,app_quicksort,complete_cohort,143,low_score,False,0,0,5,False,False,False,False,17,False,0.0
p01,app_quicksort,complete_cohort,144,low_score,False,0,0,5,False,False,False,False,8,False,0.0
p01,app_quicksort,complete_cohort,147,low_score,False,0,0,5,False,False,False,False,14,False,0.0
p01,app_quicksort,complete_cohort,148,low_score,False,0,0,5,False,False,False,False,15,False,0.0
p01,app_quicksort,complete_cohort,149,low_score,False,0,0,5,False,False,False,False,12,False,0.0
p01,app_quicksort,complete_cohort,150,low_score,False,0,0,5,False,False,False,False,15,False,0.0
p01,app_quicksort,complete_cohort,151,low_score,False,0,0,5,False,False,False,False,16,False,0.0
p01,app_quicksort,complete_cohort,152,low_score,False,0,0,5,False,False,False,False,17,False,0.0
p01,app_quicksort,complete_cohort,153,low_score,False,0,0,5,False,False,False,False,14,False,0.0
p01,app_quicksort,complete_cohort,154,low_score,False,0,0,5,False,False,False,False,8,False,0.0
p01,app_quicksort,complete_cohort,155,low_score,False,0,0,5,False,False,False,False,10,False,0.0
p01,app_quicksort,complete_cohort,156,low_score,False,0,0,5,False,False,False,False,16,False,0.0
p01,app_quicksort,complete_cohort,157,low_score,False,0,0,5,False,False,False,False,9,False,0.0
p01,app_quicksort,complete_cohort,158,low_score,False,0,0,5,False,False,False,False,12,False,0.0
p01,app_quicksort,complete_cohort,159,low_score,False,0,0,5,False,False,False,False,13,False,0.0
p01,app_quicksort,complete_cohort,160,low_score,False,0,0,5,False,False,False,False,14,False,0.0
p01,app_quicksort,complete_cohort,161,low_score,False,0,0,5,False,False,False,False,15,False,0.0
p01,app_quicksort,complete_cohort,162,low_score,False,0,0,5,False,False,False,False,20,False,0.0
p01,app_quicksort,complete_cohort,163,low_score,False,0,0,5,False,False,False,False,18,False,0.0
p01,app_quicksort,complete_cohort,164,low_score,False,0,0,5,False,False,False,False,13,False,0.0
p01,app_quicksort,complete_cohort,165,low_score,False,0,0,5,False,False,False,False,16,False,0.0
p01,app_quicksort,complete_cohort,166,low_score,False,0,0,5,False,False,False,False,18,False,0.0
p01,app_quicksort,complete_cohort,167,low_score,False,0,0,5,False,False,False,False,12,False,0.0
p01,app_quicksort,complete_cohort,168,low_score,False,0,0,5,False,False,False,False,8,False,0.0
p01,app_quicksort,complete_cohort,169,low_score,False,0,0,5,False,False,False,False,13,False,0.0
p01,app_quicksort,complete_cohort,170,low_score,False,0,0,5,False,False,False,False,12,False,0.0
p01,app_quicksort,complete_cohort,172,low_score,False,0,0,5,False,False,False,False,12,False,0.0
p01,app_quicksort,complete_cohort,174,low_score,False,0,0,5,False,False,False,False,15,False,0.0
p01,app_quicksort,complete_cohort,175,low_score,False,0,0,5,False,False,False,False,14,False,0.0
p01,app_quicksort,complete_cohort,176,low_score,False,0,0,5,False,False,False,False,11,False,0.0
p01,app_quicksort,complete_cohort,177,low_score,False,0,0,5,False,False,False,False,12,False,0.0
p01,app_quicksort,complete_cohort,178,low_score,False,0,0,5,False,False,False,False,10,False,0.0
p01,app_quicksort,complete_cohort,179,low_score,False,0,0,5,False,False,False,False,18,False,0.0
p01,app_quicksort,complete_cohort,180,low_score,False,0,0,5,False,False,False,False,17,False,0.0
p01,app_quicksort,complete_cohort,181,low_score,False,0,0,5,False,False,False,False,11,False,0.0
p01,app_quicksort,complete_cohort,182,low_score,False,0,0,5,False,False,False,False,9,False,0.0
p01,app_quicksort,complete_cohort,183,low_score,False,0,0,5,False,False,False,False,15,False,0.0
p05,stable,demonstration,1,uncertainty,False,0,0,5,False,False,False,False,44,False,0.0
p05,stable,demonstration,2,uncertainty,False,0,0,5,False,False,False,False,44,False,0.0
p05,stable,demonstration,3,uncertainty,False,0,0,5,False,False,False,False,44,False,0.0
p05,stable,demonstration,4,uncertainty,False,0,0,5,False,False,False,False,44,False,0.0
p05,stable,demonstration,5,uncertainty,False,0,0,5,False,False,False,False,44,False,0.0
p05,stable,demonstration,6,uncertainty,False,0,0,5,False,False,False,False,44,False,0.0
p05,stable,demonstration,7,uncertainty,False,0,0,5,False,False,False,True,44,False,0.045454545454545456
p05,stable,demonstration,8,uncertainty,False,0,0,5,False,False,False,False,44,False,0.0
p05,stable,demonstration,9,uncertainty,False,0,0,5,False,False,False,False,44,False,0.0
p05,stable,demonstration,10,uncertainty,False,0,0,5,False,False,False,True,44,False,0.09090909090909091
p05,stable,demonstration,1,low_score,False,0,0,5,False,False,False,False,5,False,0.0
p05,stable,demonstration,2,low_score,False,0,0,5,False,False,False,False,9,False,0.0
p05,stable,demonstration,3,low_score,False,0,0,5,False,False,False,False,15,False,0.0
p05,stable,demonstration,4,low_score,False,0,0,5,False,False,False,False,7,False,0.0
p05,stable,demonstration,5,low_score,False,0,0,5,False,False,False,False,8,False,0.0
p05,stable,demonstration,6,low_score,False,0,0,5,False,False,False,False,10,False,0.0
p05,stable,demonstration,7,low_score,False,0,0,5,False,False,False,False,17,False,0.0
p05,stable,demonstration,8,low_score,False,0,0,5,False,False,False,False,19,False,0.0
p05,stable,demonstration,9,low_score,False,0,0,5,False,False,False,False,5,False,0.0
p05,stable,demonstration,10,low_score,False,0,0,5,False,False,False,False,12,False,0.0
p05,app_quicksort,demonstration,1,uncertainty,False,0,0,5,False,False,False,False,44,False,0.0
p05,app_quicksort,demonstration,2,uncertainty,False,0,0,5,False,False,False,False,44,False,0.0
p05,app_quicksort,demonstration,3,uncertainty,False,0,0,5,False,False,False,False,44,False,0.0
p05,app_quicksort,demonstration,4,uncertainty,False,0,0,5,False,False,False,False,44,False,0.0
p05,app_quicksort,demonstration,5,uncertainty,False,0,0,5,False,False,False,False,44,False,0.0
p05,app_quicksort,demonstration,6,uncertainty,False,0,0,5,False,False,False,False,44,False,0.0
p05,app_quicksort,demonstration,7,uncertainty,False,0,0,5,False,False,False,True,44,False,0.045454545454545456
p05,app_quicksort,demonstration,8,uncertainty,False,0,0,5,False,False,False,False,44,False,0.0
p05,app_quicksort,demonstration,9,uncertainty,False,0,0,5,False,False,False,False,44,False,0.0
p05,app_quicksort,demonstration,10,uncertainty,False,0,0,5,False,False,False,True,44,False,0.09090909090909091
p05,app_quicksort,demonstration,1,low_score,False,0,0,5,False,False,False,False,5,False,0.0
p05,app_quicksort,demonstration,2,low_score,False,0,0,5,False,False,False,False,9,False,0.0
p05,app_quicksort,demonstration,3,low_score,False,0,0,5,False,False,False,False,15,False,0.0
p05,app_quicksort,demonstration,4,low_score,False,0,0,5,False,False,False,False,7,False,0.0
p05,app_quicksort,demonstration,5,low_score,False,0,0,5,False,False,False,False,8,False,0.0
p05,app_quicksort,demonstration,6,low_score,False,0,0,5,False,False,False,False,10,False,0.0
p05,app_quicksort,demonstration,7,low_score,False,0,0,5,False,False,False,False,17,False,0.0
p05,app_quicksort,demonstration,8,low_score,False,0,0,5,False,False,False,False,19,False,0.0
p05,app_quicksort,demonstration,9,low_score,False,0,0,5,False,False,False,False,5,False,0.0
p05,app_quicksort,demonstration,10,low_score,False,0,0,5,False,False,False,False,12,False,0.0
p05,stable,reference,159,uncertainty,False,0,0,5,False,False,False,False,44,False,0.0
p05,stable,reference,42,uncertainty,False,0,0,5,False,False,False,False,44,False,0.0
p05,stable,reference,64,uncertainty,False,0,0,5,False,False,False,True,44,False,0.09090909090909091
p05,stable,reference,12,uncertainty,False,0,0,5,False,False,False,False,44,False,0.0
p05,stable,reference,160,uncertainty,False,0,0,5,False,False,False,False,44,False,0.0
p05,stable,reference,155,uncertainty,False,0,0,5,False,False,False,False,44,False,0.0
p05,stable,reference,11,uncertainty,False,0,0,5,False,False,False,False,44,False,0.0
p05,stable,reference,124,uncertainty,False,0,0,5,False,False,False,True,44,False,0.045454545454545456
p05,stable,reference,169,uncertainty,False,0,0,5,False,False,False,True,44,False,0.09090909090909091
p05,stable,reference,106,uncertainty,False,0,0,5,False,False,False,True,44,False,0.045454545454545456
p05,stable,reference,157,uncertainty,False,0,0,5,False,False,False,False,44,False,0.0
p05,stable,reference,126,uncertainty,False,0,0,5,False,False,False,True,44,False,0.045454545454545456
p05,stable,reference,55,uncertainty,False,0,0,5,False,False,False,False,44,False,0.0
p05,stable,reference,113,uncertainty,False,0,0,5,False,False,False,False,44,False,0.0
p05,stable,reference,158,uncertainty,False,0,0,5,False,False,False,True,44,False,0.045454545454545456
p05,stable,reference,165,uncertainty,False,0,0,5,False,False,False,True,44,False,0.045454545454545456
p05,stable,reference,178,uncertainty,False,0,0,5,False,False,False,True,44,False,0.045454545454545456
p05,stable,reference,133,uncertainty,False,0,0,5,False,False,False,False,44,False,0.0
p05,stable,reference,78,uncertainty,False,0,0,5,False,False,False,False,44,False,0.0
p05,stable,reference,70,uncertainty,False,0,0,5,False,False,False,False,44,False,0.0
p05,stable,reference,176,uncertainty,False,0,0,5,False,False,False,False,44,False,0.0
p05,stable,reference,17,uncertainty,False,0,0,5,False,False,False,True,44,False,0.09090909090909091
p05,stable,reference,136,uncertainty,False,0,0,5,False,False,False,False,44,False,0.0
p05,stable,reference,76,uncertainty,False,0,0,5,False,False,False,False,44,False,0.0
p05,stable,reference,82,uncertainty,False,0,0,5,False,False,False,False,44,False,0.0
p05,stable,reference,114,uncertainty,False,0,0,5,False,False,False,False,44,False,0.0
p05,stable,reference,168,uncertainty,False,0,0,5,False,False,False,False,44,False,0.0
p05,stable,reference,28,uncertainty,False,0,0,5,False,False,False,True,44,False,0.045454545454545456
p05,stable,reference,39,uncertainty,False,0,0,5,False,False,False,True,44,False,0.09090909090909091
p05,stable,reference,50,uncertainty,False,0,0,5,False,False,False,False,44,False,0.0
p05,stable,reference,61,uncertainty,False,0,0,5,False,False,False,False,44,False,0.0
p05,stable,reference,100,uncertainty,False,0,0,5,False,False,False,False,44,False,0.0
p05,stable,reference,130,uncertainty,False,0,0,5,False,False,False,False,44,False,0.0
p05,stable,reference,141,uncertainty,False,0,0,5,False,False,False,False,44,False,0.0
p05,stable,reference,53,uncertainty,False,0,0,5,False,False,False,False,44,False,0.0
p05,stable,reference,73,uncertainty,False,0,0,5,False,False,False,True,44,False,0.045454545454545456
p05,stable,reference,9,uncertainty,False,0,0,5,False,False,False,False,44,False,0.0
p05,stable,reference,6,uncertainty,False,0,0,5,False,False,False,True,44,False,0.045454545454545456
p05,stable,reference,31,uncertainty,False,0,0,5,False,False,False,False,44,False,0.0
p05,stable,reference,94,uncertainty,False,0,0,5,False,False,False,True,44,False,0.045454545454545456
p05,stable,reference,58,uncertainty,False,0,0,5,False,False,False,False,44,False,0.0
p05,stable,reference,177,uncertainty,False,0,0,5,False,False,False,False,44,False,0.0
p05,stable,reference,48,uncertainty,False,0,0,5,False,False,False,True,44,False,0.045454545454545456
p05,stable,reference,164,uncertainty,False,0,0,5,False,False,False,False,44,False,0.0
p05,stable,reference,67,uncertainty,False,0,0,5,False,False,False,False,44,False,0.0
p05,stable,reference,118,uncertainty,False,0,0,5,False,False,False,False,44,False,0.0
p05,stable,reference,79,uncertainty,False,0,0,5,False,False,False,False,44,False,0.0
p05,stable,reference,122,uncertainty,False,0,0,5,False,False,False,False,44,False,0.0
p05,stable,reference,54,uncertainty,False,0,0,5,False,False,False,False,44,False,0.0
p05,stable,reference,151,uncertainty,False,0,0,5,False,False,False,True,44,False,0.045454545454545456
p05,stable,reference,103,uncertainty,False,0,0,5,False,False,False,True,44,False,0.09090909090909091
p05,stable,reference,137,uncertainty,False,0,0,5,False,False,False,False,44,False,0.0
p05,stable,reference,132,uncertainty,False,0,0,5,False,False,False,True,44,False,0.09090909090909091
p05,stable,reference,143,uncertainty,False,0,0,5,False,False,False,False,44,False,0.0
p05,stable,reference,107,uncertainty,False,0,0,5,False,False,False,False,44,False,0.0
p05,stable,reference,119,uncertainty,False,0,0,5,False,False,False,False,44,False,0.0
p05,stable,reference,109,uncertainty,False,0,0,5,False,False,False,True,44,False,0.045454545454545456
p05,stable,reference,84,uncertainty,False,0,0,5,False,False,False,True,44,False,0.045454545454545456
p05,stable,reference,135,uncertainty,False,0,0,5,False,False,False,False,44,False,0.0
p05,stable,reference,125,uncertainty,False,0,0,5,False,False,False,False,44,False,0.0
p05,stable,reference,161,uncertainty,False,0,0,5,False,False,False,True,44,False,0.045454545454545456
p05,stable,reference,4,uncertainty,False,0,0,5,False,False,False,True,44,False,0.045454545454545456
p05,stable,reference,72,uncertainty,False,0,0,5,False,False,False,True,44,False,0.18181818181818182
p05,stable,reference,68,uncertainty,False,0,0,5,False,False,False,False,44,False,0.0
p05,stable,reference,175,uncertainty,False,0,0,5,False,False,False,True,44,False,0.045454545454545456
p05,stable,reference,182,uncertainty,False,0,0,5,False,False,False,True,44,False,0.045454545454545456
p05,stable,reference,134,uncertainty,False,0,0,5,False,False,False,False,44,False,0.0
p05,stable,reference,105,uncertainty,False,0,0,5,False,False,False,True,44,False,0.045454545454545456
p05,stable,reference,43,uncertainty,False,0,0,5,False,False,False,False,44,False,0.0
p05,stable,reference,139,uncertainty,False,0,0,5,False,False,False,False,44,False,0.0
p05,stable,reference,3,uncertainty,False,0,0,5,False,False,False,True,44,False,0.045454545454545456
p05,stable,reference,62,uncertainty,False,0,0,5,False,False,False,True,44,False,0.09090909090909091
p05,stable,reference,5,uncertainty,False,0,0,5,False,False,False,False,44,False,0.0
p05,stable,reference,66,uncertainty,False,0,0,5,False,False,False,False,44,False,0.0
p05,stable,reference,180,uncertainty,False,0,0,5,False,False,False,False,44,False,0.0
p05,stable,reference,30,uncertainty,False,0,0,5,False,False,False,False,44,False,0.0
p05,stable,reference,149,uncertainty,False,0,0,5,False,False,False,True,44,False,0.045454545454545456
p05,stable,reference,110,uncertainty,False,0,0,5,False,False,False,True,44,False,0.045454545454545456
p05,stable,reference,13,uncertainty,False,0,0,5,False,False,False,False,44,False,0.0
p05,stable,reference,7,uncertainty,False,0,0,5,False,False,False,False,44,False,0.0
p05,stable,reference,87,uncertainty,False,0,0,5,False,False,False,False,44,False,0.0
p05,stable,reference,150,uncertainty,False,0,0,5,False,False,False,False,44,False,0.0
p05,stable,reference,179,uncertainty,False,0,0,5,False,False,False,True,44,False,0.045454545454545456
p05,stable,reference,181,uncertainty,False,0,0,5,False,False,False,True,44,False,0.09090909090909091
p05,stable,reference,148,uncertainty,False,0,0,5,False,False,False,False,44,False,0.0
p05,stable,reference,162,uncertainty,False,0,0,5,False,False,False,False,44,False,0.0
p05,stable,reference,102,uncertainty,False,0,0,5,False,False,False,True,44,False,0.09090909090909091
p05,stable,reference,56,uncertainty,False,0,0,5,False,False,False,True,44,False,0.045454545454545456
p05,stable,reference,19,uncertainty,False,0,0,5,False,False,False,False,44,False,0.0
p05,stable,reference,112,uncertainty,False,0,0,5,False,False,False,True,44,False,0.045454545454545456
p05,stable,reference,40,uncertainty,False,0,0,5,False,False,False,False,44,False,0.0
p05,stable,reference,22,uncertainty,False,0,0,5,False,False,False,False,44,False,0.0
p05,stable,reference,88,uncertainty,False,0,0,5,False,False,False,False,44,False,0.0
p05,stable,reference,167,uncertainty,False,0,0,5,False,False,False,False,44,False,0.0
p05,stable,reference,183,uncertainty,False,0,0,5,False,False,False,True,44,False,0.045454545454545456
p05,stable,reference,24,uncertainty,False,0,0,5,False,False,False,False,44,False,0.0
p05,stable,reference,128,uncertainty,False,0,0,5,False,False,False,False,44,False,0.0
p05,stable,reference,120,uncertainty,False,0,0,5,False,False,False,True,44,False,0.045454545454545456
p05,stable,reference,45,uncertainty,False,0,0,5,False,False,False,True,44,False,0.09090909090909091
p05,stable,reference,86,uncertainty,False,0,0,5,False,False,False,True,44,False,0.045454545454545456
p05,stable,reference,156,uncertainty,False,0,0,5,False,False,False,False,44,False,0.0
p05,stable,reference,98,uncertainty,False,0,0,5,False,False,False,True,44,False,0.045454545454545456
p05,stable,reference,92,uncertainty,False,0,0,5,False,False,False,True,44,False,0.09090909090909091
p05,stable,reference,95,uncertainty,False,0,0,5,False,False,False,False,44,False,0.0
p05,stable,reference,101,uncertainty,False,0,0,5,False,False,False,False,44,False,0.0
p05,stable,reference,47,uncertainty,False,0,0,5,False,False,False,False,44,False,0.0
p05,stable,reference,25,uncertainty,False,0,0,5,False,False,False,False,44,False,0.0
p05,stable,reference,121,uncertainty,False,0,0,5,False,False,False,True,44,False,0.045454545454545456
p05,stable,reference,41,uncertainty,False,0,0,5,False,False,False,True,44,False,0.045454545454545456
p05,stable,reference,99,uncertainty,False,0,0,5,False,False,False,True,44,False,0.045454545454545456
p05,stable,reference,27,uncertainty,False,0,0,5,False,False,False,False,44,False,0.0
p05,stable,reference,140,uncertainty,False,0,0,5,False,False,False,False,44,False,0.0
p05,stable,reference,81,uncertainty,False,0,0,5,False,False,False,False,44,False,0.0
p05,stable,reference,144,uncertainty,False,0,0,5,False,False,False,False,44,False,0.0
p05,stable,reference,108,uncertainty,False,0,0,5,False,False,False,True,44,False,0.045454545454545456
p05,stable,reference,85,uncertainty,False,0,0,5,False,False,False,True,44,False,0.045454545454545456
p05,stable,reference,152,uncertainty,False,0,0,5,False,False,False,False,44,False,0.0
p05,stable,reference,15,uncertainty,False,0,0,5,False,False,False,False,44,False,0.0
p05,stable,reference,89,uncertainty,False,0,0,5,False,False,False,False,44,False,0.0
p05,stable,reference,116,uncertainty,False,0,0,5,False,False,False,False,44,False,0.0
p05,stable,reference,138,uncertainty,False,0,0,5,False,False,False,True,44,False,0.045454545454545456
p05,stable,reference,154,uncertainty,False,0,0,5,False,False,False,False,44,False,0.0
p05,stable,reference,104,uncertainty,False,0,0,5,False,False,False,True,44,False,0.045454545454545456
p05,stable,reference,131,uncertainty,False,0,0,5,False,False,False,False,44,False,0.0
p05,stable,reference,129,uncertainty,False,0,0,5,False,False,False,True,44,False,0.045454545454545456
p05,stable,reference,96,uncertainty,False,0,0,5,False,False,False,True,44,False,0.045454545454545456
p05,stable,reference,44,uncertainty,False,0,0,5,False,False,False,False,44,False,0.0
p05,stable,reference,46,uncertainty,False,0,0,5,False,False,False,False,44,False,0.0
p05,stable,reference,159,low_score,False,0,0,5,False,False,False,False,13,False,0.0
p05,stable,reference,42,low_score,False,0,0,5,False,False,False,False,12,False,0.0
p05,stable,reference,64,low_score,False,0,0,5,False,False,False,False,5,False,0.0
p05,stable,reference,12,low_score,False,0,0,5,False,False,False,False,7,False,0.0
p05,stable,reference,160,low_score,False,0,0,5,False,False,False,False,14,False,0.0
p05,stable,reference,155,low_score,False,0,0,5,False,False,False,False,10,False,0.0
p05,stable,reference,11,low_score,False,0,0,5,False,False,False,False,12,False,0.0
p05,stable,reference,124,low_score,False,0,0,5,False,False,False,False,8,False,0.0
p05,stable,reference,169,low_score,False,0,0,5,False,False,False,False,13,False,0.0
p05,stable,reference,106,low_score,False,0,0,5,False,False,False,False,13,False,0.0
p05,stable,reference,157,low_score,False,0,0,5,False,False,False,False,9,False,0.0
p05,stable,reference,126,low_score,False,0,0,5,False,False,False,False,16,False,0.0
p05,stable,reference,55,low_score,False,0,0,5,False,False,False,False,9,False,0.0
p05,stable,reference,113,low_score,False,0,0,5,False,False,False,False,11,False,0.0
p05,stable,reference,158,low_score,False,0,0,5,False,False,False,False,12,False,0.0
p05,stable,reference,165,low_score,False,0,0,5,False,False,False,False,16,False,0.0
p05,stable,reference,178,low_score,False,0,0,5,False,False,False,False,10,False,0.0
p05,stable,reference,133,low_score,False,0,0,5,False,False,False,False,5,False,0.0
p05,stable,reference,78,low_score,False,0,0,5,False,False,False,False,11,False,0.0
p05,stable,reference,70,low_score,False,0,0,5,False,False,False,False,16,False,0.0
p05,stable,reference,176,low_score,False,0,0,5,False,False,False,False,11,False,0.0
p05,stable,reference,17,low_score,False,0,0,5,False,False,False,False,11,False,0.0
p05,stable,reference,136,low_score,False,0,0,5,False,False,False,False,15,False,0.0
p05,stable,reference,76,low_score,False,0,0,5,False,False,False,False,21,False,0.0
p05,stable,reference,82,low_score,False,0,0,5,False,False,False,False,9,False,0.0
p05,stable,reference,114,low_score,False,0,0,5,False,False,False,False,13,False,0.0
p05,stable,reference,168,low_score,False,0,0,5,False,False,False,False,8,False,0.0
p05,stable,reference,28,low_score,False,0,0,5,False,False,False,False,10,False,0.0
p05,stable,reference,39,low_score,False,0,0,5,False,False,False,False,8,False,0.0
p05,stable,reference,50,low_score,False,0,0,5,False,False,False,False,7,False,0.0
p05,stable,reference,61,low_score,False,0,0,5,False,False,False,False,9,False,0.0
p05,stable,reference,100,low_score,False,0,0,5,False,False,False,False,16,False,0.0
p05,stable,reference,130,low_score,False,0,0,5,False,False,False,False,15,False,0.0
p05,stable,reference,141,low_score,False,0,0,5,False,False,False,False,16,False,0.0
p05,stable,reference,53,low_score,False,0,0,5,False,False,False,False,17,False,0.0
p05,stable,reference,73,low_score,False,0,0,5,False,False,False,False,9,False,0.0
p05,stable,reference,9,low_score,False,0,0,5,False,False,False,False,8,False,0.0
p05,stable,reference,6,low_score,False,0,0,5,False,False,False,False,7,False,0.0
p05,stable,reference,31,low_score,False,0,0,5,False,False,False,False,10,False,0.0
p05,stable,reference,94,low_score,False,0,0,5,False,False,False,False,13,False,0.0
p05,stable,reference,58,low_score,False,0,0,5,False,False,False,False,14,False,0.0
p05,stable,reference,177,low_score,False,0,0,5,False,False,False,False,12,False,0.0
p05,stable,reference,48,low_score,False,0,0,5,False,False,False,False,14,False,0.0
p05,stable,reference,164,low_score,False,0,0,5,False,False,False,False,13,False,0.0
p05,stable,reference,67,low_score,False,0,0,5,False,False,False,False,14,False,0.0
p05,stable,reference,118,low_score,False,0,0,5,False,False,False,False,17,False,0.0
p05,stable,reference,79,low_score,False,0,0,5,False,False,False,False,5,False,0.0
p05,stable,reference,122,low_score,False,0,0,5,False,False,False,False,17,False,0.0
p05,stable,reference,54,low_score,False,0,0,5,False,False,False,False,8,False,0.0
p05,stable,reference,151,low_score,False,0,0,5,False,False,False,False,16,False,0.0
p05,stable,reference,103,low_score,False,0,0,5,False,False,False,False,11,False,0.0
p05,stable,reference,137,low_score,False,0,0,5,False,False,False,False,15,False,0.0
p05,stable,reference,132,low_score,False,0,0,5,False,False,False,False,11,False,0.0
p05,stable,reference,143,low_score,False,0,0,5,False,False,False,False,17,False,0.0
p05,stable,reference,107,low_score,False,0,0,5,False,False,False,False,12,False,0.0
p05,stable,reference,119,low_score,False,0,0,5,False,False,False,False,9,False,0.0
p05,stable,reference,109,low_score,False,0,0,5,False,False,False,False,11,False,0.0
p05,stable,reference,84,low_score,False,0,0,5,False,False,False,False,5,False,0.0
p05,stable,reference,135,low_score,False,0,0,5,False,False,False,False,13,False,0.0
p05,stable,reference,125,low_score,False,0,0,5,False,False,False,False,13,False,0.0
p05,stable,reference,161,low_score,False,0,0,5,False,False,False,False,15,False,0.0
p05,stable,reference,4,low_score,False,0,0,5,False,False,False,False,15,False,0.0
p05,stable,reference,72,low_score,False,0,0,4,False,False,False,False,4,False,0.0
p05,stable,reference,68,low_score,False,0,0,5,False,False,False,False,12,False,0.0
p05,stable,reference,175,low_score,False,0,0,5,False,False,False,False,14,False,0.0
p05,stable,reference,182,low_score,False,0,0,5,False,False,False,False,9,False,0.0
p05,stable,reference,134,low_score,False,0,0,5,False,False,False,False,15,False,0.0
p05,stable,reference,105,low_score,False,0,0,5,False,False,False,False,10,False,0.0
p05,stable,reference,43,low_score,False,0,0,5,False,False,False,False,10,False,0.0
p05,stable,reference,139,low_score,False,0,0,5,False,False,False,False,14,False,0.0
p05,stable,reference,3,low_score,False,0,0,5,False,False,False,False,9,False,0.0
p05,stable,reference,62,low_score,False,0,0,5,False,False,False,False,9,False,0.0
p05,stable,reference,5,low_score,False,0,0,5,False,False,False,False,9,False,0.0
p05,stable,reference,66,low_score,False,0,0,5,False,False,False,False,7,False,0.0
p05,stable,reference,180,low_score,False,0,0,5,False,False,False,False,17,False,0.0
p05,stable,reference,30,low_score,False,0,0,5,False,False,False,False,6,False,0.0
p05,stable,reference,149,low_score,False,0,0,5,False,False,False,False,12,False,0.0
p05,stable,reference,110,low_score,False,0,0,5,False,False,False,False,9,False,0.0
p05,stable,reference,13,low_score,False,0,0,5,False,False,False,False,15,False,0.0
p05,stable,reference,7,low_score,False,0,0,5,False,False,False,False,15,False,0.0
p05,stable,reference,87,low_score,False,0,0,5,False,False,False,False,10,False,0.0
p05,stable,reference,150,low_score,False,0,0,5,False,False,False,False,15,False,0.0
p05,stable,reference,179,low_score,False,0,0,5,False,False,False,False,18,False,0.0
p05,stable,reference,181,low_score,False,0,0,5,False,False,False,False,11,False,0.0
p05,stable,reference,148,low_score,False,0,0,5,False,False,False,False,15,False,0.0
p05,stable,reference,162,low_score,False,0,0,5,False,False,False,False,20,False,0.0
p05,stable,reference,102,low_score,False,0,0,5,False,False,False,False,11,False,0.0
p05,stable,reference,56,low_score,False,0,0,5,False,False,False,False,5,False,0.0
p05,stable,reference,19,low_score,False,0,0,5,False,False,False,False,11,False,0.0
p05,stable,reference,112,low_score,False,0,0,5,False,False,False,False,11,False,0.0
p05,stable,reference,40,low_score,False,0,0,5,False,False,False,False,6,False,0.0
p05,stable,reference,22,low_score,False,0,0,5,False,False,False,False,16,False,0.0
p05,stable,reference,88,low_score,False,0,0,5,False,False,False,False,10,False,0.0
p05,stable,reference,167,low_score,False,0,0,5,False,False,False,False,12,False,0.0
p05,stable,reference,183,low_score,False,0,0,5,False,False,False,False,15,False,0.0
p05,stable,reference,24,low_score,False,0,0,5,False,False,False,False,9,False,0.0
p05,stable,reference,128,low_score,False,0,0,5,False,False,False,False,13,False,0.0
p05,stable,reference,120,low_score,False,0,0,5,False,False,False,False,10,False,0.0
p05,stable,reference,45,low_score,False,0,0,5,False,False,False,False,8,False,0.0
p05,stable,reference,86,low_score,False,0,0,5,False,False,False,False,17,False,0.0
p05,stable,reference,156,low_score,False,0,0,5,False,False,False,False,16,False,0.0
p05,stable,reference,98,low_score,False,0,0,5,False,False,False,False,11,False,0.0
p05,stable,reference,92,low_score,False,0,0,5,False,False,False,False,12,False,0.0
p05,stable,reference,95,low_score,False,0,0,5,False,False,False,False,14,False,0.0
p05,stable,reference,101,low_score,False,0,0,5,False,False,False,False,15,False,0.0
p05,stable,reference,47,low_score,False,0,0,5,False,False,False,False,8,False,0.0
p05,stable,reference,25,low_score,False,0,0,5,False,False,False,False,11,False,0.0
p05,stable,reference,121,low_score,False,0,0,5,False,False,False,False,12,False,0.0
p05,stable,reference,41,low_score,False,0,0,5,False,False,False,False,9,False,0.0
p05,stable,reference,99,low_score,False,0,0,5,False,False,False,False,8,False,0.0
p05,stable,reference,27,low_score,False,0,0,5,False,False,False,False,13,False,0.0
p05,stable,reference,140,low_score,False,0,0,5,False,False,False,False,17,False,0.0
p05,stable,reference,81,low_score,False,0,0,3,False,False,False,False,3,False,0.0
p05,stable,reference,144,low_score,False,0,0,5,False,False,False,False,8,False,0.0
p05,stable,reference,108,low_score,False,0,0,5,False,False,False,False,12,False,0.0
p05,stable,reference,85,low_score,False,0,0,5,False,False,False,False,6,False,0.0
p05,stable,reference,152,low_score,False,0,0,5,False,False,False,False,17,False,0.0
p05,stable,reference,15,low_score,False,0,0,5,False,False,False,False,11,False,0.0
p05,stable,reference,89,low_score,False,0,0,5,False,False,False,False,13,False,0.0
p05,stable,reference,116,low_score,False,0,0,5,False,False,False,False,10,False,0.0
p05,stable,reference,138,low_score,False,0,0,5,False,False,False,False,14,False,0.0
p05,stable,reference,154,low_score,False,0,0,5,False,False,False,False,8,False,0.0
p05,stable,reference,104,low_score,False,0,0,5,False,False,False,False,14,False,0.0
p05,stable,reference,131,low_score,False,0,0,5,False,False,False,False,18,False,0.0
p05,stable,reference,129,low_score,False,0,0,5,False,False,False,False,7,False,0.0
p05,stable,reference,96,low_score,False,0,0,5,False,False,False,False,10,False,0.0
p05,stable,reference,44,low_score,False,0,0,5,False,False,False,False,7,False,0.0
p05,stable,reference,46,low_score,False,0,0,5,False,False,False,False,12,False,0.0
p05,app_quicksort,reference,159,uncertainty,False,0,0,5,False,False,False,False,44,False,0.0
p05,app_quicksort,reference,42,uncertainty,False,0,0,5,False,False,False,False,44,False,0.0
p05,app_quicksort,reference,64,uncertainty,False,0,0,5,False,False,False,True,44,False,0.09090909090909091
p05,app_quicksort,reference,12,uncertainty,False,0,0,5,False,False,False,False,44,False,0.0
p05,app_quicksort,reference,160,uncertainty,False,0,0,5,False,False,False,False,44,False,0.0
p05,app_quicksort,reference,155,uncertainty,False,0,0,5,False,False,False,False,44,False,0.0
p05,app_quicksort,reference,11,uncertainty,False,0,0,5,False,False,False,False,44,False,0.0
p05,app_quicksort,reference,124,uncertainty,False,0,0,5,False,False,False,True,44,False,0.045454545454545456
p05,app_quicksort,reference,169,uncertainty,False,0,0,5,False,False,False,True,44,False,0.09090909090909091
p05,app_quicksort,reference,106,uncertainty,False,0,0,5,False,False,False,True,44,False,0.045454545454545456
p05,app_quicksort,reference,157,uncertainty,False,0,0,5,False,False,False,False,44,False,0.0
p05,app_quicksort,reference,126,uncertainty,False,0,0,5,False,False,False,True,44,False,0.045454545454545456
p05,app_quicksort,reference,55,uncertainty,False,0,0,5,False,False,False,False,44,False,0.0
p05,app_quicksort,reference,113,uncertainty,False,0,0,5,False,False,False,False,44,False,0.0
p05,app_quicksort,reference,158,uncertainty,False,0,0,5,False,False,False,True,44,False,0.045454545454545456
p05,app_quicksort,reference,165,uncertainty,False,0,0,5,False,False,False,True,44,False,0.045454545454545456
p05,app_quicksort,reference,178,uncertainty,False,0,0,5,False,False,False,True,44,False,0.045454545454545456
p05,app_quicksort,reference,133,uncertainty,False,0,0,5,False,False,False,False,44,False,0.0
p05,app_quicksort,reference,78,uncertainty,False,0,0,5,False,False,False,False,44,False,0.0
p05,app_quicksort,reference,70,uncertainty,False,0,0,5,False,False,False,False,44,False,0.0
p05,app_quicksort,reference,176,uncertainty,False,0,0,5,False,False,False,False,44,False,0.0
p05,app_quicksort,reference,17,uncertainty,False,0,0,5,False,False,False,True,44,False,0.09090909090909091
p05,app_quicksort,reference,136,uncertainty,False,0,0,5,False,False,False,False,44,False,0.0
p05,app_quicksort,reference,76,uncertainty,False,0,0,5,False,False,False,False,44,False,0.0
p05,app_quicksort,reference,82,uncertainty,False,0,0,5,False,False,False,False,44,False,0.0
p05,app_quicksort,reference,114,uncertainty,False,0,0,5,False,False,False,False,44,False,0.0
p05,app_quicksort,reference,168,uncertainty,False,0,0,5,False,False,False,False,44,False,0.0
p05,app_quicksort,reference,28,uncertainty,False,0,0,5,False,False,False,True,44,False,0.045454545454545456
p05,app_quicksort,reference,39,uncertainty,False,0,0,5,False,False,False,True,44,False,0.09090909090909091
p05,app_quicksort,reference,50,uncertainty,False,0,0,5,False,False,False,False,44,False,0.0
p05,app_quicksort,reference,61,uncertainty,False,0,0,5,False,False,False,False,44,False,0.0
p05,app_quicksort,reference,100,uncertainty,False,0,0,5,False,False,False,False,44,False,0.0
p05,app_quicksort,reference,130,uncertainty,False,0,0,5,False,False,False,False,44,False,0.0
p05,app_quicksort,reference,141,uncertainty,False,0,0,5,False,False,False,False,44,False,0.0
p05,app_quicksort,reference,53,uncertainty,False,0,0,5,False,False,False,False,44,False,0.0
p05,app_quicksort,reference,73,uncertainty,False,0,0,5,False,False,False,True,44,False,0.045454545454545456
p05,app_quicksort,reference,9,uncertainty,False,0,0,5,False,False,False,False,44,False,0.0
p05,app_quicksort,reference,6,uncertainty,False,0,0,5,False,False,False,True,44,False,0.045454545454545456
p05,app_quicksort,reference,31,uncertainty,False,0,0,5,False,False,False,False,44,False,0.0
p05,app_quicksort,reference,94,uncertainty,False,0,0,5,False,False,False,True,44,False,0.045454545454545456
p05,app_quicksort,reference,58,uncertainty,False,0,0,5,False,False,False,False,44,False,0.0
p05,app_quicksort,reference,177,uncertainty,False,0,0,5,False,False,False,False,44,False,0.0
p05,app_quicksort,reference,48,uncertainty,False,0,0,5,False,False,False,True,44,False,0.045454545454545456
p05,app_quicksort,reference,164,uncertainty,False,0,0,5,False,False,False,False,44,False,0.0
p05,app_quicksort,reference,67,uncertainty,False,0,0,5,False,False,False,False,44,False,0.0
p05,app_quicksort,reference,118,uncertainty,False,0,0,5,False,False,False,False,44,False,0.0
p05,app_quicksort,reference,79,uncertainty,False,0,0,5,False,False,False,False,44,False,0.0
p05,app_quicksort,reference,122,uncertainty,False,0,0,5,False,False,False,False,44,False,0.0
p05,app_quicksort,reference,54,uncertainty,False,0,0,5,False,False,False,False,44,False,0.0
p05,app_quicksort,reference,151,uncertainty,False,0,0,5,False,False,False,True,44,False,0.045454545454545456
p05,app_quicksort,reference,103,uncertainty,False,0,0,5,False,False,False,True,44,False,0.09090909090909091
p05,app_quicksort,reference,137,uncertainty,False,0,0,5,False,False,False,False,44,False,0.0
p05,app_quicksort,reference,132,uncertainty,False,0,0,5,False,False,False,True,44,False,0.09090909090909091
p05,app_quicksort,reference,143,uncertainty,False,0,0,5,False,False,False,False,44,False,0.0
p05,app_quicksort,reference,107,uncertainty,False,0,0,5,False,False,False,False,44,False,0.0
p05,app_quicksort,reference,119,uncertainty,False,0,0,5,False,False,False,False,44,False,0.0
p05,app_quicksort,reference,109,uncertainty,False,0,0,5,False,False,False,True,44,False,0.045454545454545456
p05,app_quicksort,reference,84,uncertainty,False,0,0,5,False,False,False,True,44,False,0.045454545454545456
p05,app_quicksort,reference,135,uncertainty,False,0,0,5,False,False,False,False,44,False,0.0
p05,app_quicksort,reference,125,uncertainty,False,0,0,5,False,False,False,False,44,False,0.0
p05,app_quicksort,reference,161,uncertainty,False,0,0,5,False,False,False,True,44,False,0.045454545454545456
p05,app_quicksort,reference,4,uncertainty,False,0,0,5,False,False,False,True,44,False,0.045454545454545456
p05,app_quicksort,reference,72,uncertainty,False,0,0,5,False,False,False,True,44,False,0.18181818181818182
p05,app_quicksort,reference,68,uncertainty,False,0,0,5,False,False,False,False,44,False,0.0
p05,app_quicksort,reference,175,uncertainty,False,0,0,5,False,False,False,True,44,False,0.045454545454545456
p05,app_quicksort,reference,182,uncertainty,False,0,0,5,False,False,False,True,44,False,0.045454545454545456
p05,app_quicksort,reference,134,uncertainty,False,0,0,5,False,False,False,False,44,False,0.0
p05,app_quicksort,reference,105,uncertainty,False,0,0,5,False,False,False,True,44,False,0.045454545454545456
p05,app_quicksort,reference,43,uncertainty,False,0,0,5,False,False,False,False,44,False,0.0
p05,app_quicksort,reference,139,uncertainty,False,0,0,5,False,False,False,False,44,False,0.0
p05,app_quicksort,reference,3,uncertainty,False,0,0,5,False,False,False,True,44,False,0.045454545454545456
p05,app_quicksort,reference,62,uncertainty,False,0,0,5,False,False,False,True,44,False,0.09090909090909091
p05,app_quicksort,reference,5,uncertainty,False,0,0,5,False,False,False,False,44,False,0.0
p05,app_quicksort,reference,66,uncertainty,False,0,0,5,False,False,False,False,44,False,0.0
p05,app_quicksort,reference,180,uncertainty,False,0,0,5,False,False,False,False,44,False,0.0
p05,app_quicksort,reference,30,uncertainty,False,0,0,5,False,False,False,False,44,False,0.0
p05,app_quicksort,reference,149,uncertainty,False,0,0,5,False,False,False,True,44,False,0.045454545454545456
p05,app_quicksort,reference,110,uncertainty,False,0,0,5,False,False,False,True,44,False,0.045454545454545456
p05,app_quicksort,reference,13,uncertainty,False,0,0,5,False,False,False,False,44,False,0.0
p05,app_quicksort,reference,7,uncertainty,False,0,0,5,False,False,False,False,44,False,0.0
p05,app_quicksort,reference,87,uncertainty,False,0,0,5,False,False,False,False,44,False,0.0
p05,app_quicksort,reference,150,uncertainty,False,0,0,5,False,False,False,False,44,False,0.0
p05,app_quicksort,reference,179,uncertainty,False,0,0,5,False,False,False,True,44,False,0.045454545454545456
p05,app_quicksort,reference,181,uncertainty,False,0,0,5,False,False,False,True,44,False,0.09090909090909091
p05,app_quicksort,reference,148,uncertainty,False,0,0,5,False,False,False,False,44,False,0.0
p05,app_quicksort,reference,162,uncertainty,False,0,0,5,False,False,False,False,44,False,0.0
p05,app_quicksort,reference,102,uncertainty,False,0,0,5,False,False,False,True,44,False,0.09090909090909091
p05,app_quicksort,reference,56,uncertainty,False,0,0,5,False,False,False,True,44,False,0.045454545454545456
p05,app_quicksort,reference,19,uncertainty,False,0,0,5,False,False,False,False,44,False,0.0
p05,app_quicksort,reference,112,uncertainty,False,0,0,5,False,False,False,True,44,False,0.045454545454545456
p05,app_quicksort,reference,40,uncertainty,False,0,0,5,False,False,False,False,44,False,0.0
p05,app_quicksort,reference,22,uncertainty,False,0,0,5,False,False,False,False,44,False,0.0
p05,app_quicksort,reference,88,uncertainty,False,0,0,5,False,False,False,False,44,False,0.0
p05,app_quicksort,reference,167,uncertainty,False,0,0,5,False,False,False,False,44,False,0.0
p05,app_quicksort,reference,183,uncertainty,False,0,0,5,False,False,False,True,44,False,0.045454545454545456
p05,app_quicksort,reference,24,uncertainty,False,0,0,5,False,False,False,False,44,False,0.0
p05,app_quicksort,reference,128,uncertainty,False,0,0,5,False,False,False,False,44,False,0.0
p05,app_quicksort,reference,120,uncertainty,False,0,0,5,False,False,False,True,44,False,0.045454545454545456
p05,app_quicksort,reference,45,uncertainty,False,0,0,5,False,False,False,True,44,False,0.09090909090909091
p05,app_quicksort,reference,86,uncertainty,False,0,0,5,False,False,False,True,44,False,0.045454545454545456
p05,app_quicksort,reference,156,uncertainty,False,0,0,5,False,False,False,False,44,False,0.0
p05,app_quicksort,reference,98,uncertainty,False,0,0,5,False,False,False,True,44,False,0.045454545454545456
p05,app_quicksort,reference,92,uncertainty,False,0,0,5,False,False,False,True,44,False,0.09090909090909091
p05,app_quicksort,reference,95,uncertainty,False,0,0,5,False,False,False,False,44,False,0.0
p05,app_quicksort,reference,101,uncertainty,False,0,0,5,False,False,False,False,44,False,0.0
p05,app_quicksort,reference,47,uncertainty,False,0,0,5,False,False,False,False,44,False,0.0
p05,app_quicksort,reference,25,uncertainty,False,0,0,5,False,False,False,False,44,False,0.0
p05,app_quicksort,reference,121,uncertainty,False,0,0,5,False,False,False,True,44,False,0.045454545454545456
p05,app_quicksort,reference,41,uncertainty,False,0,0,5,False,False,False,True,44,False,0.045454545454545456
p05,app_quicksort,reference,99,uncertainty,False,0,0,5,False,False,False,True,44,False,0.045454545454545456
p05,app_quicksort,reference,27,uncertainty,False,0,0,5,False,False,False,False,44,False,0.0
p05,app_quicksort,reference,140,uncertainty,False,0,0,5,False,False,False,False,44,False,0.0
p05,app_quicksort,reference,81,uncertainty,False,0,0,5,False,False,False,False,44,False,0.0
p05,app_quicksort,reference,144,uncertainty,False,0,0,5,False,False,False,False,44,False,0.0
p05,app_quicksort,reference,108,uncertainty,False,0,0,5,False,False,False,True,44,False,0.045454545454545456
p05,app_quicksort,reference,85,uncertainty,False,0,0,5,False,False,False,True,44,False,0.045454545454545456
p05,app_quicksort,reference,152,uncertainty,False,0,0,5,False,False,False,False,44,False,0.0
p05,app_quicksort,reference,15,uncertainty,False,0,0,5,False,False,False,False,44,False,0.0
p05,app_quicksort,reference,89,uncertainty,False,0,0,5,False,False,False,False,44,False,0.0
p05,app_quicksort,reference,116,uncertainty,False,0,0,5,False,False,False,False,44,False,0.0
p05,app_quicksort,reference,138,uncertainty,False,0,0,5,False,False,False,True,44,False,0.045454545454545456
p05,app_quicksort,reference,154,uncertainty,False,0,0,5,False,False,False,False,44,False,0.0
p05,app_quicksort,reference,104,uncertainty,False,0,0,5,False,False,False,True,44,False,0.045454545454545456
p05,app_quicksort,reference,131,uncertainty,False,0,0,5,False,False,False,False,44,False,0.0
p05,app_quicksort,reference,129,uncertainty,False,0,0,5,False,False,False,True,44,False,0.045454545454545456
p05,app_quicksort,reference,96,uncertainty,False,0,0,5,False,False,False,True,44,False,0.045454545454545456
p05,app_quicksort,reference,44,uncertainty,False,0,0,5,False,False,False,False,44,False,0.0
p05,app_quicksort,reference,46,uncertainty,False,0,0,5,False,False,False,False,44,False,0.0
p05,app_quicksort,reference,159,low_score,False,0,0,5,False,False,False,False,13,False,0.0
p05,app_quicksort,reference,42,low_score,False,0,0,5,False,False,False,False,12,False,0.0
p05,app_quicksort,reference,64,low_score,False,0,0,5,False,False,False,False,5,False,0.0
p05,app_quicksort,reference,12,low_score,False,0,0,5,False,False,False,False,7,False,0.0
p05,app_quicksort,reference,160,low_score,False,0,0,5,False,False,False,False,14,False,0.0
p05,app_quicksort,reference,155,low_score,False,0,0,5,False,False,False,False,10,False,0.0
p05,app_quicksort,reference,11,low_score,False,0,0,5,False,False,False,False,12,False,0.0
p05,app_quicksort,reference,124,low_score,False,0,0,5,False,False,False,False,8,False,0.0
p05,app_quicksort,reference,169,low_score,False,0,0,5,False,False,False,False,13,False,0.0
p05,app_quicksort,reference,106,low_score,False,0,0,5,False,False,False,False,13,False,0.0
p05,app_quicksort,reference,157,low_score,False,0,0,5,False,False,False,False,9,False,0.0
p05,app_quicksort,reference,126,low_score,False,0,0,5,False,False,False,False,16,False,0.0
p05,app_quicksort,reference,55,low_score,False,0,0,5,False,False,False,False,9,False,0.0
p05,app_quicksort,reference,113,low_score,False,0,0,5,False,False,False,False,11,False,0.0
p05,app_quicksort,reference,158,low_score,False,0,0,5,False,False,False,False,12,False,0.0
p05,app_quicksort,reference,165,low_score,False,0,0,5,False,False,False,False,16,False,0.0
p05,app_quicksort,reference,178,low_score,False,0,0,5,False,False,False,False,10,False,0.0
p05,app_quicksort,reference,133,low_score,False,0,0,5,False,False,False,False,5,False,0.0
p05,app_quicksort,reference,78,low_score,False,0,0,5,False,False,False,False,11,False,0.0
p05,app_quicksort,reference,70,low_score,False,0,0,5,False,False,False,False,16,False,0.0
p05,app_quicksort,reference,176,low_score,False,0,0,5,False,False,False,False,11,False,0.0
p05,app_quicksort,reference,17,low_score,False,0,0,5,False,False,False,False,11,False,0.0
p05,app_quicksort,reference,136,low_score,False,0,0,5,False,False,False,False,15,False,0.0
p05,app_quicksort,reference,76,low_score,False,0,0,5,False,False,False,False,21,False,0.0
p05,app_quicksort,reference,82,low_score,False,0,0,5,False,False,False,False,9,False,0.0
p05,app_quicksort,reference,114,low_score,False,0,0,5,False,False,False,False,13,False,0.0
p05,app_quicksort,reference,168,low_score,False,0,0,5,False,False,False,False,8,False,0.0
p05,app_quicksort,reference,28,low_score,False,0,0,5,False,False,False,False,10,False,0.0
p05,app_quicksort,reference,39,low_score,False,0,0,5,False,False,False,False,8,False,0.0
p05,app_quicksort,reference,50,low_score,False,0,0,5,False,False,False,False,7,False,0.0
p05,app_quicksort,reference,61,low_score,False,0,0,5,False,False,False,False,9,False,0.0
p05,app_quicksort,reference,100,low_score,False,0,0,5,False,False,False,False,16,False,0.0
p05,app_quicksort,reference,130,low_score,False,0,0,5,False,False,False,False,15,False,0.0
p05,app_quicksort,reference,141,low_score,False,0,0,5,False,False,False,False,16,False,0.0
p05,app_quicksort,reference,53,low_score,False,0,0,5,False,False,False,False,17,False,0.0
p05,app_quicksort,reference,73,low_score,False,0,0,5,False,False,False,False,9,False,0.0
p05,app_quicksort,reference,9,low_score,False,0,0,5,False,False,False,False,8,False,0.0
p05,app_quicksort,reference,6,low_score,False,0,0,5,False,False,False,False,7,False,0.0
p05,app_quicksort,reference,31,low_score,False,0,0,5,False,False,False,False,10,False,0.0
p05,app_quicksort,reference,94,low_score,False,0,0,5,False,False,False,False,13,False,0.0
p05,app_quicksort,reference,58,low_score,False,0,0,5,False,False,False,False,14,False,0.0
p05,app_quicksort,reference,177,low_score,False,0,0,5,False,False,False,False,12,False,0.0
p05,app_quicksort,reference,48,low_score,False,0,0,5,False,False,False,False,14,False,0.0
p05,app_quicksort,reference,164,low_score,False,0,0,5,False,False,False,False,13,False,0.0
p05,app_quicksort,reference,67,low_score,False,0,0,5,False,False,False,False,14,False,0.0
p05,app_quicksort,reference,118,low_score,False,0,0,5,False,False,False,False,17,False,0.0
p05,app_quicksort,reference,79,low_score,False,0,0,5,False,False,False,False,5,False,0.0
p05,app_quicksort,reference,122,low_score,False,0,0,5,False,False,False,False,17,False,0.0
p05,app_quicksort,reference,54,low_score,False,0,0,5,False,False,False,False,8,False,0.0
p05,app_quicksort,reference,151,low_score,False,0,0,5,False,False,False,False,16,False,0.0
p05,app_quicksort,reference,103,low_score,False,0,0,5,False,False,False,False,11,False,0.0
p05,app_quicksort,reference,137,low_score,False,0,0,5,False,False,False,False,15,False,0.0
p05,app_quicksort,reference,132,low_score,False,0,0,5,False,False,False,False,11,False,0.0
p05,app_quicksort,reference,143,low_score,False,0,0,5,False,False,False,False,17,False,0.0
p05,app_quicksort,reference,107,low_score,False,0,0,5,False,False,False,False,12,False,0.0
p05,app_quicksort,reference,119,low_score,False,0,0,5,False,False,False,False,9,False,0.0
p05,app_quicksort,reference,109,low_score,False,0,0,5,False,False,False,False,11,False,0.0
p05,app_quicksort,reference,84,low_score,False,0,0,5,False,False,False,False,5,False,0.0
p05,app_quicksort,reference,135,low_score,False,0,0,5,False,False,False,False,13,False,0.0
p05,app_quicksort,reference,125,low_score,False,0,0,5,False,False,False,False,13,False,0.0
p05,app_quicksort,reference,161,low_score,False,0,0,5,False,False,False,False,15,False,0.0
p05,app_quicksort,reference,4,low_score,False,0,0,5,False,False,False,False,15,False,0.0
p05,app_quicksort,reference,72,low_score,False,0,0,4,False,False,False,False,4,False,0.0
p05,app_quicksort,reference,68,low_score,False,0,0,5,False,False,False,False,12,False,0.0
p05,app_quicksort,reference,175,low_score,False,0,0,5,False,False,False,False,14,False,0.0
p05,app_quicksort,reference,182,low_score,False,0,0,5,False,False,False,False,9,False,0.0
p05,app_quicksort,reference,134,low_score,False,0,0,5,False,False,False,False,15,False,0.0
p05,app_quicksort,reference,105,low_score,False,0,0,5,False,False,False,False,10,False,0.0
p05,app_quicksort,reference,43,low_score,False,0,0,5,False,False,False,False,10,False,0.0
p05,app_quicksort,reference,139,low_score,False,0,0,5,False,False,False,False,14,False,0.0
p05,app_quicksort,reference,3,low_score,False,0,0,5,False,False,False,False,9,False,0.0
p05,app_quicksort,reference,62,low_score,False,0,0,5,False,False,False,False,9,False,0.0
p05,app_quicksort,reference,5,low_score,False,0,0,5,False,False,False,False,9,False,0.0
p05,app_quicksort,reference,66,low_score,False,0,0,5,False,False,False,False,7,False,0.0
p05,app_quicksort,reference,180,low_score,False,0,0,5,False,False,False,False,17,False,0.0
p05,app_quicksort,reference,30,low_score,False,0,0,5,False,False,False,False,6,False,0.0
p05,app_quicksort,reference,149,low_score,False,0,0,5,False,False,False,False,12,False,0.0
p05,app_quicksort,reference,110,low_score,False,0,0,5,False,False,False,False,9,False,0.0
p05,app_quicksort,reference,13,low_score,False,0,0,5,False,False,False,False,15,False,0.0
p05,app_quicksort,reference,7,low_score,False,0,0,5,False,False,False,False,15,False,0.0
p05,app_quicksort,reference,87,low_score,False,0,0,5,False,False,False,False,10,False,0.0
p05,app_quicksort,reference,150,low_score,False,0,0,5,False,False,False,False,15,False,0.0
p05,app_quicksort,reference,179,low_score,False,0,0,5,False,False,False,False,18,False,0.0
p05,app_quicksort,reference,181,low_score,False,0,0,5,False,False,False,False,11,False,0.0
p05,app_quicksort,reference,148,low_score,False,0,0,5,False,False,False,False,15,False,0.0
p05,app_quicksort,reference,162,low_score,False,0,0,5,False,False,False,False,20,False,0.0
p05,app_quicksort,reference,102,low_score,False,0,0,5,False,False,False,False,11,False,0.0
p05,app_quicksort,reference,56,low_score,False,0,0,5,False,False,False,False,5,False,0.0
p05,app_quicksort,reference,19,low_score,False,0,0,5,False,False,False,False,11,False,0.0
p05,app_quicksort,reference,112,low_score,False,0,0,5,False,False,False,False,11,False,0.0
p05,app_quicksort,reference,40,low_score,False,0,0,5,False,False,False,False,6,False,0.0
p05,app_quicksort,reference,22,low_score,False,0,0,5,False,False,False,False,16,False,0.0
p05,app_quicksort,reference,88,low_score,False,0,0,5,False,False,False,False,10,False,0.0
p05,app_quicksort,reference,167,low_score,False,0,0,5,False,False,False,False,12,False,0.0
p05,app_quicksort,reference,183,low_score,False,0,0,5,False,False,False,False,15,False,0.0
p05,app_quicksort,reference,24,low_score,False,0,0,5,False,False,False,False,9,False,0.0
p05,app_quicksort,reference,128,low_score,False,0,0,5,False,False,False,False,13,False,0.0
p05,app_quicksort,reference,120,low_score,False,0,0,5,False,False,False,False,10,False,0.0
p05,app_quicksort,reference,45,low_score,False,0,0,5,False,False,False,False,8,False,0.0
p05,app_quicksort,reference,86,low_score,False,0,0,5,False,False,False,False,17,False,0.0
p05,app_quicksort,reference,156,low_score,False,0,0,5,False,False,False,False,16,False,0.0
p05,app_quicksort,reference,98,low_score,False,0,0,5,False,False,False,False,11,False,0.0
p05,app_quicksort,reference,92,low_score,False,0,0,5,False,False,False,False,12,False,0.0
p05,app_quicksort,reference,95,low_score,False,0,0,5,False,False,False,False,14,False,0.0
p05,app_quicksort,reference,101,low_score,False,0,0,5,False,False,False,False,15,False,0.0
p05,app_quicksort,reference,47,low_score,False,0,0,5,False,False,False,False,8,False,0.0
p05,app_quicksort,reference,25,low_score,False,0,0,5,False,False,False,False,11,False,0.0
p05,app_quicksort,reference,121,low_score,False,0,0,5,False,False,False,False,12,False,0.0
p05,app_quicksort,reference,41,low_score,False,0,0,5,False,False,False,False,9,False,0.0
p05,app_quicksort,reference,99,low_score,False,0,0,5,False,False,False,False,8,False,0.0
p05,app_quicksort,reference,27,low_score,False,0,0,5,False,False,False,False,13,False,0.0
p05,app_quicksort,reference,140,low_score,False,0,0,5,False,False,False,False,17,False,0.0
p05,app_quicksort,reference,81,low_score,False,0,0,3,False,False,False,False,3,False,0.0
p05,app_quicksort,reference,144,low_score,False,0,0,5,False,False,False,False,8,False,0.0
p05,app_quicksort,reference,108,low_score,False,0,0,5,False,False,False,False,12,False,0.0
p05,app_quicksort,reference,85,low_score,False,0,0,5,False,False,False,False,6,False,0.0
p05,app_quicksort,reference,152,low_score,False,0,0,5,False,False,False,False,17,False,0.0
p05,app_quicksort,reference,15,low_score,False,0,0,5,False,False,False,False,11,False,0.0
p05,app_quicksort,reference,89,low_score,False,0,0,5,False,False,False,False,13,False,0.0
p05,app_quicksort,reference,116,low_score,False,0,0,5,False,False,False,False,10,False,0.0
p05,app_quicksort,reference,138,low_score,False,0,0,5,False,False,False,False,14,False,0.0
p05,app_quicksort,reference,154,low_score,False,0,0,5,False,False,False,False,8,False,0.0
p05,app_quicksort,reference,104,low_score,False,0,0,5,False,False,False,False,14,False,0.0
p05,app_quicksort,reference,131,low_score,False,0,0,5,False,False,False,False,18,False,0.0
p05,app_quicksort,reference,129,low_score,False,0,0,5,False,False,False,False,7,False,0.0
p05,app_quicksort,reference,96,low_score,False,0,0,5,False,False,False,False,10,False,0.0
p05,app_quicksort,reference,44,low_score,False,0,0,5,False,False,False,False,7,False,0.0
p05,app_quicksort,reference,46,low_score,False,0,0,5,False,False,False,False,12,False,0.0
p05,stable,complete_cohort,2,uncertainty,False,0,0,5,False,False,False,False,44,False,0.0
p05,stable,complete_cohort,3,uncertainty,False,0,0,5,False,False,False,True,44,False,0.045454545454545456
p05,stable,complete_cohort,4,uncertainty,False,0,0,5,False,False,False,True,44,False,0.045454545454545456
p05,stable,complete_cohort,5,uncertainty,False,0,0,5,False,False,False,False,44,False,0.0
p05,stable,complete_cohort,6,uncertainty,False,0,0,5,False,False,False,True,44,False,0.045454545454545456
p05,stable,complete_cohort,7,uncertainty,False,0,0,5,False,False,False,False,44,False,0.0
p05,stable,complete_cohort,9,uncertainty,False,0,0,5,False,False,False,False,44,False,0.0
p05,stable,complete_cohort,11,uncertainty,False,0,0,5,False,False,False,False,44,False,0.0
p05,stable,complete_cohort,12,uncertainty,False,0,0,5,False,False,False,False,44,False,0.0
p05,stable,complete_cohort,13,uncertainty,False,0,0,5,False,False,False,False,44,False,0.0
p05,stable,complete_cohort,14,uncertainty,False,0,0,5,False,False,False,False,44,False,0.0
p05,stable,complete_cohort,15,uncertainty,False,0,0,5,False,False,False,False,44,False,0.0
p05,stable,complete_cohort,17,uncertainty,False,0,0,5,False,False,False,True,44,False,0.09090909090909091
p05,stable,complete_cohort,19,uncertainty,False,0,0,5,False,False,False,False,44,False,0.0
p05,stable,complete_cohort,20,uncertainty,False,0,0,5,False,False,False,False,44,False,0.0
p05,stable,complete_cohort,21,uncertainty,False,0,0,5,False,False,False,True,44,False,0.045454545454545456
p05,stable,complete_cohort,22,uncertainty,False,0,0,5,False,False,False,False,44,False,0.0
p05,stable,complete_cohort,23,uncertainty,False,0,0,5,False,False,False,True,44,False,0.09090909090909091
p05,stable,complete_cohort,24,uncertainty,False,0,0,5,False,False,False,False,44,False,0.0
p05,stable,complete_cohort,25,uncertainty,False,0,0,5,False,False,False,False,44,False,0.0
p05,stable,complete_cohort,27,uncertainty,False,0,0,5,False,False,False,False,44,False,0.0
p05,stable,complete_cohort,28,uncertainty,False,0,0,5,False,False,False,True,44,False,0.045454545454545456
p05,stable,complete_cohort,29,uncertainty,False,0,0,5,False,False,False,False,44,False,0.0
p05,stable,complete_cohort,30,uncertainty,False,0,0,5,False,False,False,False,44,False,0.0
p05,stable,complete_cohort,31,uncertainty,False,0,0,5,False,False,False,False,44,False,0.0
p05,stable,complete_cohort,39,uncertainty,False,0,0,5,False,False,False,True,44,False,0.09090909090909091
p05,stable,complete_cohort,40,uncertainty,False,0,0,5,False,False,False,False,44,False,0.0
p05,stable,complete_cohort,41,uncertainty,False,0,0,5,False,False,False,True,44,False,0.045454545454545456
p05,stable,complete_cohort,42,uncertainty,False,0,0,5,False,False,False,False,44,False,0.0
p05,stable,complete_cohort,43,uncertainty,False,0,0,5,False,False,False,False,44,False,0.0
p05,stable,complete_cohort,44,uncertainty,False,0,0,5,False,False,False,False,44,False,0.0
p05,stable,complete_cohort,45,uncertainty,False,0,0,5,False,False,False,True,44,False,0.09090909090909091
p05,stable,complete_cohort,46,uncertainty,False,0,0,5,False,False,False,False,44,False,0.0
p05,stable,complete_cohort,47,uncertainty,False,0,0,5,False,False,False,False,44,False,0.0
p05,stable,complete_cohort,48,uncertainty,False,0,0,5,False,False,False,True,44,False,0.045454545454545456
p05,stable,complete_cohort,50,uncertainty,False,0,0,5,False,False,False,False,44,False,0.0
p05,stable,complete_cohort,51,uncertainty,False,0,0,5,False,False,False,False,44,False,0.0
p05,stable,complete_cohort,52,uncertainty,False,0,0,5,False,False,False,False,44,False,0.0
p05,stable,complete_cohort,53,uncertainty,False,0,0,5,False,False,False,False,44,False,0.0
p05,stable,complete_cohort,54,uncertainty,False,0,0,5,False,False,False,False,44,False,0.0
p05,stable,complete_cohort,55,uncertainty,False,0,0,5,False,False,False,False,44,False,0.0
p05,stable,complete_cohort,56,uncertainty,False,0,0,5,False,False,False,True,44,False,0.045454545454545456
p05,stable,complete_cohort,58,uncertainty,False,0,0,5,False,False,False,False,44,False,0.0
p05,stable,complete_cohort,59,uncertainty,False,0,0,5,False,False,False,False,44,False,0.0
p05,stable,complete_cohort,61,uncertainty,False,0,0,5,False,False,False,False,44,False,0.0
p05,stable,complete_cohort,62,uncertainty,False,0,0,5,False,False,False,True,44,False,0.09090909090909091
p05,stable,complete_cohort,63,uncertainty,False,0,0,5,False,False,False,False,44,False,0.0
p05,stable,complete_cohort,64,uncertainty,False,0,0,5,False,False,False,True,44,False,0.09090909090909091
p05,stable,complete_cohort,66,uncertainty,False,0,0,5,False,False,False,False,44,False,0.0
p05,stable,complete_cohort,67,uncertainty,False,0,0,5,False,False,False,False,44,False,0.0
p05,stable,complete_cohort,68,uncertainty,False,0,0,5,False,False,False,False,44,False,0.0
p05,stable,complete_cohort,70,uncertainty,False,0,0,5,False,False,False,False,44,False,0.0
p05,stable,complete_cohort,71,uncertainty,False,0,0,5,False,False,False,False,44,False,0.0
p05,stable,complete_cohort,72,uncertainty,False,0,0,5,False,False,False,True,44,False,0.18181818181818182
p05,stable,complete_cohort,73,uncertainty,False,0,0,5,False,False,False,True,44,False,0.045454545454545456
p05,stable,complete_cohort,74,uncertainty,False,0,0,5,False,False,False,False,44,False,0.0
p05,stable,complete_cohort,76,uncertainty,False,0,0,5,False,False,False,False,44,False,0.0
p05,stable,complete_cohort,77,uncertainty,False,0,0,5,False,False,False,True,44,False,0.045454545454545456
p05,stable,complete_cohort,78,uncertainty,False,0,0,5,False,False,False,False,44,False,0.0
p05,stable,complete_cohort,79,uncertainty,False,0,0,5,False,False,False,False,44,False,0.0
p05,stable,complete_cohort,80,uncertainty,False,0,0,5,False,False,False,False,44,False,0.0
p05,stable,complete_cohort,81,uncertainty,False,0,0,5,False,False,False,False,44,False,0.0
p05,stable,complete_cohort,82,uncertainty,False,0,0,5,False,False,False,False,44,False,0.0
p05,stable,complete_cohort,83,uncertainty,False,0,0,5,False,False,False,False,44,False,0.0
p05,stable,complete_cohort,84,uncertainty,False,0,0,5,False,False,False,True,44,False,0.045454545454545456
p05,stable,complete_cohort,85,uncertainty,False,0,0,5,False,False,False,True,44,False,0.045454545454545456
p05,stable,complete_cohort,86,uncertainty,False,0,0,5,False,False,False,True,44,False,0.045454545454545456
p05,stable,complete_cohort,87,uncertainty,False,0,0,5,False,False,False,False,44,False,0.0
p05,stable,complete_cohort,88,uncertainty,False,0,0,5,False,False,False,False,44,False,0.0
p05,stable,complete_cohort,89,uncertainty,False,0,0,5,False,False,False,False,44,False,0.0
p05,stable,complete_cohort,90,uncertainty,False,0,0,5,False,False,False,False,44,False,0.0
p05,stable,complete_cohort,91,uncertainty,False,0,0,5,False,False,False,True,44,False,0.09090909090909091
p05,stable,complete_cohort,92,uncertainty,False,0,0,5,False,False,False,True,44,False,0.09090909090909091
p05,stable,complete_cohort,93,uncertainty,False,0,0,5,False,False,False,True,44,False,0.045454545454545456
p05,stable,complete_cohort,94,uncertainty,False,0,0,5,False,False,False,True,44,False,0.045454545454545456
p05,stable,complete_cohort,95,uncertainty,False,0,0,5,False,False,False,False,44,False,0.0
p05,stable,complete_cohort,96,uncertainty,False,0,0,5,False,False,False,True,44,False,0.045454545454545456
p05,stable,complete_cohort,97,uncertainty,False,0,0,5,False,False,False,True,44,False,0.045454545454545456
p05,stable,complete_cohort,98,uncertainty,False,0,0,5,False,False,False,True,44,False,0.045454545454545456
p05,stable,complete_cohort,99,uncertainty,False,0,0,5,False,False,False,True,44,False,0.045454545454545456
p05,stable,complete_cohort,100,uncertainty,False,0,0,5,False,False,False,False,44,False,0.0
p05,stable,complete_cohort,101,uncertainty,False,0,0,5,False,False,False,False,44,False,0.0
p05,stable,complete_cohort,102,uncertainty,False,0,0,5,False,False,False,True,44,False,0.09090909090909091
p05,stable,complete_cohort,103,uncertainty,False,0,0,5,False,False,False,True,44,False,0.09090909090909091
p05,stable,complete_cohort,104,uncertainty,False,0,0,5,False,False,False,True,44,False,0.045454545454545456
p05,stable,complete_cohort,105,uncertainty,False,0,0,5,False,False,False,True,44,False,0.045454545454545456
p05,stable,complete_cohort,106,uncertainty,False,0,0,5,False,False,False,True,44,False,0.045454545454545456
p05,stable,complete_cohort,107,uncertainty,False,0,0,5,False,False,False,False,44,False,0.0
p05,stable,complete_cohort,108,uncertainty,False,0,0,5,False,False,False,True,44,False,0.045454545454545456
p05,stable,complete_cohort,109,uncertainty,False,0,0,5,False,False,False,True,44,False,0.045454545454545456
p05,stable,complete_cohort,110,uncertainty,False,0,0,5,False,False,False,True,44,False,0.045454545454545456
p05,stable,complete_cohort,111,uncertainty,False,0,0,5,False,False,False,True,44,False,0.045454545454545456
p05,stable,complete_cohort,112,uncertainty,False,0,0,5,False,False,False,True,44,False,0.045454545454545456
p05,stable,complete_cohort,113,uncertainty,False,0,0,5,False,False,False,False,44,False,0.0
p05,stable,complete_cohort,114,uncertainty,False,0,0,5,False,False,False,False,44,False,0.0
p05,stable,complete_cohort,115,uncertainty,False,0,0,5,False,False,False,False,44,False,0.0
p05,stable,complete_cohort,116,uncertainty,False,0,0,5,False,False,False,False,44,False,0.0
p05,stable,complete_cohort,117,uncertainty,False,0,0,5,False,False,False,False,44,False,0.0
p05,stable,complete_cohort,118,uncertainty,False,0,0,5,False,False,False,False,44,False,0.0
p05,stable,complete_cohort,119,uncertainty,False,0,0,5,False,False,False,False,44,False,0.0
p05,stable,complete_cohort,120,uncertainty,False,0,0,5,False,False,False,True,44,False,0.045454545454545456
p05,stable,complete_cohort,121,uncertainty,False,0,0,5,False,False,False,True,44,False,0.045454545454545456
p05,stable,complete_cohort,122,uncertainty,False,0,0,5,False,False,False,False,44,False,0.0
p05,stable,complete_cohort,123,uncertainty,False,0,0,5,False,False,False,True,44,False,0.045454545454545456
p05,stable,complete_cohort,124,uncertainty,False,0,0,5,False,False,False,True,44,False,0.045454545454545456
p05,stable,complete_cohort,125,uncertainty,False,0,0,5,False,False,False,False,44,False,0.0
p05,stable,complete_cohort,126,uncertainty,False,0,0,5,False,False,False,True,44,False,0.045454545454545456
p05,stable,complete_cohort,127,uncertainty,False,0,0,5,False,False,False,True,44,False,0.045454545454545456
p05,stable,complete_cohort,128,uncertainty,False,0,0,5,False,False,False,False,44,False,0.0
p05,stable,complete_cohort,129,uncertainty,False,0,0,5,False,False,False,True,44,False,0.045454545454545456
p05,stable,complete_cohort,130,uncertainty,False,0,0,5,False,False,False,False,44,False,0.0
p05,stable,complete_cohort,131,uncertainty,False,0,0,5,False,False,False,False,44,False,0.0
p05,stable,complete_cohort,132,uncertainty,False,0,0,5,False,False,False,True,44,False,0.09090909090909091
p05,stable,complete_cohort,133,uncertainty,False,0,0,5,False,False,False,False,44,False,0.0
p05,stable,complete_cohort,134,uncertainty,False,0,0,5,False,False,False,False,44,False,0.0
p05,stable,complete_cohort,135,uncertainty,False,0,0,5,False,False,False,False,44,False,0.0
p05,stable,complete_cohort,136,uncertainty,False,0,0,5,False,False,False,False,44,False,0.0
p05,stable,complete_cohort,137,uncertainty,False,0,0,5,False,False,False,False,44,False,0.0
p05,stable,complete_cohort,138,uncertainty,False,0,0,5,False,False,False,True,44,False,0.045454545454545456
p05,stable,complete_cohort,139,uncertainty,False,0,0,5,False,False,False,False,44,False,0.0
p05,stable,complete_cohort,140,uncertainty,False,0,0,5,False,False,False,False,44,False,0.0
p05,stable,complete_cohort,141,uncertainty,False,0,0,5,False,False,False,False,44,False,0.0
p05,stable,complete_cohort,142,uncertainty,False,0,0,5,False,False,False,False,44,False,0.0
p05,stable,complete_cohort,143,uncertainty,False,0,0,5,False,False,False,False,44,False,0.0
p05,stable,complete_cohort,144,uncertainty,False,0,0,5,False,False,False,False,44,False,0.0
p05,stable,complete_cohort,147,uncertainty,False,0,0,5,False,False,False,True,44,False,0.045454545454545456
p05,stable,complete_cohort,148,uncertainty,False,0,0,5,False,False,False,False,44,False,0.0
p05,stable,complete_cohort,149,uncertainty,False,0,0,5,False,False,False,True,44,False,0.045454545454545456
p05,stable,complete_cohort,150,uncertainty,False,0,0,5,False,False,False,False,44,False,0.0
p05,stable,complete_cohort,151,uncertainty,False,0,0,5,False,False,False,True,44,False,0.045454545454545456
p05,stable,complete_cohort,152,uncertainty,False,0,0,5,False,False,False,False,44,False,0.0
p05,stable,complete_cohort,153,uncertainty,False,0,0,5,False,False,False,True,44,False,0.045454545454545456
p05,stable,complete_cohort,154,uncertainty,False,0,0,5,False,False,False,False,44,False,0.0
p05,stable,complete_cohort,155,uncertainty,False,0,0,5,False,False,False,False,44,False,0.0
p05,stable,complete_cohort,156,uncertainty,False,0,0,5,False,False,False,False,44,False,0.0
p05,stable,complete_cohort,157,uncertainty,False,0,0,5,False,False,False,False,44,False,0.0
p05,stable,complete_cohort,158,uncertainty,False,0,0,5,False,False,False,True,44,False,0.045454545454545456
p05,stable,complete_cohort,159,uncertainty,False,0,0,5,False,False,False,False,44,False,0.0
p05,stable,complete_cohort,160,uncertainty,False,0,0,5,False,False,False,False,44,False,0.0
p05,stable,complete_cohort,161,uncertainty,False,0,0,5,False,False,False,True,44,False,0.045454545454545456
p05,stable,complete_cohort,162,uncertainty,False,0,0,5,False,False,False,False,44,False,0.0
p05,stable,complete_cohort,163,uncertainty,False,0,0,5,False,False,False,False,44,False,0.0
p05,stable,complete_cohort,164,uncertainty,False,0,0,5,False,False,False,False,44,False,0.0
p05,stable,complete_cohort,165,uncertainty,False,0,0,5,False,False,False,True,44,False,0.045454545454545456
p05,stable,complete_cohort,166,uncertainty,False,0,0,5,False,False,False,False,44,False,0.0
p05,stable,complete_cohort,167,uncertainty,False,0,0,5,False,False,False,False,44,False,0.0
p05,stable,complete_cohort,168,uncertainty,False,0,0,5,False,False,False,False,44,False,0.0
p05,stable,complete_cohort,169,uncertainty,False,0,0,5,False,False,False,True,44,False,0.09090909090909091
p05,stable,complete_cohort,170,uncertainty,False,0,0,5,False,False,False,True,44,False,0.045454545454545456
p05,stable,complete_cohort,172,uncertainty,False,0,0,5,False,False,False,True,44,False,0.045454545454545456
p05,stable,complete_cohort,174,uncertainty,False,0,0,5,False,False,False,False,44,False,0.0
p05,stable,complete_cohort,175,uncertainty,False,0,0,5,False,False,False,True,44,False,0.045454545454545456
p05,stable,complete_cohort,176,uncertainty,False,0,0,5,False,False,False,False,44,False,0.0
p05,stable,complete_cohort,177,uncertainty,False,0,0,5,False,False,False,False,44,False,0.0
p05,stable,complete_cohort,178,uncertainty,False,0,0,5,False,False,False,True,44,False,0.045454545454545456
p05,stable,complete_cohort,179,uncertainty,False,0,0,5,False,False,False,True,44,False,0.045454545454545456
p05,stable,complete_cohort,180,uncertainty,False,0,0,5,False,False,False,False,44,False,0.0
p05,stable,complete_cohort,181,uncertainty,False,0,0,5,False,False,False,True,44,False,0.09090909090909091
p05,stable,complete_cohort,182,uncertainty,False,0,0,5,False,False,False,True,44,False,0.045454545454545456
p05,stable,complete_cohort,183,uncertainty,False,0,0,5,False,False,False,True,44,False,0.045454545454545456
p05,stable,complete_cohort,2,low_score,False,0,0,5,False,False,False,False,5,False,0.0
p05,stable,complete_cohort,3,low_score,False,0,0,5,False,False,False,False,9,False,0.0
p05,stable,complete_cohort,4,low_score,False,0,0,5,False,False,False,False,15,False,0.0
p05,stable,complete_cohort,5,low_score,False,0,0,5,False,False,False,False,9,False,0.0
p05,stable,complete_cohort,6,low_score,False,0,0,5,False,False,False,False,7,False,0.0
p05,stable,complete_cohort,7,low_score,False,0,0,5,False,False,False,False,15,False,0.0
p05,stable,complete_cohort,9,low_score,False,0,0,5,False,False,False,False,8,False,0.0
p05,stable,complete_cohort,11,low_score,False,0,0,5,False,False,False,False,12,False,0.0
p05,stable,complete_cohort,12,low_score,False,0,0,5,False,False,False,False,7,False,0.0
p05,stable,complete_cohort,13,low_score,False,0,0,5,False,False,False,False,15,False,0.0
p05,stable,complete_cohort,14,low_score,False,0,0,5,False,False,False,False,16,False,0.0
p05,stable,complete_cohort,15,low_score,False,0,0,5,False,False,False,False,11,False,0.0
p05,stable,complete_cohort,17,low_score,False,0,0,5,False,False,False,False,11,False,0.0
p05,stable,complete_cohort,19,low_score,False,0,0,5,False,False,False,False,11,False,0.0
p05,stable,complete_cohort,20,low_score,False,0,0,5,False,False,False,False,6,False,0.0
p05,stable,complete_cohort,21,low_score,False,0,0,5,False,False,False,False,15,False,0.0
p05,stable,complete_cohort,22,low_score,False,0,0,5,False,False,False,False,16,False,0.0
p05,stable,complete_cohort,23,low_score,False,0,0,5,False,False,False,False,12,False,0.0
p05,stable,complete_cohort,24,low_score,False,0,0,5,False,False,False,False,9,False,0.0
p05,stable,complete_cohort,25,low_score,False,0,0,5,False,False,False,False,11,False,0.0
p05,stable,complete_cohort,27,low_score,False,0,0,5,False,False,False,False,13,False,0.0
p05,stable,complete_cohort,28,low_score,False,0,0,5,False,False,False,False,10,False,0.0
p05,stable,complete_cohort,29,low_score,False,0,0,5,False,False,False,False,9,False,0.0
p05,stable,complete_cohort,30,low_score,False,0,0,5,False,False,False,False,6,False,0.0
p05,stable,complete_cohort,31,low_score,False,0,0,5,False,False,False,False,10,False,0.0
p05,stable,complete_cohort,39,low_score,False,0,0,5,False,False,False,False,8,False,0.0
p05,stable,complete_cohort,40,low_score,False,0,0,5,False,False,False,False,6,False,0.0
p05,stable,complete_cohort,41,low_score,False,0,0,5,False,False,False,False,9,False,0.0
p05,stable,complete_cohort,42,low_score,False,0,0,5,False,False,False,False,12,False,0.0
p05,stable,complete_cohort,43,low_score,False,0,0,5,False,False,False,False,10,False,0.0
p05,stable,complete_cohort,44,low_score,False,0,0,5,False,False,False,False,7,False,0.0
p05,stable,complete_cohort,45,low_score,False,0,0,5,False,False,False,False,8,False,0.0
p05,stable,complete_cohort,46,low_score,False,0,0,5,False,False,False,False,12,False,0.0
p05,stable,complete_cohort,47,low_score,False,0,0,5,False,False,False,False,8,False,0.0
p05,stable,complete_cohort,48,low_score,False,0,0,5,False,False,False,False,14,False,0.0
p05,stable,complete_cohort,50,low_score,False,0,0,5,False,False,False,False,7,False,0.0
p05,stable,complete_cohort,51,low_score,False,0,0,5,False,False,False,False,17,False,0.0
p05,stable,complete_cohort,52,low_score,False,0,0,5,False,False,False,False,15,False,0.0
p05,stable,complete_cohort,53,low_score,False,0,0,5,False,False,False,False,17,False,0.0
p05,stable,complete_cohort,54,low_score,False,0,0,5,False,False,False,False,8,False,0.0
p05,stable,complete_cohort,55,low_score,False,0,0,5,False,False,False,False,9,False,0.0
p05,stable,complete_cohort,56,low_score,False,0,0,5,False,False,False,False,5,False,0.0
p05,stable,complete_cohort,58,low_score,False,0,0,5,False,False,False,False,14,False,0.0
p05,stable,complete_cohort,59,low_score,False,0,0,5,False,False,False,False,6,False,0.0
p05,stable,complete_cohort,61,low_score,False,0,0,5,False,False,False,False,9,False,0.0
p05,stable,complete_cohort,62,low_score,False,0,0,5,False,False,False,False,9,False,0.0
p05,stable,complete_cohort,63,low_score,False,0,0,5,False,False,False,False,6,False,0.0
p05,stable,complete_cohort,64,low_score,False,0,0,5,False,False,False,False,5,False,0.0
p05,stable,complete_cohort,66,low_score,False,0,0,5,False,False,False,False,7,False,0.0
p05,stable,complete_cohort,67,low_score,False,0,0,5,False,False,False,False,14,False,0.0
p05,stable,complete_cohort,68,low_score,False,0,0,5,False,False,False,False,12,False,0.0
p05,stable,complete_cohort,70,low_score,False,0,0,5,False,False,False,False,16,False,0.0
p05,stable,complete_cohort,71,low_score,False,0,0,5,False,False,False,False,11,False,0.0
p05,stable,complete_cohort,72,low_score,False,0,0,4,False,False,False,False,4,False,0.0
p05,stable,complete_cohort,73,low_score,False,0,0,5,False,False,False,False,9,False,0.0
p05,stable,complete_cohort,74,low_score,False,0,0,5,False,False,False,False,15,False,0.0
p05,stable,complete_cohort,76,low_score,False,0,0,5,False,False,False,False,21,False,0.0
p05,stable,complete_cohort,77,low_score,False,0,0,5,False,False,False,False,12,False,0.0
p05,stable,complete_cohort,78,low_score,False,0,0,5,False,False,False,False,11,False,0.0
p05,stable,complete_cohort,79,low_score,False,0,0,5,False,False,False,False,5,False,0.0
p05,stable,complete_cohort,80,low_score,False,0,0,5,False,False,False,False,18,False,0.0
p05,stable,complete_cohort,81,low_score,False,0,0,3,False,False,False,False,3,False,0.0
p05,stable,complete_cohort,82,low_score,False,0,0,5,False,False,False,False,9,False,0.0
p05,stable,complete_cohort,83,low_score,False,0,0,5,False,False,False,False,5,False,0.0
p05,stable,complete_cohort,84,low_score,False,0,0,5,False,False,False,False,5,False,0.0
p05,stable,complete_cohort,85,low_score,False,0,0,5,False,False,False,False,6,False,0.0
p05,stable,complete_cohort,86,low_score,False,0,0,5,False,False,False,False,17,False,0.0
p05,stable,complete_cohort,87,low_score,False,0,0,5,False,False,False,False,10,False,0.0
p05,stable,complete_cohort,88,low_score,False,0,0,5,False,False,False,False,10,False,0.0
p05,stable,complete_cohort,89,low_score,False,0,0,5,False,False,False,False,13,False,0.0
p05,stable,complete_cohort,90,low_score,False,0,0,5,False,False,False,False,19,False,0.0
p05,stable,complete_cohort,91,low_score,False,0,0,5,False,False,False,False,19,False,0.0
p05,stable,complete_cohort,92,low_score,False,0,0,5,False,False,False,False,12,False,0.0
p05,stable,complete_cohort,93,low_score,False,0,0,5,False,False,False,False,9,False,0.0
p05,stable,complete_cohort,94,low_score,False,0,0,5,False,False,False,False,13,False,0.0
p05,stable,complete_cohort,95,low_score,False,0,0,5,False,False,False,False,14,False,0.0
p05,stable,complete_cohort,96,low_score,False,0,0,5,False,False,False,False,10,False,0.0
p05,stable,complete_cohort,97,low_score,False,0,0,5,False,False,False,False,9,False,0.0
p05,stable,complete_cohort,98,low_score,False,0,0,5,False,False,False,False,11,False,0.0
p05,stable,complete_cohort,99,low_score,False,0,0,5,False,False,False,False,8,False,0.0
p05,stable,complete_cohort,100,low_score,False,0,0,5,False,False,False,False,16,False,0.0
p05,stable,complete_cohort,101,low_score,False,0,0,5,False,False,False,False,15,False,0.0
p05,stable,complete_cohort,102,low_score,False,0,0,5,False,False,False,False,11,False,0.0
p05,stable,complete_cohort,103,low_score,False,0,0,5,False,False,False,False,11,False,0.0
p05,stable,complete_cohort,104,low_score,False,0,0,5,False,False,False,False,14,False,0.0
p05,stable,complete_cohort,105,low_score,False,0,0,5,False,False,False,False,10,False,0.0
p05,stable,complete_cohort,106,low_score,False,0,0,5,False,False,False,False,13,False,0.0
p05,stable,complete_cohort,107,low_score,False,0,0,5,False,False,False,False,12,False,0.0
p05,stable,complete_cohort,108,low_score,False,0,0,5,False,False,False,False,12,False,0.0
p05,stable,complete_cohort,109,low_score,False,0,0,5,False,False,False,False,11,False,0.0
p05,stable,complete_cohort,110,low_score,False,0,0,5,False,False,False,False,9,False,0.0
p05,stable,complete_cohort,111,low_score,False,0,0,5,False,False,False,False,9,False,0.0
p05,stable,complete_cohort,112,low_score,False,0,0,5,False,False,False,False,11,False,0.0
p05,stable,complete_cohort,113,low_score,False,0,0,5,False,False,False,False,11,False,0.0
p05,stable,complete_cohort,114,low_score,False,0,0,5,False,False,False,False,13,False,0.0
p05,stable,complete_cohort,115,low_score,False,0,0,5,False,False,False,False,10,False,0.0
p05,stable,complete_cohort,116,low_score,False,0,0,5,False,False,False,False,10,False,0.0
p05,stable,complete_cohort,117,low_score,False,0,0,5,False,False,False,False,11,False,0.0
p05,stable,complete_cohort,118,low_score,False,0,0,5,False,False,False,False,17,False,0.0
p05,stable,complete_cohort,119,low_score,False,0,0,5,False,False,False,False,9,False,0.0
p05,stable,complete_cohort,120,low_score,False,0,0,5,False,False,False,False,10,False,0.0
p05,stable,complete_cohort,121,low_score,False,0,0,5,False,False,False,False,12,False,0.0
p05,stable,complete_cohort,122,low_score,False,0,0,5,False,False,False,False,17,False,0.0
p05,stable,complete_cohort,123,low_score,False,0,0,5,False,False,False,False,11,False,0.0
p05,stable,complete_cohort,124,low_score,False,0,0,5,False,False,False,False,8,False,0.0
p05,stable,complete_cohort,125,low_score,False,0,0,5,False,False,False,False,13,False,0.0
p05,stable,complete_cohort,126,low_score,False,0,0,5,False,False,False,False,16,False,0.0
p05,stable,complete_cohort,127,low_score,False,0,0,5,False,False,False,False,15,False,0.0
p05,stable,complete_cohort,128,low_score,False,0,0,5,False,False,False,False,13,False,0.0
p05,stable,complete_cohort,129,low_score,False,0,0,5,False,False,False,False,7,False,0.0
p05,stable,complete_cohort,130,low_score,False,0,0,5,False,False,False,False,15,False,0.0
p05,stable,complete_cohort,131,low_score,False,0,0,5,False,False,False,False,18,False,0.0
p05,stable,complete_cohort,132,low_score,False,0,0,5,False,False,False,False,11,False,0.0
p05,stable,complete_cohort,133,low_score,False,0,0,5,False,False,False,False,5,False,0.0
p05,stable,complete_cohort,134,low_score,False,0,0,5,False,False,False,False,15,False,0.0
p05,stable,complete_cohort,135,low_score,False,0,0,5,False,False,False,False,13,False,0.0
p05,stable,complete_cohort,136,low_score,False,0,0,5,False,False,False,False,15,False,0.0
p05,stable,complete_cohort,137,low_score,False,0,0,5,False,False,False,False,15,False,0.0
p05,stable,complete_cohort,138,low_score,False,0,0,5,False,False,False,False,14,False,0.0
p05,stable,complete_cohort,139,low_score,False,0,0,5,False,False,False,False,14,False,0.0
p05,stable,complete_cohort,140,low_score,False,0,0,5,False,False,False,False,17,False,0.0
p05,stable,complete_cohort,141,low_score,False,0,0,5,False,False,False,False,16,False,0.0
p05,stable,complete_cohort,142,low_score,False,0,0,5,False,False,False,False,17,False,0.0
p05,stable,complete_cohort,143,low_score,False,0,0,5,False,False,False,False,17,False,0.0
p05,stable,complete_cohort,144,low_score,False,0,0,5,False,False,False,False,8,False,0.0
p05,stable,complete_cohort,147,low_score,False,0,0,5,False,False,False,False,14,False,0.0
p05,stable,complete_cohort,148,low_score,False,0,0,5,False,False,False,False,15,False,0.0
p05,stable,complete_cohort,149,low_score,False,0,0,5,False,False,False,False,12,False,0.0
p05,stable,complete_cohort,150,low_score,False,0,0,5,False,False,False,False,15,False,0.0
p05,stable,complete_cohort,151,low_score,False,0,0,5,False,False,False,False,16,False,0.0
p05,stable,complete_cohort,152,low_score,False,0,0,5,False,False,False,False,17,False,0.0
p05,stable,complete_cohort,153,low_score,False,0,0,5,False,False,False,False,14,False,0.0
p05,stable,complete_cohort,154,low_score,False,0,0,5,False,False,False,False,8,False,0.0
p05,stable,complete_cohort,155,low_score,False,0,0,5,False,False,False,False,10,False,0.0
p05,stable,complete_cohort,156,low_score,False,0,0,5,False,False,False,False,16,False,0.0
p05,stable,complete_cohort,157,low_score,False,0,0,5,False,False,False,False,9,False,0.0
p05,stable,complete_cohort,158,low_score,False,0,0,5,False,False,False,False,12,False,0.0
p05,stable,complete_cohort,159,low_score,False,0,0,5,False,False,False,False,13,False,0.0
p05,stable,complete_cohort,160,low_score,False,0,0,5,False,False,False,False,14,False,0.0
p05,stable,complete_cohort,161,low_score,False,0,0,5,False,False,False,False,15,False,0.0
p05,stable,complete_cohort,162,low_score,False,0,0,5,False,False,False,False,20,False,0.0
p05,stable,complete_cohort,163,low_score,False,0,0,5,False,False,False,False,18,False,0.0
p05,stable,complete_cohort,164,low_score,False,0,0,5,False,False,False,False,13,False,0.0
p05,stable,complete_cohort,165,low_score,False,0,0,5,False,False,False,False,16,False,0.0
p05,stable,complete_cohort,166,low_score,False,0,0,5,False,False,False,False,18,False,0.0
p05,stable,complete_cohort,167,low_score,False,0,0,5,False,False,False,False,12,False,0.0
p05,stable,complete_cohort,168,low_score,False,0,0,5,False,False,False,False,8,False,0.0
p05,stable,complete_cohort,169,low_score,False,0,0,5,False,False,False,False,13,False,0.0
p05,stable,complete_cohort,170,low_score,False,0,0,5,False,False,False,False,12,False,0.0
p05,stable,complete_cohort,172,low_score,False,0,0,5,False,False,False,False,12,False,0.0
p05,stable,complete_cohort,174,low_score,False,0,0,5,False,False,False,False,15,False,0.0
p05,stable,complete_cohort,175,low_score,False,0,0,5,False,False,False,False,14,False,0.0
p05,stable,complete_cohort,176,low_score,False,0,0,5,False,False,False,False,11,False,0.0
p05,stable,complete_cohort,177,low_score,False,0,0,5,False,False,False,False,12,False,0.0
p05,stable,complete_cohort,178,low_score,False,0,0,5,False,False,False,False,10,False,0.0
p05,stable,complete_cohort,179,low_score,False,0,0,5,False,False,False,False,18,False,0.0
p05,stable,complete_cohort,180,low_score,False,0,0,5,False,False,False,False,17,False,0.0
p05,stable,complete_cohort,181,low_score,False,0,0,5,False,False,False,False,11,False,0.0
p05,stable,complete_cohort,182,low_score,False,0,0,5,False,False,False,False,9,False,0.0
p05,stable,complete_cohort,183,low_score,False,0,0,5,False,False,False,False,15,False,0.0
p05,app_quicksort,complete_cohort,2,uncertainty,False,0,0,5,False,False,False,False,44,False,0.0
p05,app_quicksort,complete_cohort,3,uncertainty,False,0,0,5,False,False,False,True,44,False,0.045454545454545456
p05,app_quicksort,complete_cohort,4,uncertainty,False,0,0,5,False,False,False,True,44,False,0.045454545454545456
p05,app_quicksort,complete_cohort,5,uncertainty,False,0,0,5,False,False,False,False,44,False,0.0
p05,app_quicksort,complete_cohort,6,uncertainty,False,0,0,5,False,False,False,True,44,False,0.045454545454545456
p05,app_quicksort,complete_cohort,7,uncertainty,False,0,0,5,False,False,False,False,44,False,0.0
p05,app_quicksort,complete_cohort,9,uncertainty,False,0,0,5,False,False,False,False,44,False,0.0
p05,app_quicksort,complete_cohort,11,uncertainty,False,0,0,5,False,False,False,False,44,False,0.0
p05,app_quicksort,complete_cohort,12,uncertainty,False,0,0,5,False,False,False,False,44,False,0.0
p05,app_quicksort,complete_cohort,13,uncertainty,False,0,0,5,False,False,False,False,44,False,0.0
p05,app_quicksort,complete_cohort,14,uncertainty,False,0,0,5,False,False,False,False,44,False,0.0
p05,app_quicksort,complete_cohort,15,uncertainty,False,0,0,5,False,False,False,False,44,False,0.0
p05,app_quicksort,complete_cohort,17,uncertainty,False,0,0,5,False,False,False,True,44,False,0.09090909090909091
p05,app_quicksort,complete_cohort,19,uncertainty,False,0,0,5,False,False,False,False,44,False,0.0
p05,app_quicksort,complete_cohort,20,uncertainty,False,0,0,5,False,False,False,False,44,False,0.0
p05,app_quicksort,complete_cohort,21,uncertainty,False,0,0,5,False,False,False,True,44,False,0.045454545454545456
p05,app_quicksort,complete_cohort,22,uncertainty,False,0,0,5,False,False,False,False,44,False,0.0
p05,app_quicksort,complete_cohort,23,uncertainty,False,0,0,5,False,False,False,True,44,False,0.09090909090909091
p05,app_quicksort,complete_cohort,24,uncertainty,False,0,0,5,False,False,False,False,44,False,0.0
p05,app_quicksort,complete_cohort,25,uncertainty,False,0,0,5,False,False,False,False,44,False,0.0
p05,app_quicksort,complete_cohort,27,uncertainty,False,0,0,5,False,False,False,False,44,False,0.0
p05,app_quicksort,complete_cohort,28,uncertainty,False,0,0,5,False,False,False,True,44,False,0.045454545454545456
p05,app_quicksort,complete_cohort,29,uncertainty,False,0,0,5,False,False,False,False,44,False,0.0
p05,app_quicksort,complete_cohort,30,uncertainty,False,0,0,5,False,False,False,False,44,False,0.0
p05,app_quicksort,complete_cohort,31,uncertainty,False,0,0,5,False,False,False,False,44,False,0.0
p05,app_quicksort,complete_cohort,39,uncertainty,False,0,0,5,False,False,False,True,44,False,0.09090909090909091
p05,app_quicksort,complete_cohort,40,uncertainty,False,0,0,5,False,False,False,False,44,False,0.0
p05,app_quicksort,complete_cohort,41,uncertainty,False,0,0,5,False,False,False,True,44,False,0.045454545454545456
p05,app_quicksort,complete_cohort,42,uncertainty,False,0,0,5,False,False,False,False,44,False,0.0
p05,app_quicksort,complete_cohort,43,uncertainty,False,0,0,5,False,False,False,False,44,False,0.0
p05,app_quicksort,complete_cohort,44,uncertainty,False,0,0,5,False,False,False,False,44,False,0.0
p05,app_quicksort,complete_cohort,45,uncertainty,False,0,0,5,False,False,False,True,44,False,0.09090909090909091
p05,app_quicksort,complete_cohort,46,uncertainty,False,0,0,5,False,False,False,False,44,False,0.0
p05,app_quicksort,complete_cohort,47,uncertainty,False,0,0,5,False,False,False,False,44,False,0.0
p05,app_quicksort,complete_cohort,48,uncertainty,False,0,0,5,False,False,False,True,44,False,0.045454545454545456
p05,app_quicksort,complete_cohort,50,uncertainty,False,0,0,5,False,False,False,False,44,False,0.0
p05,app_quicksort,complete_cohort,51,uncertainty,False,0,0,5,False,False,False,False,44,False,0.0
p05,app_quicksort,complete_cohort,52,uncertainty,False,0,0,5,False,False,False,False,44,False,0.0
p05,app_quicksort,complete_cohort,53,uncertainty,False,0,0,5,False,False,False,False,44,False,0.0
p05,app_quicksort,complete_cohort,54,uncertainty,False,0,0,5,False,False,False,False,44,False,0.0
p05,app_quicksort,complete_cohort,55,uncertainty,False,0,0,5,False,False,False,False,44,False,0.0
p05,app_quicksort,complete_cohort,56,uncertainty,False,0,0,5,False,False,False,True,44,False,0.045454545454545456
p05,app_quicksort,complete_cohort,58,uncertainty,False,0,0,5,False,False,False,False,44,False,0.0
p05,app_quicksort,complete_cohort,59,uncertainty,False,0,0,5,False,False,False,False,44,False,0.0
p05,app_quicksort,complete_cohort,61,uncertainty,False,0,0,5,False,False,False,False,44,False,0.0
p05,app_quicksort,complete_cohort,62,uncertainty,False,0,0,5,False,False,False,True,44,False,0.09090909090909091
p05,app_quicksort,complete_cohort,63,uncertainty,False,0,0,5,False,False,False,False,44,False,0.0
p05,app_quicksort,complete_cohort,64,uncertainty,False,0,0,5,False,False,False,True,44,False,0.09090909090909091
p05,app_quicksort,complete_cohort,66,uncertainty,False,0,0,5,False,False,False,False,44,False,0.0
p05,app_quicksort,complete_cohort,67,uncertainty,False,0,0,5,False,False,False,False,44,False,0.0
p05,app_quicksort,complete_cohort,68,uncertainty,False,0,0,5,False,False,False,False,44,False,0.0
p05,app_quicksort,complete_cohort,70,uncertainty,False,0,0,5,False,False,False,False,44,False,0.0
p05,app_quicksort,complete_cohort,71,uncertainty,False,0,0,5,False,False,False,False,44,False,0.0
p05,app_quicksort,complete_cohort,72,uncertainty,False,0,0,5,False,False,False,True,44,False,0.18181818181818182
p05,app_quicksort,complete_cohort,73,uncertainty,False,0,0,5,False,False,False,True,44,False,0.045454545454545456
p05,app_quicksort,complete_cohort,74,uncertainty,False,0,0,5,False,False,False,False,44,False,0.0
p05,app_quicksort,complete_cohort,76,uncertainty,False,0,0,5,False,False,False,False,44,False,0.0
p05,app_quicksort,complete_cohort,77,uncertainty,False,0,0,5,False,False,False,True,44,False,0.045454545454545456
p05,app_quicksort,complete_cohort,78,uncertainty,False,0,0,5,False,False,False,False,44,False,0.0
p05,app_quicksort,complete_cohort,79,uncertainty,False,0,0,5,False,False,False,False,44,False,0.0
p05,app_quicksort,complete_cohort,80,uncertainty,False,0,0,5,False,False,False,False,44,False,0.0
p05,app_quicksort,complete_cohort,81,uncertainty,False,0,0,5,False,False,False,False,44,False,0.0
p05,app_quicksort,complete_cohort,82,uncertainty,False,0,0,5,False,False,False,False,44,False,0.0
p05,app_quicksort,complete_cohort,83,uncertainty,False,0,0,5,False,False,False,False,44,False,0.0
p05,app_quicksort,complete_cohort,84,uncertainty,False,0,0,5,False,False,False,True,44,False,0.045454545454545456
p05,app_quicksort,complete_cohort,85,uncertainty,False,0,0,5,False,False,False,True,44,False,0.045454545454545456
p05,app_quicksort,complete_cohort,86,uncertainty,False,0,0,5,False,False,False,True,44,False,0.045454545454545456
p05,app_quicksort,complete_cohort,87,uncertainty,False,0,0,5,False,False,False,False,44,False,0.0
p05,app_quicksort,complete_cohort,88,uncertainty,False,0,0,5,False,False,False,False,44,False,0.0
p05,app_quicksort,complete_cohort,89,uncertainty,False,0,0,5,False,False,False,False,44,False,0.0
p05,app_quicksort,complete_cohort,90,uncertainty,False,0,0,5,False,False,False,False,44,False,0.0
p05,app_quicksort,complete_cohort,91,uncertainty,False,0,0,5,False,False,False,True,44,False,0.09090909090909091
p05,app_quicksort,complete_cohort,92,uncertainty,False,0,0,5,False,False,False,True,44,False,0.09090909090909091
p05,app_quicksort,complete_cohort,93,uncertainty,False,0,0,5,False,False,False,True,44,False,0.045454545454545456
p05,app_quicksort,complete_cohort,94,uncertainty,False,0,0,5,False,False,False,True,44,False,0.045454545454545456
p05,app_quicksort,complete_cohort,95,uncertainty,False,0,0,5,False,False,False,False,44,False,0.0
p05,app_quicksort,complete_cohort,96,uncertainty,False,0,0,5,False,False,False,True,44,False,0.045454545454545456
p05,app_quicksort,complete_cohort,97,uncertainty,False,0,0,5,False,False,False,True,44,False,0.045454545454545456
p05,app_quicksort,complete_cohort,98,uncertainty,False,0,0,5,False,False,False,True,44,False,0.045454545454545456
p05,app_quicksort,complete_cohort,99,uncertainty,False,0,0,5,False,False,False,True,44,False,0.045454545454545456
p05,app_quicksort,complete_cohort,100,uncertainty,False,0,0,5,False,False,False,False,44,False,0.0
p05,app_quicksort,complete_cohort,101,uncertainty,False,0,0,5,False,False,False,False,44,False,0.0
p05,app_quicksort,complete_cohort,102,uncertainty,False,0,0,5,False,False,False,True,44,False,0.09090909090909091
p05,app_quicksort,complete_cohort,103,uncertainty,False,0,0,5,False,False,False,True,44,False,0.09090909090909091
p05,app_quicksort,complete_cohort,104,uncertainty,False,0,0,5,False,False,False,True,44,False,0.045454545454545456
p05,app_quicksort,complete_cohort,105,uncertainty,False,0,0,5,False,False,False,True,44,False,0.045454545454545456
p05,app_quicksort,complete_cohort,106,uncertainty,False,0,0,5,False,False,False,True,44,False,0.045454545454545456
p05,app_quicksort,complete_cohort,107,uncertainty,False,0,0,5,False,False,False,False,44,False,0.0
p05,app_quicksort,complete_cohort,108,uncertainty,False,0,0,5,False,False,False,True,44,False,0.045454545454545456
p05,app_quicksort,complete_cohort,109,uncertainty,False,0,0,5,False,False,False,True,44,False,0.045454545454545456
p05,app_quicksort,complete_cohort,110,uncertainty,False,0,0,5,False,False,False,True,44,False,0.045454545454545456
p05,app_quicksort,complete_cohort,111,uncertainty,False,0,0,5,False,False,False,True,44,False,0.045454545454545456
p05,app_quicksort,complete_cohort,112,uncertainty,False,0,0,5,False,False,False,True,44,False,0.045454545454545456
p05,app_quicksort,complete_cohort,113,uncertainty,False,0,0,5,False,False,False,False,44,False,0.0
p05,app_quicksort,complete_cohort,114,uncertainty,False,0,0,5,False,False,False,False,44,False,0.0
p05,app_quicksort,complete_cohort,115,uncertainty,False,0,0,5,False,False,False,False,44,False,0.0
p05,app_quicksort,complete_cohort,116,uncertainty,False,0,0,5,False,False,False,False,44,False,0.0
p05,app_quicksort,complete_cohort,117,uncertainty,False,0,0,5,False,False,False,False,44,False,0.0
p05,app_quicksort,complete_cohort,118,uncertainty,False,0,0,5,False,False,False,False,44,False,0.0
p05,app_quicksort,complete_cohort,119,uncertainty,False,0,0,5,False,False,False,False,44,False,0.0
p05,app_quicksort,complete_cohort,120,uncertainty,False,0,0,5,False,False,False,True,44,False,0.045454545454545456
p05,app_quicksort,complete_cohort,121,uncertainty,False,0,0,5,False,False,False,True,44,False,0.045454545454545456
p05,app_quicksort,complete_cohort,122,uncertainty,False,0,0,5,False,False,False,False,44,False,0.0
p05,app_quicksort,complete_cohort,123,uncertainty,False,0,0,5,False,False,False,True,44,False,0.045454545454545456
p05,app_quicksort,complete_cohort,124,uncertainty,False,0,0,5,False,False,False,True,44,False,0.045454545454545456
p05,app_quicksort,complete_cohort,125,uncertainty,False,0,0,5,False,False,False,False,44,False,0.0
p05,app_quicksort,complete_cohort,126,uncertainty,False,0,0,5,False,False,False,True,44,False,0.045454545454545456
p05,app_quicksort,complete_cohort,127,uncertainty,False,0,0,5,False,False,False,True,44,False,0.045454545454545456
p05,app_quicksort,complete_cohort,128,uncertainty,False,0,0,5,False,False,False,False,44,False,0.0
p05,app_quicksort,complete_cohort,129,uncertainty,False,0,0,5,False,False,False,True,44,False,0.045454545454545456
p05,app_quicksort,complete_cohort,130,uncertainty,False,0,0,5,False,False,False,False,44,False,0.0
p05,app_quicksort,complete_cohort,131,uncertainty,False,0,0,5,False,False,False,False,44,False,0.0
p05,app_quicksort,complete_cohort,132,uncertainty,False,0,0,5,False,False,False,True,44,False,0.09090909090909091
p05,app_quicksort,complete_cohort,133,uncertainty,False,0,0,5,False,False,False,False,44,False,0.0
p05,app_quicksort,complete_cohort,134,uncertainty,False,0,0,5,False,False,False,False,44,False,0.0
p05,app_quicksort,complete_cohort,135,uncertainty,False,0,0,5,False,False,False,False,44,False,0.0
p05,app_quicksort,complete_cohort,136,uncertainty,False,0,0,5,False,False,False,False,44,False,0.0
p05,app_quicksort,complete_cohort,137,uncertainty,False,0,0,5,False,False,False,False,44,False,0.0
p05,app_quicksort,complete_cohort,138,uncertainty,False,0,0,5,False,False,False,True,44,False,0.045454545454545456
p05,app_quicksort,complete_cohort,139,uncertainty,False,0,0,5,False,False,False,False,44,False,0.0
p05,app_quicksort,complete_cohort,140,uncertainty,False,0,0,5,False,False,False,False,44,False,0.0
p05,app_quicksort,complete_cohort,141,uncertainty,False,0,0,5,False,False,False,False,44,False,0.0
p05,app_quicksort,complete_cohort,142,uncertainty,False,0,0,5,False,False,False,False,44,False,0.0
p05,app_quicksort,complete_cohort,143,uncertainty,False,0,0,5,False,False,False,False,44,False,0.0
p05,app_quicksort,complete_cohort,144,uncertainty,False,0,0,5,False,False,False,False,44,False,0.0
p05,app_quicksort,complete_cohort,147,uncertainty,False,0,0,5,False,False,False,True,44,False,0.045454545454545456
p05,app_quicksort,complete_cohort,148,uncertainty,False,0,0,5,False,False,False,False,44,False,0.0
p05,app_quicksort,complete_cohort,149,uncertainty,False,0,0,5,False,False,False,True,44,False,0.045454545454545456
p05,app_quicksort,complete_cohort,150,uncertainty,False,0,0,5,False,False,False,False,44,False,0.0
p05,app_quicksort,complete_cohort,151,uncertainty,False,0,0,5,False,False,False,True,44,False,0.045454545454545456
p05,app_quicksort,complete_cohort,152,uncertainty,False,0,0,5,False,False,False,False,44,False,0.0
p05,app_quicksort,complete_cohort,153,uncertainty,False,0,0,5,False,False,False,True,44,False,0.045454545454545456
p05,app_quicksort,complete_cohort,154,uncertainty,False,0,0,5,False,False,False,False,44,False,0.0
p05,app_quicksort,complete_cohort,155,uncertainty,False,0,0,5,False,False,False,False,44,False,0.0
p05,app_quicksort,complete_cohort,156,uncertainty,False,0,0,5,False,False,False,False,44,False,0.0
p05,app_quicksort,complete_cohort,157,uncertainty,False,0,0,5,False,False,False,False,44,False,0.0
p05,app_quicksort,complete_cohort,158,uncertainty,False,0,0,5,False,False,False,True,44,False,0.045454545454545456
p05,app_quicksort,complete_cohort,159,uncertainty,False,0,0,5,False,False,False,False,44,False,0.0
p05,app_quicksort,complete_cohort,160,uncertainty,False,0,0,5,False,False,False,False,44,False,0.0
p05,app_quicksort,complete_cohort,161,uncertainty,False,0,0,5,False,False,False,True,44,False,0.045454545454545456
p05,app_quicksort,complete_cohort,162,uncertainty,False,0,0,5,False,False,False,False,44,False,0.0
p05,app_quicksort,complete_cohort,163,uncertainty,False,0,0,5,False,False,False,False,44,False,0.0
p05,app_quicksort,complete_cohort,164,uncertainty,False,0,0,5,False,False,False,False,44,False,0.0
p05,app_quicksort,complete_cohort,165,uncertainty,False,0,0,5,False,False,False,True,44,False,0.045454545454545456
p05,app_quicksort,complete_cohort,166,uncertainty,False,0,0,5,False,False,False,False,44,False,0.0
p05,app_quicksort,complete_cohort,167,uncertainty,False,0,0,5,False,False,False,False,44,False,0.0
p05,app_quicksort,complete_cohort,168,uncertainty,False,0,0,5,False,False,False,False,44,False,0.0
p05,app_quicksort,complete_cohort,169,uncertainty,False,0,0,5,False,False,False,True,44,False,0.09090909090909091
p05,app_quicksort,complete_cohort,170,uncertainty,False,0,0,5,False,False,False,True,44,False,0.045454545454545456
p05,app_quicksort,complete_cohort,172,uncertainty,False,0,0,5,False,False,False,True,44,False,0.045454545454545456
p05,app_quicksort,complete_cohort,174,uncertainty,False,0,0,5,False,False,False,False,44,False,0.0
p05,app_quicksort,complete_cohort,175,uncertainty,False,0,0,5,False,False,False,True,44,False,0.045454545454545456
p05,app_quicksort,complete_cohort,176,uncertainty,False,0,0,5,False,False,False,False,44,False,0.0
p05,app_quicksort,complete_cohort,177,uncertainty,False,0,0,5,False,False,False,False,44,False,0.0
p05,app_quicksort,complete_cohort,178,uncertainty,False,0,0,5,False,False,False,True,44,False,0.045454545454545456
p05,app_quicksort,complete_cohort,179,uncertainty,False,0,0,5,False,False,False,True,44,False,0.045454545454545456
p05,app_quicksort,complete_cohort,180,uncertainty,False,0,0,5,False,False,False,False,44,False,0.0
p05,app_quicksort,complete_cohort,181,uncertainty,False,0,0,5,False,False,False,True,44,False,0.09090909090909091
p05,app_quicksort,complete_cohort,182,uncertainty,False,0,0,5,False,False,False,True,44,False,0.045454545454545456
p05,app_quicksort,complete_cohort,183,uncertainty,False,0,0,5,False,False,False,True,44,False,0.045454545454545456
p05,app_quicksort,complete_cohort,2,low_score,False,0,0,5,False,False,False,False,5,False,0.0
p05,app_quicksort,complete_cohort,3,low_score,False,0,0,5,False,False,False,False,9,False,0.0
p05,app_quicksort,complete_cohort,4,low_score,False,0,0,5,False,False,False,False,15,False,0.0
p05,app_quicksort,complete_cohort,5,low_score,False,0,0,5,False,False,False,False,9,False,0.0
p05,app_quicksort,complete_cohort,6,low_score,False,0,0,5,False,False,False,False,7,False,0.0
p05,app_quicksort,complete_cohort,7,low_score,False,0,0,5,False,False,False,False,15,False,0.0
p05,app_quicksort,complete_cohort,9,low_score,False,0,0,5,False,False,False,False,8,False,0.0
p05,app_quicksort,complete_cohort,11,low_score,False,0,0,5,False,False,False,False,12,False,0.0
p05,app_quicksort,complete_cohort,12,low_score,False,0,0,5,False,False,False,False,7,False,0.0
p05,app_quicksort,complete_cohort,13,low_score,False,0,0,5,False,False,False,False,15,False,0.0
p05,app_quicksort,complete_cohort,14,low_score,False,0,0,5,False,False,False,False,16,False,0.0
p05,app_quicksort,complete_cohort,15,low_score,False,0,0,5,False,False,False,False,11,False,0.0
p05,app_quicksort,complete_cohort,17,low_score,False,0,0,5,False,False,False,False,11,False,0.0
p05,app_quicksort,complete_cohort,19,low_score,False,0,0,5,False,False,False,False,11,False,0.0
p05,app_quicksort,complete_cohort,20,low_score,False,0,0,5,False,False,False,False,6,False,0.0
p05,app_quicksort,complete_cohort,21,low_score,False,0,0,5,False,False,False,False,15,False,0.0
p05,app_quicksort,complete_cohort,22,low_score,False,0,0,5,False,False,False,False,16,False,0.0
p05,app_quicksort,complete_cohort,23,low_score,False,0,0,5,False,False,False,False,12,False,0.0
p05,app_quicksort,complete_cohort,24,low_score,False,0,0,5,False,False,False,False,9,False,0.0
p05,app_quicksort,complete_cohort,25,low_score,False,0,0,5,False,False,False,False,11,False,0.0
p05,app_quicksort,complete_cohort,27,low_score,False,0,0,5,False,False,False,False,13,False,0.0
p05,app_quicksort,complete_cohort,28,low_score,False,0,0,5,False,False,False,False,10,False,0.0
p05,app_quicksort,complete_cohort,29,low_score,False,0,0,5,False,False,False,False,9,False,0.0
p05,app_quicksort,complete_cohort,30,low_score,False,0,0,5,False,False,False,False,6,False,0.0
p05,app_quicksort,complete_cohort,31,low_score,False,0,0,5,False,False,False,False,10,False,0.0
p05,app_quicksort,complete_cohort,39,low_score,False,0,0,5,False,False,False,False,8,False,0.0
p05,app_quicksort,complete_cohort,40,low_score,False,0,0,5,False,False,False,False,6,False,0.0
p05,app_quicksort,complete_cohort,41,low_score,False,0,0,5,False,False,False,False,9,False,0.0
p05,app_quicksort,complete_cohort,42,low_score,False,0,0,5,False,False,False,False,12,False,0.0
p05,app_quicksort,complete_cohort,43,low_score,False,0,0,5,False,False,False,False,10,False,0.0
p05,app_quicksort,complete_cohort,44,low_score,False,0,0,5,False,False,False,False,7,False,0.0
p05,app_quicksort,complete_cohort,45,low_score,False,0,0,5,False,False,False,False,8,False,0.0
p05,app_quicksort,complete_cohort,46,low_score,False,0,0,5,False,False,False,False,12,False,0.0
p05,app_quicksort,complete_cohort,47,low_score,False,0,0,5,False,False,False,False,8,False,0.0
p05,app_quicksort,complete_cohort,48,low_score,False,0,0,5,False,False,False,False,14,False,0.0
p05,app_quicksort,complete_cohort,50,low_score,False,0,0,5,False,False,False,False,7,False,0.0
p05,app_quicksort,complete_cohort,51,low_score,False,0,0,5,False,False,False,False,17,False,0.0
p05,app_quicksort,complete_cohort,52,low_score,False,0,0,5,False,False,False,False,15,False,0.0
p05,app_quicksort,complete_cohort,53,low_score,False,0,0,5,False,False,False,False,17,False,0.0
p05,app_quicksort,complete_cohort,54,low_score,False,0,0,5,False,False,False,False,8,False,0.0
p05,app_quicksort,complete_cohort,55,low_score,False,0,0,5,False,False,False,False,9,False,0.0
p05,app_quicksort,complete_cohort,56,low_score,False,0,0,5,False,False,False,False,5,False,0.0
p05,app_quicksort,complete_cohort,58,low_score,False,0,0,5,False,False,False,False,14,False,0.0
p05,app_quicksort,complete_cohort,59,low_score,False,0,0,5,False,False,False,False,6,False,0.0
p05,app_quicksort,complete_cohort,61,low_score,False,0,0,5,False,False,False,False,9,False,0.0
p05,app_quicksort,complete_cohort,62,low_score,False,0,0,5,False,False,False,False,9,False,0.0
p05,app_quicksort,complete_cohort,63,low_score,False,0,0,5,False,False,False,False,6,False,0.0
p05,app_quicksort,complete_cohort,64,low_score,False,0,0,5,False,False,False,False,5,False,0.0
p05,app_quicksort,complete_cohort,66,low_score,False,0,0,5,False,False,False,False,7,False,0.0
p05,app_quicksort,complete_cohort,67,low_score,False,0,0,5,False,False,False,False,14,False,0.0
p05,app_quicksort,complete_cohort,68,low_score,False,0,0,5,False,False,False,False,12,False,0.0
p05,app_quicksort,complete_cohort,70,low_score,False,0,0,5,False,False,False,False,16,False,0.0
p05,app_quicksort,complete_cohort,71,low_score,False,0,0,5,False,False,False,False,11,False,0.0
p05,app_quicksort,complete_cohort,72,low_score,False,0,0,4,False,False,False,False,4,False,0.0
p05,app_quicksort,complete_cohort,73,low_score,False,0,0,5,False,False,False,False,9,False,0.0
p05,app_quicksort,complete_cohort,74,low_score,False,0,0,5,False,False,False,False,15,False,0.0
p05,app_quicksort,complete_cohort,76,low_score,False,0,0,5,False,False,False,False,21,False,0.0
p05,app_quicksort,complete_cohort,77,low_score,False,0,0,5,False,False,False,False,12,False,0.0
p05,app_quicksort,complete_cohort,78,low_score,False,0,0,5,False,False,False,False,11,False,0.0
p05,app_quicksort,complete_cohort,79,low_score,False,0,0,5,False,False,False,False,5,False,0.0
p05,app_quicksort,complete_cohort,80,low_score,False,0,0,5,False,False,False,False,18,False,0.0
p05,app_quicksort,complete_cohort,81,low_score,False,0,0,3,False,False,False,False,3,False,0.0
p05,app_quicksort,complete_cohort,82,low_score,False,0,0,5,False,False,False,False,9,False,0.0
p05,app_quicksort,complete_cohort,83,low_score,False,0,0,5,False,False,False,False,5,False,0.0
p05,app_quicksort,complete_cohort,84,low_score,False,0,0,5,False,False,False,False,5,False,0.0
p05,app_quicksort,complete_cohort,85,low_score,False,0,0,5,False,False,False,False,6,False,0.0
p05,app_quicksort,complete_cohort,86,low_score,False,0,0,5,False,False,False,False,17,False,0.0
p05,app_quicksort,complete_cohort,87,low_score,False,0,0,5,False,False,False,False,10,False,0.0
p05,app_quicksort,complete_cohort,88,low_score,False,0,0,5,False,False,False,False,10,False,0.0
p05,app_quicksort,complete_cohort,89,low_score,False,0,0,5,False,False,False,False,13,False,0.0
p05,app_quicksort,complete_cohort,90,low_score,False,0,0,5,False,False,False,False,19,False,0.0
p05,app_quicksort,complete_cohort,91,low_score,False,0,0,5,False,False,False,False,19,False,0.0
p05,app_quicksort,complete_cohort,92,low_score,False,0,0,5,False,False,False,False,12,False,0.0
p05,app_quicksort,complete_cohort,93,low_score,False,0,0,5,False,False,False,False,9,False,0.0
p05,app_quicksort,complete_cohort,94,low_score,False,0,0,5,False,False,False,False,13,False,0.0
p05,app_quicksort,complete_cohort,95,low_score,False,0,0,5,False,False,False,False,14,False,0.0
p05,app_quicksort,complete_cohort,96,low_score,False,0,0,5,False,False,False,False,10,False,0.0
p05,app_quicksort,complete_cohort,97,low_score,False,0,0,5,False,False,False,False,9,False,0.0
p05,app_quicksort,complete_cohort,98,low_score,False,0,0,5,False,False,False,False,11,False,0.0
p05,app_quicksort,complete_cohort,99,low_score,False,0,0,5,False,False,False,False,8,False,0.0
p05,app_quicksort,complete_cohort,100,low_score,False,0,0,5,False,False,False,False,16,False,0.0
p05,app_quicksort,complete_cohort,101,low_score,False,0,0,5,False,False,False,False,15,False,0.0
p05,app_quicksort,complete_cohort,102,low_score,False,0,0,5,False,False,False,False,11,False,0.0
p05,app_quicksort,complete_cohort,103,low_score,False,0,0,5,False,False,False,False,11,False,0.0
p05,app_quicksort,complete_cohort,104,low_score,False,0,0,5,False,False,False,False,14,False,0.0
p05,app_quicksort,complete_cohort,105,low_score,False,0,0,5,False,False,False,False,10,False,0.0
p05,app_quicksort,complete_cohort,106,low_score,False,0,0,5,False,False,False,False,13,False,0.0
p05,app_quicksort,complete_cohort,107,low_score,False,0,0,5,False,False,False,False,12,False,0.0
p05,app_quicksort,complete_cohort,108,low_score,False,0,0,5,False,False,False,False,12,False,0.0
p05,app_quicksort,complete_cohort,109,low_score,False,0,0,5,False,False,False,False,11,False,0.0
p05,app_quicksort,complete_cohort,110,low_score,False,0,0,5,False,False,False,False,9,False,0.0
p05,app_quicksort,complete_cohort,111,low_score,False,0,0,5,False,False,False,False,9,False,0.0
p05,app_quicksort,complete_cohort,112,low_score,False,0,0,5,False,False,False,False,11,False,0.0
p05,app_quicksort,complete_cohort,113,low_score,False,0,0,5,False,False,False,False,11,False,0.0
p05,app_quicksort,complete_cohort,114,low_score,False,0,0,5,False,False,False,False,13,False,0.0
p05,app_quicksort,complete_cohort,115,low_score,False,0,0,5,False,False,False,False,10,False,0.0
p05,app_quicksort,complete_cohort,116,low_score,False,0,0,5,False,False,False,False,10,False,0.0
p05,app_quicksort,complete_cohort,117,low_score,False,0,0,5,False,False,False,False,11,False,0.0
p05,app_quicksort,complete_cohort,118,low_score,False,0,0,5,False,False,False,False,17,False,0.0
p05,app_quicksort,complete_cohort,119,low_score,False,0,0,5,False,False,False,False,9,False,0.0
p05,app_quicksort,complete_cohort,120,low_score,False,0,0,5,False,False,False,False,10,False,0.0
p05,app_quicksort,complete_cohort,121,low_score,False,0,0,5,False,False,False,False,12,False,0.0
p05,app_quicksort,complete_cohort,122,low_score,False,0,0,5,False,False,False,False,17,False,0.0
p05,app_quicksort,complete_cohort,123,low_score,False,0,0,5,False,False,False,False,11,False,0.0
p05,app_quicksort,complete_cohort,124,low_score,False,0,0,5,False,False,False,False,8,False,0.0
p05,app_quicksort,complete_cohort,125,low_score,False,0,0,5,False,False,False,False,13,False,0.0
p05,app_quicksort,complete_cohort,126,low_score,False,0,0,5,False,False,False,False,16,False,0.0
p05,app_quicksort,complete_cohort,127,low_score,False,0,0,5,False,False,False,False,15,False,0.0
p05,app_quicksort,complete_cohort,128,low_score,False,0,0,5,False,False,False,False,13,False,0.0
p05,app_quicksort,complete_cohort,129,low_score,False,0,0,5,False,False,False,False,7,False,0.0
p05,app_quicksort,complete_cohort,130,low_score,False,0,0,5,False,False,False,False,15,False,0.0
p05,app_quicksort,complete_cohort,131,low_score,False,0,0,5,False,False,False,False,18,False,0.0
p05,app_quicksort,complete_cohort,132,low_score,False,0,0,5,False,False,False,False,11,False,0.0
p05,app_quicksort,complete_cohort,133,low_score,False,0,0,5,False,False,False,False,5,False,0.0
p05,app_quicksort,complete_cohort,134,low_score,False,0,0,5,False,False,False,False,15,False,0.0
p05,app_quicksort,complete_cohort,135,low_score,False,0,0,5,False,False,False,False,13,False,0.0
p05,app_quicksort,complete_cohort,136,low_score,False,0,0,5,False,False,False,False,15,False,0.0
p05,app_quicksort,complete_cohort,137,low_score,False,0,0,5,False,False,False,False,15,False,0.0
p05,app_quicksort,complete_cohort,138,low_score,False,0,0,5,False,False,False,False,14,False,0.0
p05,app_quicksort,complete_cohort,139,low_score,False,0,0,5,False,False,False,False,14,False,0.0
p05,app_quicksort,complete_cohort,140,low_score,False,0,0,5,False,False,False,False,17,False,0.0
p05,app_quicksort,complete_cohort,141,low_score,False,0,0,5,False,False,False,False,16,False,0.0
p05,app_quicksort,complete_cohort,142,low_score,False,0,0,5,False,False,False,False,17,False,0.0
p05,app_quicksort,complete_cohort,143,low_score,False,0,0,5,False,False,False,False,17,False,0.0
p05,app_quicksort,complete_cohort,144,low_score,False,0,0,5,False,False,False,False,8,False,0.0
p05,app_quicksort,complete_cohort,147,low_score,False,0,0,5,False,False,False,False,14,False,0.0
p05,app_quicksort,complete_cohort,148,low_score,False,0,0,5,False,False,False,False,15,False,0.0
p05,app_quicksort,complete_cohort,149,low_score,False,0,0,5,False,False,False,False,12,False,0.0
p05,app_quicksort,complete_cohort,150,low_score,False,0,0,5,False,False,False,False,15,False,0.0
p05,app_quicksort,complete_cohort,151,low_score,False,0,0,5,False,False,False,False,16,False,0.0
p05,app_quicksort,complete_cohort,152,low_score,False,0,0,5,False,False,False,False,17,False,0.0
p05,app_quicksort,complete_cohort,153,low_score,False,0,0,5,False,False,False,False,14,False,0.0
p05,app_quicksort,complete_cohort,154,low_score,False,0,0,5,False,False,False,False,8,False,0.0
p05,app_quicksort,complete_cohort,155,low_score,False,0,0,5,False,False,False,False,10,False,0.0
p05,app_quicksort,complete_cohort,156,low_score,False,0,0,5,False,False,False,False,16,False,0.0
p05,app_quicksort,complete_cohort,157,low_score,False,0,0,5,False,False,False,False,9,False,0.0
p05,app_quicksort,complete_cohort,158,low_score,False,0,0,5,False,False,False,False,12,False,0.0
p05,app_quicksort,complete_cohort,159,low_score,False,0,0,5,False,False,False,False,13,False,0.0
p05,app_quicksort,complete_cohort,160,low_score,False,0,0,5,False,False,False,False,14,False,0.0
p05,app_quicksort,complete_cohort,161,low_score,False,0,0,5,False,False,False,False,15,False,0.0
p05,app_quicksort,complete_cohort,162,low_score,False,0,0,5,False,False,False,False,20,False,0.0
p05,app_quicksort,complete_cohort,163,low_score,False,0,0,5,False,False,False,False,18,False,0.0
p05,app_quicksort,complete_cohort,164,low_score,False,0,0,5,False,False,False,False,13,False,0.0
p05,app_quicksort,complete_cohort,165,low_score,False,0,0,5,False,False,False,False,16,False,0.0
p05,app_quicksort,complete_cohort,166,low_score,False,0,0,5,False,False,False,False,18,False,0.0
p05,app_quicksort,complete_cohort,167,low_score,False,0,0,5,False,False,False,False,12,False,0.0
p05,app_quicksort,complete_cohort,168,low_score,False,0,0,5,False,False,False,False,8,False,0.0
p05,app_quicksort,complete_cohort,169,low_score,False,0,0,5,False,False,False,False,13,False,0.0
p05,app_quicksort,complete_cohort,170,low_score,False,0,0,5,False,False,False,False,12,False,0.0
p05,app_quicksort,complete_cohort,172,low_score,False,0,0,5,False,False,False,False,12,False,0.0
p05,app_quicksort,complete_cohort,174,low_score,False,0,0,5,False,False,False,False,15,False,0.0
p05,app_quicksort,complete_cohort,175,low_score,False,0,0,5,False,False,False,False,14,False,0.0
p05,app_quicksort,complete_cohort,176,low_score,False,0,0,5,False,False,False,False,11,False,0.0
p05,app_quicksort,complete_cohort,177,low_score,False,0,0,5,False,False,False,False,12,False,0.0
p05,app_quicksort,complete_cohort,178,low_score,False,0,0,5,False,False,False,False,10,False,0.0
p05,app_quicksort,complete_cohort,179,low_score,False,0,0,5,False,False,False,False,18,False,0.0
p05,app_quicksort,complete_cohort,180,low_score,False,0,0,5,False,False,False,False,17,False,0.0
p05,app_quicksort,complete_cohort,181,low_score,False,0,0,5,False,False,False,False,11,False,0.0
p05,app_quicksort,complete_cohort,182,low_score,False,0,0,5,False,False,False,False,9,False,0.0
p05,app_quicksort,complete_cohort,183,low_score,False,0,0,5,False,False,False,False,15,False,0.0
p10,stable,demonstration,1,uncertainty,False,0,0,5,False,False,False,True,44,False,0.22727272727272727
p10,stable,demonstration,2,uncertainty,False,0,0,5,False,False,False,True,44,False,0.09090909090909091
p10,stable,demonstration,3,uncertainty,False,0,0,5,False,False,False,True,44,False,0.09090909090909091
p10,stable,demonstration,4,uncertainty,False,0,0,5,False,False,False,True,44,False,0.22727272727272727
p10,stable,demonstration,5,uncertainty,False,0,0,5,False,False,False,True,44,False,0.09090909090909091
p10,stable,demonstration,6,uncertainty,False,0,0,5,False,False,False,True,44,False,0.045454545454545456
p10,stable,demonstration,7,uncertainty,False,0,0,5,False,False,False,True,44,False,0.13636363636363635
p10,stable,demonstration,8,uncertainty,False,0,0,5,False,False,False,False,44,False,0.0
p10,stable,demonstration,9,uncertainty,False,0,0,5,False,False,False,True,44,False,0.18181818181818182
p10,stable,demonstration,10,uncertainty,False,0,0,5,False,False,False,True,44,False,0.09090909090909091
p10,stable,demonstration,1,low_score,False,0,0,5,False,False,False,False,5,False,0.0
p10,stable,demonstration,2,low_score,False,0,0,5,False,False,False,False,9,False,0.0
p10,stable,demonstration,3,low_score,False,0,0,5,False,False,False,False,15,False,0.0
p10,stable,demonstration,4,low_score,False,0,0,5,False,False,False,False,7,False,0.0
p10,stable,demonstration,5,low_score,False,0,0,5,False,False,False,False,8,False,0.0
p10,stable,demonstration,6,low_score,False,0,0,5,False,False,False,False,10,False,0.0
p10,stable,demonstration,7,low_score,False,0,0,5,False,False,False,False,17,False,0.0
p10,stable,demonstration,8,low_score,False,0,0,5,False,False,False,False,19,False,0.0
p10,stable,demonstration,9,low_score,False,0,0,5,False,False,False,False,5,False,0.0
p10,stable,demonstration,10,low_score,False,0,0,5,False,False,False,False,12,False,0.0
p10,app_quicksort,demonstration,1,uncertainty,False,0,0,5,False,False,False,True,44,False,0.22727272727272727
p10,app_quicksort,demonstration,2,uncertainty,False,0,0,5,False,False,False,True,44,False,0.09090909090909091
p10,app_quicksort,demonstration,3,uncertainty,False,0,0,5,False,False,False,True,44,False,0.09090909090909091
p10,app_quicksort,demonstration,4,uncertainty,False,0,0,5,False,False,False,True,44,False,0.22727272727272727
p10,app_quicksort,demonstration,5,uncertainty,False,0,0,5,False,False,False,True,44,False,0.09090909090909091
p10,app_quicksort,demonstration,6,uncertainty,False,0,0,5,False,False,False,True,44,False,0.045454545454545456
p10,app_quicksort,demonstration,7,uncertainty,False,0,0,5,False,False,False,True,44,False,0.13636363636363635
p10,app_quicksort,demonstration,8,uncertainty,False,0,0,5,False,False,False,False,44,False,0.0
p10,app_quicksort,demonstration,9,uncertainty,False,0,0,5,False,False,False,True,44,False,0.18181818181818182
p10,app_quicksort,demonstration,10,uncertainty,False,0,0,5,False,False,False,True,44,False,0.09090909090909091
p10,app_quicksort,demonstration,1,low_score,False,0,0,5,False,False,False,False,5,False,0.0
p10,app_quicksort,demonstration,2,low_score,False,0,0,5,False,False,False,False,9,False,0.0
p10,app_quicksort,demonstration,3,low_score,False,0,0,5,False,False,False,False,15,False,0.0
p10,app_quicksort,demonstration,4,low_score,False,0,0,5,False,False,False,False,7,False,0.0
p10,app_quicksort,demonstration,5,low_score,False,0,0,5,False,False,False,False,8,False,0.0
p10,app_quicksort,demonstration,6,low_score,False,0,0,5,False,False,False,False,10,False,0.0
p10,app_quicksort,demonstration,7,low_score,False,0,0,5,False,False,False,False,17,False,0.0
p10,app_quicksort,demonstration,8,low_score,False,0,0,5,False,False,False,False,19,False,0.0
p10,app_quicksort,demonstration,9,low_score,False,0,0,5,False,False,False,False,5,False,0.0
p10,app_quicksort,demonstration,10,low_score,False,0,0,5,False,False,False,False,12,False,0.0
p10,stable,reference,159,uncertainty,False,0,0,5,False,False,False,True,44,False,0.045454545454545456
p10,stable,reference,42,uncertainty,False,0,0,5,False,False,False,True,44,False,0.045454545454545456
p10,stable,reference,64,uncertainty,False,0,0,5,False,False,False,True,44,False,0.22727272727272727
p10,stable,reference,12,uncertainty,False,0,0,5,False,False,False,True,44,False,0.22727272727272727
p10,stable,reference,160,uncertainty,False,0,0,5,False,False,False,False,44,False,0.0
p10,stable,reference,155,uncertainty,False,0,0,5,False,False,False,True,44,False,0.09090909090909091
p10,stable,reference,11,uncertainty,False,0,0,5,False,False,False,False,44,False,0.0
p10,stable,reference,124,uncertainty,False,0,0,5,False,False,False,True,44,False,0.3181818181818182
p10,stable,reference,169,uncertainty,False,0,0,5,False,False,False,True,44,False,0.22727272727272727
p10,stable,reference,106,uncertainty,False,0,0,5,False,False,False,True,44,False,0.09090909090909091
p10,stable,reference,157,uncertainty,False,0,0,5,False,False,False,True,44,False,0.09090909090909091
p10,stable,reference,126,uncertainty,False,0,0,5,False,False,False,True,44,False,0.09090909090909091
p10,stable,reference,55,uncertainty,False,0,0,5,False,False,False,True,44,False,0.09090909090909091
p10,stable,reference,113,uncertainty,False,0,0,5,False,False,False,True,44,False,0.09090909090909091
p10,stable,reference,158,uncertainty,False,0,0,5,False,False,False,True,44,False,0.09090909090909091
p10,stable,reference,165,uncertainty,False,0,0,5,False,False,False,True,44,False,0.18181818181818182
p10,stable,reference,178,uncertainty,False,0,0,5,False,False,False,True,44,False,0.09090909090909091
p10,stable,reference,133,uncertainty,False,0,0,5,False,False,False,True,44,False,0.09090909090909091
p10,stable,reference,78,uncertainty,False,0,0,5,False,False,False,True,44,False,0.13636363636363635
p10,stable,reference,70,uncertainty,False,0,0,5,False,False,False,False,44,False,0.0
p10,stable,reference,176,uncertainty,False,0,0,5,False,False,False,True,44,False,0.18181818181818182
p10,stable,reference,17,uncertainty,False,0,0,5,False,False,False,True,44,False,0.22727272727272727
p10,stable,reference,136,uncertainty,False,0,0,5,False,False,False,True,44,False,0.045454545454545456
p10,stable,reference,76,uncertainty,False,0,0,5,False,False,False,False,44,False,0.0
p10,stable,reference,82,uncertainty,False,0,0,5,False,False,False,False,44,False,0.0
p10,stable,reference,114,uncertainty,False,0,0,5,False,False,False,True,44,False,0.045454545454545456
p10,stable,reference,168,uncertainty,False,0,0,5,False,False,False,True,44,False,0.09090909090909091
p10,stable,reference,28,uncertainty,False,0,0,5,False,False,False,True,44,False,0.22727272727272727
p10,stable,reference,39,uncertainty,False,0,0,5,False,False,False,True,44,False,0.18181818181818182
p10,stable,reference,50,uncertainty,False,0,0,5,False,False,False,True,44,False,0.3181818181818182
p10,stable,reference,61,uncertainty,False,0,0,5,False,False,False,True,44,False,0.18181818181818182
p10,stable,reference,100,uncertainty,False,0,0,5,False,False,False,True,44,False,0.045454545454545456
p10,stable,reference,130,uncertainty,False,0,0,5,False,False,False,False,44,False,0.0
p10,stable,reference,141,uncertainty,False,0,0,5,False,False,False,True,44,False,0.09090909090909091
p10,stable,reference,53,uncertainty,False,0,0,5,False,False,False,False,44,False,0.0
p10,stable,reference,73,uncertainty,False,0,0,5,False,False,False,True,44,False,0.13636363636363635
p10,stable,reference,9,uncertainty,False,0,0,5,False,False,False,True,44,False,0.09090909090909091
p10,stable,reference,6,uncertainty,False,0,0,5,False,False,False,True,44,False,0.2727272727272727
p10,stable,reference,31,uncertainty,False,0,0,5,False,False,False,True,44,False,0.09090909090909091
p10,stable,reference,94,uncertainty,False,0,0,5,False,False,False,True,44,False,0.045454545454545456
p10,stable,reference,58,uncertainty,False,0,0,5,False,False,False,True,44,False,0.09090909090909091
p10,stable,reference,177,uncertainty,False,0,0,5,False,False,False,True,44,False,0.045454545454545456
p10,stable,reference,48,uncertainty,False,0,0,5,False,False,False,True,44,False,0.22727272727272727
p10,stable,reference,164,uncertainty,False,0,0,5,False,False,False,True,44,False,0.09090909090909091
p10,stable,reference,67,uncertainty,False,0,0,5,False,False,False,True,44,False,0.045454545454545456
p10,stable,reference,118,uncertainty,False,0,0,5,False,False,False,True,44,False,0.22727272727272727
p10,stable,reference,79,uncertainty,False,0,0,5,False,False,False,True,44,False,0.13636363636363635
p10,stable,reference,122,uncertainty,False,0,0,5,False,False,False,True,44,False,0.045454545454545456
p10,stable,reference,54,uncertainty,False,0,0,5,False,False,False,True,44,False,0.2727272727272727
p10,stable,reference,151,uncertainty,False,0,0,5,False,False,False,True,44,False,0.045454545454545456
p10,stable,reference,103,uncertainty,False,0,0,5,False,False,False,True,44,False,0.18181818181818182
p10,stable,reference,137,uncertainty,False,0,0,5,False,False,False,False,44,False,0.0
p10,stable,reference,132,uncertainty,False,0,0,5,False,False,False,True,44,False,0.13636363636363635
p10,stable,reference,143,uncertainty,False,0,0,5,False,False,False,True,44,False,0.09090909090909091
p10,stable,reference,107,uncertainty,False,0,0,5,False,False,False,True,44,False,0.045454545454545456
p10,stable,reference,119,uncertainty,False,0,0,5,False,False,False,True,44,False,0.22727272727272727
p10,stable,reference,109,uncertainty,False,0,0,5,False,False,False,True,44,False,0.18181818181818182
p10,stable,reference,84,uncertainty,False,0,0,5,False,False,False,True,44,False,0.18181818181818182
p10,stable,reference,135,uncertainty,False,0,0,5,False,False,False,True,44,False,0.045454545454545456
p10,stable,reference,125,uncertainty,False,0,0,5,False,False,False,True,44,False,0.045454545454545456
p10,stable,reference,161,uncertainty,False,0,0,5,False,False,False,True,44,False,0.045454545454545456
p10,stable,reference,4,uncertainty,False,0,0,5,False,False,False,True,44,False,0.045454545454545456
p10,stable,reference,72,uncertainty,False,0,0,5,False,False,False,True,44,False,0.36363636363636365
p10,stable,reference,68,uncertainty,False,0,0,5,False,False,False,True,44,False,0.09090909090909091
p10,stable,reference,175,uncertainty,False,0,0,5,False,False,False,True,44,False,0.2727272727272727
p10,stable,reference,182,uncertainty,False,0,0,5,False,False,False,True,44,False,0.36363636363636365
p10,stable,reference,134,uncertainty,False,0,0,5,False,False,False,False,44,False,0.0
p10,stable,reference,105,uncertainty,False,0,0,5,False,False,False,True,44,False,0.13636363636363635
p10,stable,reference,43,uncertainty,False,0,0,5,False,False,False,True,44,False,0.09090909090909091
p10,stable,reference,139,uncertainty,False,0,0,5,False,False,False,False,44,False,0.0
p10,stable,reference,3,uncertainty,False,0,0,5,False,False,False,True,44,False,0.2727272727272727
p10,stable,reference,62,uncertainty,False,0,0,5,False,False,False,True,44,False,0.36363636363636365
p10,stable,reference,5,uncertainty,False,0,0,5,False,False,False,True,44,False,0.09090909090909091
p10,stable,reference,66,uncertainty,False,0,0,5,False,False,False,True,44,False,0.22727272727272727
p10,stable,reference,180,uncertainty,False,0,0,5,False,False,False,True,44,False,0.045454545454545456
p10,stable,reference,30,uncertainty,False,0,0,5,False,False,False,True,44,False,0.22727272727272727
p10,stable,reference,149,uncertainty,False,0,0,5,False,False,False,True,44,False,0.13636363636363635
p10,stable,reference,110,uncertainty,False,0,0,5,False,False,False,True,44,False,0.045454545454545456
p10,stable,reference,13,uncertainty,False,0,0,5,False,False,False,True,44,False,0.045454545454545456
p10,stable,reference,7,uncertainty,False,0,0,5,False,False,False,True,44,False,0.09090909090909091
p10,stable,reference,87,uncertainty,False,0,0,5,False,False,False,True,44,False,0.045454545454545456
p10,stable,reference,150,uncertainty,False,0,0,5,False,False,False,True,44,False,0.13636363636363635
p10,stable,reference,179,uncertainty,False,0,0,5,False,False,False,True,44,False,0.045454545454545456
p10,stable,reference,181,uncertainty,False,0,0,5,False,False,False,True,44,False,0.3181818181818182
p10,stable,reference,148,uncertainty,False,0,0,5,False,False,False,False,44,False,0.0
p10,stable,reference,162,uncertainty,False,0,0,5,False,False,False,True,44,False,0.045454545454545456
p10,stable,reference,102,uncertainty,False,0,0,5,False,False,False,True,44,False,0.09090909090909091
p10,stable,reference,56,uncertainty,False,0,0,5,False,False,False,True,44,False,0.2727272727272727
p10,stable,reference,19,uncertainty,False,0,0,5,False,False,False,True,44,False,0.045454545454545456
p10,stable,reference,112,uncertainty,False,0,0,5,False,False,False,True,44,False,0.09090909090909091
p10,stable,reference,40,uncertainty,False,0,0,5,False,False,False,False,44,False,0.0
p10,stable,reference,22,uncertainty,False,0,0,5,False,False,False,False,44,False,0.0
p10,stable,reference,88,uncertainty,False,0,0,5,False,False,False,True,44,False,0.13636363636363635
p10,stable,reference,167,uncertainty,False,0,0,5,False,False,False,False,44,False,0.0
p10,stable,reference,183,uncertainty,False,0,0,5,False,False,False,True,44,False,0.09090909090909091
p10,stable,reference,24,uncertainty,False,0,0,5,False,False,False,True,44,False,0.18181818181818182
p10,stable,reference,128,uncertainty,False,0,0,5,False,False,False,True,44,False,0.13636363636363635
p10,stable,reference,120,uncertainty,False,0,0,5,False,False,False,True,44,False,0.36363636363636365
p10,stable,reference,45,uncertainty,False,0,0,5,False,False,False,True,44,False,0.22727272727272727
p10,stable,reference,86,uncertainty,False,0,0,5,False,False,False,True,44,False,0.13636363636363635
p10,stable,reference,156,uncertainty,False,0,0,5,False,False,False,True,44,False,0.045454545454545456
p10,stable,reference,98,uncertainty,False,0,0,5,False,False,False,True,44,False,0.045454545454545456
p10,stable,reference,92,uncertainty,False,0,0,5,False,False,False,True,44,False,0.09090909090909091
p10,stable,reference,95,uncertainty,False,0,0,5,False,False,False,True,44,False,0.045454545454545456
p10,stable,reference,101,uncertainty,False,0,0,5,False,False,False,True,44,False,0.045454545454545456
p10,stable,reference,47,uncertainty,False,0,0,5,False,False,False,True,44,False,0.09090909090909091
p10,stable,reference,25,uncertainty,False,0,0,5,False,False,False,True,44,False,0.13636363636363635
p10,stable,reference,121,uncertainty,False,0,0,5,False,False,False,True,44,False,0.13636363636363635
p10,stable,reference,41,uncertainty,False,0,0,5,False,False,False,True,44,False,0.13636363636363635
p10,stable,reference,99,uncertainty,False,0,0,5,False,False,False,True,44,False,0.09090909090909091
p10,stable,reference,27,uncertainty,False,0,0,5,False,False,False,True,44,False,0.09090909090909091
p10,stable,reference,140,uncertainty,False,0,0,5,False,False,False,True,44,False,0.045454545454545456
p10,stable,reference,81,uncertainty,False,0,0,5,False,False,False,False,44,False,0.0
p10,stable,reference,144,uncertainty,False,0,0,5,False,False,False,True,44,False,0.09090909090909091
p10,stable,reference,108,uncertainty,False,0,0,5,False,False,False,True,44,False,0.13636363636363635
p10,stable,reference,85,uncertainty,False,0,0,5,False,False,False,True,44,False,0.22727272727272727
p10,stable,reference,152,uncertainty,False,0,0,5,False,False,False,False,44,False,0.0
p10,stable,reference,15,uncertainty,False,0,0,5,False,False,False,True,44,False,0.18181818181818182
p10,stable,reference,89,uncertainty,False,0,0,5,False,False,False,True,44,False,0.09090909090909091
p10,stable,reference,116,uncertainty,False,0,0,5,False,False,False,True,44,False,0.045454545454545456
p10,stable,reference,138,uncertainty,False,0,0,5,False,False,False,True,44,False,0.09090909090909091
p10,stable,reference,154,uncertainty,False,0,0,5,False,False,False,True,44,False,0.22727272727272727
p10,stable,reference,104,uncertainty,False,0,0,5,False,False,False,True,44,False,0.22727272727272727
p10,stable,reference,131,uncertainty,False,0,0,5,False,False,False,False,44,False,0.0
p10,stable,reference,129,uncertainty,False,0,0,5,False,False,False,True,44,False,0.18181818181818182
p10,stable,reference,96,uncertainty,False,0,0,5,False,False,False,True,44,False,0.18181818181818182
p10,stable,reference,44,uncertainty,False,0,0,5,False,False,False,True,44,False,0.13636363636363635
p10,stable,reference,46,uncertainty,False,0,0,5,False,False,False,False,44,False,0.0
p10,stable,reference,159,low_score,False,0,0,5,False,False,False,False,13,False,0.0
p10,stable,reference,42,low_score,False,0,0,5,False,False,False,False,12,False,0.0
p10,stable,reference,64,low_score,False,0,0,5,False,False,False,False,5,False,0.0
p10,stable,reference,12,low_score,False,0,0,5,False,False,False,False,7,False,0.0
p10,stable,reference,160,low_score,False,0,0,5,False,False,False,False,14,False,0.0
p10,stable,reference,155,low_score,False,0,0,5,False,False,False,False,10,False,0.0
p10,stable,reference,11,low_score,False,0,0,5,False,False,False,False,12,False,0.0
p10,stable,reference,124,low_score,False,0,0,5,False,False,False,False,8,False,0.0
p10,stable,reference,169,low_score,False,0,0,5,False,False,False,False,13,False,0.0
p10,stable,reference,106,low_score,False,0,0,5,False,False,False,False,13,False,0.0
p10,stable,reference,157,low_score,False,0,0,5,False,False,False,False,9,False,0.0
p10,stable,reference,126,low_score,False,0,0,5,False,False,False,False,16,False,0.0
p10,stable,reference,55,low_score,False,0,0,5,False,False,False,False,9,False,0.0
p10,stable,reference,113,low_score,False,0,0,5,False,False,False,False,11,False,0.0
p10,stable,reference,158,low_score,False,0,0,5,False,False,False,False,12,False,0.0
p10,stable,reference,165,low_score,False,0,0,5,False,False,False,False,16,False,0.0
p10,stable,reference,178,low_score,False,0,0,5,False,False,False,False,10,False,0.0
p10,stable,reference,133,low_score,False,0,0,5,False,False,False,False,5,False,0.0
p10,stable,reference,78,low_score,False,0,0,5,False,False,False,False,11,False,0.0
p10,stable,reference,70,low_score,False,0,0,5,False,False,False,False,16,False,0.0
p10,stable,reference,176,low_score,False,0,0,5,False,False,False,False,11,False,0.0
p10,stable,reference,17,low_score,False,0,0,5,False,False,False,False,11,False,0.0
p10,stable,reference,136,low_score,False,0,0,5,False,False,False,False,15,False,0.0
p10,stable,reference,76,low_score,False,0,0,5,False,False,False,False,21,False,0.0
p10,stable,reference,82,low_score,False,0,0,5,False,False,False,False,9,False,0.0
p10,stable,reference,114,low_score,False,0,0,5,False,False,False,False,13,False,0.0
p10,stable,reference,168,low_score,False,0,0,5,False,False,False,False,8,False,0.0
p10,stable,reference,28,low_score,False,0,0,5,False,False,False,False,10,False,0.0
p10,stable,reference,39,low_score,False,0,0,5,False,False,False,False,8,False,0.0
p10,stable,reference,50,low_score,False,0,0,5,False,False,False,False,7,False,0.0
p10,stable,reference,61,low_score,False,0,0,5,False,False,False,False,9,False,0.0
p10,stable,reference,100,low_score,False,0,0,5,False,False,False,False,16,False,0.0
p10,stable,reference,130,low_score,False,0,0,5,False,False,False,False,15,False,0.0
p10,stable,reference,141,low_score,False,0,0,5,False,False,False,False,16,False,0.0
p10,stable,reference,53,low_score,False,0,0,5,False,False,False,False,17,False,0.0
p10,stable,reference,73,low_score,False,0,0,5,False,False,False,False,9,False,0.0
p10,stable,reference,9,low_score,False,0,0,5,False,False,False,False,8,False,0.0
p10,stable,reference,6,low_score,False,0,0,5,False,False,False,False,7,False,0.0
p10,stable,reference,31,low_score,False,0,0,5,False,False,False,False,10,False,0.0
p10,stable,reference,94,low_score,False,0,0,5,False,False,False,False,13,False,0.0
p10,stable,reference,58,low_score,False,0,0,5,False,False,False,False,14,False,0.0
p10,stable,reference,177,low_score,False,0,0,5,False,False,False,False,12,False,0.0
p10,stable,reference,48,low_score,False,0,0,5,False,False,False,False,14,False,0.0
p10,stable,reference,164,low_score,False,0,0,5,False,False,False,False,13,False,0.0
p10,stable,reference,67,low_score,False,0,0,5,False,False,False,False,14,False,0.0
p10,stable,reference,118,low_score,False,0,0,5,False,False,False,False,17,False,0.0
p10,stable,reference,79,low_score,False,0,0,5,False,False,False,False,5,False,0.0
p10,stable,reference,122,low_score,False,0,0,5,False,False,False,False,17,False,0.0
p10,stable,reference,54,low_score,False,0,0,5,False,False,False,False,8,False,0.0
p10,stable,reference,151,low_score,False,0,0,5,False,False,False,False,16,False,0.0
p10,stable,reference,103,low_score,False,0,0,5,False,False,False,False,11,False,0.0
p10,stable,reference,137,low_score,False,0,0,5,False,False,False,False,15,False,0.0
p10,stable,reference,132,low_score,False,0,0,5,False,False,False,False,11,False,0.0
p10,stable,reference,143,low_score,False,0,0,5,False,False,False,False,17,False,0.0
p10,stable,reference,107,low_score,False,0,0,5,False,False,False,False,12,False,0.0
p10,stable,reference,119,low_score,False,0,0,5,False,False,False,False,9,False,0.0
p10,stable,reference,109,low_score,False,0,0,5,False,False,False,False,11,False,0.0
p10,stable,reference,84,low_score,False,0,0,5,False,False,False,False,5,False,0.0
p10,stable,reference,135,low_score,False,0,0,5,False,False,False,False,13,False,0.0
p10,stable,reference,125,low_score,False,0,0,5,False,False,False,False,13,False,0.0
p10,stable,reference,161,low_score,False,0,0,5,False,False,False,False,15,False,0.0
p10,stable,reference,4,low_score,False,0,0,5,False,False,False,False,15,False,0.0
p10,stable,reference,72,low_score,False,0,0,4,False,False,False,False,4,False,0.0
p10,stable,reference,68,low_score,False,0,0,5,False,False,False,False,12,False,0.0
p10,stable,reference,175,low_score,False,0,0,5,False,False,False,False,14,False,0.0
p10,stable,reference,182,low_score,False,0,0,5,False,False,False,False,9,False,0.0
p10,stable,reference,134,low_score,False,0,0,5,False,False,False,False,15,False,0.0
p10,stable,reference,105,low_score,False,0,0,5,False,False,False,False,10,False,0.0
p10,stable,reference,43,low_score,False,0,0,5,False,False,False,False,10,False,0.0
p10,stable,reference,139,low_score,False,0,0,5,False,False,False,False,14,False,0.0
p10,stable,reference,3,low_score,False,0,0,5,False,False,False,False,9,False,0.0
p10,stable,reference,62,low_score,False,0,0,5,False,False,False,False,9,False,0.0
p10,stable,reference,5,low_score,False,0,0,5,False,False,False,False,9,False,0.0
p10,stable,reference,66,low_score,False,0,0,5,False,False,False,False,7,False,0.0
p10,stable,reference,180,low_score,False,0,0,5,False,False,False,False,17,False,0.0
p10,stable,reference,30,low_score,False,0,0,5,False,False,False,False,6,False,0.0
p10,stable,reference,149,low_score,False,0,0,5,False,False,False,False,12,False,0.0
p10,stable,reference,110,low_score,False,0,0,5,False,False,False,False,9,False,0.0
p10,stable,reference,13,low_score,False,0,0,5,False,False,False,False,15,False,0.0
p10,stable,reference,7,low_score,False,0,0,5,False,False,False,False,15,False,0.0
p10,stable,reference,87,low_score,False,0,0,5,False,False,False,False,10,False,0.0
p10,stable,reference,150,low_score,False,0,0,5,False,False,False,False,15,False,0.0
p10,stable,reference,179,low_score,False,0,0,5,False,False,False,False,18,False,0.0
p10,stable,reference,181,low_score,False,0,0,5,False,False,False,False,11,False,0.0
p10,stable,reference,148,low_score,False,0,0,5,False,False,False,False,15,False,0.0
p10,stable,reference,162,low_score,False,0,0,5,False,False,False,False,20,False,0.0
p10,stable,reference,102,low_score,False,0,0,5,False,False,False,False,11,False,0.0
p10,stable,reference,56,low_score,False,0,0,5,False,False,False,False,5,False,0.0
p10,stable,reference,19,low_score,False,0,0,5,False,False,False,False,11,False,0.0
p10,stable,reference,112,low_score,False,0,0,5,False,False,False,False,11,False,0.0
p10,stable,reference,40,low_score,False,0,0,5,False,False,False,False,6,False,0.0
p10,stable,reference,22,low_score,False,0,0,5,False,False,False,False,16,False,0.0
p10,stable,reference,88,low_score,False,0,0,5,False,False,False,False,10,False,0.0
p10,stable,reference,167,low_score,False,0,0,5,False,False,False,False,12,False,0.0
p10,stable,reference,183,low_score,False,0,0,5,False,False,False,False,15,False,0.0
p10,stable,reference,24,low_score,False,0,0,5,False,False,False,False,9,False,0.0
p10,stable,reference,128,low_score,False,0,0,5,False,False,False,False,13,False,0.0
p10,stable,reference,120,low_score,False,0,0,5,False,False,False,False,10,False,0.0
p10,stable,reference,45,low_score,False,0,0,5,False,False,False,False,8,False,0.0
p10,stable,reference,86,low_score,False,0,0,5,False,False,False,False,17,False,0.0
p10,stable,reference,156,low_score,False,0,0,5,False,False,False,False,16,False,0.0
p10,stable,reference,98,low_score,False,0,0,5,False,False,False,False,11,False,0.0
p10,stable,reference,92,low_score,False,0,0,5,False,False,False,False,12,False,0.0
p10,stable,reference,95,low_score,False,0,0,5,False,False,False,False,14,False,0.0
p10,stable,reference,101,low_score,False,0,0,5,False,False,False,False,15,False,0.0
p10,stable,reference,47,low_score,False,0,0,5,False,False,False,False,8,False,0.0
p10,stable,reference,25,low_score,False,0,0,5,False,False,False,False,11,False,0.0
p10,stable,reference,121,low_score,False,0,0,5,False,False,False,False,12,False,0.0
p10,stable,reference,41,low_score,False,0,0,5,False,False,False,False,9,False,0.0
p10,stable,reference,99,low_score,False,0,0,5,False,False,False,False,8,False,0.0
p10,stable,reference,27,low_score,False,0,0,5,False,False,False,False,13,False,0.0
p10,stable,reference,140,low_score,False,0,0,5,False,False,False,False,17,False,0.0
p10,stable,reference,81,low_score,False,0,0,3,False,False,False,False,3,False,0.0
p10,stable,reference,144,low_score,False,0,0,5,False,False,False,False,8,False,0.0
p10,stable,reference,108,low_score,False,0,0,5,False,False,False,False,12,False,0.0
p10,stable,reference,85,low_score,False,0,0,5,False,False,False,False,6,False,0.0
p10,stable,reference,152,low_score,False,0,0,5,False,False,False,False,17,False,0.0
p10,stable,reference,15,low_score,False,0,0,5,False,False,False,False,11,False,0.0
p10,stable,reference,89,low_score,False,0,0,5,False,False,False,False,13,False,0.0
p10,stable,reference,116,low_score,False,0,0,5,False,False,False,False,10,False,0.0
p10,stable,reference,138,low_score,False,0,0,5,False,False,False,False,14,False,0.0
p10,stable,reference,154,low_score,False,0,0,5,False,False,False,False,8,False,0.0
p10,stable,reference,104,low_score,False,0,0,5,False,False,False,False,14,False,0.0
p10,stable,reference,131,low_score,False,0,0,5,False,False,False,False,18,False,0.0
p10,stable,reference,129,low_score,False,0,0,5,False,False,False,False,7,False,0.0
p10,stable,reference,96,low_score,False,0,0,5,False,False,False,False,10,False,0.0
p10,stable,reference,44,low_score,False,0,0,5,False,False,False,False,7,False,0.0
p10,stable,reference,46,low_score,False,0,0,5,False,False,False,False,12,False,0.0
p10,app_quicksort,reference,159,uncertainty,False,0,0,5,False,False,False,True,44,False,0.045454545454545456
p10,app_quicksort,reference,42,uncertainty,False,0,0,5,False,False,False,True,44,False,0.045454545454545456
p10,app_quicksort,reference,64,uncertainty,False,0,0,5,False,False,False,True,44,False,0.22727272727272727
p10,app_quicksort,reference,12,uncertainty,False,0,0,5,False,False,False,True,44,False,0.22727272727272727
p10,app_quicksort,reference,160,uncertainty,False,0,0,5,False,False,False,False,44,False,0.0
p10,app_quicksort,reference,155,uncertainty,False,0,0,5,False,False,False,True,44,False,0.09090909090909091
p10,app_quicksort,reference,11,uncertainty,False,0,0,5,False,False,False,False,44,False,0.0
p10,app_quicksort,reference,124,uncertainty,False,0,0,5,False,False,False,True,44,False,0.3181818181818182
p10,app_quicksort,reference,169,uncertainty,False,0,0,5,False,False,False,True,44,False,0.22727272727272727
p10,app_quicksort,reference,106,uncertainty,False,0,0,5,False,False,False,True,44,False,0.09090909090909091
p10,app_quicksort,reference,157,uncertainty,False,0,0,5,False,False,False,True,44,False,0.09090909090909091
p10,app_quicksort,reference,126,uncertainty,False,0,0,5,False,False,False,True,44,False,0.09090909090909091
p10,app_quicksort,reference,55,uncertainty,False,0,0,5,False,False,False,True,44,False,0.09090909090909091
p10,app_quicksort,reference,113,uncertainty,False,0,0,5,False,False,False,True,44,False,0.09090909090909091
p10,app_quicksort,reference,158,uncertainty,False,0,0,5,False,False,False,True,44,False,0.09090909090909091
p10,app_quicksort,reference,165,uncertainty,False,0,0,5,False,False,False,True,44,False,0.18181818181818182
p10,app_quicksort,reference,178,uncertainty,False,0,0,5,False,False,False,True,44,False,0.09090909090909091
p10,app_quicksort,reference,133,uncertainty,False,0,0,5,False,False,False,True,44,False,0.09090909090909091
p10,app_quicksort,reference,78,uncertainty,False,0,0,5,False,False,False,True,44,False,0.13636363636363635
p10,app_quicksort,reference,70,uncertainty,False,0,0,5,False,False,False,False,44,False,0.0
p10,app_quicksort,reference,176,uncertainty,False,0,0,5,False,False,False,True,44,False,0.18181818181818182
p10,app_quicksort,reference,17,uncertainty,False,0,0,5,False,False,False,True,44,False,0.22727272727272727
p10,app_quicksort,reference,136,uncertainty,False,0,0,5,False,False,False,True,44,False,0.045454545454545456
p10,app_quicksort,reference,76,uncertainty,False,0,0,5,False,False,False,False,44,False,0.0
p10,app_quicksort,reference,82,uncertainty,False,0,0,5,False,False,False,False,44,False,0.0
p10,app_quicksort,reference,114,uncertainty,False,0,0,5,False,False,False,True,44,False,0.045454545454545456
p10,app_quicksort,reference,168,uncertainty,False,0,0,5,False,False,False,True,44,False,0.09090909090909091
p10,app_quicksort,reference,28,uncertainty,False,0,0,5,False,False,False,True,44,False,0.22727272727272727
p10,app_quicksort,reference,39,uncertainty,False,0,0,5,False,False,False,True,44,False,0.18181818181818182
p10,app_quicksort,reference,50,uncertainty,False,0,0,5,False,False,False,True,44,False,0.3181818181818182
p10,app_quicksort,reference,61,uncertainty,False,0,0,5,False,False,False,True,44,False,0.18181818181818182
p10,app_quicksort,reference,100,uncertainty,False,0,0,5,False,False,False,True,44,False,0.045454545454545456
p10,app_quicksort,reference,130,uncertainty,False,0,0,5,False,False,False,False,44,False,0.0
p10,app_quicksort,reference,141,uncertainty,False,0,0,5,False,False,False,True,44,False,0.09090909090909091
p10,app_quicksort,reference,53,uncertainty,False,0,0,5,False,False,False,False,44,False,0.0
p10,app_quicksort,reference,73,uncertainty,False,0,0,5,False,False,False,True,44,False,0.13636363636363635
p10,app_quicksort,reference,9,uncertainty,False,0,0,5,False,False,False,True,44,False,0.09090909090909091
p10,app_quicksort,reference,6,uncertainty,False,0,0,5,False,False,False,True,44,False,0.2727272727272727
p10,app_quicksort,reference,31,uncertainty,False,0,0,5,False,False,False,True,44,False,0.09090909090909091
p10,app_quicksort,reference,94,uncertainty,False,0,0,5,False,False,False,True,44,False,0.045454545454545456
p10,app_quicksort,reference,58,uncertainty,False,0,0,5,False,False,False,True,44,False,0.09090909090909091
p10,app_quicksort,reference,177,uncertainty,False,0,0,5,False,False,False,True,44,False,0.045454545454545456
p10,app_quicksort,reference,48,uncertainty,False,0,0,5,False,False,False,True,44,False,0.22727272727272727
p10,app_quicksort,reference,164,uncertainty,False,0,0,5,False,False,False,True,44,False,0.09090909090909091
p10,app_quicksort,reference,67,uncertainty,False,0,0,5,False,False,False,True,44,False,0.045454545454545456
p10,app_quicksort,reference,118,uncertainty,False,0,0,5,False,False,False,True,44,False,0.22727272727272727
p10,app_quicksort,reference,79,uncertainty,False,0,0,5,False,False,False,True,44,False,0.13636363636363635
p10,app_quicksort,reference,122,uncertainty,False,0,0,5,False,False,False,True,44,False,0.045454545454545456
p10,app_quicksort,reference,54,uncertainty,False,0,0,5,False,False,False,True,44,False,0.2727272727272727
p10,app_quicksort,reference,151,uncertainty,False,0,0,5,False,False,False,True,44,False,0.045454545454545456
p10,app_quicksort,reference,103,uncertainty,False,0,0,5,False,False,False,True,44,False,0.18181818181818182
p10,app_quicksort,reference,137,uncertainty,False,0,0,5,False,False,False,False,44,False,0.0
p10,app_quicksort,reference,132,uncertainty,False,0,0,5,False,False,False,True,44,False,0.13636363636363635
p10,app_quicksort,reference,143,uncertainty,False,0,0,5,False,False,False,True,44,False,0.09090909090909091
p10,app_quicksort,reference,107,uncertainty,False,0,0,5,False,False,False,True,44,False,0.045454545454545456
p10,app_quicksort,reference,119,uncertainty,False,0,0,5,False,False,False,True,44,False,0.22727272727272727
p10,app_quicksort,reference,109,uncertainty,False,0,0,5,False,False,False,True,44,False,0.18181818181818182
p10,app_quicksort,reference,84,uncertainty,False,0,0,5,False,False,False,True,44,False,0.18181818181818182
p10,app_quicksort,reference,135,uncertainty,False,0,0,5,False,False,False,True,44,False,0.045454545454545456
p10,app_quicksort,reference,125,uncertainty,False,0,0,5,False,False,False,True,44,False,0.045454545454545456
p10,app_quicksort,reference,161,uncertainty,False,0,0,5,False,False,False,True,44,False,0.045454545454545456
p10,app_quicksort,reference,4,uncertainty,False,0,0,5,False,False,False,True,44,False,0.045454545454545456
p10,app_quicksort,reference,72,uncertainty,False,0,0,5,False,False,False,True,44,False,0.36363636363636365
p10,app_quicksort,reference,68,uncertainty,False,0,0,5,False,False,False,True,44,False,0.09090909090909091
p10,app_quicksort,reference,175,uncertainty,False,0,0,5,False,False,False,True,44,False,0.2727272727272727
p10,app_quicksort,reference,182,uncertainty,False,0,0,5,False,False,False,True,44,False,0.36363636363636365
p10,app_quicksort,reference,134,uncertainty,False,0,0,5,False,False,False,False,44,False,0.0
p10,app_quicksort,reference,105,uncertainty,False,0,0,5,False,False,False,True,44,False,0.13636363636363635
p10,app_quicksort,reference,43,uncertainty,False,0,0,5,False,False,False,True,44,False,0.09090909090909091
p10,app_quicksort,reference,139,uncertainty,False,0,0,5,False,False,False,False,44,False,0.0
p10,app_quicksort,reference,3,uncertainty,False,0,0,5,False,False,False,True,44,False,0.2727272727272727
p10,app_quicksort,reference,62,uncertainty,False,0,0,5,False,False,False,True,44,False,0.36363636363636365
p10,app_quicksort,reference,5,uncertainty,False,0,0,5,False,False,False,True,44,False,0.09090909090909091
p10,app_quicksort,reference,66,uncertainty,False,0,0,5,False,False,False,True,44,False,0.22727272727272727
p10,app_quicksort,reference,180,uncertainty,False,0,0,5,False,False,False,True,44,False,0.045454545454545456
p10,app_quicksort,reference,30,uncertainty,False,0,0,5,False,False,False,True,44,False,0.22727272727272727
p10,app_quicksort,reference,149,uncertainty,False,0,0,5,False,False,False,True,44,False,0.13636363636363635
p10,app_quicksort,reference,110,uncertainty,False,0,0,5,False,False,False,True,44,False,0.045454545454545456
p10,app_quicksort,reference,13,uncertainty,False,0,0,5,False,False,False,True,44,False,0.045454545454545456
p10,app_quicksort,reference,7,uncertainty,False,0,0,5,False,False,False,True,44,False,0.09090909090909091
p10,app_quicksort,reference,87,uncertainty,False,0,0,5,False,False,False,True,44,False,0.045454545454545456
p10,app_quicksort,reference,150,uncertainty,False,0,0,5,False,False,False,True,44,False,0.13636363636363635
p10,app_quicksort,reference,179,uncertainty,False,0,0,5,False,False,False,True,44,False,0.045454545454545456
p10,app_quicksort,reference,181,uncertainty,False,0,0,5,False,False,False,True,44,False,0.3181818181818182
p10,app_quicksort,reference,148,uncertainty,False,0,0,5,False,False,False,False,44,False,0.0
p10,app_quicksort,reference,162,uncertainty,False,0,0,5,False,False,False,True,44,False,0.045454545454545456
p10,app_quicksort,reference,102,uncertainty,False,0,0,5,False,False,False,True,44,False,0.09090909090909091
p10,app_quicksort,reference,56,uncertainty,False,0,0,5,False,False,False,True,44,False,0.2727272727272727
p10,app_quicksort,reference,19,uncertainty,False,0,0,5,False,False,False,True,44,False,0.045454545454545456
p10,app_quicksort,reference,112,uncertainty,False,0,0,5,False,False,False,True,44,False,0.09090909090909091
p10,app_quicksort,reference,40,uncertainty,False,0,0,5,False,False,False,False,44,False,0.0
p10,app_quicksort,reference,22,uncertainty,False,0,0,5,False,False,False,False,44,False,0.0
p10,app_quicksort,reference,88,uncertainty,False,0,0,5,False,False,False,True,44,False,0.13636363636363635
p10,app_quicksort,reference,167,uncertainty,False,0,0,5,False,False,False,False,44,False,0.0
p10,app_quicksort,reference,183,uncertainty,False,0,0,5,False,False,False,True,44,False,0.09090909090909091
p10,app_quicksort,reference,24,uncertainty,False,0,0,5,False,False,False,True,44,False,0.18181818181818182
p10,app_quicksort,reference,128,uncertainty,False,0,0,5,False,False,False,True,44,False,0.13636363636363635
p10,app_quicksort,reference,120,uncertainty,False,0,0,5,False,False,False,True,44,False,0.36363636363636365
p10,app_quicksort,reference,45,uncertainty,False,0,0,5,False,False,False,True,44,False,0.22727272727272727
p10,app_quicksort,reference,86,uncertainty,False,0,0,5,False,False,False,True,44,False,0.13636363636363635
p10,app_quicksort,reference,156,uncertainty,False,0,0,5,False,False,False,True,44,False,0.045454545454545456
p10,app_quicksort,reference,98,uncertainty,False,0,0,5,False,False,False,True,44,False,0.045454545454545456
p10,app_quicksort,reference,92,uncertainty,False,0,0,5,False,False,False,True,44,False,0.09090909090909091
p10,app_quicksort,reference,95,uncertainty,False,0,0,5,False,False,False,True,44,False,0.045454545454545456
p10,app_quicksort,reference,101,uncertainty,False,0,0,5,False,False,False,True,44,False,0.045454545454545456
p10,app_quicksort,reference,47,uncertainty,False,0,0,5,False,False,False,True,44,False,0.09090909090909091
p10,app_quicksort,reference,25,uncertainty,False,0,0,5,False,False,False,True,44,False,0.13636363636363635
p10,app_quicksort,reference,121,uncertainty,False,0,0,5,False,False,False,True,44,False,0.13636363636363635
p10,app_quicksort,reference,41,uncertainty,False,0,0,5,False,False,False,True,44,False,0.13636363636363635
p10,app_quicksort,reference,99,uncertainty,False,0,0,5,False,False,False,True,44,False,0.09090909090909091
p10,app_quicksort,reference,27,uncertainty,False,0,0,5,False,False,False,True,44,False,0.09090909090909091
p10,app_quicksort,reference,140,uncertainty,False,0,0,5,False,False,False,True,44,False,0.045454545454545456
p10,app_quicksort,reference,81,uncertainty,False,0,0,5,False,False,False,False,44,False,0.0
p10,app_quicksort,reference,144,uncertainty,False,0,0,5,False,False,False,True,44,False,0.09090909090909091
p10,app_quicksort,reference,108,uncertainty,False,0,0,5,False,False,False,True,44,False,0.13636363636363635
p10,app_quicksort,reference,85,uncertainty,False,0,0,5,False,False,False,True,44,False,0.22727272727272727
p10,app_quicksort,reference,152,uncertainty,False,0,0,5,False,False,False,False,44,False,0.0
p10,app_quicksort,reference,15,uncertainty,False,0,0,5,False,False,False,True,44,False,0.18181818181818182
p10,app_quicksort,reference,89,uncertainty,False,0,0,5,False,False,False,True,44,False,0.09090909090909091
p10,app_quicksort,reference,116,uncertainty,False,0,0,5,False,False,False,True,44,False,0.045454545454545456
p10,app_quicksort,reference,138,uncertainty,False,0,0,5,False,False,False,True,44,False,0.09090909090909091
p10,app_quicksort,reference,154,uncertainty,False,0,0,5,False,False,False,True,44,False,0.22727272727272727
p10,app_quicksort,reference,104,uncertainty,False,0,0,5,False,False,False,True,44,False,0.22727272727272727
p10,app_quicksort,reference,131,uncertainty,False,0,0,5,False,False,False,False,44,False,0.0
p10,app_quicksort,reference,129,uncertainty,False,0,0,5,False,False,False,True,44,False,0.18181818181818182
p10,app_quicksort,reference,96,uncertainty,False,0,0,5,False,False,False,True,44,False,0.18181818181818182
p10,app_quicksort,reference,44,uncertainty,False,0,0,5,False,False,False,True,44,False,0.13636363636363635
p10,app_quicksort,reference,46,uncertainty,False,0,0,5,False,False,False,False,44,False,0.0
p10,app_quicksort,reference,159,low_score,False,0,0,5,False,False,False,False,13,False,0.0
p10,app_quicksort,reference,42,low_score,False,0,0,5,False,False,False,False,12,False,0.0
p10,app_quicksort,reference,64,low_score,False,0,0,5,False,False,False,False,5,False,0.0
p10,app_quicksort,reference,12,low_score,False,0,0,5,False,False,False,False,7,False,0.0
p10,app_quicksort,reference,160,low_score,False,0,0,5,False,False,False,False,14,False,0.0
p10,app_quicksort,reference,155,low_score,False,0,0,5,False,False,False,False,10,False,0.0
p10,app_quicksort,reference,11,low_score,False,0,0,5,False,False,False,False,12,False,0.0
p10,app_quicksort,reference,124,low_score,False,0,0,5,False,False,False,False,8,False,0.0
p10,app_quicksort,reference,169,low_score,False,0,0,5,False,False,False,False,13,False,0.0
p10,app_quicksort,reference,106,low_score,False,0,0,5,False,False,False,False,13,False,0.0
p10,app_quicksort,reference,157,low_score,False,0,0,5,False,False,False,False,9,False,0.0
p10,app_quicksort,reference,126,low_score,False,0,0,5,False,False,False,False,16,False,0.0
p10,app_quicksort,reference,55,low_score,False,0,0,5,False,False,False,False,9,False,0.0
p10,app_quicksort,reference,113,low_score,False,0,0,5,False,False,False,False,11,False,0.0
p10,app_quicksort,reference,158,low_score,False,0,0,5,False,False,False,False,12,False,0.0
p10,app_quicksort,reference,165,low_score,False,0,0,5,False,False,False,False,16,False,0.0
p10,app_quicksort,reference,178,low_score,False,0,0,5,False,False,False,False,10,False,0.0
p10,app_quicksort,reference,133,low_score,False,0,0,5,False,False,False,False,5,False,0.0
p10,app_quicksort,reference,78,low_score,False,0,0,5,False,False,False,False,11,False,0.0
p10,app_quicksort,reference,70,low_score,False,0,0,5,False,False,False,False,16,False,0.0
p10,app_quicksort,reference,176,low_score,False,0,0,5,False,False,False,False,11,False,0.0
p10,app_quicksort,reference,17,low_score,False,0,0,5,False,False,False,False,11,False,0.0
p10,app_quicksort,reference,136,low_score,False,0,0,5,False,False,False,False,15,False,0.0
p10,app_quicksort,reference,76,low_score,False,0,0,5,False,False,False,False,21,False,0.0
p10,app_quicksort,reference,82,low_score,False,0,0,5,False,False,False,False,9,False,0.0
p10,app_quicksort,reference,114,low_score,False,0,0,5,False,False,False,False,13,False,0.0
p10,app_quicksort,reference,168,low_score,False,0,0,5,False,False,False,False,8,False,0.0
p10,app_quicksort,reference,28,low_score,False,0,0,5,False,False,False,False,10,False,0.0
p10,app_quicksort,reference,39,low_score,False,0,0,5,False,False,False,False,8,False,0.0
p10,app_quicksort,reference,50,low_score,False,0,0,5,False,False,False,False,7,False,0.0
p10,app_quicksort,reference,61,low_score,False,0,0,5,False,False,False,False,9,False,0.0
p10,app_quicksort,reference,100,low_score,False,0,0,5,False,False,False,False,16,False,0.0
p10,app_quicksort,reference,130,low_score,False,0,0,5,False,False,False,False,15,False,0.0
p10,app_quicksort,reference,141,low_score,False,0,0,5,False,False,False,False,16,False,0.0
p10,app_quicksort,reference,53,low_score,False,0,0,5,False,False,False,False,17,False,0.0
p10,app_quicksort,reference,73,low_score,False,0,0,5,False,False,False,False,9,False,0.0
p10,app_quicksort,reference,9,low_score,False,0,0,5,False,False,False,False,8,False,0.0
p10,app_quicksort,reference,6,low_score,False,0,0,5,False,False,False,False,7,False,0.0
p10,app_quicksort,reference,31,low_score,False,0,0,5,False,False,False,False,10,False,0.0
p10,app_quicksort,reference,94,low_score,False,0,0,5,False,False,False,False,13,False,0.0
p10,app_quicksort,reference,58,low_score,False,0,0,5,False,False,False,False,14,False,0.0
p10,app_quicksort,reference,177,low_score,False,0,0,5,False,False,False,False,12,False,0.0
p10,app_quicksort,reference,48,low_score,False,0,0,5,False,False,False,False,14,False,0.0
p10,app_quicksort,reference,164,low_score,False,0,0,5,False,False,False,False,13,False,0.0
p10,app_quicksort,reference,67,low_score,False,0,0,5,False,False,False,False,14,False,0.0
p10,app_quicksort,reference,118,low_score,False,0,0,5,False,False,False,False,17,False,0.0
p10,app_quicksort,reference,79,low_score,False,0,0,5,False,False,False,False,5,False,0.0
p10,app_quicksort,reference,122,low_score,False,0,0,5,False,False,False,False,17,False,0.0
p10,app_quicksort,reference,54,low_score,False,0,0,5,False,False,False,False,8,False,0.0
p10,app_quicksort,reference,151,low_score,False,0,0,5,False,False,False,False,16,False,0.0
p10,app_quicksort,reference,103,low_score,False,0,0,5,False,False,False,False,11,False,0.0
p10,app_quicksort,reference,137,low_score,False,0,0,5,False,False,False,False,15,False,0.0
p10,app_quicksort,reference,132,low_score,False,0,0,5,False,False,False,False,11,False,0.0
p10,app_quicksort,reference,143,low_score,False,0,0,5,False,False,False,False,17,False,0.0
p10,app_quicksort,reference,107,low_score,False,0,0,5,False,False,False,False,12,False,0.0
p10,app_quicksort,reference,119,low_score,False,0,0,5,False,False,False,False,9,False,0.0
p10,app_quicksort,reference,109,low_score,False,0,0,5,False,False,False,False,11,False,0.0
p10,app_quicksort,reference,84,low_score,False,0,0,5,False,False,False,False,5,False,0.0
p10,app_quicksort,reference,135,low_score,False,0,0,5,False,False,False,False,13,False,0.0
p10,app_quicksort,reference,125,low_score,False,0,0,5,False,False,False,False,13,False,0.0
p10,app_quicksort,reference,161,low_score,False,0,0,5,False,False,False,False,15,False,0.0
p10,app_quicksort,reference,4,low_score,False,0,0,5,False,False,False,False,15,False,0.0
p10,app_quicksort,reference,72,low_score,False,0,0,4,False,False,False,False,4,False,0.0
p10,app_quicksort,reference,68,low_score,False,0,0,5,False,False,False,False,12,False,0.0
p10,app_quicksort,reference,175,low_score,False,0,0,5,False,False,False,False,14,False,0.0
p10,app_quicksort,reference,182,low_score,False,0,0,5,False,False,False,False,9,False,0.0
p10,app_quicksort,reference,134,low_score,False,0,0,5,False,False,False,False,15,False,0.0
p10,app_quicksort,reference,105,low_score,False,0,0,5,False,False,False,False,10,False,0.0
p10,app_quicksort,reference,43,low_score,False,0,0,5,False,False,False,False,10,False,0.0
p10,app_quicksort,reference,139,low_score,False,0,0,5,False,False,False,False,14,False,0.0
p10,app_quicksort,reference,3,low_score,False,0,0,5,False,False,False,False,9,False,0.0
p10,app_quicksort,reference,62,low_score,False,0,0,5,False,False,False,False,9,False,0.0
p10,app_quicksort,reference,5,low_score,False,0,0,5,False,False,False,False,9,False,0.0
p10,app_quicksort,reference,66,low_score,False,0,0,5,False,False,False,False,7,False,0.0
p10,app_quicksort,reference,180,low_score,False,0,0,5,False,False,False,False,17,False,0.0
p10,app_quicksort,reference,30,low_score,False,0,0,5,False,False,False,False,6,False,0.0
p10,app_quicksort,reference,149,low_score,False,0,0,5,False,False,False,False,12,False,0.0
p10,app_quicksort,reference,110,low_score,False,0,0,5,False,False,False,False,9,False,0.0
p10,app_quicksort,reference,13,low_score,False,0,0,5,False,False,False,False,15,False,0.0
p10,app_quicksort,reference,7,low_score,False,0,0,5,False,False,False,False,15,False,0.0
p10,app_quicksort,reference,87,low_score,False,0,0,5,False,False,False,False,10,False,0.0
p10,app_quicksort,reference,150,low_score,False,0,0,5,False,False,False,False,15,False,0.0
p10,app_quicksort,reference,179,low_score,False,0,0,5,False,False,False,False,18,False,0.0
p10,app_quicksort,reference,181,low_score,False,0,0,5,False,False,False,False,11,False,0.0
p10,app_quicksort,reference,148,low_score,False,0,0,5,False,False,False,False,15,False,0.0
p10,app_quicksort,reference,162,low_score,False,0,0,5,False,False,False,False,20,False,0.0
p10,app_quicksort,reference,102,low_score,False,0,0,5,False,False,False,False,11,False,0.0
p10,app_quicksort,reference,56,low_score,False,0,0,5,False,False,False,False,5,False,0.0
p10,app_quicksort,reference,19,low_score,False,0,0,5,False,False,False,False,11,False,0.0
p10,app_quicksort,reference,112,low_score,False,0,0,5,False,False,False,False,11,False,0.0
p10,app_quicksort,reference,40,low_score,False,0,0,5,False,False,False,False,6,False,0.0
p10,app_quicksort,reference,22,low_score,False,0,0,5,False,False,False,False,16,False,0.0
p10,app_quicksort,reference,88,low_score,False,0,0,5,False,False,False,False,10,False,0.0
p10,app_quicksort,reference,167,low_score,False,0,0,5,False,False,False,False,12,False,0.0
p10,app_quicksort,reference,183,low_score,False,0,0,5,False,False,False,False,15,False,0.0
p10,app_quicksort,reference,24,low_score,False,0,0,5,False,False,False,False,9,False,0.0
p10,app_quicksort,reference,128,low_score,False,0,0,5,False,False,False,False,13,False,0.0
p10,app_quicksort,reference,120,low_score,False,0,0,5,False,False,False,False,10,False,0.0
p10,app_quicksort,reference,45,low_score,False,0,0,5,False,False,False,False,8,False,0.0
p10,app_quicksort,reference,86,low_score,False,0,0,5,False,False,False,False,17,False,0.0
p10,app_quicksort,reference,156,low_score,False,0,0,5,False,False,False,False,16,False,0.0
p10,app_quicksort,reference,98,low_score,False,0,0,5,False,False,False,False,11,False,0.0
p10,app_quicksort,reference,92,low_score,False,0,0,5,False,False,False,False,12,False,0.0
p10,app_quicksort,reference,95,low_score,False,0,0,5,False,False,False,False,14,False,0.0
p10,app_quicksort,reference,101,low_score,False,0,0,5,False,False,False,False,15,False,0.0
p10,app_quicksort,reference,47,low_score,False,0,0,5,False,False,False,False,8,False,0.0
p10,app_quicksort,reference,25,low_score,False,0,0,5,False,False,False,False,11,False,0.0
p10,app_quicksort,reference,121,low_score,False,0,0,5,False,False,False,False,12,False,0.0
p10,app_quicksort,reference,41,low_score,False,0,0,5,False,False,False,False,9,False,0.0
p10,app_quicksort,reference,99,low_score,False,0,0,5,False,False,False,False,8,False,0.0
p10,app_quicksort,reference,27,low_score,False,0,0,5,False,False,False,False,13,False,0.0
p10,app_quicksort,reference,140,low_score,False,0,0,5,False,False,False,False,17,False,0.0
p10,app_quicksort,reference,81,low_score,False,0,0,3,False,False,False,False,3,False,0.0
p10,app_quicksort,reference,144,low_score,False,0,0,5,False,False,False,False,8,False,0.0
p10,app_quicksort,reference,108,low_score,False,0,0,5,False,False,False,False,12,False,0.0
p10,app_quicksort,reference,85,low_score,False,0,0,5,False,False,False,False,6,False,0.0
p10,app_quicksort,reference,152,low_score,False,0,0,5,False,False,False,False,17,False,0.0
p10,app_quicksort,reference,15,low_score,False,0,0,5,False,False,False,False,11,False,0.0
p10,app_quicksort,reference,89,low_score,False,0,0,5,False,False,False,False,13,False,0.0
p10,app_quicksort,reference,116,low_score,False,0,0,5,False,False,False,False,10,False,0.0
p10,app_quicksort,reference,138,low_score,False,0,0,5,False,False,False,False,14,False,0.0
p10,app_quicksort,reference,154,low_score,False,0,0,5,False,False,False,False,8,False,0.0
p10,app_quicksort,reference,104,low_score,False,0,0,5,False,False,False,False,14,False,0.0
p10,app_quicksort,reference,131,low_score,False,0,0,5,False,False,False,False,18,False,0.0
p10,app_quicksort,reference,129,low_score,False,0,0,5,False,False,False,False,7,False,0.0
p10,app_quicksort,reference,96,low_score,False,0,0,5,False,False,False,False,10,False,0.0
p10,app_quicksort,reference,44,low_score,False,0,0,5,False,False,False,False,7,False,0.0
p10,app_quicksort,reference,46,low_score,False,0,0,5,False,False,False,False,12,False,0.0
p10,stable,complete_cohort,2,uncertainty,False,0,0,5,False,False,False,True,44,False,0.22727272727272727
p10,stable,complete_cohort,3,uncertainty,False,0,0,5,False,False,False,True,44,False,0.2727272727272727
p10,stable,complete_cohort,4,uncertainty,False,0,0,5,False,False,False,True,44,False,0.045454545454545456
p10,stable,complete_cohort,5,uncertainty,False,0,0,5,False,False,False,True,44,False,0.09090909090909091
p10,stable,complete_cohort,6,uncertainty,False,0,0,5,False,False,False,True,44,False,0.2727272727272727
p10,stable,complete_cohort,7,uncertainty,False,0,0,5,False,False,False,True,44,False,0.09090909090909091
p10,stable,complete_cohort,9,uncertainty,False,0,0,5,False,False,False,True,44,False,0.09090909090909091
p10,stable,complete_cohort,11,uncertainty,False,0,0,5,False,False,False,False,44,False,0.0
p10,stable,complete_cohort,12,uncertainty,False,0,0,5,False,False,False,True,44,False,0.22727272727272727
p10,stable,complete_cohort,13,uncertainty,False,0,0,5,False,False,False,True,44,False,0.045454545454545456
p10,stable,complete_cohort,14,uncertainty,False,0,0,5,False,False,False,True,44,False,0.09090909090909091
p10,stable,complete_cohort,15,uncertainty,False,0,0,5,False,False,False,True,44,False,0.18181818181818182
p10,stable,complete_cohort,17,uncertainty,False,0,0,5,False,False,False,True,44,False,0.22727272727272727
p10,stable,complete_cohort,19,uncertainty,False,0,0,5,False,False,False,True,44,False,0.045454545454545456
p10,stable,complete_cohort,20,uncertainty,False,0,0,5,False,False,False,True,44,False,0.3181818181818182
p10,stable,complete_cohort,21,uncertainty,False,0,0,5,False,False,False,True,44,False,0.045454545454545456
p10,stable,complete_cohort,22,uncertainty,False,0,0,5,False,False,False,False,44,False,0.0
p10,stable,complete_cohort,23,uncertainty,False,0,0,5,False,False,False,True,44,False,0.2727272727272727
p10,stable,complete_cohort,24,uncertainty,False,0,0,5,False,False,False,True,44,False,0.18181818181818182
p10,stable,complete_cohort,25,uncertainty,False,0,0,5,False,False,False,True,44,False,0.13636363636363635
p10,stable,complete_cohort,27,uncertainty,False,0,0,5,False,False,False,True,44,False,0.09090909090909091
p10,stable,complete_cohort,28,uncertainty,False,0,0,5,False,False,False,True,44,False,0.22727272727272727
p10,stable,complete_cohort,29,uncertainty,False,0,0,5,False,False,False,True,44,False,0.13636363636363635
p10,stable,complete_cohort,30,uncertainty,False,0,0,5,False,False,False,True,44,False,0.22727272727272727
p10,stable,complete_cohort,31,uncertainty,False,0,0,5,False,False,False,True,44,False,0.09090909090909091
p10,stable,complete_cohort,39,uncertainty,False,0,0,5,False,False,False,True,44,False,0.18181818181818182
p10,stable,complete_cohort,40,uncertainty,False,0,0,5,False,False,False,False,44,False,0.0
p10,stable,complete_cohort,41,uncertainty,False,0,0,5,False,False,False,True,44,False,0.13636363636363635
p10,stable,complete_cohort,42,uncertainty,False,0,0,5,False,False,False,True,44,False,0.045454545454545456
p10,stable,complete_cohort,43,uncertainty,False,0,0,5,False,False,False,True,44,False,0.09090909090909091
p10,stable,complete_cohort,44,uncertainty,False,0,0,5,False,False,False,True,44,False,0.13636363636363635
p10,stable,complete_cohort,45,uncertainty,False,0,0,5,False,False,False,True,44,False,0.22727272727272727
p10,stable,complete_cohort,46,uncertainty,False,0,0,5,False,False,False,False,44,False,0.0
p10,stable,complete_cohort,47,uncertainty,False,0,0,5,False,False,False,True,44,False,0.09090909090909091
p10,stable,complete_cohort,48,uncertainty,False,0,0,5,False,False,False,True,44,False,0.22727272727272727
p10,stable,complete_cohort,50,uncertainty,False,0,0,5,False,False,False,True,44,False,0.3181818181818182
p10,stable,complete_cohort,51,uncertainty,False,0,0,5,False,False,False,False,44,False,0.0
p10,stable,complete_cohort,52,uncertainty,False,0,0,5,False,False,False,True,44,False,0.13636363636363635
p10,stable,complete_cohort,53,uncertainty,False,0,0,5,False,False,False,False,44,False,0.0
p10,stable,complete_cohort,54,uncertainty,False,0,0,5,False,False,False,True,44,False,0.2727272727272727
p10,stable,complete_cohort,55,uncertainty,False,0,0,5,False,False,False,True,44,False,0.09090909090909091
p10,stable,complete_cohort,56,uncertainty,False,0,0,5,False,False,False,True,44,False,0.2727272727272727
p10,stable,complete_cohort,58,uncertainty,False,0,0,5,False,False,False,True,44,False,0.09090909090909091
p10,stable,complete_cohort,59,uncertainty,False,0,0,5,False,False,False,True,44,False,0.18181818181818182
p10,stable,complete_cohort,61,uncertainty,False,0,0,5,False,False,False,True,44,False,0.18181818181818182
p10,stable,complete_cohort,62,uncertainty,False,0,0,5,False,False,False,True,44,False,0.36363636363636365
p10,stable,complete_cohort,63,uncertainty,False,0,0,5,False,False,False,True,44,False,0.22727272727272727
p10,stable,complete_cohort,64,uncertainty,False,0,0,5,False,False,False,True,44,False,0.22727272727272727
p10,stable,complete_cohort,66,uncertainty,False,0,0,5,False,False,False,True,44,False,0.22727272727272727
p10,stable,complete_cohort,67,uncertainty,False,0,0,5,False,False,False,True,44,False,0.045454545454545456
p10,stable,complete_cohort,68,uncertainty,False,0,0,5,False,False,False,True,44,False,0.09090909090909091
p10,stable,complete_cohort,70,uncertainty,False,0,0,5,False,False,False,False,44,False,0.0
p10,stable,complete_cohort,71,uncertainty,False,0,0,5,False,False,False,True,44,False,0.09090909090909091
p10,stable,complete_cohort,72,uncertainty,False,0,0,5,False,False,False,True,44,False,0.36363636363636365
p10,stable,complete_cohort,73,uncertainty,False,0,0,5,False,False,False,True,44,False,0.13636363636363635
p10,stable,complete_cohort,74,uncertainty,False,0,0,5,False,False,False,False,44,False,0.0
p10,stable,complete_cohort,76,uncertainty,False,0,0,5,False,False,False,False,44,False,0.0
p10,stable,complete_cohort,77,uncertainty,False,0,0,5,False,False,False,True,44,False,0.2727272727272727
p10,stable,complete_cohort,78,uncertainty,False,0,0,5,False,False,False,True,44,False,0.13636363636363635
p10,stable,complete_cohort,79,uncertainty,False,0,0,5,False,False,False,True,44,False,0.13636363636363635
p10,stable,complete_cohort,80,uncertainty,False,0,0,5,False,False,False,True,44,False,0.045454545454545456
p10,stable,complete_cohort,81,uncertainty,False,0,0,5,False,False,False,False,44,False,0.0
p10,stable,complete_cohort,82,uncertainty,False,0,0,5,False,False,False,False,44,False,0.0
p10,stable,complete_cohort,83,uncertainty,False,0,0,5,False,False,False,True,44,False,0.18181818181818182
p10,stable,complete_cohort,84,uncertainty,False,0,0,5,False,False,False,True,44,False,0.18181818181818182
p10,stable,complete_cohort,85,uncertainty,False,0,0,5,False,False,False,True,44,False,0.22727272727272727
p10,stable,complete_cohort,86,uncertainty,False,0,0,5,False,False,False,True,44,False,0.13636363636363635
p10,stable,complete_cohort,87,uncertainty,False,0,0,5,False,False,False,True,44,False,0.045454545454545456
p10,stable,complete_cohort,88,uncertainty,False,0,0,5,False,False,False,True,44,False,0.13636363636363635
p10,stable,complete_cohort,89,uncertainty,False,0,0,5,False,False,False,True,44,False,0.09090909090909091
p10,stable,complete_cohort,90,uncertainty,False,0,0,5,False,False,False,False,44,False,0.0
p10,stable,complete_cohort,91,uncertainty,False,0,0,5,False,False,False,True,44,False,0.18181818181818182
p10,stable,complete_cohort,92,uncertainty,False,0,0,5,False,False,False,True,44,False,0.09090909090909091
p10,stable,complete_cohort,93,uncertainty,False,0,0,5,False,False,False,True,44,False,0.18181818181818182
p10,stable,complete_cohort,94,uncertainty,False,0,0,5,False,False,False,True,44,False,0.045454545454545456
p10,stable,complete_cohort,95,uncertainty,False,0,0,5,False,False,False,True,44,False,0.045454545454545456
p10,stable,complete_cohort,96,uncertainty,False,0,0,5,False,False,False,True,44,False,0.18181818181818182
p10,stable,complete_cohort,97,uncertainty,False,0,0,5,False,False,False,True,44,False,0.045454545454545456
p10,stable,complete_cohort,98,uncertainty,False,0,0,5,False,False,False,True,44,False,0.045454545454545456
p10,stable,complete_cohort,99,uncertainty,False,0,0,5,False,False,False,True,44,False,0.09090909090909091
p10,stable,complete_cohort,100,uncertainty,False,0,0,5,False,False,False,True,44,False,0.045454545454545456
p10,stable,complete_cohort,101,uncertainty,False,0,0,5,False,False,False,True,44,False,0.045454545454545456
p10,stable,complete_cohort,102,uncertainty,False,0,0,5,False,False,False,True,44,False,0.09090909090909091
p10,stable,complete_cohort,103,uncertainty,False,0,0,5,False,False,False,True,44,False,0.18181818181818182
p10,stable,complete_cohort,104,uncertainty,False,0,0,5,False,False,False,True,44,False,0.22727272727272727
p10,stable,complete_cohort,105,uncertainty,False,0,0,5,False,False,False,True,44,False,0.13636363636363635
p10,stable,complete_cohort,106,uncertainty,False,0,0,5,False,False,False,True,44,False,0.09090909090909091
p10,stable,complete_cohort,107,uncertainty,False,0,0,5,False,False,False,True,44,False,0.045454545454545456
p10,stable,complete_cohort,108,uncertainty,False,0,0,5,False,False,False,True,44,False,0.13636363636363635
p10,stable,complete_cohort,109,uncertainty,False,0,0,5,False,False,False,True,44,False,0.18181818181818182
p10,stable,complete_cohort,110,uncertainty,False,0,0,5,False,False,False,True,44,False,0.045454545454545456
p10,stable,complete_cohort,111,uncertainty,False,0,0,5,False,False,False,True,44,False,0.18181818181818182
p10,stable,complete_cohort,112,uncertainty,False,0,0,5,False,False,False,True,44,False,0.09090909090909091
p10,stable,complete_cohort,113,uncertainty,False,0,0,5,False,False,False,True,44,False,0.09090909090909091
p10,stable,complete_cohort,114,uncertainty,False,0,0,5,False,False,False,True,44,False,0.045454545454545456
p10,stable,complete_cohort,115,uncertainty,False,0,0,5,False,False,False,True,44,False,0.045454545454545456
p10,stable,complete_cohort,116,uncertainty,False,0,0,5,False,False,False,True,44,False,0.045454545454545456
p10,stable,complete_cohort,117,uncertainty,False,0,0,5,False,False,False,True,44,False,0.045454545454545456
p10,stable,complete_cohort,118,uncertainty,False,0,0,5,False,False,False,True,44,False,0.22727272727272727
p10,stable,complete_cohort,119,uncertainty,False,0,0,5,False,False,False,True,44,False,0.22727272727272727
p10,stable,complete_cohort,120,uncertainty,False,0,0,5,False,False,False,True,44,False,0.36363636363636365
p10,stable,complete_cohort,121,uncertainty,False,0,0,5,False,False,False,True,44,False,0.13636363636363635
p10,stable,complete_cohort,122,uncertainty,False,0,0,5,False,False,False,True,44,False,0.045454545454545456
p10,stable,complete_cohort,123,uncertainty,False,0,0,5,False,False,False,True,44,False,0.13636363636363635
p10,stable,complete_cohort,124,uncertainty,False,0,0,5,False,False,False,True,44,False,0.3181818181818182
p10,stable,complete_cohort,125,uncertainty,False,0,0,5,False,False,False,True,44,False,0.045454545454545456
p10,stable,complete_cohort,126,uncertainty,False,0,0,5,False,False,False,True,44,False,0.09090909090909091
p10,stable,complete_cohort,127,uncertainty,False,0,0,5,False,False,False,True,44,False,0.09090909090909091
p10,stable,complete_cohort,128,uncertainty,False,0,0,5,False,False,False,True,44,False,0.13636363636363635
p10,stable,complete_cohort,129,uncertainty,False,0,0,5,False,False,False,True,44,False,0.18181818181818182
p10,stable,complete_cohort,130,uncertainty,False,0,0,5,False,False,False,False,44,False,0.0
p10,stable,complete_cohort,131,uncertainty,False,0,0,5,False,False,False,False,44,False,0.0
p10,stable,complete_cohort,132,uncertainty,False,0,0,5,False,False,False,True,44,False,0.13636363636363635
p10,stable,complete_cohort,133,uncertainty,False,0,0,5,False,False,False,True,44,False,0.09090909090909091
p10,stable,complete_cohort,134,uncertainty,False,0,0,5,False,False,False,False,44,False,0.0
p10,stable,complete_cohort,135,uncertainty,False,0,0,5,False,False,False,True,44,False,0.045454545454545456
p10,stable,complete_cohort,136,uncertainty,False,0,0,5,False,False,False,True,44,False,0.045454545454545456
p10,stable,complete_cohort,137,uncertainty,False,0,0,5,False,False,False,False,44,False,0.0
p10,stable,complete_cohort,138,uncertainty,False,0,0,5,False,False,False,True,44,False,0.09090909090909091
p10,stable,complete_cohort,139,uncertainty,False,0,0,5,False,False,False,False,44,False,0.0
p10,stable,complete_cohort,140,uncertainty,False,0,0,5,False,False,False,True,44,False,0.045454545454545456
p10,stable,complete_cohort,141,uncertainty,False,0,0,5,False,False,False,True,44,False,0.09090909090909091
p10,stable,complete_cohort,142,uncertainty,False,0,0,5,False,False,False,False,44,False,0.0
p10,stable,complete_cohort,143,uncertainty,False,0,0,5,False,False,False,True,44,False,0.09090909090909091
p10,stable,complete_cohort,144,uncertainty,False,0,0,5,False,False,False,True,44,False,0.09090909090909091
p10,stable,complete_cohort,147,uncertainty,False,0,0,5,False,False,False,True,44,False,0.09090909090909091
p10,stable,complete_cohort,148,uncertainty,False,0,0,5,False,False,False,False,44,False,0.0
p10,stable,complete_cohort,149,uncertainty,False,0,0,5,False,False,False,True,44,False,0.13636363636363635
p10,stable,complete_cohort,150,uncertainty,False,0,0,5,False,False,False,True,44,False,0.13636363636363635
p10,stable,complete_cohort,151,uncertainty,False,0,0,5,False,False,False,True,44,False,0.045454545454545456
p10,stable,complete_cohort,152,uncertainty,False,0,0,5,False,False,False,False,44,False,0.0
p10,stable,complete_cohort,153,uncertainty,False,0,0,5,False,False,False,True,44,False,0.18181818181818182
p10,stable,complete_cohort,154,uncertainty,False,0,0,5,False,False,False,True,44,False,0.22727272727272727
p10,stable,complete_cohort,155,uncertainty,False,0,0,5,False,False,False,True,44,False,0.09090909090909091
p10,stable,complete_cohort,156,uncertainty,False,0,0,5,False,False,False,True,44,False,0.045454545454545456
p10,stable,complete_cohort,157,uncertainty,False,0,0,5,False,False,False,True,44,False,0.09090909090909091
p10,stable,complete_cohort,158,uncertainty,False,0,0,5,False,False,False,True,44,False,0.09090909090909091
p10,stable,complete_cohort,159,uncertainty,False,0,0,5,False,False,False,True,44,False,0.045454545454545456
p10,stable,complete_cohort,160,uncertainty,False,0,0,5,False,False,False,False,44,False,0.0
p10,stable,complete_cohort,161,uncertainty,False,0,0,5,False,False,False,True,44,False,0.045454545454545456
p10,stable,complete_cohort,162,uncertainty,False,0,0,5,False,False,False,True,44,False,0.045454545454545456
p10,stable,complete_cohort,163,uncertainty,False,0,0,5,False,False,False,True,44,False,0.09090909090909091
p10,stable,complete_cohort,164,uncertainty,False,0,0,5,False,False,False,True,44,False,0.09090909090909091
p10,stable,complete_cohort,165,uncertainty,False,0,0,5,False,False,False,True,44,False,0.18181818181818182
p10,stable,complete_cohort,166,uncertainty,False,0,0,5,False,False,False,True,44,False,0.18181818181818182
p10,stable,complete_cohort,167,uncertainty,False,0,0,5,False,False,False,False,44,False,0.0
p10,stable,complete_cohort,168,uncertainty,False,0,0,5,False,False,False,True,44,False,0.09090909090909091
p10,stable,complete_cohort,169,uncertainty,False,0,0,5,False,False,False,True,44,False,0.22727272727272727
p10,stable,complete_cohort,170,uncertainty,False,0,0,5,False,False,False,True,44,False,0.22727272727272727
p10,stable,complete_cohort,172,uncertainty,False,0,0,5,False,False,False,True,44,False,0.09090909090909091
p10,stable,complete_cohort,174,uncertainty,False,0,0,5,False,False,False,True,44,False,0.045454545454545456
p10,stable,complete_cohort,175,uncertainty,False,0,0,5,False,False,False,True,44,False,0.2727272727272727
p10,stable,complete_cohort,176,uncertainty,False,0,0,5,False,False,False,True,44,False,0.18181818181818182
p10,stable,complete_cohort,177,uncertainty,False,0,0,5,False,False,False,True,44,False,0.045454545454545456
p10,stable,complete_cohort,178,uncertainty,False,0,0,5,False,False,False,True,44,False,0.09090909090909091
p10,stable,complete_cohort,179,uncertainty,False,0,0,5,False,False,False,True,44,False,0.045454545454545456
p10,stable,complete_cohort,180,uncertainty,False,0,0,5,False,False,False,True,44,False,0.045454545454545456
p10,stable,complete_cohort,181,uncertainty,False,0,0,5,False,False,False,True,44,False,0.3181818181818182
p10,stable,complete_cohort,182,uncertainty,False,0,0,5,False,False,False,True,44,False,0.36363636363636365
p10,stable,complete_cohort,183,uncertainty,False,0,0,5,False,False,False,True,44,False,0.09090909090909091
p10,stable,complete_cohort,2,low_score,False,0,0,5,False,False,False,False,5,False,0.0
p10,stable,complete_cohort,3,low_score,False,0,0,5,False,False,False,False,9,False,0.0
p10,stable,complete_cohort,4,low_score,False,0,0,5,False,False,False,False,15,False,0.0
p10,stable,complete_cohort,5,low_score,False,0,0,5,False,False,False,False,9,False,0.0
p10,stable,complete_cohort,6,low_score,False,0,0,5,False,False,False,False,7,False,0.0
p10,stable,complete_cohort,7,low_score,False,0,0,5,False,False,False,False,15,False,0.0
p10,stable,complete_cohort,9,low_score,False,0,0,5,False,False,False,False,8,False,0.0
p10,stable,complete_cohort,11,low_score,False,0,0,5,False,False,False,False,12,False,0.0
p10,stable,complete_cohort,12,low_score,False,0,0,5,False,False,False,False,7,False,0.0
p10,stable,complete_cohort,13,low_score,False,0,0,5,False,False,False,False,15,False,0.0
p10,stable,complete_cohort,14,low_score,False,0,0,5,False,False,False,False,16,False,0.0
p10,stable,complete_cohort,15,low_score,False,0,0,5,False,False,False,False,11,False,0.0
p10,stable,complete_cohort,17,low_score,False,0,0,5,False,False,False,False,11,False,0.0
p10,stable,complete_cohort,19,low_score,False,0,0,5,False,False,False,False,11,False,0.0
p10,stable,complete_cohort,20,low_score,False,0,0,5,False,False,False,False,6,False,0.0
p10,stable,complete_cohort,21,low_score,False,0,0,5,False,False,False,False,15,False,0.0
p10,stable,complete_cohort,22,low_score,False,0,0,5,False,False,False,False,16,False,0.0
p10,stable,complete_cohort,23,low_score,False,0,0,5,False,False,False,False,12,False,0.0
p10,stable,complete_cohort,24,low_score,False,0,0,5,False,False,False,False,9,False,0.0
p10,stable,complete_cohort,25,low_score,False,0,0,5,False,False,False,False,11,False,0.0
p10,stable,complete_cohort,27,low_score,False,0,0,5,False,False,False,False,13,False,0.0
p10,stable,complete_cohort,28,low_score,False,0,0,5,False,False,False,False,10,False,0.0
p10,stable,complete_cohort,29,low_score,False,0,0,5,False,False,False,False,9,False,0.0
p10,stable,complete_cohort,30,low_score,False,0,0,5,False,False,False,False,6,False,0.0
p10,stable,complete_cohort,31,low_score,False,0,0,5,False,False,False,False,10,False,0.0
p10,stable,complete_cohort,39,low_score,False,0,0,5,False,False,False,False,8,False,0.0
p10,stable,complete_cohort,40,low_score,False,0,0,5,False,False,False,False,6,False,0.0
p10,stable,complete_cohort,41,low_score,False,0,0,5,False,False,False,False,9,False,0.0
p10,stable,complete_cohort,42,low_score,False,0,0,5,False,False,False,False,12,False,0.0
p10,stable,complete_cohort,43,low_score,False,0,0,5,False,False,False,False,10,False,0.0
p10,stable,complete_cohort,44,low_score,False,0,0,5,False,False,False,False,7,False,0.0
p10,stable,complete_cohort,45,low_score,False,0,0,5,False,False,False,False,8,False,0.0
p10,stable,complete_cohort,46,low_score,False,0,0,5,False,False,False,False,12,False,0.0
p10,stable,complete_cohort,47,low_score,False,0,0,5,False,False,False,False,8,False,0.0
p10,stable,complete_cohort,48,low_score,False,0,0,5,False,False,False,False,14,False,0.0
p10,stable,complete_cohort,50,low_score,False,0,0,5,False,False,False,False,7,False,0.0
p10,stable,complete_cohort,51,low_score,False,0,0,5,False,False,False,False,17,False,0.0
p10,stable,complete_cohort,52,low_score,False,0,0,5,False,False,False,False,15,False,0.0
p10,stable,complete_cohort,53,low_score,False,0,0,5,False,False,False,False,17,False,0.0
p10,stable,complete_cohort,54,low_score,False,0,0,5,False,False,False,False,8,False,0.0
p10,stable,complete_cohort,55,low_score,False,0,0,5,False,False,False,False,9,False,0.0
p10,stable,complete_cohort,56,low_score,False,0,0,5,False,False,False,False,5,False,0.0
p10,stable,complete_cohort,58,low_score,False,0,0,5,False,False,False,False,14,False,0.0
p10,stable,complete_cohort,59,low_score,False,0,0,5,False,False,False,False,6,False,0.0
p10,stable,complete_cohort,61,low_score,False,0,0,5,False,False,False,False,9,False,0.0
p10,stable,complete_cohort,62,low_score,False,0,0,5,False,False,False,False,9,False,0.0
p10,stable,complete_cohort,63,low_score,False,0,0,5,False,False,False,False,6,False,0.0
p10,stable,complete_cohort,64,low_score,False,0,0,5,False,False,False,False,5,False,0.0
p10,stable,complete_cohort,66,low_score,False,0,0,5,False,False,False,False,7,False,0.0
p10,stable,complete_cohort,67,low_score,False,0,0,5,False,False,False,False,14,False,0.0
p10,stable,complete_cohort,68,low_score,False,0,0,5,False,False,False,False,12,False,0.0
p10,stable,complete_cohort,70,low_score,False,0,0,5,False,False,False,False,16,False,0.0
p10,stable,complete_cohort,71,low_score,False,0,0,5,False,False,False,False,11,False,0.0
p10,stable,complete_cohort,72,low_score,False,0,0,4,False,False,False,False,4,False,0.0
p10,stable,complete_cohort,73,low_score,False,0,0,5,False,False,False,False,9,False,0.0
p10,stable,complete_cohort,74,low_score,False,0,0,5,False,False,False,False,15,False,0.0
p10,stable,complete_cohort,76,low_score,False,0,0,5,False,False,False,False,21,False,0.0
p10,stable,complete_cohort,77,low_score,False,0,0,5,False,False,False,False,12,False,0.0
p10,stable,complete_cohort,78,low_score,False,0,0,5,False,False,False,False,11,False,0.0
p10,stable,complete_cohort,79,low_score,False,0,0,5,False,False,False,False,5,False,0.0
p10,stable,complete_cohort,80,low_score,False,0,0,5,False,False,False,False,18,False,0.0
p10,stable,complete_cohort,81,low_score,False,0,0,3,False,False,False,False,3,False,0.0
p10,stable,complete_cohort,82,low_score,False,0,0,5,False,False,False,False,9,False,0.0
p10,stable,complete_cohort,83,low_score,False,0,0,5,False,False,False,False,5,False,0.0
p10,stable,complete_cohort,84,low_score,False,0,0,5,False,False,False,False,5,False,0.0
p10,stable,complete_cohort,85,low_score,False,0,0,5,False,False,False,False,6,False,0.0
p10,stable,complete_cohort,86,low_score,False,0,0,5,False,False,False,False,17,False,0.0
p10,stable,complete_cohort,87,low_score,False,0,0,5,False,False,False,False,10,False,0.0
p10,stable,complete_cohort,88,low_score,False,0,0,5,False,False,False,False,10,False,0.0
p10,stable,complete_cohort,89,low_score,False,0,0,5,False,False,False,False,13,False,0.0
p10,stable,complete_cohort,90,low_score,False,0,0,5,False,False,False,False,19,False,0.0
p10,stable,complete_cohort,91,low_score,False,0,0,5,False,False,False,False,19,False,0.0
p10,stable,complete_cohort,92,low_score,False,0,0,5,False,False,False,False,12,False,0.0
p10,stable,complete_cohort,93,low_score,False,0,0,5,False,False,False,False,9,False,0.0
p10,stable,complete_cohort,94,low_score,False,0,0,5,False,False,False,False,13,False,0.0
p10,stable,complete_cohort,95,low_score,False,0,0,5,False,False,False,False,14,False,0.0
p10,stable,complete_cohort,96,low_score,False,0,0,5,False,False,False,False,10,False,0.0
p10,stable,complete_cohort,97,low_score,False,0,0,5,False,False,False,False,9,False,0.0
p10,stable,complete_cohort,98,low_score,False,0,0,5,False,False,False,False,11,False,0.0
p10,stable,complete_cohort,99,low_score,False,0,0,5,False,False,False,False,8,False,0.0
p10,stable,complete_cohort,100,low_score,False,0,0,5,False,False,False,False,16,False,0.0
p10,stable,complete_cohort,101,low_score,False,0,0,5,False,False,False,False,15,False,0.0
p10,stable,complete_cohort,102,low_score,False,0,0,5,False,False,False,False,11,False,0.0
p10,stable,complete_cohort,103,low_score,False,0,0,5,False,False,False,False,11,False,0.0
p10,stable,complete_cohort,104,low_score,False,0,0,5,False,False,False,False,14,False,0.0
p10,stable,complete_cohort,105,low_score,False,0,0,5,False,False,False,False,10,False,0.0
p10,stable,complete_cohort,106,low_score,False,0,0,5,False,False,False,False,13,False,0.0
p10,stable,complete_cohort,107,low_score,False,0,0,5,False,False,False,False,12,False,0.0
p10,stable,complete_cohort,108,low_score,False,0,0,5,False,False,False,False,12,False,0.0
p10,stable,complete_cohort,109,low_score,False,0,0,5,False,False,False,False,11,False,0.0
p10,stable,complete_cohort,110,low_score,False,0,0,5,False,False,False,False,9,False,0.0
p10,stable,complete_cohort,111,low_score,False,0,0,5,False,False,False,False,9,False,0.0
p10,stable,complete_cohort,112,low_score,False,0,0,5,False,False,False,False,11,False,0.0
p10,stable,complete_cohort,113,low_score,False,0,0,5,False,False,False,False,11,False,0.0
p10,stable,complete_cohort,114,low_score,False,0,0,5,False,False,False,False,13,False,0.0
p10,stable,complete_cohort,115,low_score,False,0,0,5,False,False,False,False,10,False,0.0
p10,stable,complete_cohort,116,low_score,False,0,0,5,False,False,False,False,10,False,0.0
p10,stable,complete_cohort,117,low_score,False,0,0,5,False,False,False,False,11,False,0.0
p10,stable,complete_cohort,118,low_score,False,0,0,5,False,False,False,False,17,False,0.0
p10,stable,complete_cohort,119,low_score,False,0,0,5,False,False,False,False,9,False,0.0
p10,stable,complete_cohort,120,low_score,False,0,0,5,False,False,False,False,10,False,0.0
p10,stable,complete_cohort,121,low_score,False,0,0,5,False,False,False,False,12,False,0.0
p10,stable,complete_cohort,122,low_score,False,0,0,5,False,False,False,False,17,False,0.0
p10,stable,complete_cohort,123,low_score,False,0,0,5,False,False,False,False,11,False,0.0
p10,stable,complete_cohort,124,low_score,False,0,0,5,False,False,False,False,8,False,0.0
p10,stable,complete_cohort,125,low_score,False,0,0,5,False,False,False,False,13,False,0.0
p10,stable,complete_cohort,126,low_score,False,0,0,5,False,False,False,False,16,False,0.0
p10,stable,complete_cohort,127,low_score,False,0,0,5,False,False,False,False,15,False,0.0
p10,stable,complete_cohort,128,low_score,False,0,0,5,False,False,False,False,13,False,0.0
p10,stable,complete_cohort,129,low_score,False,0,0,5,False,False,False,False,7,False,0.0
p10,stable,complete_cohort,130,low_score,False,0,0,5,False,False,False,False,15,False,0.0
p10,stable,complete_cohort,131,low_score,False,0,0,5,False,False,False,False,18,False,0.0
p10,stable,complete_cohort,132,low_score,False,0,0,5,False,False,False,False,11,False,0.0
p10,stable,complete_cohort,133,low_score,False,0,0,5,False,False,False,False,5,False,0.0
p10,stable,complete_cohort,134,low_score,False,0,0,5,False,False,False,False,15,False,0.0
p10,stable,complete_cohort,135,low_score,False,0,0,5,False,False,False,False,13,False,0.0
p10,stable,complete_cohort,136,low_score,False,0,0,5,False,False,False,False,15,False,0.0
p10,stable,complete_cohort,137,low_score,False,0,0,5,False,False,False,False,15,False,0.0
p10,stable,complete_cohort,138,low_score,False,0,0,5,False,False,False,False,14,False,0.0
p10,stable,complete_cohort,139,low_score,False,0,0,5,False,False,False,False,14,False,0.0
p10,stable,complete_cohort,140,low_score,False,0,0,5,False,False,False,False,17,False,0.0
p10,stable,complete_cohort,141,low_score,False,0,0,5,False,False,False,False,16,False,0.0
p10,stable,complete_cohort,142,low_score,False,0,0,5,False,False,False,False,17,False,0.0
p10,stable,complete_cohort,143,low_score,False,0,0,5,False,False,False,False,17,False,0.0
p10,stable,complete_cohort,144,low_score,False,0,0,5,False,False,False,False,8,False,0.0
p10,stable,complete_cohort,147,low_score,False,0,0,5,False,False,False,False,14,False,0.0
p10,stable,complete_cohort,148,low_score,False,0,0,5,False,False,False,False,15,False,0.0
p10,stable,complete_cohort,149,low_score,False,0,0,5,False,False,False,False,12,False,0.0
p10,stable,complete_cohort,150,low_score,False,0,0,5,False,False,False,False,15,False,0.0
p10,stable,complete_cohort,151,low_score,False,0,0,5,False,False,False,False,16,False,0.0
p10,stable,complete_cohort,152,low_score,False,0,0,5,False,False,False,False,17,False,0.0
p10,stable,complete_cohort,153,low_score,False,0,0,5,False,False,False,False,14,False,0.0
p10,stable,complete_cohort,154,low_score,False,0,0,5,False,False,False,False,8,False,0.0
p10,stable,complete_cohort,155,low_score,False,0,0,5,False,False,False,False,10,False,0.0
p10,stable,complete_cohort,156,low_score,False,0,0,5,False,False,False,False,16,False,0.0
p10,stable,complete_cohort,157,low_score,False,0,0,5,False,False,False,False,9,False,0.0
p10,stable,complete_cohort,158,low_score,False,0,0,5,False,False,False,False,12,False,0.0
p10,stable,complete_cohort,159,low_score,False,0,0,5,False,False,False,False,13,False,0.0
p10,stable,complete_cohort,160,low_score,False,0,0,5,False,False,False,False,14,False,0.0
p10,stable,complete_cohort,161,low_score,False,0,0,5,False,False,False,False,15,False,0.0
p10,stable,complete_cohort,162,low_score,False,0,0,5,False,False,False,False,20,False,0.0
p10,stable,complete_cohort,163,low_score,False,0,0,5,False,False,False,False,18,False,0.0
p10,stable,complete_cohort,164,low_score,False,0,0,5,False,False,False,False,13,False,0.0
p10,stable,complete_cohort,165,low_score,False,0,0,5,False,False,False,False,16,False,0.0
p10,stable,complete_cohort,166,low_score,False,0,0,5,False,False,False,False,18,False,0.0
p10,stable,complete_cohort,167,low_score,False,0,0,5,False,False,False,False,12,False,0.0
p10,stable,complete_cohort,168,low_score,False,0,0,5,False,False,False,False,8,False,0.0
p10,stable,complete_cohort,169,low_score,False,0,0,5,False,False,False,False,13,False,0.0
p10,stable,complete_cohort,170,low_score,False,0,0,5,False,False,False,False,12,False,0.0
p10,stable,complete_cohort,172,low_score,False,0,0,5,False,False,False,False,12,False,0.0
p10,stable,complete_cohort,174,low_score,False,0,0,5,False,False,False,False,15,False,0.0
p10,stable,complete_cohort,175,low_score,False,0,0,5,False,False,False,False,14,False,0.0
p10,stable,complete_cohort,176,low_score,False,0,0,5,False,False,False,False,11,False,0.0
p10,stable,complete_cohort,177,low_score,False,0,0,5,False,False,False,False,12,False,0.0
p10,stable,complete_cohort,178,low_score,False,0,0,5,False,False,False,False,10,False,0.0
p10,stable,complete_cohort,179,low_score,False,0,0,5,False,False,False,False,18,False,0.0
p10,stable,complete_cohort,180,low_score,False,0,0,5,False,False,False,False,17,False,0.0
p10,stable,complete_cohort,181,low_score,False,0,0,5,False,False,False,False,11,False,0.0
p10,stable,complete_cohort,182,low_score,False,0,0,5,False,False,False,False,9,False,0.0
p10,stable,complete_cohort,183,low_score,False,0,0,5,False,False,False,False,15,False,0.0
p10,app_quicksort,complete_cohort,2,uncertainty,False,0,0,5,False,False,False,True,44,False,0.22727272727272727
p10,app_quicksort,complete_cohort,3,uncertainty,False,0,0,5,False,False,False,True,44,False,0.2727272727272727
p10,app_quicksort,complete_cohort,4,uncertainty,False,0,0,5,False,False,False,True,44,False,0.045454545454545456
p10,app_quicksort,complete_cohort,5,uncertainty,False,0,0,5,False,False,False,True,44,False,0.09090909090909091
p10,app_quicksort,complete_cohort,6,uncertainty,False,0,0,5,False,False,False,True,44,False,0.2727272727272727
p10,app_quicksort,complete_cohort,7,uncertainty,False,0,0,5,False,False,False,True,44,False,0.09090909090909091
p10,app_quicksort,complete_cohort,9,uncertainty,False,0,0,5,False,False,False,True,44,False,0.09090909090909091
p10,app_quicksort,complete_cohort,11,uncertainty,False,0,0,5,False,False,False,False,44,False,0.0
p10,app_quicksort,complete_cohort,12,uncertainty,False,0,0,5,False,False,False,True,44,False,0.22727272727272727
p10,app_quicksort,complete_cohort,13,uncertainty,False,0,0,5,False,False,False,True,44,False,0.045454545454545456
p10,app_quicksort,complete_cohort,14,uncertainty,False,0,0,5,False,False,False,True,44,False,0.09090909090909091
p10,app_quicksort,complete_cohort,15,uncertainty,False,0,0,5,False,False,False,True,44,False,0.18181818181818182
p10,app_quicksort,complete_cohort,17,uncertainty,False,0,0,5,False,False,False,True,44,False,0.22727272727272727
p10,app_quicksort,complete_cohort,19,uncertainty,False,0,0,5,False,False,False,True,44,False,0.045454545454545456
p10,app_quicksort,complete_cohort,20,uncertainty,False,0,0,5,False,False,False,True,44,False,0.3181818181818182
p10,app_quicksort,complete_cohort,21,uncertainty,False,0,0,5,False,False,False,True,44,False,0.045454545454545456
p10,app_quicksort,complete_cohort,22,uncertainty,False,0,0,5,False,False,False,False,44,False,0.0
p10,app_quicksort,complete_cohort,23,uncertainty,False,0,0,5,False,False,False,True,44,False,0.2727272727272727
p10,app_quicksort,complete_cohort,24,uncertainty,False,0,0,5,False,False,False,True,44,False,0.18181818181818182
p10,app_quicksort,complete_cohort,25,uncertainty,False,0,0,5,False,False,False,True,44,False,0.13636363636363635
p10,app_quicksort,complete_cohort,27,uncertainty,False,0,0,5,False,False,False,True,44,False,0.09090909090909091
p10,app_quicksort,complete_cohort,28,uncertainty,False,0,0,5,False,False,False,True,44,False,0.22727272727272727
p10,app_quicksort,complete_cohort,29,uncertainty,False,0,0,5,False,False,False,True,44,False,0.13636363636363635
p10,app_quicksort,complete_cohort,30,uncertainty,False,0,0,5,False,False,False,True,44,False,0.22727272727272727
p10,app_quicksort,complete_cohort,31,uncertainty,False,0,0,5,False,False,False,True,44,False,0.09090909090909091
p10,app_quicksort,complete_cohort,39,uncertainty,False,0,0,5,False,False,False,True,44,False,0.18181818181818182
p10,app_quicksort,complete_cohort,40,uncertainty,False,0,0,5,False,False,False,False,44,False,0.0
p10,app_quicksort,complete_cohort,41,uncertainty,False,0,0,5,False,False,False,True,44,False,0.13636363636363635
p10,app_quicksort,complete_cohort,42,uncertainty,False,0,0,5,False,False,False,True,44,False,0.045454545454545456
p10,app_quicksort,complete_cohort,43,uncertainty,False,0,0,5,False,False,False,True,44,False,0.09090909090909091
p10,app_quicksort,complete_cohort,44,uncertainty,False,0,0,5,False,False,False,True,44,False,0.13636363636363635
p10,app_quicksort,complete_cohort,45,uncertainty,False,0,0,5,False,False,False,True,44,False,0.22727272727272727
p10,app_quicksort,complete_cohort,46,uncertainty,False,0,0,5,False,False,False,False,44,False,0.0
p10,app_quicksort,complete_cohort,47,uncertainty,False,0,0,5,False,False,False,True,44,False,0.09090909090909091
p10,app_quicksort,complete_cohort,48,uncertainty,False,0,0,5,False,False,False,True,44,False,0.22727272727272727
p10,app_quicksort,complete_cohort,50,uncertainty,False,0,0,5,False,False,False,True,44,False,0.3181818181818182
p10,app_quicksort,complete_cohort,51,uncertainty,False,0,0,5,False,False,False,False,44,False,0.0
p10,app_quicksort,complete_cohort,52,uncertainty,False,0,0,5,False,False,False,True,44,False,0.13636363636363635
p10,app_quicksort,complete_cohort,53,uncertainty,False,0,0,5,False,False,False,False,44,False,0.0
p10,app_quicksort,complete_cohort,54,uncertainty,False,0,0,5,False,False,False,True,44,False,0.2727272727272727
p10,app_quicksort,complete_cohort,55,uncertainty,False,0,0,5,False,False,False,True,44,False,0.09090909090909091
p10,app_quicksort,complete_cohort,56,uncertainty,False,0,0,5,False,False,False,True,44,False,0.2727272727272727
p10,app_quicksort,complete_cohort,58,uncertainty,False,0,0,5,False,False,False,True,44,False,0.09090909090909091
p10,app_quicksort,complete_cohort,59,uncertainty,False,0,0,5,False,False,False,True,44,False,0.18181818181818182
p10,app_quicksort,complete_cohort,61,uncertainty,False,0,0,5,False,False,False,True,44,False,0.18181818181818182
p10,app_quicksort,complete_cohort,62,uncertainty,False,0,0,5,False,False,False,True,44,False,0.36363636363636365
p10,app_quicksort,complete_cohort,63,uncertainty,False,0,0,5,False,False,False,True,44,False,0.22727272727272727
p10,app_quicksort,complete_cohort,64,uncertainty,False,0,0,5,False,False,False,True,44,False,0.22727272727272727
p10,app_quicksort,complete_cohort,66,uncertainty,False,0,0,5,False,False,False,True,44,False,0.22727272727272727
p10,app_quicksort,complete_cohort,67,uncertainty,False,0,0,5,False,False,False,True,44,False,0.045454545454545456
p10,app_quicksort,complete_cohort,68,uncertainty,False,0,0,5,False,False,False,True,44,False,0.09090909090909091
p10,app_quicksort,complete_cohort,70,uncertainty,False,0,0,5,False,False,False,False,44,False,0.0
p10,app_quicksort,complete_cohort,71,uncertainty,False,0,0,5,False,False,False,True,44,False,0.09090909090909091
p10,app_quicksort,complete_cohort,72,uncertainty,False,0,0,5,False,False,False,True,44,False,0.36363636363636365
p10,app_quicksort,complete_cohort,73,uncertainty,False,0,0,5,False,False,False,True,44,False,0.13636363636363635
p10,app_quicksort,complete_cohort,74,uncertainty,False,0,0,5,False,False,False,False,44,False,0.0
p10,app_quicksort,complete_cohort,76,uncertainty,False,0,0,5,False,False,False,False,44,False,0.0
p10,app_quicksort,complete_cohort,77,uncertainty,False,0,0,5,False,False,False,True,44,False,0.2727272727272727
p10,app_quicksort,complete_cohort,78,uncertainty,False,0,0,5,False,False,False,True,44,False,0.13636363636363635
p10,app_quicksort,complete_cohort,79,uncertainty,False,0,0,5,False,False,False,True,44,False,0.13636363636363635
p10,app_quicksort,complete_cohort,80,uncertainty,False,0,0,5,False,False,False,True,44,False,0.045454545454545456
p10,app_quicksort,complete_cohort,81,uncertainty,False,0,0,5,False,False,False,False,44,False,0.0
p10,app_quicksort,complete_cohort,82,uncertainty,False,0,0,5,False,False,False,False,44,False,0.0
p10,app_quicksort,complete_cohort,83,uncertainty,False,0,0,5,False,False,False,True,44,False,0.18181818181818182
p10,app_quicksort,complete_cohort,84,uncertainty,False,0,0,5,False,False,False,True,44,False,0.18181818181818182
p10,app_quicksort,complete_cohort,85,uncertainty,False,0,0,5,False,False,False,True,44,False,0.22727272727272727
p10,app_quicksort,complete_cohort,86,uncertainty,False,0,0,5,False,False,False,True,44,False,0.13636363636363635
p10,app_quicksort,complete_cohort,87,uncertainty,False,0,0,5,False,False,False,True,44,False,0.045454545454545456
p10,app_quicksort,complete_cohort,88,uncertainty,False,0,0,5,False,False,False,True,44,False,0.13636363636363635
p10,app_quicksort,complete_cohort,89,uncertainty,False,0,0,5,False,False,False,True,44,False,0.09090909090909091
p10,app_quicksort,complete_cohort,90,uncertainty,False,0,0,5,False,False,False,False,44,False,0.0
p10,app_quicksort,complete_cohort,91,uncertainty,False,0,0,5,False,False,False,True,44,False,0.18181818181818182
p10,app_quicksort,complete_cohort,92,uncertainty,False,0,0,5,False,False,False,True,44,False,0.09090909090909091
p10,app_quicksort,complete_cohort,93,uncertainty,False,0,0,5,False,False,False,True,44,False,0.18181818181818182
p10,app_quicksort,complete_cohort,94,uncertainty,False,0,0,5,False,False,False,True,44,False,0.045454545454545456
p10,app_quicksort,complete_cohort,95,uncertainty,False,0,0,5,False,False,False,True,44,False,0.045454545454545456
p10,app_quicksort,complete_cohort,96,uncertainty,False,0,0,5,False,False,False,True,44,False,0.18181818181818182
p10,app_quicksort,complete_cohort,97,uncertainty,False,0,0,5,False,False,False,True,44,False,0.045454545454545456
p10,app_quicksort,complete_cohort,98,uncertainty,False,0,0,5,False,False,False,True,44,False,0.045454545454545456
p10,app_quicksort,complete_cohort,99,uncertainty,False,0,0,5,False,False,False,True,44,False,0.09090909090909091
p10,app_quicksort,complete_cohort,100,uncertainty,False,0,0,5,False,False,False,True,44,False,0.045454545454545456
p10,app_quicksort,complete_cohort,101,uncertainty,False,0,0,5,False,False,False,True,44,False,0.045454545454545456
p10,app_quicksort,complete_cohort,102,uncertainty,False,0,0,5,False,False,False,True,44,False,0.09090909090909091
p10,app_quicksort,complete_cohort,103,uncertainty,False,0,0,5,False,False,False,True,44,False,0.18181818181818182
p10,app_quicksort,complete_cohort,104,uncertainty,False,0,0,5,False,False,False,True,44,False,0.22727272727272727
p10,app_quicksort,complete_cohort,105,uncertainty,False,0,0,5,False,False,False,True,44,False,0.13636363636363635
p10,app_quicksort,complete_cohort,106,uncertainty,False,0,0,5,False,False,False,True,44,False,0.09090909090909091
p10,app_quicksort,complete_cohort,107,uncertainty,False,0,0,5,False,False,False,True,44,False,0.045454545454545456
p10,app_quicksort,complete_cohort,108,uncertainty,False,0,0,5,False,False,False,True,44,False,0.13636363636363635
p10,app_quicksort,complete_cohort,109,uncertainty,False,0,0,5,False,False,False,True,44,False,0.18181818181818182
p10,app_quicksort,complete_cohort,110,uncertainty,False,0,0,5,False,False,False,True,44,False,0.045454545454545456
p10,app_quicksort,complete_cohort,111,uncertainty,False,0,0,5,False,False,False,True,44,False,0.18181818181818182
p10,app_quicksort,complete_cohort,112,uncertainty,False,0,0,5,False,False,False,True,44,False,0.09090909090909091
p10,app_quicksort,complete_cohort,113,uncertainty,False,0,0,5,False,False,False,True,44,False,0.09090909090909091
p10,app_quicksort,complete_cohort,114,uncertainty,False,0,0,5,False,False,False,True,44,False,0.045454545454545456
p10,app_quicksort,complete_cohort,115,uncertainty,False,0,0,5,False,False,False,True,44,False,0.045454545454545456
p10,app_quicksort,complete_cohort,116,uncertainty,False,0,0,5,False,False,False,True,44,False,0.045454545454545456
p10,app_quicksort,complete_cohort,117,uncertainty,False,0,0,5,False,False,False,True,44,False,0.045454545454545456
p10,app_quicksort,complete_cohort,118,uncertainty,False,0,0,5,False,False,False,True,44,False,0.22727272727272727
p10,app_quicksort,complete_cohort,119,uncertainty,False,0,0,5,False,False,False,True,44,False,0.22727272727272727
p10,app_quicksort,complete_cohort,120,uncertainty,False,0,0,5,False,False,False,True,44,False,0.36363636363636365
p10,app_quicksort,complete_cohort,121,uncertainty,False,0,0,5,False,False,False,True,44,False,0.13636363636363635
p10,app_quicksort,complete_cohort,122,uncertainty,False,0,0,5,False,False,False,True,44,False,0.045454545454545456
p10,app_quicksort,complete_cohort,123,uncertainty,False,0,0,5,False,False,False,True,44,False,0.13636363636363635
p10,app_quicksort,complete_cohort,124,uncertainty,False,0,0,5,False,False,False,True,44,False,0.3181818181818182
p10,app_quicksort,complete_cohort,125,uncertainty,False,0,0,5,False,False,False,True,44,False,0.045454545454545456
p10,app_quicksort,complete_cohort,126,uncertainty,False,0,0,5,False,False,False,True,44,False,0.09090909090909091
p10,app_quicksort,complete_cohort,127,uncertainty,False,0,0,5,False,False,False,True,44,False,0.09090909090909091
p10,app_quicksort,complete_cohort,128,uncertainty,False,0,0,5,False,False,False,True,44,False,0.13636363636363635
p10,app_quicksort,complete_cohort,129,uncertainty,False,0,0,5,False,False,False,True,44,False,0.18181818181818182
p10,app_quicksort,complete_cohort,130,uncertainty,False,0,0,5,False,False,False,False,44,False,0.0
p10,app_quicksort,complete_cohort,131,uncertainty,False,0,0,5,False,False,False,False,44,False,0.0
p10,app_quicksort,complete_cohort,132,uncertainty,False,0,0,5,False,False,False,True,44,False,0.13636363636363635
p10,app_quicksort,complete_cohort,133,uncertainty,False,0,0,5,False,False,False,True,44,False,0.09090909090909091
p10,app_quicksort,complete_cohort,134,uncertainty,False,0,0,5,False,False,False,False,44,False,0.0
p10,app_quicksort,complete_cohort,135,uncertainty,False,0,0,5,False,False,False,True,44,False,0.045454545454545456
p10,app_quicksort,complete_cohort,136,uncertainty,False,0,0,5,False,False,False,True,44,False,0.045454545454545456
p10,app_quicksort,complete_cohort,137,uncertainty,False,0,0,5,False,False,False,False,44,False,0.0
p10,app_quicksort,complete_cohort,138,uncertainty,False,0,0,5,False,False,False,True,44,False,0.09090909090909091
p10,app_quicksort,complete_cohort,139,uncertainty,False,0,0,5,False,False,False,False,44,False,0.0
p10,app_quicksort,complete_cohort,140,uncertainty,False,0,0,5,False,False,False,True,44,False,0.045454545454545456
p10,app_quicksort,complete_cohort,141,uncertainty,False,0,0,5,False,False,False,True,44,False,0.09090909090909091
p10,app_quicksort,complete_cohort,142,uncertainty,False,0,0,5,False,False,False,False,44,False,0.0
p10,app_quicksort,complete_cohort,143,uncertainty,False,0,0,5,False,False,False,True,44,False,0.09090909090909091
p10,app_quicksort,complete_cohort,144,uncertainty,False,0,0,5,False,False,False,True,44,False,0.09090909090909091
p10,app_quicksort,complete_cohort,147,uncertainty,False,0,0,5,False,False,False,True,44,False,0.09090909090909091
p10,app_quicksort,complete_cohort,148,uncertainty,False,0,0,5,False,False,False,False,44,False,0.0
p10,app_quicksort,complete_cohort,149,uncertainty,False,0,0,5,False,False,False,True,44,False,0.13636363636363635
p10,app_quicksort,complete_cohort,150,uncertainty,False,0,0,5,False,False,False,True,44,False,0.13636363636363635
p10,app_quicksort,complete_cohort,151,uncertainty,False,0,0,5,False,False,False,True,44,False,0.045454545454545456
p10,app_quicksort,complete_cohort,152,uncertainty,False,0,0,5,False,False,False,False,44,False,0.0
p10,app_quicksort,complete_cohort,153,uncertainty,False,0,0,5,False,False,False,True,44,False,0.18181818181818182
p10,app_quicksort,complete_cohort,154,uncertainty,False,0,0,5,False,False,False,True,44,False,0.22727272727272727
p10,app_quicksort,complete_cohort,155,uncertainty,False,0,0,5,False,False,False,True,44,False,0.09090909090909091
p10,app_quicksort,complete_cohort,156,uncertainty,False,0,0,5,False,False,False,True,44,False,0.045454545454545456
p10,app_quicksort,complete_cohort,157,uncertainty,False,0,0,5,False,False,False,True,44,False,0.09090909090909091
p10,app_quicksort,complete_cohort,158,uncertainty,False,0,0,5,False,False,False,True,44,False,0.09090909090909091
p10,app_quicksort,complete_cohort,159,uncertainty,False,0,0,5,False,False,False,True,44,False,0.045454545454545456
p10,app_quicksort,complete_cohort,160,uncertainty,False,0,0,5,False,False,False,False,44,False,0.0
p10,app_quicksort,complete_cohort,161,uncertainty,False,0,0,5,False,False,False,True,44,False,0.045454545454545456
p10,app_quicksort,complete_cohort,162,uncertainty,False,0,0,5,False,False,False,True,44,False,0.045454545454545456
p10,app_quicksort,complete_cohort,163,uncertainty,False,0,0,5,False,False,False,True,44,False,0.09090909090909091
p10,app_quicksort,complete_cohort,164,uncertainty,False,0,0,5,False,False,False,True,44,False,0.09090909090909091
p10,app_quicksort,complete_cohort,165,uncertainty,False,0,0,5,False,False,False,True,44,False,0.18181818181818182
p10,app_quicksort,complete_cohort,166,uncertainty,False,0,0,5,False,False,False,True,44,False,0.18181818181818182
p10,app_quicksort,complete_cohort,167,uncertainty,False,0,0,5,False,False,False,False,44,False,0.0
p10,app_quicksort,complete_cohort,168,uncertainty,False,0,0,5,False,False,False,True,44,False,0.09090909090909091
p10,app_quicksort,complete_cohort,169,uncertainty,False,0,0,5,False,False,False,True,44,False,0.22727272727272727
p10,app_quicksort,complete_cohort,170,uncertainty,False,0,0,5,False,False,False,True,44,False,0.22727272727272727
p10,app_quicksort,complete_cohort,172,uncertainty,False,0,0,5,False,False,False,True,44,False,0.09090909090909091
p10,app_quicksort,complete_cohort,174,uncertainty,False,0,0,5,False,False,False,True,44,False,0.045454545454545456
p10,app_quicksort,complete_cohort,175,uncertainty,False,0,0,5,False,False,False,True,44,False,0.2727272727272727
p10,app_quicksort,complete_cohort,176,uncertainty,False,0,0,5,False,False,False,True,44,False,0.18181818181818182
p10,app_quicksort,complete_cohort,177,uncertainty,False,0,0,5,False,False,False,True,44,False,0.045454545454545456
p10,app_quicksort,complete_cohort,178,uncertainty,False,0,0,5,False,False,False,True,44,False,0.09090909090909091
p10,app_quicksort,complete_cohort,179,uncertainty,False,0,0,5,False,False,False,True,44,False,0.045454545454545456
p10,app_quicksort,complete_cohort,180,uncertainty,False,0,0,5,False,False,False,True,44,False,0.045454545454545456
p10,app_quicksort,complete_cohort,181,uncertainty,False,0,0,5,False,False,False,True,44,False,0.3181818181818182
p10,app_quicksort,complete_cohort,182,uncertainty,False,0,0,5,False,False,False,True,44,False,0.36363636363636365
p10,app_quicksort,complete_cohort,183,uncertainty,False,0,0,5,False,False,False,True,44,False,0.09090909090909091
p10,app_quicksort,complete_cohort,2,low_score,False,0,0,5,False,False,False,False,5,False,0.0
p10,app_quicksort,complete_cohort,3,low_score,False,0,0,5,False,False,False,False,9,False,0.0
p10,app_quicksort,complete_cohort,4,low_score,False,0,0,5,False,False,False,False,15,False,0.0
p10,app_quicksort,complete_cohort,5,low_score,False,0,0,5,False,False,False,False,9,False,0.0
p10,app_quicksort,complete_cohort,6,low_score,False,0,0,5,False,False,False,False,7,False,0.0
p10,app_quicksort,complete_cohort,7,low_score,False,0,0,5,False,False,False,False,15,False,0.0
p10,app_quicksort,complete_cohort,9,low_score,False,0,0,5,False,False,False,False,8,False,0.0
p10,app_quicksort,complete_cohort,11,low_score,False,0,0,5,False,False,False,False,12,False,0.0
p10,app_quicksort,complete_cohort,12,low_score,False,0,0,5,False,False,False,False,7,False,0.0
p10,app_quicksort,complete_cohort,13,low_score,False,0,0,5,False,False,False,False,15,False,0.0
p10,app_quicksort,complete_cohort,14,low_score,False,0,0,5,False,False,False,False,16,False,0.0
p10,app_quicksort,complete_cohort,15,low_score,False,0,0,5,False,False,False,False,11,False,0.0
p10,app_quicksort,complete_cohort,17,low_score,False,0,0,5,False,False,False,False,11,False,0.0
p10,app_quicksort,complete_cohort,19,low_score,False,0,0,5,False,False,False,False,11,False,0.0
p10,app_quicksort,complete_cohort,20,low_score,False,0,0,5,False,False,False,False,6,False,0.0
p10,app_quicksort,complete_cohort,21,low_score,False,0,0,5,False,False,False,False,15,False,0.0
p10,app_quicksort,complete_cohort,22,low_score,False,0,0,5,False,False,False,False,16,False,0.0
p10,app_quicksort,complete_cohort,23,low_score,False,0,0,5,False,False,False,False,12,False,0.0
p10,app_quicksort,complete_cohort,24,low_score,False,0,0,5,False,False,False,False,9,False,0.0
p10,app_quicksort,complete_cohort,25,low_score,False,0,0,5,False,False,False,False,11,False,0.0
p10,app_quicksort,complete_cohort,27,low_score,False,0,0,5,False,False,False,False,13,False,0.0
p10,app_quicksort,complete_cohort,28,low_score,False,0,0,5,False,False,False,False,10,False,0.0
p10,app_quicksort,complete_cohort,29,low_score,False,0,0,5,False,False,False,False,9,False,0.0
p10,app_quicksort,complete_cohort,30,low_score,False,0,0,5,False,False,False,False,6,False,0.0
p10,app_quicksort,complete_cohort,31,low_score,False,0,0,5,False,False,False,False,10,False,0.0
p10,app_quicksort,complete_cohort,39,low_score,False,0,0,5,False,False,False,False,8,False,0.0
p10,app_quicksort,complete_cohort,40,low_score,False,0,0,5,False,False,False,False,6,False,0.0
p10,app_quicksort,complete_cohort,41,low_score,False,0,0,5,False,False,False,False,9,False,0.0
p10,app_quicksort,complete_cohort,42,low_score,False,0,0,5,False,False,False,False,12,False,0.0
p10,app_quicksort,complete_cohort,43,low_score,False,0,0,5,False,False,False,False,10,False,0.0
p10,app_quicksort,complete_cohort,44,low_score,False,0,0,5,False,False,False,False,7,False,0.0
p10,app_quicksort,complete_cohort,45,low_score,False,0,0,5,False,False,False,False,8,False,0.0
p10,app_quicksort,complete_cohort,46,low_score,False,0,0,5,False,False,False,False,12,False,0.0
p10,app_quicksort,complete_cohort,47,low_score,False,0,0,5,False,False,False,False,8,False,0.0
p10,app_quicksort,complete_cohort,48,low_score,False,0,0,5,False,False,False,False,14,False,0.0
p10,app_quicksort,complete_cohort,50,low_score,False,0,0,5,False,False,False,False,7,False,0.0
p10,app_quicksort,complete_cohort,51,low_score,False,0,0,5,False,False,False,False,17,False,0.0
p10,app_quicksort,complete_cohort,52,low_score,False,0,0,5,False,False,False,False,15,False,0.0
p10,app_quicksort,complete_cohort,53,low_score,False,0,0,5,False,False,False,False,17,False,0.0
p10,app_quicksort,complete_cohort,54,low_score,False,0,0,5,False,False,False,False,8,False,0.0
p10,app_quicksort,complete_cohort,55,low_score,False,0,0,5,False,False,False,False,9,False,0.0
p10,app_quicksort,complete_cohort,56,low_score,False,0,0,5,False,False,False,False,5,False,0.0
p10,app_quicksort,complete_cohort,58,low_score,False,0,0,5,False,False,False,False,14,False,0.0
p10,app_quicksort,complete_cohort,59,low_score,False,0,0,5,False,False,False,False,6,False,0.0
p10,app_quicksort,complete_cohort,61,low_score,False,0,0,5,False,False,False,False,9,False,0.0
p10,app_quicksort,complete_cohort,62,low_score,False,0,0,5,False,False,False,False,9,False,0.0
p10,app_quicksort,complete_cohort,63,low_score,False,0,0,5,False,False,False,False,6,False,0.0
p10,app_quicksort,complete_cohort,64,low_score,False,0,0,5,False,False,False,False,5,False,0.0
p10,app_quicksort,complete_cohort,66,low_score,False,0,0,5,False,False,False,False,7,False,0.0
p10,app_quicksort,complete_cohort,67,low_score,False,0,0,5,False,False,False,False,14,False,0.0
p10,app_quicksort,complete_cohort,68,low_score,False,0,0,5,False,False,False,False,12,False,0.0
p10,app_quicksort,complete_cohort,70,low_score,False,0,0,5,False,False,False,False,16,False,0.0
p10,app_quicksort,complete_cohort,71,low_score,False,0,0,5,False,False,False,False,11,False,0.0
p10,app_quicksort,complete_cohort,72,low_score,False,0,0,4,False,False,False,False,4,False,0.0
p10,app_quicksort,complete_cohort,73,low_score,False,0,0,5,False,False,False,False,9,False,0.0
p10,app_quicksort,complete_cohort,74,low_score,False,0,0,5,False,False,False,False,15,False,0.0
p10,app_quicksort,complete_cohort,76,low_score,False,0,0,5,False,False,False,False,21,False,0.0
p10,app_quicksort,complete_cohort,77,low_score,False,0,0,5,False,False,False,False,12,False,0.0
p10,app_quicksort,complete_cohort,78,low_score,False,0,0,5,False,False,False,False,11,False,0.0
p10,app_quicksort,complete_cohort,79,low_score,False,0,0,5,False,False,False,False,5,False,0.0
p10,app_quicksort,complete_cohort,80,low_score,False,0,0,5,False,False,False,False,18,False,0.0
p10,app_quicksort,complete_cohort,81,low_score,False,0,0,3,False,False,False,False,3,False,0.0
p10,app_quicksort,complete_cohort,82,low_score,False,0,0,5,False,False,False,False,9,False,0.0
p10,app_quicksort,complete_cohort,83,low_score,False,0,0,5,False,False,False,False,5,False,0.0
p10,app_quicksort,complete_cohort,84,low_score,False,0,0,5,False,False,False,False,5,False,0.0
p10,app_quicksort,complete_cohort,85,low_score,False,0,0,5,False,False,False,False,6,False,0.0
p10,app_quicksort,complete_cohort,86,low_score,False,0,0,5,False,False,False,False,17,False,0.0
p10,app_quicksort,complete_cohort,87,low_score,False,0,0,5,False,False,False,False,10,False,0.0
p10,app_quicksort,complete_cohort,88,low_score,False,0,0,5,False,False,False,False,10,False,0.0
p10,app_quicksort,complete_cohort,89,low_score,False,0,0,5,False,False,False,False,13,False,0.0
p10,app_quicksort,complete_cohort,90,low_score,False,0,0,5,False,False,False,False,19,False,0.0
p10,app_quicksort,complete_cohort,91,low_score,False,0,0,5,False,False,False,False,19,False,0.0
p10,app_quicksort,complete_cohort,92,low_score,False,0,0,5,False,False,False,False,12,False,0.0
p10,app_quicksort,complete_cohort,93,low_score,False,0,0,5,False,False,False,False,9,False,0.0
p10,app_quicksort,complete_cohort,94,low_score,False,0,0,5,False,False,False,False,13,False,0.0
p10,app_quicksort,complete_cohort,95,low_score,False,0,0,5,False,False,False,False,14,False,0.0
p10,app_quicksort,complete_cohort,96,low_score,False,0,0,5,False,False,False,False,10,False,0.0
p10,app_quicksort,complete_cohort,97,low_score,False,0,0,5,False,False,False,False,9,False,0.0
p10,app_quicksort,complete_cohort,98,low_score,False,0,0,5,False,False,False,False,11,False,0.0
p10,app_quicksort,complete_cohort,99,low_score,False,0,0,5,False,False,False,False,8,False,0.0
p10,app_quicksort,complete_cohort,100,low_score,False,0,0,5,False,False,False,False,16,False,0.0
p10,app_quicksort,complete_cohort,101,low_score,False,0,0,5,False,False,False,False,15,False,0.0
p10,app_quicksort,complete_cohort,102,low_score,False,0,0,5,False,False,False,False,11,False,0.0
p10,app_quicksort,complete_cohort,103,low_score,False,0,0,5,False,False,False,False,11,False,0.0
p10,app_quicksort,complete_cohort,104,low_score,False,0,0,5,False,False,False,False,14,False,0.0
p10,app_quicksort,complete_cohort,105,low_score,False,0,0,5,False,False,False,False,10,False,0.0
p10,app_quicksort,complete_cohort,106,low_score,False,0,0,5,False,False,False,False,13,False,0.0
p10,app_quicksort,complete_cohort,107,low_score,False,0,0,5,False,False,False,False,12,False,0.0
p10,app_quicksort,complete_cohort,108,low_score,False,0,0,5,False,False,False,False,12,False,0.0
p10,app_quicksort,complete_cohort,109,low_score,False,0,0,5,False,False,False,False,11,False,0.0
p10,app_quicksort,complete_cohort,110,low_score,False,0,0,5,False,False,False,False,9,False,0.0
p10,app_quicksort,complete_cohort,111,low_score,False,0,0,5,False,False,False,False,9,False,0.0
p10,app_quicksort,complete_cohort,112,low_score,False,0,0,5,False,False,False,False,11,False,0.0
p10,app_quicksort,complete_cohort,113,low_score,False,0,0,5,False,False,False,False,11,False,0.0
p10,app_quicksort,complete_cohort,114,low_score,False,0,0,5,False,False,False,False,13,False,0.0
p10,app_quicksort,complete_cohort,115,low_score,False,0,0,5,False,False,False,False,10,False,0.0
p10,app_quicksort,complete_cohort,116,low_score,False,0,0,5,False,False,False,False,10,False,0.0
p10,app_quicksort,complete_cohort,117,low_score,False,0,0,5,False,False,False,False,11,False,0.0
p10,app_quicksort,complete_cohort,118,low_score,False,0,0,5,False,False,False,False,17,False,0.0
p10,app_quicksort,complete_cohort,119,low_score,False,0,0,5,False,False,False,False,9,False,0.0
p10,app_quicksort,complete_cohort,120,low_score,False,0,0,5,False,False,False,False,10,False,0.0
p10,app_quicksort,complete_cohort,121,low_score,False,0,0,5,False,False,False,False,12,False,0.0
p10,app_quicksort,complete_cohort,122,low_score,False,0,0,5,False,False,False,False,17,False,0.0
p10,app_quicksort,complete_cohort,123,low_score,False,0,0,5,False,False,False,False,11,False,0.0
p10,app_quicksort,complete_cohort,124,low_score,False,0,0,5,False,False,False,False,8,False,0.0
p10,app_quicksort,complete_cohort,125,low_score,False,0,0,5,False,False,False,False,13,False,0.0
p10,app_quicksort,complete_cohort,126,low_score,False,0,0,5,False,False,False,False,16,False,0.0
p10,app_quicksort,complete_cohort,127,low_score,False,0,0,5,False,False,False,False,15,False,0.0
p10,app_quicksort,complete_cohort,128,low_score,False,0,0,5,False,False,False,False,13,False,0.0
p10,app_quicksort,complete_cohort,129,low_score,False,0,0,5,False,False,False,False,7,False,0.0
p10,app_quicksort,complete_cohort,130,low_score,False,0,0,5,False,False,False,False,15,False,0.0
p10,app_quicksort,complete_cohort,131,low_score,False,0,0,5,False,False,False,False,18,False,0.0
p10,app_quicksort,complete_cohort,132,low_score,False,0,0,5,False,False,False,False,11,False,0.0
p10,app_quicksort,complete_cohort,133,low_score,False,0,0,5,False,False,False,False,5,False,0.0
p10,app_quicksort,complete_cohort,134,low_score,False,0,0,5,False,False,False,False,15,False,0.0
p10,app_quicksort,complete_cohort,135,low_score,False,0,0,5,False,False,False,False,13,False,0.0
p10,app_quicksort,complete_cohort,136,low_score,False,0,0,5,False,False,False,False,15,False,0.0
p10,app_quicksort,complete_cohort,137,low_score,False,0,0,5,False,False,False,False,15,False,0.0
p10,app_quicksort,complete_cohort,138,low_score,False,0,0,5,False,False,False,False,14,False,0.0
p10,app_quicksort,complete_cohort,139,low_score,False,0,0,5,False,False,False,False,14,False,0.0
p10,app_quicksort,complete_cohort,140,low_score,False,0,0,5,False,False,False,False,17,False,0.0
p10,app_quicksort,complete_cohort,141,low_score,False,0,0,5,False,False,False,False,16,False,0.0
p10,app_quicksort,complete_cohort,142,low_score,False,0,0,5,False,False,False,False,17,False,0.0
p10,app_quicksort,complete_cohort,143,low_score,False,0,0,5,False,False,False,False,17,False,0.0
p10,app_quicksort,complete_cohort,144,low_score,False,0,0,5,False,False,False,False,8,False,0.0
p10,app_quicksort,complete_cohort,147,low_score,False,0,0,5,False,False,False,False,14,False,0.0
p10,app_quicksort,complete_cohort,148,low_score,False,0,0,5,False,False,False,False,15,False,0.0
p10,app_quicksort,complete_cohort,149,low_score,False,0,0,5,False,False,False,False,12,False,0.0
p10,app_quicksort,complete_cohort,150,low_score,False,0,0,5,False,False,False,False,15,False,0.0
p10,app_quicksort,complete_cohort,151,low_score,False,0,0,5,False,False,False,False,16,False,0.0
p10,app_quicksort,complete_cohort,152,low_score,False,0,0,5,False,False,False,False,17,False,0.0
p10,app_quicksort,complete_cohort,153,low_score,False,0,0,5,False,False,False,False,14,False,0.0
p10,app_quicksort,complete_cohort,154,low_score,False,0,0,5,False,False,False,False,8,False,0.0
p10,app_quicksort,complete_cohort,155,low_score,False,0,0,5,False,False,False,False,10,False,0.0
p10,app_quicksort,complete_cohort,156,low_score,False,0,0,5,False,False,False,False,16,False,0.0
p10,app_quicksort,complete_cohort,157,low_score,False,0,0,5,False,False,False,False,9,False,0.0
p10,app_quicksort,complete_cohort,158,low_score,False,0,0,5,False,False,False,False,12,False,0.0
p10,app_quicksort,complete_cohort,159,low_score,False,0,0,5,False,False,False,False,13,False,0.0
p10,app_quicksort,complete_cohort,160,low_score,False,0,0,5,False,False,False,False,14,False,0.0
p10,app_quicksort,complete_cohort,161,low_score,False,0,0,5,False,False,False,False,15,False,0.0
p10,app_quicksort,complete_cohort,162,low_score,False,0,0,5,False,False,False,False,20,False,0.0
p10,app_quicksort,complete_cohort,163,low_score,False,0,0,5,False,False,False,False,18,False,0.0
p10,app_quicksort,complete_cohort,164,low_score,False,0,0,5,False,False,False,False,13,False,0.0
p10,app_quicksort,complete_cohort,165,low_score,False,0,0,5,False,False,False,False,16,False,0.0
p10,app_quicksort,complete_cohort,166,low_score,False,0,0,5,False,False,False,False,18,False,0.0
p10,app_quicksort,complete_cohort,167,low_score,False,0,0,5,False,False,False,False,12,False,0.0
p10,app_quicksort,complete_cohort,168,low_score,False,0,0,5,False,False,False,False,8,False,0.0
p10,app_quicksort,complete_cohort,169,low_score,False,0,0,5,False,False,False,False,13,False,0.0
p10,app_quicksort,complete_cohort,170,low_score,False,0,0,5,False,False,False,False,12,False,0.0
p10,app_quicksort,complete_cohort,172,low_score,False,0,0,5,False,False,False,False,12,False,0.0
p10,app_quicksort,complete_cohort,174,low_score,False,0,0,5,False,False,False,False,15,False,0.0
p10,app_quicksort,complete_cohort,175,low_score,False,0,0,5,False,False,False,False,14,False,0.0
p10,app_quicksort,complete_cohort,176,low_score,False,0,0,5,False,False,False,False,11,False,0.0
p10,app_quicksort,complete_cohort,177,low_score,False,0,0,5,False,False,False,False,12,False,0.0
p10,app_quicksort,complete_cohort,178,low_score,False,0,0,5,False,False,False,False,10,False,0.0
p10,app_quicksort,complete_cohort,179,low_score,False,0,0,5,False,False,False,False,18,False,0.0
p10,app_quicksort,complete_cohort,180,low_score,False,0,0,5,False,False,False,False,17,False,0.0
p10,app_quicksort,complete_cohort,181,low_score,False,0,0,5,False,False,False,False,11,False,0.0
p10,app_quicksort,complete_cohort,182,low_score,False,0,0,5,False,False,False,False,9,False,0.0
p10,app_quicksort,complete_cohort,183,low_score,False,0,0,5,False,False,False,False,15,False,0.0
supp_p01,stable,demonstration,1,uncertainty,False,0,0,5,False,False,False,True,44,False,0.09090909090909091
supp_p01,stable,demonstration,2,uncertainty,False,0,0,5,False,False,False,True,44,False,0.045454545454545456
supp_p01,stable,demonstration,3,uncertainty,False,0,0,5,False,False,False,False,44,False,0.0
supp_p01,stable,demonstration,4,uncertainty,False,0,0,5,False,False,False,True,44,False,0.045454545454545456
supp_p01,stable,demonstration,5,uncertainty,False,0,0,5,False,False,False,True,44,False,0.045454545454545456
supp_p01,stable,demonstration,6,uncertainty,False,0,0,5,False,False,False,False,44,False,0.0
supp_p01,stable,demonstration,7,uncertainty,False,0,0,5,False,False,False,True,44,False,0.09090909090909091
supp_p01,stable,demonstration,8,uncertainty,False,0,0,5,False,False,False,False,44,False,0.0
supp_p01,stable,demonstration,9,uncertainty,False,0,0,5,False,False,False,True,44,False,0.045454545454545456
supp_p01,stable,demonstration,10,uncertainty,False,0,0,5,False,False,False,True,44,False,0.09090909090909091
supp_p01,stable,demonstration,1,low_score,False,0,0,5,False,False,False,False,5,False,0.0
supp_p01,stable,demonstration,2,low_score,False,0,0,5,False,False,False,False,9,False,0.0
supp_p01,stable,demonstration,3,low_score,False,0,0,5,False,False,False,False,15,False,0.0
supp_p01,stable,demonstration,4,low_score,False,0,0,5,False,False,False,False,7,False,0.0
supp_p01,stable,demonstration,5,low_score,False,0,0,5,False,False,False,False,8,False,0.0
supp_p01,stable,demonstration,6,low_score,False,0,0,5,False,False,False,False,10,False,0.0
supp_p01,stable,demonstration,7,low_score,False,0,0,5,False,False,False,False,17,False,0.0
supp_p01,stable,demonstration,8,low_score,False,0,0,5,False,False,False,False,19,False,0.0
supp_p01,stable,demonstration,9,low_score,False,0,0,5,False,False,False,False,5,False,0.0
supp_p01,stable,demonstration,10,low_score,False,0,0,5,False,False,False,False,12,False,0.0
supp_p01,app_quicksort,demonstration,1,uncertainty,False,0,0,5,False,False,False,True,44,False,0.09090909090909091
supp_p01,app_quicksort,demonstration,2,uncertainty,False,0,0,5,False,False,False,True,44,False,0.045454545454545456
supp_p01,app_quicksort,demonstration,3,uncertainty,False,0,0,5,False,False,False,False,44,False,0.0
supp_p01,app_quicksort,demonstration,4,uncertainty,False,0,0,5,False,False,False,True,44,False,0.045454545454545456
supp_p01,app_quicksort,demonstration,5,uncertainty,False,0,0,5,False,False,False,True,44,False,0.045454545454545456
supp_p01,app_quicksort,demonstration,6,uncertainty,False,0,0,5,False,False,False,False,44,False,0.0
supp_p01,app_quicksort,demonstration,7,uncertainty,False,0,0,5,False,False,False,True,44,False,0.09090909090909091
supp_p01,app_quicksort,demonstration,8,uncertainty,False,0,0,5,False,False,False,False,44,False,0.0
supp_p01,app_quicksort,demonstration,9,uncertainty,False,0,0,5,False,False,False,True,44,False,0.045454545454545456
supp_p01,app_quicksort,demonstration,10,uncertainty,False,0,0,5,False,False,False,True,44,False,0.09090909090909091
supp_p01,app_quicksort,demonstration,1,low_score,False,0,0,5,False,False,False,False,5,False,0.0
supp_p01,app_quicksort,demonstration,2,low_score,False,0,0,5,False,False,False,False,9,False,0.0
supp_p01,app_quicksort,demonstration,3,low_score,False,0,0,5,False,False,False,False,15,False,0.0
supp_p01,app_quicksort,demonstration,4,low_score,False,0,0,5,False,False,False,False,7,False,0.0
supp_p01,app_quicksort,demonstration,5,low_score,False,0,0,5,False,False,False,False,8,False,0.0
supp_p01,app_quicksort,demonstration,6,low_score,False,0,0,5,False,False,False,False,10,False,0.0
supp_p01,app_quicksort,demonstration,7,low_score,False,0,0,5,False,False,False,False,17,False,0.0
supp_p01,app_quicksort,demonstration,8,low_score,False,0,0,5,False,False,False,False,19,False,0.0
supp_p01,app_quicksort,demonstration,9,low_score,False,0,0,5,False,False,False,False,5,False,0.0
supp_p01,app_quicksort,demonstration,10,low_score,False,0,0,5,False,False,False,False,12,False,0.0
supp_p01,stable,reference,159,uncertainty,False,0,0,5,False,False,False,True,44,False,0.045454545454545456
supp_p01,stable,reference,42,uncertainty,False,0,0,5,False,False,False,False,44,False,0.0
supp_p01,stable,reference,64,uncertainty,False,0,0,5,False,False,False,True,44,False,0.18181818181818182
supp_p01,stable,reference,12,uncertainty,False,0,0,5,False,False,False,True,44,False,0.045454545454545456
supp_p01,stable,reference,160,uncertainty,False,0,0,5,False,False,False,False,44,False,0.0
supp_p01,stable,reference,155,uncertainty,False,0,0,5,False,False,False,False,44,False,0.0
supp_p01,stable,reference,11,uncertainty,False,0,0,5,False,False,False,False,44,False,0.0
supp_p01,stable,reference,124,uncertainty,False,0,0,5,False,False,False,True,44,False,0.13636363636363635
supp_p01,stable,reference,169,uncertainty,False,0,0,5,False,False,False,True,44,False,0.13636363636363635
supp_p01,stable,reference,106,uncertainty,False,0,0,5,False,False,False,True,44,False,0.045454545454545456
supp_p01,stable,reference,157,uncertainty,False,0,0,5,False,False,False,True,44,False,0.09090909090909091
supp_p01,stable,reference,126,uncertainty,False,0,0,5,False,False,False,True,44,False,0.09090909090909091
supp_p01,stable,reference,55,uncertainty,False,0,0,5,False,False,False,False,44,False,0.0
supp_p01,stable,reference,113,uncertainty,False,0,0,5,False,False,False,True,44,False,0.09090909090909091
supp_p01,stable,reference,158,uncertainty,False,0,0,5,False,False,False,True,44,False,0.045454545454545456
supp_p01,stable,reference,165,uncertainty,False,0,0,5,False,False,False,True,44,False,0.09090909090909091
supp_p01,stable,reference,178,uncertainty,False,0,0,5,False,False,False,True,44,False,0.045454545454545456
supp_p01,stable,reference,133,uncertainty,False,0,0,5,False,False,False,False,44,False,0.0
supp_p01,stable,reference,78,uncertainty,False,0,0,5,False,False,False,True,44,False,0.045454545454545456
supp_p01,stable,reference,70,uncertainty,False,0,0,5,False,False,False,False,44,False,0.0
supp_p01,stable,reference,176,uncertainty,False,0,0,5,False,False,False,True,44,False,0.09090909090909091
supp_p01,stable,reference,17,uncertainty,False,0,0,5,False,False,False,True,44,False,0.18181818181818182
supp_p01,stable,reference,136,uncertainty,False,0,0,5,False,False,False,False,44,False,0.0
supp_p01,stable,reference,76,uncertainty,False,0,0,5,False,False,False,False,44,False,0.0
supp_p01,stable,reference,82,uncertainty,False,0,0,5,False,False,False,False,44,False,0.0
supp_p01,stable,reference,114,uncertainty,False,0,0,5,False,False,False,True,44,False,0.045454545454545456
supp_p01,stable,reference,168,uncertainty,False,0,0,5,False,False,False,True,44,False,0.045454545454545456
supp_p01,stable,reference,28,uncertainty,False,0,0,5,False,False,False,True,44,False,0.18181818181818182
supp_p01,stable,reference,39,uncertainty,False,0,0,5,False,False,False,True,44,False,0.09090909090909091
supp_p01,stable,reference,50,uncertainty,False,0,0,5,False,False,False,True,44,False,0.09090909090909091
supp_p01,stable,reference,61,uncertainty,False,0,0,5,False,False,False,True,44,False,0.09090909090909091
supp_p01,stable,reference,100,uncertainty,False,0,0,5,False,False,False,True,44,False,0.045454545454545456
supp_p01,stable,reference,130,uncertainty,False,0,0,5,False,False,False,False,44,False,0.0
supp_p01,stable,reference,141,uncertainty,False,0,0,5,False,False,False,False,44,False,0.0
supp_p01,stable,reference,53,uncertainty,False,0,0,5,False,False,False,False,44,False,0.0
supp_p01,stable,reference,73,uncertainty,False,0,0,5,False,False,False,True,44,False,0.09090909090909091
supp_p01,stable,reference,9,uncertainty,False,0,0,5,False,False,False,True,44,False,0.045454545454545456
supp_p01,stable,reference,6,uncertainty,False,0,0,5,False,False,False,True,44,False,0.13636363636363635
supp_p01,stable,reference,31,uncertainty,False,0,0,5,False,False,False,True,44,False,0.045454545454545456
supp_p01,stable,reference,94,uncertainty,False,0,0,5,False,False,False,True,44,False,0.045454545454545456
supp_p01,stable,reference,58,uncertainty,False,0,0,5,False,False,False,True,44,False,0.045454545454545456
supp_p01,stable,reference,177,uncertainty,False,0,0,5,False,False,False,False,44,False,0.0
supp_p01,stable,reference,48,uncertainty,False,0,0,5,False,False,False,True,44,False,0.18181818181818182
supp_p01,stable,reference,164,uncertainty,False,0,0,5,False,False,False,False,44,False,0.0
supp_p01,stable,reference,67,uncertainty,False,0,0,5,False,False,False,False,44,False,0.0
supp_p01,stable,reference,118,uncertainty,False,0,0,5,False,False,False,True,44,False,0.045454545454545456
supp_p01,stable,reference,79,uncertainty,False,0,0,5,False,False,False,False,44,False,0.0
supp_p01,stable,reference,122,uncertainty,False,0,0,5,False,False,False,False,44,False,0.0
supp_p01,stable,reference,54,uncertainty,False,0,0,5,False,False,False,True,44,False,0.09090909090909091
supp_p01,stable,reference,151,uncertainty,False,0,0,5,False,False,False,True,44,False,0.045454545454545456
supp_p01,stable,reference,103,uncertainty,False,0,0,5,False,False,False,True,44,False,0.13636363636363635
supp_p01,stable,reference,137,uncertainty,False,0,0,5,False,False,False,False,44,False,0.0
supp_p01,stable,reference,132,uncertainty,False,0,0,5,False,False,False,True,44,False,0.09090909090909091
supp_p01,stable,reference,143,uncertainty,False,0,0,5,False,False,False,False,44,False,0.0
supp_p01,stable,reference,107,uncertainty,False,0,0,5,False,False,False,False,44,False,0.0
supp_p01,stable,reference,119,uncertainty,False,0,0,5,False,False,False,True,44,False,0.09090909090909091
supp_p01,stable,reference,109,uncertainty,False,0,0,5,False,False,False,True,44,False,0.09090909090909091
supp_p01,stable,reference,84,uncertainty,False,0,0,5,False,False,False,True,44,False,0.045454545454545456
supp_p01,stable,reference,135,uncertainty,False,0,0,5,False,False,False,True,44,False,0.045454545454545456
supp_p01,stable,reference,125,uncertainty,False,0,0,5,False,False,False,False,44,False,0.0
supp_p01,stable,reference,161,uncertainty,False,0,0,5,False,False,False,True,44,False,0.045454545454545456
supp_p01,stable,reference,4,uncertainty,False,0,0,5,False,False,False,True,44,False,0.045454545454545456
supp_p01,stable,reference,72,uncertainty,False,0,0,5,False,False,False,True,44,False,0.22727272727272727
supp_p01,stable,reference,68,uncertainty,False,0,0,5,False,False,False,True,44,False,0.045454545454545456
supp_p01,stable,reference,175,uncertainty,False,0,0,5,False,False,False,True,44,False,0.13636363636363635
supp_p01,stable,reference,182,uncertainty,False,0,0,5,False,False,False,True,44,False,0.22727272727272727
supp_p01,stable,reference,134,uncertainty,False,0,0,5,False,False,False,False,44,False,0.0
supp_p01,stable,reference,105,uncertainty,False,0,0,5,False,False,False,True,44,False,0.09090909090909091
supp_p01,stable,reference,43,uncertainty,False,0,0,5,False,False,False,False,44,False,0.0
supp_p01,stable,reference,139,uncertainty,False,0,0,5,False,False,False,False,44,False,0.0
supp_p01,stable,reference,3,uncertainty,False,0,0,5,False,False,False,True,44,False,0.18181818181818182
supp_p01,stable,reference,62,uncertainty,False,0,0,5,False,False,False,True,44,False,0.18181818181818182
supp_p01,stable,reference,5,uncertainty,False,0,0,5,False,False,False,True,44,False,0.045454545454545456
supp_p01,stable,reference,66,uncertainty,False,0,0,5,False,False,False,True,44,False,0.13636363636363635
supp_p01,stable,reference,180,uncertainty,False,0,0,5,False,False,False,False,44,False,0.0
supp_p01,stable,reference,30,uncertainty,False,0,0,5,False,False,False,True,44,False,0.09090909090909091
supp_p01,stable,reference,149,uncertainty,False,0,0,5,False,False,False,True,44,False,0.045454545454545456
supp_p01,stable,reference,110,uncertainty,False,0,0,5,False,False,False,True,44,False,0.045454545454545456
supp_p01,stable,reference,13,uncertainty,False,0,0,5,False,False,False,False,44,False,0.0
supp_p01,stable,reference,7,uncertainty,False,0,0,5,False,False,False,False,44,False,0.0
supp_p01,stable,reference,87,uncertainty,False,0,0,5,False,False,False,False,44,False,0.0
supp_p01,stable,reference,150,uncertainty,False,0,0,5,False,False,False,True,44,False,0.09090909090909091
supp_p01,stable,reference,179,uncertainty,False,0,0,5,False,False,False,True,44,False,0.045454545454545456
supp_p01,stable,reference,181,uncertainty,False,0,0,5,False,False,False,True,44,False,0.13636363636363635
supp_p01,stable,reference,148,uncertainty,False,0,0,5,False,False,False,False,44,False,0.0
supp_p01,stable,reference,162,uncertainty,False,0,0,5,False,False,False,True,44,False,0.045454545454545456
supp_p01,stable,reference,102,uncertainty,False,0,0,5,False,False,False,True,44,False,0.09090909090909091
supp_p01,stable,reference,56,uncertainty,False,0,0,5,False,False,False,True,44,False,0.09090909090909091
supp_p01,stable,reference,19,uncertainty,False,0,0,5,False,False,False,False,44,False,0.0
supp_p01,stable,reference,112,uncertainty,False,0,0,5,False,False,False,True,44,False,0.045454545454545456
supp_p01,stable,reference,40,uncertainty,False,0,0,5,False,False,False,False,44,False,0.0
supp_p01,stable,reference,22,uncertainty,False,0,0,5,False,False,False,False,44,False,0.0
supp_p01,stable,reference,88,uncertainty,False,0,0,5,False,False,False,True,44,False,0.045454545454545456
supp_p01,stable,reference,167,uncertainty,False,0,0,5,False,False,False,False,44,False,0.0
supp_p01,stable,reference,183,uncertainty,False,0,0,5,False,False,False,True,44,False,0.09090909090909091
supp_p01,stable,reference,24,uncertainty,False,0,0,5,False,False,False,True,44,False,0.09090909090909091
supp_p01,stable,reference,128,uncertainty,False,0,0,5,False,False,False,True,44,False,0.045454545454545456
supp_p01,stable,reference,120,uncertainty,False,0,0,5,False,False,False,True,44,False,0.09090909090909091
supp_p01,stable,reference,45,uncertainty,False,0,0,5,False,False,False,True,44,False,0.18181818181818182
supp_p01,stable,reference,86,uncertainty,False,0,0,5,False,False,False,True,44,False,0.09090909090909091
supp_p01,stable,reference,156,uncertainty,False,0,0,5,False,False,False,False,44,False,0.0
supp_p01,stable,reference,98,uncertainty,False,0,0,5,False,False,False,True,44,False,0.045454545454545456
supp_p01,stable,reference,92,uncertainty,False,0,0,5,False,False,False,True,44,False,0.09090909090909091
supp_p01,stable,reference,95,uncertainty,False,0,0,5,False,False,False,False,44,False,0.0
supp_p01,stable,reference,101,uncertainty,False,0,0,5,False,False,False,True,44,False,0.045454545454545456
supp_p01,stable,reference,47,uncertainty,False,0,0,5,False,False,False,False,44,False,0.0
supp_p01,stable,reference,25,uncertainty,False,0,0,5,False,False,False,True,44,False,0.045454545454545456
supp_p01,stable,reference,121,uncertainty,False,0,0,5,False,False,False,True,44,False,0.09090909090909091
supp_p01,stable,reference,41,uncertainty,False,0,0,5,False,False,False,True,44,False,0.13636363636363635
supp_p01,stable,reference,99,uncertainty,False,0,0,5,False,False,False,True,44,False,0.045454545454545456
supp_p01,stable,reference,27,uncertainty,False,0,0,5,False,False,False,True,44,False,0.045454545454545456
supp_p01,stable,reference,140,uncertainty,False,0,0,5,False,False,False,False,44,False,0.0
supp_p01,stable,reference,81,uncertainty,False,0,0,5,False,False,False,False,44,False,0.0
supp_p01,stable,reference,144,uncertainty,False,0,0,5,False,False,False,True,44,False,0.045454545454545456
supp_p01,stable,reference,108,uncertainty,False,0,0,5,False,False,False,True,44,False,0.09090909090909091
supp_p01,stable,reference,85,uncertainty,False,0,0,5,False,False,False,True,44,False,0.09090909090909091
supp_p01,stable,reference,152,uncertainty,False,0,0,5,False,False,False,False,44,False,0.0
supp_p01,stable,reference,15,uncertainty,False,0,0,5,False,False,False,True,44,False,0.13636363636363635
supp_p01,stable,reference,89,uncertainty,False,0,0,5,False,False,False,True,44,False,0.045454545454545456
supp_p01,stable,reference,116,uncertainty,False,0,0,5,False,False,False,True,44,False,0.045454545454545456
supp_p01,stable,reference,138,uncertainty,False,0,0,5,False,False,False,True,44,False,0.045454545454545456
supp_p01,stable,reference,154,uncertainty,False,0,0,5,False,False,False,True,44,False,0.09090909090909091
supp_p01,stable,reference,104,uncertainty,False,0,0,5,False,False,False,True,44,False,0.13636363636363635
supp_p01,stable,reference,131,uncertainty,False,0,0,5,False,False,False,False,44,False,0.0
supp_p01,stable,reference,129,uncertainty,False,0,0,5,False,False,False,True,44,False,0.045454545454545456
supp_p01,stable,reference,96,uncertainty,False,0,0,5,False,False,False,True,44,False,0.13636363636363635
supp_p01,stable,reference,44,uncertainty,False,0,0,5,False,False,False,False,44,False,0.0
supp_p01,stable,reference,46,uncertainty,False,0,0,5,False,False,False,False,44,False,0.0
supp_p01,stable,reference,159,low_score,False,0,0,5,False,False,False,False,13,False,0.0
supp_p01,stable,reference,42,low_score,False,0,0,5,False,False,False,False,12,False,0.0
supp_p01,stable,reference,64,low_score,False,0,0,5,False,False,False,False,5,False,0.0
supp_p01,stable,reference,12,low_score,False,0,0,5,False,False,False,False,7,False,0.0
supp_p01,stable,reference,160,low_score,False,0,0,5,False,False,False,False,14,False,0.0
supp_p01,stable,reference,155,low_score,False,0,0,5,False,False,False,False,10,False,0.0
supp_p01,stable,reference,11,low_score,False,0,0,5,False,False,False,False,12,False,0.0
supp_p01,stable,reference,124,low_score,False,0,0,5,False,False,False,False,8,False,0.0
supp_p01,stable,reference,169,low_score,False,0,0,5,False,False,False,False,13,False,0.0
supp_p01,stable,reference,106,low_score,False,0,0,5,False,False,False,False,13,False,0.0
supp_p01,stable,reference,157,low_score,False,0,0,5,False,False,False,False,9,False,0.0
supp_p01,stable,reference,126,low_score,False,0,0,5,False,False,False,False,16,False,0.0
supp_p01,stable,reference,55,low_score,False,0,0,5,False,False,False,False,9,False,0.0
supp_p01,stable,reference,113,low_score,False,0,0,5,False,False,False,False,11,False,0.0
supp_p01,stable,reference,158,low_score,False,0,0,5,False,False,False,False,12,False,0.0
supp_p01,stable,reference,165,low_score,False,0,0,5,False,False,False,False,16,False,0.0
supp_p01,stable,reference,178,low_score,False,0,0,5,False,False,False,False,10,False,0.0
supp_p01,stable,reference,133,low_score,False,0,0,5,False,False,False,False,5,False,0.0
supp_p01,stable,reference,78,low_score,False,0,0,5,False,False,False,False,11,False,0.0
supp_p01,stable,reference,70,low_score,False,0,0,5,False,False,False,False,16,False,0.0
supp_p01,stable,reference,176,low_score,False,0,0,5,False,False,False,False,11,False,0.0
supp_p01,stable,reference,17,low_score,False,0,0,5,False,False,False,False,11,False,0.0
supp_p01,stable,reference,136,low_score,False,0,0,5,False,False,False,False,15,False,0.0
supp_p01,stable,reference,76,low_score,False,0,0,5,False,False,False,False,21,False,0.0
supp_p01,stable,reference,82,low_score,False,0,0,5,False,False,False,False,9,False,0.0
supp_p01,stable,reference,114,low_score,False,0,0,5,False,False,False,False,13,False,0.0
supp_p01,stable,reference,168,low_score,False,0,0,5,False,False,False,False,8,False,0.0
supp_p01,stable,reference,28,low_score,False,0,0,5,False,False,False,False,10,False,0.0
supp_p01,stable,reference,39,low_score,False,0,0,5,False,False,False,False,8,False,0.0
supp_p01,stable,reference,50,low_score,False,0,0,5,False,False,False,False,7,False,0.0
supp_p01,stable,reference,61,low_score,False,0,0,5,False,False,False,False,9,False,0.0
supp_p01,stable,reference,100,low_score,False,0,0,5,False,False,False,False,16,False,0.0
supp_p01,stable,reference,130,low_score,False,0,0,5,False,False,False,False,15,False,0.0
supp_p01,stable,reference,141,low_score,False,0,0,5,False,False,False,False,16,False,0.0
supp_p01,stable,reference,53,low_score,False,0,0,5,False,False,False,False,17,False,0.0
supp_p01,stable,reference,73,low_score,False,0,0,5,False,False,False,False,9,False,0.0
supp_p01,stable,reference,9,low_score,False,0,0,5,False,False,False,False,8,False,0.0
supp_p01,stable,reference,6,low_score,False,0,0,5,False,False,False,False,7,False,0.0
supp_p01,stable,reference,31,low_score,False,0,0,5,False,False,False,False,10,False,0.0
supp_p01,stable,reference,94,low_score,False,0,0,5,False,False,False,False,13,False,0.0
supp_p01,stable,reference,58,low_score,False,0,0,5,False,False,False,False,14,False,0.0
supp_p01,stable,reference,177,low_score,False,0,0,5,False,False,False,False,12,False,0.0
supp_p01,stable,reference,48,low_score,False,0,0,5,False,False,False,False,14,False,0.0
supp_p01,stable,reference,164,low_score,False,0,0,5,False,False,False,False,13,False,0.0
supp_p01,stable,reference,67,low_score,False,0,0,5,False,False,False,False,14,False,0.0
supp_p01,stable,reference,118,low_score,False,0,0,5,False,False,False,False,17,False,0.0
supp_p01,stable,reference,79,low_score,False,0,0,5,False,False,False,False,5,False,0.0
supp_p01,stable,reference,122,low_score,False,0,0,5,False,False,False,False,17,False,0.0
supp_p01,stable,reference,54,low_score,False,0,0,5,False,False,False,False,8,False,0.0
supp_p01,stable,reference,151,low_score,False,0,0,5,False,False,False,False,16,False,0.0
supp_p01,stable,reference,103,low_score,False,0,0,5,False,False,False,False,11,False,0.0
supp_p01,stable,reference,137,low_score,False,0,0,5,False,False,False,False,15,False,0.0
supp_p01,stable,reference,132,low_score,False,0,0,5,False,False,False,False,11,False,0.0
supp_p01,stable,reference,143,low_score,False,0,0,5,False,False,False,False,17,False,0.0
supp_p01,stable,reference,107,low_score,False,0,0,5,False,False,False,False,12,False,0.0
supp_p01,stable,reference,119,low_score,False,0,0,5,False,False,False,False,9,False,0.0
supp_p01,stable,reference,109,low_score,False,0,0,5,False,False,False,False,11,False,0.0
supp_p01,stable,reference,84,low_score,False,0,0,5,False,False,False,False,5,False,0.0
supp_p01,stable,reference,135,low_score,False,0,0,5,False,False,False,False,13,False,0.0
supp_p01,stable,reference,125,low_score,False,0,0,5,False,False,False,False,13,False,0.0
supp_p01,stable,reference,161,low_score,False,0,0,5,False,False,False,False,15,False,0.0
supp_p01,stable,reference,4,low_score,False,0,0,5,False,False,False,False,15,False,0.0
supp_p01,stable,reference,72,low_score,False,0,0,4,False,False,False,False,4,False,0.0
supp_p01,stable,reference,68,low_score,False,0,0,5,False,False,False,False,12,False,0.0
supp_p01,stable,reference,175,low_score,False,0,0,5,False,False,False,False,14,False,0.0
supp_p01,stable,reference,182,low_score,False,0,0,5,False,False,False,False,9,False,0.0
supp_p01,stable,reference,134,low_score,False,0,0,5,False,False,False,False,15,False,0.0
supp_p01,stable,reference,105,low_score,False,0,0,5,False,False,False,False,10,False,0.0
supp_p01,stable,reference,43,low_score,False,0,0,5,False,False,False,False,10,False,0.0
supp_p01,stable,reference,139,low_score,False,0,0,5,False,False,False,False,14,False,0.0
supp_p01,stable,reference,3,low_score,False,0,0,5,False,False,False,False,9,False,0.0
supp_p01,stable,reference,62,low_score,False,0,0,5,False,False,False,False,9,False,0.0
supp_p01,stable,reference,5,low_score,False,0,0,5,False,False,False,False,9,False,0.0
supp_p01,stable,reference,66,low_score,False,0,0,5,False,False,False,False,7,False,0.0
supp_p01,stable,reference,180,low_score,False,0,0,5,False,False,False,False,17,False,0.0
supp_p01,stable,reference,30,low_score,False,0,0,5,False,False,False,False,6,False,0.0
supp_p01,stable,reference,149,low_score,False,0,0,5,False,False,False,False,12,False,0.0
supp_p01,stable,reference,110,low_score,False,0,0,5,False,False,False,False,9,False,0.0
supp_p01,stable,reference,13,low_score,False,0,0,5,False,False,False,False,15,False,0.0
supp_p01,stable,reference,7,low_score,False,0,0,5,False,False,False,False,15,False,0.0
supp_p01,stable,reference,87,low_score,False,0,0,5,False,False,False,False,10,False,0.0
supp_p01,stable,reference,150,low_score,False,0,0,5,False,False,False,False,15,False,0.0
supp_p01,stable,reference,179,low_score,False,0,0,5,False,False,False,False,18,False,0.0
supp_p01,stable,reference,181,low_score,False,0,0,5,False,False,False,False,11,False,0.0
supp_p01,stable,reference,148,low_score,False,0,0,5,False,False,False,False,15,False,0.0
supp_p01,stable,reference,162,low_score,False,0,0,5,False,False,False,False,20,False,0.0
supp_p01,stable,reference,102,low_score,False,0,0,5,False,False,False,False,11,False,0.0
supp_p01,stable,reference,56,low_score,False,0,0,5,False,False,False,False,5,False,0.0
supp_p01,stable,reference,19,low_score,False,0,0,5,False,False,False,False,11,False,0.0
supp_p01,stable,reference,112,low_score,False,0,0,5,False,False,False,False,11,False,0.0
supp_p01,stable,reference,40,low_score,False,0,0,5,False,False,False,False,6,False,0.0
supp_p01,stable,reference,22,low_score,False,0,0,5,False,False,False,False,16,False,0.0
supp_p01,stable,reference,88,low_score,False,0,0,5,False,False,False,False,10,False,0.0
supp_p01,stable,reference,167,low_score,False,0,0,5,False,False,False,False,12,False,0.0
supp_p01,stable,reference,183,low_score,False,0,0,5,False,False,False,False,15,False,0.0
supp_p01,stable,reference,24,low_score,False,0,0,5,False,False,False,False,9,False,0.0
supp_p01,stable,reference,128,low_score,False,0,0,5,False,False,False,False,13,False,0.0
supp_p01,stable,reference,120,low_score,False,0,0,5,False,False,False,False,10,False,0.0
supp_p01,stable,reference,45,low_score,False,0,0,5,False,False,False,False,8,False,0.0
supp_p01,stable,reference,86,low_score,False,0,0,5,False,False,False,False,17,False,0.0
supp_p01,stable,reference,156,low_score,False,0,0,5,False,False,False,False,16,False,0.0
supp_p01,stable,reference,98,low_score,False,0,0,5,False,False,False,False,11,False,0.0
supp_p01,stable,reference,92,low_score,False,0,0,5,False,False,False,False,12,False,0.0
supp_p01,stable,reference,95,low_score,False,0,0,5,False,False,False,False,14,False,0.0
supp_p01,stable,reference,101,low_score,False,0,0,5,False,False,False,False,15,False,0.0
supp_p01,stable,reference,47,low_score,False,0,0,5,False,False,False,False,8,False,0.0
supp_p01,stable,reference,25,low_score,False,0,0,5,False,False,False,False,11,False,0.0
supp_p01,stable,reference,121,low_score,False,0,0,5,False,False,False,False,12,False,0.0
supp_p01,stable,reference,41,low_score,False,0,0,5,False,False,False,False,9,False,0.0
supp_p01,stable,reference,99,low_score,False,0,0,5,False,False,False,False,8,False,0.0
supp_p01,stable,reference,27,low_score,False,0,0,5,False,False,False,False,13,False,0.0
supp_p01,stable,reference,140,low_score,False,0,0,5,False,False,False,False,17,False,0.0
supp_p01,stable,reference,81,low_score,False,0,0,3,False,False,False,False,3,False,0.0
supp_p01,stable,reference,144,low_score,False,0,0,5,False,False,False,False,8,False,0.0
supp_p01,stable,reference,108,low_score,False,0,0,5,False,False,False,False,12,False,0.0
supp_p01,stable,reference,85,low_score,False,0,0,5,False,False,False,False,6,False,0.0
supp_p01,stable,reference,152,low_score,False,0,0,5,False,False,False,False,17,False,0.0
supp_p01,stable,reference,15,low_score,False,0,0,5,False,False,False,False,11,False,0.0
supp_p01,stable,reference,89,low_score,False,0,0,5,False,False,False,False,13,False,0.0
supp_p01,stable,reference,116,low_score,False,0,0,5,False,False,False,False,10,False,0.0
supp_p01,stable,reference,138,low_score,False,0,0,5,False,False,False,False,14,False,0.0
supp_p01,stable,reference,154,low_score,False,0,0,5,False,False,False,False,8,False,0.0
supp_p01,stable,reference,104,low_score,False,0,0,5,False,False,False,False,14,False,0.0
supp_p01,stable,reference,131,low_score,False,0,0,5,False,False,False,False,18,False,0.0
supp_p01,stable,reference,129,low_score,False,0,0,5,False,False,False,False,7,False,0.0
supp_p01,stable,reference,96,low_score,False,0,0,5,False,False,False,False,10,False,0.0
supp_p01,stable,reference,44,low_score,False,0,0,5,False,False,False,False,7,False,0.0
supp_p01,stable,reference,46,low_score,False,0,0,5,False,False,False,False,12,False,0.0
supp_p01,app_quicksort,reference,159,uncertainty,False,0,0,5,False,False,False,True,44,False,0.045454545454545456
supp_p01,app_quicksort,reference,42,uncertainty,False,0,0,5,False,False,False,False,44,False,0.0
supp_p01,app_quicksort,reference,64,uncertainty,False,0,0,5,False,False,False,True,44,False,0.18181818181818182
supp_p01,app_quicksort,reference,12,uncertainty,False,0,0,5,False,False,False,True,44,False,0.045454545454545456
supp_p01,app_quicksort,reference,160,uncertainty,False,0,0,5,False,False,False,False,44,False,0.0
supp_p01,app_quicksort,reference,155,uncertainty,False,0,0,5,False,False,False,False,44,False,0.0
supp_p01,app_quicksort,reference,11,uncertainty,False,0,0,5,False,False,False,False,44,False,0.0
supp_p01,app_quicksort,reference,124,uncertainty,False,0,0,5,False,False,False,True,44,False,0.13636363636363635
supp_p01,app_quicksort,reference,169,uncertainty,False,0,0,5,False,False,False,True,44,False,0.13636363636363635
supp_p01,app_quicksort,reference,106,uncertainty,False,0,0,5,False,False,False,True,44,False,0.045454545454545456
supp_p01,app_quicksort,reference,157,uncertainty,False,0,0,5,False,False,False,True,44,False,0.09090909090909091
supp_p01,app_quicksort,reference,126,uncertainty,False,0,0,5,False,False,False,True,44,False,0.09090909090909091
supp_p01,app_quicksort,reference,55,uncertainty,False,0,0,5,False,False,False,False,44,False,0.0
supp_p01,app_quicksort,reference,113,uncertainty,False,0,0,5,False,False,False,True,44,False,0.09090909090909091
supp_p01,app_quicksort,reference,158,uncertainty,False,0,0,5,False,False,False,True,44,False,0.045454545454545456
supp_p01,app_quicksort,reference,165,uncertainty,False,0,0,5,False,False,False,True,44,False,0.09090909090909091
supp_p01,app_quicksort,reference,178,uncertainty,False,0,0,5,False,False,False,True,44,False,0.045454545454545456
supp_p01,app_quicksort,reference,133,uncertainty,False,0,0,5,False,False,False,False,44,False,0.0
supp_p01,app_quicksort,reference,78,uncertainty,False,0,0,5,False,False,False,True,44,False,0.045454545454545456
supp_p01,app_quicksort,reference,70,uncertainty,False,0,0,5,False,False,False,False,44,False,0.0
supp_p01,app_quicksort,reference,176,uncertainty,False,0,0,5,False,False,False,True,44,False,0.09090909090909091
supp_p01,app_quicksort,reference,17,uncertainty,False,0,0,5,False,False,False,True,44,False,0.18181818181818182
supp_p01,app_quicksort,reference,136,uncertainty,False,0,0,5,False,False,False,False,44,False,0.0
supp_p01,app_quicksort,reference,76,uncertainty,False,0,0,5,False,False,False,False,44,False,0.0
supp_p01,app_quicksort,reference,82,uncertainty,False,0,0,5,False,False,False,False,44,False,0.0
supp_p01,app_quicksort,reference,114,uncertainty,False,0,0,5,False,False,False,True,44,False,0.045454545454545456
supp_p01,app_quicksort,reference,168,uncertainty,False,0,0,5,False,False,False,True,44,False,0.045454545454545456
supp_p01,app_quicksort,reference,28,uncertainty,False,0,0,5,False,False,False,True,44,False,0.18181818181818182
supp_p01,app_quicksort,reference,39,uncertainty,False,0,0,5,False,False,False,True,44,False,0.09090909090909091
supp_p01,app_quicksort,reference,50,uncertainty,False,0,0,5,False,False,False,True,44,False,0.09090909090909091
supp_p01,app_quicksort,reference,61,uncertainty,False,0,0,5,False,False,False,True,44,False,0.09090909090909091
supp_p01,app_quicksort,reference,100,uncertainty,False,0,0,5,False,False,False,True,44,False,0.045454545454545456
supp_p01,app_quicksort,reference,130,uncertainty,False,0,0,5,False,False,False,False,44,False,0.0
supp_p01,app_quicksort,reference,141,uncertainty,False,0,0,5,False,False,False,False,44,False,0.0
supp_p01,app_quicksort,reference,53,uncertainty,False,0,0,5,False,False,False,False,44,False,0.0
supp_p01,app_quicksort,reference,73,uncertainty,False,0,0,5,False,False,False,True,44,False,0.09090909090909091
supp_p01,app_quicksort,reference,9,uncertainty,False,0,0,5,False,False,False,True,44,False,0.045454545454545456
supp_p01,app_quicksort,reference,6,uncertainty,False,0,0,5,False,False,False,True,44,False,0.13636363636363635
supp_p01,app_quicksort,reference,31,uncertainty,False,0,0,5,False,False,False,True,44,False,0.045454545454545456
supp_p01,app_quicksort,reference,94,uncertainty,False,0,0,5,False,False,False,True,44,False,0.045454545454545456
supp_p01,app_quicksort,reference,58,uncertainty,False,0,0,5,False,False,False,True,44,False,0.045454545454545456
supp_p01,app_quicksort,reference,177,uncertainty,False,0,0,5,False,False,False,False,44,False,0.0
supp_p01,app_quicksort,reference,48,uncertainty,False,0,0,5,False,False,False,True,44,False,0.18181818181818182
supp_p01,app_quicksort,reference,164,uncertainty,False,0,0,5,False,False,False,False,44,False,0.0
supp_p01,app_quicksort,reference,67,uncertainty,False,0,0,5,False,False,False,False,44,False,0.0
supp_p01,app_quicksort,reference,118,uncertainty,False,0,0,5,False,False,False,True,44,False,0.045454545454545456
supp_p01,app_quicksort,reference,79,uncertainty,False,0,0,5,False,False,False,False,44,False,0.0
supp_p01,app_quicksort,reference,122,uncertainty,False,0,0,5,False,False,False,False,44,False,0.0
supp_p01,app_quicksort,reference,54,uncertainty,False,0,0,5,False,False,False,True,44,False,0.09090909090909091
supp_p01,app_quicksort,reference,151,uncertainty,False,0,0,5,False,False,False,True,44,False,0.045454545454545456
supp_p01,app_quicksort,reference,103,uncertainty,False,0,0,5,False,False,False,True,44,False,0.13636363636363635
supp_p01,app_quicksort,reference,137,uncertainty,False,0,0,5,False,False,False,False,44,False,0.0
supp_p01,app_quicksort,reference,132,uncertainty,False,0,0,5,False,False,False,True,44,False,0.09090909090909091
supp_p01,app_quicksort,reference,143,uncertainty,False,0,0,5,False,False,False,False,44,False,0.0
supp_p01,app_quicksort,reference,107,uncertainty,False,0,0,5,False,False,False,False,44,False,0.0
supp_p01,app_quicksort,reference,119,uncertainty,False,0,0,5,False,False,False,True,44,False,0.09090909090909091
supp_p01,app_quicksort,reference,109,uncertainty,False,0,0,5,False,False,False,True,44,False,0.09090909090909091
supp_p01,app_quicksort,reference,84,uncertainty,False,0,0,5,False,False,False,True,44,False,0.045454545454545456
supp_p01,app_quicksort,reference,135,uncertainty,False,0,0,5,False,False,False,True,44,False,0.045454545454545456
supp_p01,app_quicksort,reference,125,uncertainty,False,0,0,5,False,False,False,False,44,False,0.0
supp_p01,app_quicksort,reference,161,uncertainty,False,0,0,5,False,False,False,True,44,False,0.045454545454545456
supp_p01,app_quicksort,reference,4,uncertainty,False,0,0,5,False,False,False,True,44,False,0.045454545454545456
supp_p01,app_quicksort,reference,72,uncertainty,False,0,0,5,False,False,False,True,44,False,0.22727272727272727
supp_p01,app_quicksort,reference,68,uncertainty,False,0,0,5,False,False,False,True,44,False,0.045454545454545456
supp_p01,app_quicksort,reference,175,uncertainty,False,0,0,5,False,False,False,True,44,False,0.13636363636363635
supp_p01,app_quicksort,reference,182,uncertainty,False,0,0,5,False,False,False,True,44,False,0.22727272727272727
supp_p01,app_quicksort,reference,134,uncertainty,False,0,0,5,False,False,False,False,44,False,0.0
supp_p01,app_quicksort,reference,105,uncertainty,False,0,0,5,False,False,False,True,44,False,0.09090909090909091
supp_p01,app_quicksort,reference,43,uncertainty,False,0,0,5,False,False,False,False,44,False,0.0
supp_p01,app_quicksort,reference,139,uncertainty,False,0,0,5,False,False,False,False,44,False,0.0
supp_p01,app_quicksort,reference,3,uncertainty,False,0,0,5,False,False,False,True,44,False,0.18181818181818182
supp_p01,app_quicksort,reference,62,uncertainty,False,0,0,5,False,False,False,True,44,False,0.18181818181818182
supp_p01,app_quicksort,reference,5,uncertainty,False,0,0,5,False,False,False,True,44,False,0.045454545454545456
supp_p01,app_quicksort,reference,66,uncertainty,False,0,0,5,False,False,False,True,44,False,0.13636363636363635
supp_p01,app_quicksort,reference,180,uncertainty,False,0,0,5,False,False,False,False,44,False,0.0
supp_p01,app_quicksort,reference,30,uncertainty,False,0,0,5,False,False,False,True,44,False,0.09090909090909091
supp_p01,app_quicksort,reference,149,uncertainty,False,0,0,5,False,False,False,True,44,False,0.045454545454545456
supp_p01,app_quicksort,reference,110,uncertainty,False,0,0,5,False,False,False,True,44,False,0.045454545454545456
supp_p01,app_quicksort,reference,13,uncertainty,False,0,0,5,False,False,False,False,44,False,0.0
supp_p01,app_quicksort,reference,7,uncertainty,False,0,0,5,False,False,False,False,44,False,0.0
supp_p01,app_quicksort,reference,87,uncertainty,False,0,0,5,False,False,False,False,44,False,0.0
supp_p01,app_quicksort,reference,150,uncertainty,False,0,0,5,False,False,False,True,44,False,0.09090909090909091
supp_p01,app_quicksort,reference,179,uncertainty,False,0,0,5,False,False,False,True,44,False,0.045454545454545456
supp_p01,app_quicksort,reference,181,uncertainty,False,0,0,5,False,False,False,True,44,False,0.13636363636363635
supp_p01,app_quicksort,reference,148,uncertainty,False,0,0,5,False,False,False,False,44,False,0.0
supp_p01,app_quicksort,reference,162,uncertainty,False,0,0,5,False,False,False,True,44,False,0.045454545454545456
supp_p01,app_quicksort,reference,102,uncertainty,False,0,0,5,False,False,False,True,44,False,0.09090909090909091
supp_p01,app_quicksort,reference,56,uncertainty,False,0,0,5,False,False,False,True,44,False,0.09090909090909091
supp_p01,app_quicksort,reference,19,uncertainty,False,0,0,5,False,False,False,False,44,False,0.0
supp_p01,app_quicksort,reference,112,uncertainty,False,0,0,5,False,False,False,True,44,False,0.045454545454545456
supp_p01,app_quicksort,reference,40,uncertainty,False,0,0,5,False,False,False,False,44,False,0.0
supp_p01,app_quicksort,reference,22,uncertainty,False,0,0,5,False,False,False,False,44,False,0.0
supp_p01,app_quicksort,reference,88,uncertainty,False,0,0,5,False,False,False,True,44,False,0.045454545454545456
supp_p01,app_quicksort,reference,167,uncertainty,False,0,0,5,False,False,False,False,44,False,0.0
supp_p01,app_quicksort,reference,183,uncertainty,False,0,0,5,False,False,False,True,44,False,0.09090909090909091
supp_p01,app_quicksort,reference,24,uncertainty,False,0,0,5,False,False,False,True,44,False,0.09090909090909091
supp_p01,app_quicksort,reference,128,uncertainty,False,0,0,5,False,False,False,True,44,False,0.045454545454545456
supp_p01,app_quicksort,reference,120,uncertainty,False,0,0,5,False,False,False,True,44,False,0.09090909090909091
supp_p01,app_quicksort,reference,45,uncertainty,False,0,0,5,False,False,False,True,44,False,0.18181818181818182
supp_p01,app_quicksort,reference,86,uncertainty,False,0,0,5,False,False,False,True,44,False,0.09090909090909091
supp_p01,app_quicksort,reference,156,uncertainty,False,0,0,5,False,False,False,False,44,False,0.0
supp_p01,app_quicksort,reference,98,uncertainty,False,0,0,5,False,False,False,True,44,False,0.045454545454545456
supp_p01,app_quicksort,reference,92,uncertainty,False,0,0,5,False,False,False,True,44,False,0.09090909090909091
supp_p01,app_quicksort,reference,95,uncertainty,False,0,0,5,False,False,False,False,44,False,0.0
supp_p01,app_quicksort,reference,101,uncertainty,False,0,0,5,False,False,False,True,44,False,0.045454545454545456
supp_p01,app_quicksort,reference,47,uncertainty,False,0,0,5,False,False,False,False,44,False,0.0
supp_p01,app_quicksort,reference,25,uncertainty,False,0,0,5,False,False,False,True,44,False,0.045454545454545456
supp_p01,app_quicksort,reference,121,uncertainty,False,0,0,5,False,False,False,True,44,False,0.09090909090909091
supp_p01,app_quicksort,reference,41,uncertainty,False,0,0,5,False,False,False,True,44,False,0.13636363636363635
supp_p01,app_quicksort,reference,99,uncertainty,False,0,0,5,False,False,False,True,44,False,0.045454545454545456
supp_p01,app_quicksort,reference,27,uncertainty,False,0,0,5,False,False,False,True,44,False,0.045454545454545456
supp_p01,app_quicksort,reference,140,uncertainty,False,0,0,5,False,False,False,False,44,False,0.0
supp_p01,app_quicksort,reference,81,uncertainty,False,0,0,5,False,False,False,False,44,False,0.0
supp_p01,app_quicksort,reference,144,uncertainty,False,0,0,5,False,False,False,True,44,False,0.045454545454545456
supp_p01,app_quicksort,reference,108,uncertainty,False,0,0,5,False,False,False,True,44,False,0.09090909090909091
supp_p01,app_quicksort,reference,85,uncertainty,False,0,0,5,False,False,False,True,44,False,0.09090909090909091
supp_p01,app_quicksort,reference,152,uncertainty,False,0,0,5,False,False,False,False,44,False,0.0
supp_p01,app_quicksort,reference,15,uncertainty,False,0,0,5,False,False,False,True,44,False,0.13636363636363635
supp_p01,app_quicksort,reference,89,uncertainty,False,0,0,5,False,False,False,True,44,False,0.045454545454545456
supp_p01,app_quicksort,reference,116,uncertainty,False,0,0,5,False,False,False,True,44,False,0.045454545454545456
supp_p01,app_quicksort,reference,138,uncertainty,False,0,0,5,False,False,False,True,44,False,0.045454545454545456
supp_p01,app_quicksort,reference,154,uncertainty,False,0,0,5,False,False,False,True,44,False,0.09090909090909091
supp_p01,app_quicksort,reference,104,uncertainty,False,0,0,5,False,False,False,True,44,False,0.13636363636363635
supp_p01,app_quicksort,reference,131,uncertainty,False,0,0,5,False,False,False,False,44,False,0.0
supp_p01,app_quicksort,reference,129,uncertainty,False,0,0,5,False,False,False,True,44,False,0.045454545454545456
supp_p01,app_quicksort,reference,96,uncertainty,False,0,0,5,False,False,False,True,44,False,0.13636363636363635
supp_p01,app_quicksort,reference,44,uncertainty,False,0,0,5,False,False,False,False,44,False,0.0
supp_p01,app_quicksort,reference,46,uncertainty,False,0,0,5,False,False,False,False,44,False,0.0
supp_p01,app_quicksort,reference,159,low_score,False,0,0,5,False,False,False,False,13,False,0.0
supp_p01,app_quicksort,reference,42,low_score,False,0,0,5,False,False,False,False,12,False,0.0
supp_p01,app_quicksort,reference,64,low_score,False,0,0,5,False,False,False,False,5,False,0.0
supp_p01,app_quicksort,reference,12,low_score,False,0,0,5,False,False,False,False,7,False,0.0
supp_p01,app_quicksort,reference,160,low_score,False,0,0,5,False,False,False,False,14,False,0.0
supp_p01,app_quicksort,reference,155,low_score,False,0,0,5,False,False,False,False,10,False,0.0
supp_p01,app_quicksort,reference,11,low_score,False,0,0,5,False,False,False,False,12,False,0.0
supp_p01,app_quicksort,reference,124,low_score,False,0,0,5,False,False,False,False,8,False,0.0
supp_p01,app_quicksort,reference,169,low_score,False,0,0,5,False,False,False,False,13,False,0.0
supp_p01,app_quicksort,reference,106,low_score,False,0,0,5,False,False,False,False,13,False,0.0
supp_p01,app_quicksort,reference,157,low_score,False,0,0,5,False,False,False,False,9,False,0.0
supp_p01,app_quicksort,reference,126,low_score,False,0,0,5,False,False,False,False,16,False,0.0
supp_p01,app_quicksort,reference,55,low_score,False,0,0,5,False,False,False,False,9,False,0.0
supp_p01,app_quicksort,reference,113,low_score,False,0,0,5,False,False,False,False,11,False,0.0
supp_p01,app_quicksort,reference,158,low_score,False,0,0,5,False,False,False,False,12,False,0.0
supp_p01,app_quicksort,reference,165,low_score,False,0,0,5,False,False,False,False,16,False,0.0
supp_p01,app_quicksort,reference,178,low_score,False,0,0,5,False,False,False,False,10,False,0.0
supp_p01,app_quicksort,reference,133,low_score,False,0,0,5,False,False,False,False,5,False,0.0
supp_p01,app_quicksort,reference,78,low_score,False,0,0,5,False,False,False,False,11,False,0.0
supp_p01,app_quicksort,reference,70,low_score,False,0,0,5,False,False,False,False,16,False,0.0
supp_p01,app_quicksort,reference,176,low_score,False,0,0,5,False,False,False,False,11,False,0.0
supp_p01,app_quicksort,reference,17,low_score,False,0,0,5,False,False,False,False,11,False,0.0
supp_p01,app_quicksort,reference,136,low_score,False,0,0,5,False,False,False,False,15,False,0.0
supp_p01,app_quicksort,reference,76,low_score,False,0,0,5,False,False,False,False,21,False,0.0
supp_p01,app_quicksort,reference,82,low_score,False,0,0,5,False,False,False,False,9,False,0.0
supp_p01,app_quicksort,reference,114,low_score,False,0,0,5,False,False,False,False,13,False,0.0
supp_p01,app_quicksort,reference,168,low_score,False,0,0,5,False,False,False,False,8,False,0.0
supp_p01,app_quicksort,reference,28,low_score,False,0,0,5,False,False,False,False,10,False,0.0
supp_p01,app_quicksort,reference,39,low_score,False,0,0,5,False,False,False,False,8,False,0.0
supp_p01,app_quicksort,reference,50,low_score,False,0,0,5,False,False,False,False,7,False,0.0
supp_p01,app_quicksort,reference,61,low_score,False,0,0,5,False,False,False,False,9,False,0.0
supp_p01,app_quicksort,reference,100,low_score,False,0,0,5,False,False,False,False,16,False,0.0
supp_p01,app_quicksort,reference,130,low_score,False,0,0,5,False,False,False,False,15,False,0.0
supp_p01,app_quicksort,reference,141,low_score,False,0,0,5,False,False,False,False,16,False,0.0
supp_p01,app_quicksort,reference,53,low_score,False,0,0,5,False,False,False,False,17,False,0.0
supp_p01,app_quicksort,reference,73,low_score,False,0,0,5,False,False,False,False,9,False,0.0
supp_p01,app_quicksort,reference,9,low_score,False,0,0,5,False,False,False,False,8,False,0.0
supp_p01,app_quicksort,reference,6,low_score,False,0,0,5,False,False,False,False,7,False,0.0
supp_p01,app_quicksort,reference,31,low_score,False,0,0,5,False,False,False,False,10,False,0.0
supp_p01,app_quicksort,reference,94,low_score,False,0,0,5,False,False,False,False,13,False,0.0
supp_p01,app_quicksort,reference,58,low_score,False,0,0,5,False,False,False,False,14,False,0.0
supp_p01,app_quicksort,reference,177,low_score,False,0,0,5,False,False,False,False,12,False,0.0
supp_p01,app_quicksort,reference,48,low_score,False,0,0,5,False,False,False,False,14,False,0.0
supp_p01,app_quicksort,reference,164,low_score,False,0,0,5,False,False,False,False,13,False,0.0
supp_p01,app_quicksort,reference,67,low_score,False,0,0,5,False,False,False,False,14,False,0.0
supp_p01,app_quicksort,reference,118,low_score,False,0,0,5,False,False,False,False,17,False,0.0
supp_p01,app_quicksort,reference,79,low_score,False,0,0,5,False,False,False,False,5,False,0.0
supp_p01,app_quicksort,reference,122,low_score,False,0,0,5,False,False,False,False,17,False,0.0
supp_p01,app_quicksort,reference,54,low_score,False,0,0,5,False,False,False,False,8,False,0.0
supp_p01,app_quicksort,reference,151,low_score,False,0,0,5,False,False,False,False,16,False,0.0
supp_p01,app_quicksort,reference,103,low_score,False,0,0,5,False,False,False,False,11,False,0.0
supp_p01,app_quicksort,reference,137,low_score,False,0,0,5,False,False,False,False,15,False,0.0
supp_p01,app_quicksort,reference,132,low_score,False,0,0,5,False,False,False,False,11,False,0.0
supp_p01,app_quicksort,reference,143,low_score,False,0,0,5,False,False,False,False,17,False,0.0
supp_p01,app_quicksort,reference,107,low_score,False,0,0,5,False,False,False,False,12,False,0.0
supp_p01,app_quicksort,reference,119,low_score,False,0,0,5,False,False,False,False,9,False,0.0
supp_p01,app_quicksort,reference,109,low_score,False,0,0,5,False,False,False,False,11,False,0.0
supp_p01,app_quicksort,reference,84,low_score,False,0,0,5,False,False,False,False,5,False,0.0
supp_p01,app_quicksort,reference,135,low_score,False,0,0,5,False,False,False,False,13,False,0.0
supp_p01,app_quicksort,reference,125,low_score,False,0,0,5,False,False,False,False,13,False,0.0
supp_p01,app_quicksort,reference,161,low_score,False,0,0,5,False,False,False,False,15,False,0.0
supp_p01,app_quicksort,reference,4,low_score,False,0,0,5,False,False,False,False,15,False,0.0
supp_p01,app_quicksort,reference,72,low_score,False,0,0,4,False,False,False,False,4,False,0.0
supp_p01,app_quicksort,reference,68,low_score,False,0,0,5,False,False,False,False,12,False,0.0
supp_p01,app_quicksort,reference,175,low_score,False,0,0,5,False,False,False,False,14,False,0.0
supp_p01,app_quicksort,reference,182,low_score,False,0,0,5,False,False,False,False,9,False,0.0
supp_p01,app_quicksort,reference,134,low_score,False,0,0,5,False,False,False,False,15,False,0.0
supp_p01,app_quicksort,reference,105,low_score,False,0,0,5,False,False,False,False,10,False,0.0
supp_p01,app_quicksort,reference,43,low_score,False,0,0,5,False,False,False,False,10,False,0.0
supp_p01,app_quicksort,reference,139,low_score,False,0,0,5,False,False,False,False,14,False,0.0
supp_p01,app_quicksort,reference,3,low_score,False,0,0,5,False,False,False,False,9,False,0.0
supp_p01,app_quicksort,reference,62,low_score,False,0,0,5,False,False,False,False,9,False,0.0
supp_p01,app_quicksort,reference,5,low_score,False,0,0,5,False,False,False,False,9,False,0.0
supp_p01,app_quicksort,reference,66,low_score,False,0,0,5,False,False,False,False,7,False,0.0
supp_p01,app_quicksort,reference,180,low_score,False,0,0,5,False,False,False,False,17,False,0.0
supp_p01,app_quicksort,reference,30,low_score,False,0,0,5,False,False,False,False,6,False,0.0
supp_p01,app_quicksort,reference,149,low_score,False,0,0,5,False,False,False,False,12,False,0.0
supp_p01,app_quicksort,reference,110,low_score,False,0,0,5,False,False,False,False,9,False,0.0
supp_p01,app_quicksort,reference,13,low_score,False,0,0,5,False,False,False,False,15,False,0.0
supp_p01,app_quicksort,reference,7,low_score,False,0,0,5,False,False,False,False,15,False,0.0
supp_p01,app_quicksort,reference,87,low_score,False,0,0,5,False,False,False,False,10,False,0.0
supp_p01,app_quicksort,reference,150,low_score,False,0,0,5,False,False,False,False,15,False,0.0
supp_p01,app_quicksort,reference,179,low_score,False,0,0,5,False,False,False,False,18,False,0.0
supp_p01,app_quicksort,reference,181,low_score,False,0,0,5,False,False,False,False,11,False,0.0
supp_p01,app_quicksort,reference,148,low_score,False,0,0,5,False,False,False,False,15,False,0.0
supp_p01,app_quicksort,reference,162,low_score,False,0,0,5,False,False,False,False,20,False,0.0
supp_p01,app_quicksort,reference,102,low_score,False,0,0,5,False,False,False,False,11,False,0.0
supp_p01,app_quicksort,reference,56,low_score,False,0,0,5,False,False,False,False,5,False,0.0
supp_p01,app_quicksort,reference,19,low_score,False,0,0,5,False,False,False,False,11,False,0.0
supp_p01,app_quicksort,reference,112,low_score,False,0,0,5,False,False,False,False,11,False,0.0
supp_p01,app_quicksort,reference,40,low_score,False,0,0,5,False,False,False,False,6,False,0.0
supp_p01,app_quicksort,reference,22,low_score,False,0,0,5,False,False,False,False,16,False,0.0
supp_p01,app_quicksort,reference,88,low_score,False,0,0,5,False,False,False,False,10,False,0.0
supp_p01,app_quicksort,reference,167,low_score,False,0,0,5,False,False,False,False,12,False,0.0
supp_p01,app_quicksort,reference,183,low_score,False,0,0,5,False,False,False,False,15,False,0.0
supp_p01,app_quicksort,reference,24,low_score,False,0,0,5,False,False,False,False,9,False,0.0
supp_p01,app_quicksort,reference,128,low_score,False,0,0,5,False,False,False,False,13,False,0.0
supp_p01,app_quicksort,reference,120,low_score,False,0,0,5,False,False,False,False,10,False,0.0
supp_p01,app_quicksort,reference,45,low_score,False,0,0,5,False,False,False,False,8,False,0.0
supp_p01,app_quicksort,reference,86,low_score,False,0,0,5,False,False,False,False,17,False,0.0
supp_p01,app_quicksort,reference,156,low_score,False,0,0,5,False,False,False,False,16,False,0.0
supp_p01,app_quicksort,reference,98,low_score,False,0,0,5,False,False,False,False,11,False,0.0
supp_p01,app_quicksort,reference,92,low_score,False,0,0,5,False,False,False,False,12,False,0.0
supp_p01,app_quicksort,reference,95,low_score,False,0,0,5,False,False,False,False,14,False,0.0
supp_p01,app_quicksort,reference,101,low_score,False,0,0,5,False,False,False,False,15,False,0.0
supp_p01,app_quicksort,reference,47,low_score,False,0,0,5,False,False,False,False,8,False,0.0
supp_p01,app_quicksort,reference,25,low_score,False,0,0,5,False,False,False,False,11,False,0.0
supp_p01,app_quicksort,reference,121,low_score,False,0,0,5,False,False,False,False,12,False,0.0
supp_p01,app_quicksort,reference,41,low_score,False,0,0,5,False,False,False,False,9,False,0.0
supp_p01,app_quicksort,reference,99,low_score,False,0,0,5,False,False,False,False,8,False,0.0
supp_p01,app_quicksort,reference,27,low_score,False,0,0,5,False,False,False,False,13,False,0.0
supp_p01,app_quicksort,reference,140,low_score,False,0,0,5,False,False,False,False,17,False,0.0
supp_p01,app_quicksort,reference,81,low_score,False,0,0,3,False,False,False,False,3,False,0.0
supp_p01,app_quicksort,reference,144,low_score,False,0,0,5,False,False,False,False,8,False,0.0
supp_p01,app_quicksort,reference,108,low_score,False,0,0,5,False,False,False,False,12,False,0.0
supp_p01,app_quicksort,reference,85,low_score,False,0,0,5,False,False,False,False,6,False,0.0
supp_p01,app_quicksort,reference,152,low_score,False,0,0,5,False,False,False,False,17,False,0.0
supp_p01,app_quicksort,reference,15,low_score,False,0,0,5,False,False,False,False,11,False,0.0
supp_p01,app_quicksort,reference,89,low_score,False,0,0,5,False,False,False,False,13,False,0.0
supp_p01,app_quicksort,reference,116,low_score,False,0,0,5,False,False,False,False,10,False,0.0
supp_p01,app_quicksort,reference,138,low_score,False,0,0,5,False,False,False,False,14,False,0.0
supp_p01,app_quicksort,reference,154,low_score,False,0,0,5,False,False,False,False,8,False,0.0
supp_p01,app_quicksort,reference,104,low_score,False,0,0,5,False,False,False,False,14,False,0.0
supp_p01,app_quicksort,reference,131,low_score,False,0,0,5,False,False,False,False,18,False,0.0
supp_p01,app_quicksort,reference,129,low_score,False,0,0,5,False,False,False,False,7,False,0.0
supp_p01,app_quicksort,reference,96,low_score,False,0,0,5,False,False,False,False,10,False,0.0
supp_p01,app_quicksort,reference,44,low_score,False,0,0,5,False,False,False,False,7,False,0.0
supp_p01,app_quicksort,reference,46,low_score,False,0,0,5,False,False,False,False,12,False,0.0
supp_p01,stable,complete_cohort,2,uncertainty,False,0,0,5,False,False,False,True,44,False,0.09090909090909091
supp_p01,stable,complete_cohort,3,uncertainty,False,0,0,5,False,False,False,True,44,False,0.18181818181818182
supp_p01,stable,complete_cohort,4,uncertainty,False,0,0,5,False,False,False,True,44,False,0.045454545454545456
supp_p01,stable,complete_cohort,5,uncertainty,False,0,0,5,False,False,False,True,44,False,0.045454545454545456
supp_p01,stable,complete_cohort,6,uncertainty,False,0,0,5,False,False,False,True,44,False,0.13636363636363635
supp_p01,stable,complete_cohort,7,uncertainty,False,0,0,5,False,False,False,False,44,False,0.0
supp_p01,stable,complete_cohort,9,uncertainty,False,0,0,5,False,False,False,True,44,False,0.045454545454545456
supp_p01,stable,complete_cohort,11,uncertainty,False,0,0,5,False,False,False,False,44,False,0.0
supp_p01,stable,complete_cohort,12,uncertainty,False,0,0,5,False,False,False,True,44,False,0.045454545454545456
supp_p01,stable,complete_cohort,13,uncertainty,False,0,0,5,False,False,False,False,44,False,0.0
supp_p01,stable,complete_cohort,14,uncertainty,False,0,0,5,False,False,False,True,44,False,0.045454545454545456
supp_p01,stable,complete_cohort,15,uncertainty,False,0,0,5,False,False,False,True,44,False,0.13636363636363635
supp_p01,stable,complete_cohort,17,uncertainty,False,0,0,5,False,False,False,True,44,False,0.18181818181818182
supp_p01,stable,complete_cohort,19,uncertainty,False,0,0,5,False,False,False,False,44,False,0.0
supp_p01,stable,complete_cohort,20,uncertainty,False,0,0,5,False,False,False,True,44,False,0.13636363636363635
supp_p01,stable,complete_cohort,21,uncertainty,False,0,0,5,False,False,False,True,44,False,0.045454545454545456
supp_p01,stable,complete_cohort,22,uncertainty,False,0,0,5,False,False,False,False,44,False,0.0
supp_p01,stable,complete_cohort,23,uncertainty,False,0,0,5,False,False,False,True,44,False,0.09090909090909091
supp_p01,stable,complete_cohort,24,uncertainty,False,0,0,5,False,False,False,True,44,False,0.09090909090909091
supp_p01,stable,complete_cohort,25,uncertainty,False,0,0,5,False,False,False,True,44,False,0.045454545454545456
supp_p01,stable,complete_cohort,27,uncertainty,False,0,0,5,False,False,False,True,44,False,0.045454545454545456
supp_p01,stable,complete_cohort,28,uncertainty,False,0,0,5,False,False,False,True,44,False,0.18181818181818182
supp_p01,stable,complete_cohort,29,uncertainty,False,0,0,5,False,False,False,True,44,False,0.045454545454545456
supp_p01,stable,complete_cohort,30,uncertainty,False,0,0,5,False,False,False,True,44,False,0.09090909090909091
supp_p01,stable,complete_cohort,31,uncertainty,False,0,0,5,False,False,False,True,44,False,0.045454545454545456
supp_p01,stable,complete_cohort,39,uncertainty,False,0,0,5,False,False,False,True,44,False,0.09090909090909091
supp_p01,stable,complete_cohort,40,uncertainty,False,0,0,5,False,False,False,False,44,False,0.0
supp_p01,stable,complete_cohort,41,uncertainty,False,0,0,5,False,False,False,True,44,False,0.13636363636363635
supp_p01,stable,complete_cohort,42,uncertainty,False,0,0,5,False,False,False,False,44,False,0.0
supp_p01,stable,complete_cohort,43,uncertainty,False,0,0,5,False,False,False,False,44,False,0.0
supp_p01,stable,complete_cohort,44,uncertainty,False,0,0,5,False,False,False,False,44,False,0.0
supp_p01,stable,complete_cohort,45,uncertainty,False,0,0,5,False,False,False,True,44,False,0.18181818181818182
supp_p01,stable,complete_cohort,46,uncertainty,False,0,0,5,False,False,False,False,44,False,0.0
supp_p01,stable,complete_cohort,47,uncertainty,False,0,0,5,False,False,False,False,44,False,0.0
supp_p01,stable,complete_cohort,48,uncertainty,False,0,0,5,False,False,False,True,44,False,0.18181818181818182
supp_p01,stable,complete_cohort,50,uncertainty,False,0,0,5,False,False,False,True,44,False,0.09090909090909091
supp_p01,stable,complete_cohort,51,uncertainty,False,0,0,5,False,False,False,False,44,False,0.0
supp_p01,stable,complete_cohort,52,uncertainty,False,0,0,5,False,False,False,False,44,False,0.0
supp_p01,stable,complete_cohort,53,uncertainty,False,0,0,5,False,False,False,False,44,False,0.0
supp_p01,stable,complete_cohort,54,uncertainty,False,0,0,5,False,False,False,True,44,False,0.09090909090909091
supp_p01,stable,complete_cohort,55,uncertainty,False,0,0,5,False,False,False,False,44,False,0.0
supp_p01,stable,complete_cohort,56,uncertainty,False,0,0,5,False,False,False,True,44,False,0.09090909090909091
supp_p01,stable,complete_cohort,58,uncertainty,False,0,0,5,False,False,False,True,44,False,0.045454545454545456
supp_p01,stable,complete_cohort,59,uncertainty,False,0,0,5,False,False,False,True,44,False,0.045454545454545456
supp_p01,stable,complete_cohort,61,uncertainty,False,0,0,5,False,False,False,True,44,False,0.09090909090909091
supp_p01,stable,complete_cohort,62,uncertainty,False,0,0,5,False,False,False,True,44,False,0.18181818181818182
supp_p01,stable,complete_cohort,63,uncertainty,False,0,0,5,False,False,False,True,44,False,0.045454545454545456
supp_p01,stable,complete_cohort,64,uncertainty,False,0,0,5,False,False,False,True,44,False,0.18181818181818182
supp_p01,stable,complete_cohort,66,uncertainty,False,0,0,5,False,False,False,True,44,False,0.13636363636363635
supp_p01,stable,complete_cohort,67,uncertainty,False,0,0,5,False,False,False,False,44,False,0.0
supp_p01,stable,complete_cohort,68,uncertainty,False,0,0,5,False,False,False,True,44,False,0.045454545454545456
supp_p01,stable,complete_cohort,70,uncertainty,False,0,0,5,False,False,False,False,44,False,0.0
supp_p01,stable,complete_cohort,71,uncertainty,False,0,0,5,False,False,False,True,44,False,0.045454545454545456
supp_p01,stable,complete_cohort,72,uncertainty,False,0,0,5,False,False,False,True,44,False,0.22727272727272727
supp_p01,stable,complete_cohort,73,uncertainty,False,0,0,5,False,False,False,True,44,False,0.09090909090909091
supp_p01,stable,complete_cohort,74,uncertainty,False,0,0,5,False,False,False,False,44,False,0.0
supp_p01,stable,complete_cohort,76,uncertainty,False,0,0,5,False,False,False,False,44,False,0.0
supp_p01,stable,complete_cohort,77,uncertainty,False,0,0,5,False,False,False,True,44,False,0.18181818181818182
supp_p01,stable,complete_cohort,78,uncertainty,False,0,0,5,False,False,False,True,44,False,0.045454545454545456
supp_p01,stable,complete_cohort,79,uncertainty,False,0,0,5,False,False,False,False,44,False,0.0
supp_p01,stable,complete_cohort,80,uncertainty,False,0,0,5,False,False,False,False,44,False,0.0
supp_p01,stable,complete_cohort,81,uncertainty,False,0,0,5,False,False,False,False,44,False,0.0
supp_p01,stable,complete_cohort,82,uncertainty,False,0,0,5,False,False,False,False,44,False,0.0
supp_p01,stable,complete_cohort,83,uncertainty,False,0,0,5,False,False,False,True,44,False,0.045454545454545456
supp_p01,stable,complete_cohort,84,uncertainty,False,0,0,5,False,False,False,True,44,False,0.045454545454545456
supp_p01,stable,complete_cohort,85,uncertainty,False,0,0,5,False,False,False,True,44,False,0.09090909090909091
supp_p01,stable,complete_cohort,86,uncertainty,False,0,0,5,False,False,False,True,44,False,0.09090909090909091
supp_p01,stable,complete_cohort,87,uncertainty,False,0,0,5,False,False,False,False,44,False,0.0
supp_p01,stable,complete_cohort,88,uncertainty,False,0,0,5,False,False,False,True,44,False,0.045454545454545456
supp_p01,stable,complete_cohort,89,uncertainty,False,0,0,5,False,False,False,True,44,False,0.045454545454545456
supp_p01,stable,complete_cohort,90,uncertainty,False,0,0,5,False,False,False,False,44,False,0.0
supp_p01,stable,complete_cohort,91,uncertainty,False,0,0,5,False,False,False,True,44,False,0.13636363636363635
supp_p01,stable,complete_cohort,92,uncertainty,False,0,0,5,False,False,False,True,44,False,0.09090909090909091
supp_p01,stable,complete_cohort,93,uncertainty,False,0,0,5,False,False,False,True,44,False,0.045454545454545456
supp_p01,stable,complete_cohort,94,uncertainty,False,0,0,5,False,False,False,True,44,False,0.045454545454545456
supp_p01,stable,complete_cohort,95,uncertainty,False,0,0,5,False,False,False,False,44,False,0.0
supp_p01,stable,complete_cohort,96,uncertainty,False,0,0,5,False,False,False,True,44,False,0.13636363636363635
supp_p01,stable,complete_cohort,97,uncertainty,False,0,0,5,False,False,False,True,44,False,0.045454545454545456
supp_p01,stable,complete_cohort,98,uncertainty,False,0,0,5,False,False,False,True,44,False,0.045454545454545456
supp_p01,stable,complete_cohort,99,uncertainty,False,0,0,5,False,False,False,True,44,False,0.045454545454545456
supp_p01,stable,complete_cohort,100,uncertainty,False,0,0,5,False,False,False,True,44,False,0.045454545454545456
supp_p01,stable,complete_cohort,101,uncertainty,False,0,0,5,False,False,False,True,44,False,0.045454545454545456
supp_p01,stable,complete_cohort,102,uncertainty,False,0,0,5,False,False,False,True,44,False,0.09090909090909091
supp_p01,stable,complete_cohort,103,uncertainty,False,0,0,5,False,False,False,True,44,False,0.13636363636363635
supp_p01,stable,complete_cohort,104,uncertainty,False,0,0,5,False,False,False,True,44,False,0.13636363636363635
supp_p01,stable,complete_cohort,105,uncertainty,False,0,0,5,False,False,False,True,44,False,0.09090909090909091
supp_p01,stable,complete_cohort,106,uncertainty,False,0,0,5,False,False,False,True,44,False,0.045454545454545456
supp_p01,stable,complete_cohort,107,uncertainty,False,0,0,5,False,False,False,False,44,False,0.0
supp_p01,stable,complete_cohort,108,uncertainty,False,0,0,5,False,False,False,True,44,False,0.09090909090909091
supp_p01,stable,complete_cohort,109,uncertainty,False,0,0,5,False,False,False,True,44,False,0.09090909090909091
supp_p01,stable,complete_cohort,110,uncertainty,False,0,0,5,False,False,False,True,44,False,0.045454545454545456
supp_p01,stable,complete_cohort,111,uncertainty,False,0,0,5,False,False,False,True,44,False,0.09090909090909091
supp_p01,stable,complete_cohort,112,uncertainty,False,0,0,5,False,False,False,True,44,False,0.045454545454545456
supp_p01,stable,complete_cohort,113,uncertainty,False,0,0,5,False,False,False,True,44,False,0.09090909090909091
supp_p01,stable,complete_cohort,114,uncertainty,False,0,0,5,False,False,False,True,44,False,0.045454545454545456
supp_p01,stable,complete_cohort,115,uncertainty,False,0,0,5,False,False,False,True,44,False,0.045454545454545456
supp_p01,stable,complete_cohort,116,uncertainty,False,0,0,5,False,False,False,True,44,False,0.045454545454545456
supp_p01,stable,complete_cohort,117,uncertainty,False,0,0,5,False,False,False,False,44,False,0.0
supp_p01,stable,complete_cohort,118,uncertainty,False,0,0,5,False,False,False,True,44,False,0.045454545454545456
supp_p01,stable,complete_cohort,119,uncertainty,False,0,0,5,False,False,False,True,44,False,0.09090909090909091
supp_p01,stable,complete_cohort,120,uncertainty,False,0,0,5,False,False,False,True,44,False,0.09090909090909091
supp_p01,stable,complete_cohort,121,uncertainty,False,0,0,5,False,False,False,True,44,False,0.09090909090909091
supp_p01,stable,complete_cohort,122,uncertainty,False,0,0,5,False,False,False,False,44,False,0.0
supp_p01,stable,complete_cohort,123,uncertainty,False,0,0,5,False,False,False,True,44,False,0.09090909090909091
supp_p01,stable,complete_cohort,124,uncertainty,False,0,0,5,False,False,False,True,44,False,0.13636363636363635
supp_p01,stable,complete_cohort,125,uncertainty,False,0,0,5,False,False,False,False,44,False,0.0
supp_p01,stable,complete_cohort,126,uncertainty,False,0,0,5,False,False,False,True,44,False,0.09090909090909091
supp_p01,stable,complete_cohort,127,uncertainty,False,0,0,5,False,False,False,True,44,False,0.09090909090909091
supp_p01,stable,complete_cohort,128,uncertainty,False,0,0,5,False,False,False,True,44,False,0.045454545454545456
supp_p01,stable,complete_cohort,129,uncertainty,False,0,0,5,False,False,False,True,44,False,0.045454545454545456
supp_p01,stable,complete_cohort,130,uncertainty,False,0,0,5,False,False,False,False,44,False,0.0
supp_p01,stable,complete_cohort,131,uncertainty,False,0,0,5,False,False,False,False,44,False,0.0
supp_p01,stable,complete_cohort,132,uncertainty,False,0,0,5,False,False,False,True,44,False,0.09090909090909091
supp_p01,stable,complete_cohort,133,uncertainty,False,0,0,5,False,False,False,False,44,False,0.0
supp_p01,stable,complete_cohort,134,uncertainty,False,0,0,5,False,False,False,False,44,False,0.0
supp_p01,stable,complete_cohort,135,uncertainty,False,0,0,5,False,False,False,True,44,False,0.045454545454545456
supp_p01,stable,complete_cohort,136,uncertainty,False,0,0,5,False,False,False,False,44,False,0.0
supp_p01,stable,complete_cohort,137,uncertainty,False,0,0,5,False,False,False,False,44,False,0.0
supp_p01,stable,complete_cohort,138,uncertainty,False,0,0,5,False,False,False,True,44,False,0.045454545454545456
supp_p01,stable,complete_cohort,139,uncertainty,False,0,0,5,False,False,False,False,44,False,0.0
supp_p01,stable,complete_cohort,140,uncertainty,False,0,0,5,False,False,False,False,44,False,0.0
supp_p01,stable,complete_cohort,141,uncertainty,False,0,0,5,False,False,False,False,44,False,0.0
supp_p01,stable,complete_cohort,142,uncertainty,False,0,0,5,False,False,False,False,44,False,0.0
supp_p01,stable,complete_cohort,143,uncertainty,False,0,0,5,False,False,False,False,44,False,0.0
supp_p01,stable,complete_cohort,144,uncertainty,False,0,0,5,False,False,False,True,44,False,0.045454545454545456
supp_p01,stable,complete_cohort,147,uncertainty,False,0,0,5,False,False,False,True,44,False,0.045454545454545456
supp_p01,stable,complete_cohort,148,uncertainty,False,0,0,5,False,False,False,False,44,False,0.0
supp_p01,stable,complete_cohort,149,uncertainty,False,0,0,5,False,False,False,True,44,False,0.045454545454545456
supp_p01,stable,complete_cohort,150,uncertainty,False,0,0,5,False,False,False,True,44,False,0.09090909090909091
supp_p01,stable,complete_cohort,151,uncertainty,False,0,0,5,False,False,False,True,44,False,0.045454545454545456
supp_p01,stable,complete_cohort,152,uncertainty,False,0,0,5,False,False,False,False,44,False,0.0
supp_p01,stable,complete_cohort,153,uncertainty,False,0,0,5,False,False,False,True,44,False,0.045454545454545456
supp_p01,stable,complete_cohort,154,uncertainty,False,0,0,5,False,False,False,True,44,False,0.09090909090909091
supp_p01,stable,complete_cohort,155,uncertainty,False,0,0,5,False,False,False,False,44,False,0.0
supp_p01,stable,complete_cohort,156,uncertainty,False,0,0,5,False,False,False,False,44,False,0.0
supp_p01,stable,complete_cohort,157,uncertainty,False,0,0,5,False,False,False,True,44,False,0.09090909090909091
supp_p01,stable,complete_cohort,158,uncertainty,False,0,0,5,False,False,False,True,44,False,0.045454545454545456
supp_p01,stable,complete_cohort,159,uncertainty,False,0,0,5,False,False,False,True,44,False,0.045454545454545456
supp_p01,stable,complete_cohort,160,uncertainty,False,0,0,5,False,False,False,False,44,False,0.0
supp_p01,stable,complete_cohort,161,uncertainty,False,0,0,5,False,False,False,True,44,False,0.045454545454545456
supp_p01,stable,complete_cohort,162,uncertainty,False,0,0,5,False,False,False,True,44,False,0.045454545454545456
supp_p01,stable,complete_cohort,163,uncertainty,False,0,0,5,False,False,False,False,44,False,0.0
supp_p01,stable,complete_cohort,164,uncertainty,False,0,0,5,False,False,False,False,44,False,0.0
supp_p01,stable,complete_cohort,165,uncertainty,False,0,0,5,False,False,False,True,44,False,0.09090909090909091
supp_p01,stable,complete_cohort,166,uncertainty,False,0,0,5,False,False,False,True,44,False,0.045454545454545456
supp_p01,stable,complete_cohort,167,uncertainty,False,0,0,5,False,False,False,False,44,False,0.0
supp_p01,stable,complete_cohort,168,uncertainty,False,0,0,5,False,False,False,True,44,False,0.045454545454545456
supp_p01,stable,complete_cohort,169,uncertainty,False,0,0,5,False,False,False,True,44,False,0.13636363636363635
supp_p01,stable,complete_cohort,170,uncertainty,False,0,0,5,False,False,False,True,44,False,0.09090909090909091
supp_p01,stable,complete_cohort,172,uncertainty,False,0,0,5,False,False,False,True,44,False,0.045454545454545456
supp_p01,stable,complete_cohort,174,uncertainty,False,0,0,5,False,False,False,False,44,False,0.0
supp_p01,stable,complete_cohort,175,uncertainty,False,0,0,5,False,False,False,True,44,False,0.13636363636363635
supp_p01,stable,complete_cohort,176,uncertainty,False,0,0,5,False,False,False,True,44,False,0.09090909090909091
supp_p01,stable,complete_cohort,177,uncertainty,False,0,0,5,False,False,False,False,44,False,0.0
supp_p01,stable,complete_cohort,178,uncertainty,False,0,0,5,False,False,False,True,44,False,0.045454545454545456
supp_p01,stable,complete_cohort,179,uncertainty,False,0,0,5,False,False,False,True,44,False,0.045454545454545456
supp_p01,stable,complete_cohort,180,uncertainty,False,0,0,5,False,False,False,False,44,False,0.0
supp_p01,stable,complete_cohort,181,uncertainty,False,0,0,5,False,False,False,True,44,False,0.13636363636363635
supp_p01,stable,complete_cohort,182,uncertainty,False,0,0,5,False,False,False,True,44,False,0.22727272727272727
supp_p01,stable,complete_cohort,183,uncertainty,False,0,0,5,False,False,False,True,44,False,0.09090909090909091
supp_p01,stable,complete_cohort,2,low_score,False,0,0,5,False,False,False,False,5,False,0.0
supp_p01,stable,complete_cohort,3,low_score,False,0,0,5,False,False,False,False,9,False,0.0
supp_p01,stable,complete_cohort,4,low_score,False,0,0,5,False,False,False,False,15,False,0.0
supp_p01,stable,complete_cohort,5,low_score,False,0,0,5,False,False,False,False,9,False,0.0
supp_p01,stable,complete_cohort,6,low_score,False,0,0,5,False,False,False,False,7,False,0.0
supp_p01,stable,complete_cohort,7,low_score,False,0,0,5,False,False,False,False,15,False,0.0
supp_p01,stable,complete_cohort,9,low_score,False,0,0,5,False,False,False,False,8,False,0.0
supp_p01,stable,complete_cohort,11,low_score,False,0,0,5,False,False,False,False,12,False,0.0
supp_p01,stable,complete_cohort,12,low_score,False,0,0,5,False,False,False,False,7,False,0.0
supp_p01,stable,complete_cohort,13,low_score,False,0,0,5,False,False,False,False,15,False,0.0
supp_p01,stable,complete_cohort,14,low_score,False,0,0,5,False,False,False,False,16,False,0.0
supp_p01,stable,complete_cohort,15,low_score,False,0,0,5,False,False,False,False,11,False,0.0
supp_p01,stable,complete_cohort,17,low_score,False,0,0,5,False,False,False,False,11,False,0.0
supp_p01,stable,complete_cohort,19,low_score,False,0,0,5,False,False,False,False,11,False,0.0
supp_p01,stable,complete_cohort,20,low_score,False,0,0,5,False,False,False,False,6,False,0.0
supp_p01,stable,complete_cohort,21,low_score,False,0,0,5,False,False,False,False,15,False,0.0
supp_p01,stable,complete_cohort,22,low_score,False,0,0,5,False,False,False,False,16,False,0.0
supp_p01,stable,complete_cohort,23,low_score,False,0,0,5,False,False,False,False,12,False,0.0
supp_p01,stable,complete_cohort,24,low_score,False,0,0,5,False,False,False,False,9,False,0.0
supp_p01,stable,complete_cohort,25,low_score,False,0,0,5,False,False,False,False,11,False,0.0
supp_p01,stable,complete_cohort,27,low_score,False,0,0,5,False,False,False,False,13,False,0.0
supp_p01,stable,complete_cohort,28,low_score,False,0,0,5,False,False,False,False,10,False,0.0
supp_p01,stable,complete_cohort,29,low_score,False,0,0,5,False,False,False,False,9,False,0.0
supp_p01,stable,complete_cohort,30,low_score,False,0,0,5,False,False,False,False,6,False,0.0
supp_p01,stable,complete_cohort,31,low_score,False,0,0,5,False,False,False,False,10,False,0.0
supp_p01,stable,complete_cohort,39,low_score,False,0,0,5,False,False,False,False,8,False,0.0
supp_p01,stable,complete_cohort,40,low_score,False,0,0,5,False,False,False,False,6,False,0.0
supp_p01,stable,complete_cohort,41,low_score,False,0,0,5,False,False,False,False,9,False,0.0
supp_p01,stable,complete_cohort,42,low_score,False,0,0,5,False,False,False,False,12,False,0.0
supp_p01,stable,complete_cohort,43,low_score,False,0,0,5,False,False,False,False,10,False,0.0
supp_p01,stable,complete_cohort,44,low_score,False,0,0,5,False,False,False,False,7,False,0.0
supp_p01,stable,complete_cohort,45,low_score,False,0,0,5,False,False,False,False,8,False,0.0
supp_p01,stable,complete_cohort,46,low_score,False,0,0,5,False,False,False,False,12,False,0.0
supp_p01,stable,complete_cohort,47,low_score,False,0,0,5,False,False,False,False,8,False,0.0
supp_p01,stable,complete_cohort,48,low_score,False,0,0,5,False,False,False,False,14,False,0.0
supp_p01,stable,complete_cohort,50,low_score,False,0,0,5,False,False,False,False,7,False,0.0
supp_p01,stable,complete_cohort,51,low_score,False,0,0,5,False,False,False,False,17,False,0.0
supp_p01,stable,complete_cohort,52,low_score,False,0,0,5,False,False,False,False,15,False,0.0
supp_p01,stable,complete_cohort,53,low_score,False,0,0,5,False,False,False,False,17,False,0.0
supp_p01,stable,complete_cohort,54,low_score,False,0,0,5,False,False,False,False,8,False,0.0
supp_p01,stable,complete_cohort,55,low_score,False,0,0,5,False,False,False,False,9,False,0.0
supp_p01,stable,complete_cohort,56,low_score,False,0,0,5,False,False,False,False,5,False,0.0
supp_p01,stable,complete_cohort,58,low_score,False,0,0,5,False,False,False,False,14,False,0.0
supp_p01,stable,complete_cohort,59,low_score,False,0,0,5,False,False,False,False,6,False,0.0
supp_p01,stable,complete_cohort,61,low_score,False,0,0,5,False,False,False,False,9,False,0.0
supp_p01,stable,complete_cohort,62,low_score,False,0,0,5,False,False,False,False,9,False,0.0
supp_p01,stable,complete_cohort,63,low_score,False,0,0,5,False,False,False,False,6,False,0.0
supp_p01,stable,complete_cohort,64,low_score,False,0,0,5,False,False,False,False,5,False,0.0
supp_p01,stable,complete_cohort,66,low_score,False,0,0,5,False,False,False,False,7,False,0.0
supp_p01,stable,complete_cohort,67,low_score,False,0,0,5,False,False,False,False,14,False,0.0
supp_p01,stable,complete_cohort,68,low_score,False,0,0,5,False,False,False,False,12,False,0.0
supp_p01,stable,complete_cohort,70,low_score,False,0,0,5,False,False,False,False,16,False,0.0
supp_p01,stable,complete_cohort,71,low_score,False,0,0,5,False,False,False,False,11,False,0.0
supp_p01,stable,complete_cohort,72,low_score,False,0,0,4,False,False,False,False,4,False,0.0
supp_p01,stable,complete_cohort,73,low_score,False,0,0,5,False,False,False,False,9,False,0.0
supp_p01,stable,complete_cohort,74,low_score,False,0,0,5,False,False,False,False,15,False,0.0
supp_p01,stable,complete_cohort,76,low_score,False,0,0,5,False,False,False,False,21,False,0.0
supp_p01,stable,complete_cohort,77,low_score,False,0,0,5,False,False,False,False,12,False,0.0
supp_p01,stable,complete_cohort,78,low_score,False,0,0,5,False,False,False,False,11,False,0.0
supp_p01,stable,complete_cohort,79,low_score,False,0,0,5,False,False,False,False,5,False,0.0
supp_p01,stable,complete_cohort,80,low_score,False,0,0,5,False,False,False,False,18,False,0.0
supp_p01,stable,complete_cohort,81,low_score,False,0,0,3,False,False,False,False,3,False,0.0
supp_p01,stable,complete_cohort,82,low_score,False,0,0,5,False,False,False,False,9,False,0.0
supp_p01,stable,complete_cohort,83,low_score,False,0,0,5,False,False,False,False,5,False,0.0
supp_p01,stable,complete_cohort,84,low_score,False,0,0,5,False,False,False,False,5,False,0.0
supp_p01,stable,complete_cohort,85,low_score,False,0,0,5,False,False,False,False,6,False,0.0
supp_p01,stable,complete_cohort,86,low_score,False,0,0,5,False,False,False,False,17,False,0.0
supp_p01,stable,complete_cohort,87,low_score,False,0,0,5,False,False,False,False,10,False,0.0
supp_p01,stable,complete_cohort,88,low_score,False,0,0,5,False,False,False,False,10,False,0.0
supp_p01,stable,complete_cohort,89,low_score,False,0,0,5,False,False,False,False,13,False,0.0
supp_p01,stable,complete_cohort,90,low_score,False,0,0,5,False,False,False,False,19,False,0.0
supp_p01,stable,complete_cohort,91,low_score,False,0,0,5,False,False,False,False,19,False,0.0
supp_p01,stable,complete_cohort,92,low_score,False,0,0,5,False,False,False,False,12,False,0.0
supp_p01,stable,complete_cohort,93,low_score,False,0,0,5,False,False,False,False,9,False,0.0
supp_p01,stable,complete_cohort,94,low_score,False,0,0,5,False,False,False,False,13,False,0.0
supp_p01,stable,complete_cohort,95,low_score,False,0,0,5,False,False,False,False,14,False,0.0
supp_p01,stable,complete_cohort,96,low_score,False,0,0,5,False,False,False,False,10,False,0.0
supp_p01,stable,complete_cohort,97,low_score,False,0,0,5,False,False,False,False,9,False,0.0
supp_p01,stable,complete_cohort,98,low_score,False,0,0,5,False,False,False,False,11,False,0.0
supp_p01,stable,complete_cohort,99,low_score,False,0,0,5,False,False,False,False,8,False,0.0
supp_p01,stable,complete_cohort,100,low_score,False,0,0,5,False,False,False,False,16,False,0.0
supp_p01,stable,complete_cohort,101,low_score,False,0,0,5,False,False,False,False,15,False,0.0
supp_p01,stable,complete_cohort,102,low_score,False,0,0,5,False,False,False,False,11,False,0.0
supp_p01,stable,complete_cohort,103,low_score,False,0,0,5,False,False,False,False,11,False,0.0
supp_p01,stable,complete_cohort,104,low_score,False,0,0,5,False,False,False,False,14,False,0.0
supp_p01,stable,complete_cohort,105,low_score,False,0,0,5,False,False,False,False,10,False,0.0
supp_p01,stable,complete_cohort,106,low_score,False,0,0,5,False,False,False,False,13,False,0.0
supp_p01,stable,complete_cohort,107,low_score,False,0,0,5,False,False,False,False,12,False,0.0
supp_p01,stable,complete_cohort,108,low_score,False,0,0,5,False,False,False,False,12,False,0.0
supp_p01,stable,complete_cohort,109,low_score,False,0,0,5,False,False,False,False,11,False,0.0
supp_p01,stable,complete_cohort,110,low_score,False,0,0,5,False,False,False,False,9,False,0.0
supp_p01,stable,complete_cohort,111,low_score,False,0,0,5,False,False,False,False,9,False,0.0
supp_p01,stable,complete_cohort,112,low_score,False,0,0,5,False,False,False,False,11,False,0.0
supp_p01,stable,complete_cohort,113,low_score,False,0,0,5,False,False,False,False,11,False,0.0
supp_p01,stable,complete_cohort,114,low_score,False,0,0,5,False,False,False,False,13,False,0.0
supp_p01,stable,complete_cohort,115,low_score,False,0,0,5,False,False,False,False,10,False,0.0
supp_p01,stable,complete_cohort,116,low_score,False,0,0,5,False,False,False,False,10,False,0.0
supp_p01,stable,complete_cohort,117,low_score,False,0,0,5,False,False,False,False,11,False,0.0
supp_p01,stable,complete_cohort,118,low_score,False,0,0,5,False,False,False,False,17,False,0.0
supp_p01,stable,complete_cohort,119,low_score,False,0,0,5,False,False,False,False,9,False,0.0
supp_p01,stable,complete_cohort,120,low_score,False,0,0,5,False,False,False,False,10,False,0.0
supp_p01,stable,complete_cohort,121,low_score,False,0,0,5,False,False,False,False,12,False,0.0
supp_p01,stable,complete_cohort,122,low_score,False,0,0,5,False,False,False,False,17,False,0.0
supp_p01,stable,complete_cohort,123,low_score,False,0,0,5,False,False,False,False,11,False,0.0
supp_p01,stable,complete_cohort,124,low_score,False,0,0,5,False,False,False,False,8,False,0.0
supp_p01,stable,complete_cohort,125,low_score,False,0,0,5,False,False,False,False,13,False,0.0
supp_p01,stable,complete_cohort,126,low_score,False,0,0,5,False,False,False,False,16,False,0.0
supp_p01,stable,complete_cohort,127,low_score,False,0,0,5,False,False,False,False,15,False,0.0
supp_p01,stable,complete_cohort,128,low_score,False,0,0,5,False,False,False,False,13,False,0.0
supp_p01,stable,complete_cohort,129,low_score,False,0,0,5,False,False,False,False,7,False,0.0
supp_p01,stable,complete_cohort,130,low_score,False,0,0,5,False,False,False,False,15,False,0.0
supp_p01,stable,complete_cohort,131,low_score,False,0,0,5,False,False,False,False,18,False,0.0
supp_p01,stable,complete_cohort,132,low_score,False,0,0,5,False,False,False,False,11,False,0.0
supp_p01,stable,complete_cohort,133,low_score,False,0,0,5,False,False,False,False,5,False,0.0
supp_p01,stable,complete_cohort,134,low_score,False,0,0,5,False,False,False,False,15,False,0.0
supp_p01,stable,complete_cohort,135,low_score,False,0,0,5,False,False,False,False,13,False,0.0
supp_p01,stable,complete_cohort,136,low_score,False,0,0,5,False,False,False,False,15,False,0.0
supp_p01,stable,complete_cohort,137,low_score,False,0,0,5,False,False,False,False,15,False,0.0
supp_p01,stable,complete_cohort,138,low_score,False,0,0,5,False,False,False,False,14,False,0.0
supp_p01,stable,complete_cohort,139,low_score,False,0,0,5,False,False,False,False,14,False,0.0
supp_p01,stable,complete_cohort,140,low_score,False,0,0,5,False,False,False,False,17,False,0.0
supp_p01,stable,complete_cohort,141,low_score,False,0,0,5,False,False,False,False,16,False,0.0
supp_p01,stable,complete_cohort,142,low_score,False,0,0,5,False,False,False,False,17,False,0.0
supp_p01,stable,complete_cohort,143,low_score,False,0,0,5,False,False,False,False,17,False,0.0
supp_p01,stable,complete_cohort,144,low_score,False,0,0,5,False,False,False,False,8,False,0.0
supp_p01,stable,complete_cohort,147,low_score,False,0,0,5,False,False,False,False,14,False,0.0
supp_p01,stable,complete_cohort,148,low_score,False,0,0,5,False,False,False,False,15,False,0.0
supp_p01,stable,complete_cohort,149,low_score,False,0,0,5,False,False,False,False,12,False,0.0
supp_p01,stable,complete_cohort,150,low_score,False,0,0,5,False,False,False,False,15,False,0.0
supp_p01,stable,complete_cohort,151,low_score,False,0,0,5,False,False,False,False,16,False,0.0
supp_p01,stable,complete_cohort,152,low_score,False,0,0,5,False,False,False,False,17,False,0.0
supp_p01,stable,complete_cohort,153,low_score,False,0,0,5,False,False,False,False,14,False,0.0
supp_p01,stable,complete_cohort,154,low_score,False,0,0,5,False,False,False,False,8,False,0.0
supp_p01,stable,complete_cohort,155,low_score,False,0,0,5,False,False,False,False,10,False,0.0
supp_p01,stable,complete_cohort,156,low_score,False,0,0,5,False,False,False,False,16,False,0.0
supp_p01,stable,complete_cohort,157,low_score,False,0,0,5,False,False,False,False,9,False,0.0
supp_p01,stable,complete_cohort,158,low_score,False,0,0,5,False,False,False,False,12,False,0.0
supp_p01,stable,complete_cohort,159,low_score,False,0,0,5,False,False,False,False,13,False,0.0
supp_p01,stable,complete_cohort,160,low_score,False,0,0,5,False,False,False,False,14,False,0.0
supp_p01,stable,complete_cohort,161,low_score,False,0,0,5,False,False,False,False,15,False,0.0
supp_p01,stable,complete_cohort,162,low_score,False,0,0,5,False,False,False,False,20,False,0.0
supp_p01,stable,complete_cohort,163,low_score,False,0,0,5,False,False,False,False,18,False,0.0
supp_p01,stable,complete_cohort,164,low_score,False,0,0,5,False,False,False,False,13,False,0.0
supp_p01,stable,complete_cohort,165,low_score,False,0,0,5,False,False,False,False,16,False,0.0
supp_p01,stable,complete_cohort,166,low_score,False,0,0,5,False,False,False,False,18,False,0.0
supp_p01,stable,complete_cohort,167,low_score,False,0,0,5,False,False,False,False,12,False,0.0
supp_p01,stable,complete_cohort,168,low_score,False,0,0,5,False,False,False,False,8,False,0.0
supp_p01,stable,complete_cohort,169,low_score,False,0,0,5,False,False,False,False,13,False,0.0
supp_p01,stable,complete_cohort,170,low_score,False,0,0,5,False,False,False,False,12,False,0.0
supp_p01,stable,complete_cohort,172,low_score,False,0,0,5,False,False,False,False,12,False,0.0
supp_p01,stable,complete_cohort,174,low_score,False,0,0,5,False,False,False,False,15,False,0.0
supp_p01,stable,complete_cohort,175,low_score,False,0,0,5,False,False,False,False,14,False,0.0
supp_p01,stable,complete_cohort,176,low_score,False,0,0,5,False,False,False,False,11,False,0.0
supp_p01,stable,complete_cohort,177,low_score,False,0,0,5,False,False,False,False,12,False,0.0
supp_p01,stable,complete_cohort,178,low_score,False,0,0,5,False,False,False,False,10,False,0.0
supp_p01,stable,complete_cohort,179,low_score,False,0,0,5,False,False,False,False,18,False,0.0
supp_p01,stable,complete_cohort,180,low_score,False,0,0,5,False,False,False,False,17,False,0.0
supp_p01,stable,complete_cohort,181,low_score,False,0,0,5,False,False,False,False,11,False,0.0
supp_p01,stable,complete_cohort,182,low_score,False,0,0,5,False,False,False,False,9,False,0.0
supp_p01,stable,complete_cohort,183,low_score,False,0,0,5,False,False,False,False,15,False,0.0
supp_p01,app_quicksort,complete_cohort,2,uncertainty,False,0,0,5,False,False,False,True,44,False,0.09090909090909091
supp_p01,app_quicksort,complete_cohort,3,uncertainty,False,0,0,5,False,False,False,True,44,False,0.18181818181818182
supp_p01,app_quicksort,complete_cohort,4,uncertainty,False,0,0,5,False,False,False,True,44,False,0.045454545454545456
supp_p01,app_quicksort,complete_cohort,5,uncertainty,False,0,0,5,False,False,False,True,44,False,0.045454545454545456
supp_p01,app_quicksort,complete_cohort,6,uncertainty,False,0,0,5,False,False,False,True,44,False,0.13636363636363635
supp_p01,app_quicksort,complete_cohort,7,uncertainty,False,0,0,5,False,False,False,False,44,False,0.0
supp_p01,app_quicksort,complete_cohort,9,uncertainty,False,0,0,5,False,False,False,True,44,False,0.045454545454545456
supp_p01,app_quicksort,complete_cohort,11,uncertainty,False,0,0,5,False,False,False,False,44,False,0.0
supp_p01,app_quicksort,complete_cohort,12,uncertainty,False,0,0,5,False,False,False,True,44,False,0.045454545454545456
supp_p01,app_quicksort,complete_cohort,13,uncertainty,False,0,0,5,False,False,False,False,44,False,0.0
supp_p01,app_quicksort,complete_cohort,14,uncertainty,False,0,0,5,False,False,False,True,44,False,0.045454545454545456
supp_p01,app_quicksort,complete_cohort,15,uncertainty,False,0,0,5,False,False,False,True,44,False,0.13636363636363635
supp_p01,app_quicksort,complete_cohort,17,uncertainty,False,0,0,5,False,False,False,True,44,False,0.18181818181818182
supp_p01,app_quicksort,complete_cohort,19,uncertainty,False,0,0,5,False,False,False,False,44,False,0.0
supp_p01,app_quicksort,complete_cohort,20,uncertainty,False,0,0,5,False,False,False,True,44,False,0.13636363636363635
supp_p01,app_quicksort,complete_cohort,21,uncertainty,False,0,0,5,False,False,False,True,44,False,0.045454545454545456
supp_p01,app_quicksort,complete_cohort,22,uncertainty,False,0,0,5,False,False,False,False,44,False,0.0
supp_p01,app_quicksort,complete_cohort,23,uncertainty,False,0,0,5,False,False,False,True,44,False,0.09090909090909091
supp_p01,app_quicksort,complete_cohort,24,uncertainty,False,0,0,5,False,False,False,True,44,False,0.09090909090909091
supp_p01,app_quicksort,complete_cohort,25,uncertainty,False,0,0,5,False,False,False,True,44,False,0.045454545454545456
supp_p01,app_quicksort,complete_cohort,27,uncertainty,False,0,0,5,False,False,False,True,44,False,0.045454545454545456
supp_p01,app_quicksort,complete_cohort,28,uncertainty,False,0,0,5,False,False,False,True,44,False,0.18181818181818182
supp_p01,app_quicksort,complete_cohort,29,uncertainty,False,0,0,5,False,False,False,True,44,False,0.045454545454545456
supp_p01,app_quicksort,complete_cohort,30,uncertainty,False,0,0,5,False,False,False,True,44,False,0.09090909090909091
supp_p01,app_quicksort,complete_cohort,31,uncertainty,False,0,0,5,False,False,False,True,44,False,0.045454545454545456
supp_p01,app_quicksort,complete_cohort,39,uncertainty,False,0,0,5,False,False,False,True,44,False,0.09090909090909091
supp_p01,app_quicksort,complete_cohort,40,uncertainty,False,0,0,5,False,False,False,False,44,False,0.0
supp_p01,app_quicksort,complete_cohort,41,uncertainty,False,0,0,5,False,False,False,True,44,False,0.13636363636363635
supp_p01,app_quicksort,complete_cohort,42,uncertainty,False,0,0,5,False,False,False,False,44,False,0.0
supp_p01,app_quicksort,complete_cohort,43,uncertainty,False,0,0,5,False,False,False,False,44,False,0.0
supp_p01,app_quicksort,complete_cohort,44,uncertainty,False,0,0,5,False,False,False,False,44,False,0.0
supp_p01,app_quicksort,complete_cohort,45,uncertainty,False,0,0,5,False,False,False,True,44,False,0.18181818181818182
supp_p01,app_quicksort,complete_cohort,46,uncertainty,False,0,0,5,False,False,False,False,44,False,0.0
supp_p01,app_quicksort,complete_cohort,47,uncertainty,False,0,0,5,False,False,False,False,44,False,0.0
supp_p01,app_quicksort,complete_cohort,48,uncertainty,False,0,0,5,False,False,False,True,44,False,0.18181818181818182
supp_p01,app_quicksort,complete_cohort,50,uncertainty,False,0,0,5,False,False,False,True,44,False,0.09090909090909091
supp_p01,app_quicksort,complete_cohort,51,uncertainty,False,0,0,5,False,False,False,False,44,False,0.0
supp_p01,app_quicksort,complete_cohort,52,uncertainty,False,0,0,5,False,False,False,False,44,False,0.0
supp_p01,app_quicksort,complete_cohort,53,uncertainty,False,0,0,5,False,False,False,False,44,False,0.0
supp_p01,app_quicksort,complete_cohort,54,uncertainty,False,0,0,5,False,False,False,True,44,False,0.09090909090909091
supp_p01,app_quicksort,complete_cohort,55,uncertainty,False,0,0,5,False,False,False,False,44,False,0.0
supp_p01,app_quicksort,complete_cohort,56,uncertainty,False,0,0,5,False,False,False,True,44,False,0.09090909090909091
supp_p01,app_quicksort,complete_cohort,58,uncertainty,False,0,0,5,False,False,False,True,44,False,0.045454545454545456
supp_p01,app_quicksort,complete_cohort,59,uncertainty,False,0,0,5,False,False,False,True,44,False,0.045454545454545456
supp_p01,app_quicksort,complete_cohort,61,uncertainty,False,0,0,5,False,False,False,True,44,False,0.09090909090909091
supp_p01,app_quicksort,complete_cohort,62,uncertainty,False,0,0,5,False,False,False,True,44,False,0.18181818181818182
supp_p01,app_quicksort,complete_cohort,63,uncertainty,False,0,0,5,False,False,False,True,44,False,0.045454545454545456
supp_p01,app_quicksort,complete_cohort,64,uncertainty,False,0,0,5,False,False,False,True,44,False,0.18181818181818182
supp_p01,app_quicksort,complete_cohort,66,uncertainty,False,0,0,5,False,False,False,True,44,False,0.13636363636363635
supp_p01,app_quicksort,complete_cohort,67,uncertainty,False,0,0,5,False,False,False,False,44,False,0.0
supp_p01,app_quicksort,complete_cohort,68,uncertainty,False,0,0,5,False,False,False,True,44,False,0.045454545454545456
supp_p01,app_quicksort,complete_cohort,70,uncertainty,False,0,0,5,False,False,False,False,44,False,0.0
supp_p01,app_quicksort,complete_cohort,71,uncertainty,False,0,0,5,False,False,False,True,44,False,0.045454545454545456
supp_p01,app_quicksort,complete_cohort,72,uncertainty,False,0,0,5,False,False,False,True,44,False,0.22727272727272727
supp_p01,app_quicksort,complete_cohort,73,uncertainty,False,0,0,5,False,False,False,True,44,False,0.09090909090909091
supp_p01,app_quicksort,complete_cohort,74,uncertainty,False,0,0,5,False,False,False,False,44,False,0.0
supp_p01,app_quicksort,complete_cohort,76,uncertainty,False,0,0,5,False,False,False,False,44,False,0.0
supp_p01,app_quicksort,complete_cohort,77,uncertainty,False,0,0,5,False,False,False,True,44,False,0.18181818181818182
supp_p01,app_quicksort,complete_cohort,78,uncertainty,False,0,0,5,False,False,False,True,44,False,0.045454545454545456
supp_p01,app_quicksort,complete_cohort,79,uncertainty,False,0,0,5,False,False,False,False,44,False,0.0
supp_p01,app_quicksort,complete_cohort,80,uncertainty,False,0,0,5,False,False,False,False,44,False,0.0
supp_p01,app_quicksort,complete_cohort,81,uncertainty,False,0,0,5,False,False,False,False,44,False,0.0
supp_p01,app_quicksort,complete_cohort,82,uncertainty,False,0,0,5,False,False,False,False,44,False,0.0
supp_p01,app_quicksort,complete_cohort,83,uncertainty,False,0,0,5,False,False,False,True,44,False,0.045454545454545456
supp_p01,app_quicksort,complete_cohort,84,uncertainty,False,0,0,5,False,False,False,True,44,False,0.045454545454545456
supp_p01,app_quicksort,complete_cohort,85,uncertainty,False,0,0,5,False,False,False,True,44,False,0.09090909090909091
supp_p01,app_quicksort,complete_cohort,86,uncertainty,False,0,0,5,False,False,False,True,44,False,0.09090909090909091
supp_p01,app_quicksort,complete_cohort,87,uncertainty,False,0,0,5,False,False,False,False,44,False,0.0
supp_p01,app_quicksort,complete_cohort,88,uncertainty,False,0,0,5,False,False,False,True,44,False,0.045454545454545456
supp_p01,app_quicksort,complete_cohort,89,uncertainty,False,0,0,5,False,False,False,True,44,False,0.045454545454545456
supp_p01,app_quicksort,complete_cohort,90,uncertainty,False,0,0,5,False,False,False,False,44,False,0.0
supp_p01,app_quicksort,complete_cohort,91,uncertainty,False,0,0,5,False,False,False,True,44,False,0.13636363636363635
supp_p01,app_quicksort,complete_cohort,92,uncertainty,False,0,0,5,False,False,False,True,44,False,0.09090909090909091
supp_p01,app_quicksort,complete_cohort,93,uncertainty,False,0,0,5,False,False,False,True,44,False,0.045454545454545456
supp_p01,app_quicksort,complete_cohort,94,uncertainty,False,0,0,5,False,False,False,True,44,False,0.045454545454545456
supp_p01,app_quicksort,complete_cohort,95,uncertainty,False,0,0,5,False,False,False,False,44,False,0.0
supp_p01,app_quicksort,complete_cohort,96,uncertainty,False,0,0,5,False,False,False,True,44,False,0.13636363636363635
supp_p01,app_quicksort,complete_cohort,97,uncertainty,False,0,0,5,False,False,False,True,44,False,0.045454545454545456
supp_p01,app_quicksort,complete_cohort,98,uncertainty,False,0,0,5,False,False,False,True,44,False,0.045454545454545456
supp_p01,app_quicksort,complete_cohort,99,uncertainty,False,0,0,5,False,False,False,True,44,False,0.045454545454545456
supp_p01,app_quicksort,complete_cohort,100,uncertainty,False,0,0,5,False,False,False,True,44,False,0.045454545454545456
supp_p01,app_quicksort,complete_cohort,101,uncertainty,False,0,0,5,False,False,False,True,44,False,0.045454545454545456
supp_p01,app_quicksort,complete_cohort,102,uncertainty,False,0,0,5,False,False,False,True,44,False,0.09090909090909091
supp_p01,app_quicksort,complete_cohort,103,uncertainty,False,0,0,5,False,False,False,True,44,False,0.13636363636363635
supp_p01,app_quicksort,complete_cohort,104,uncertainty,False,0,0,5,False,False,False,True,44,False,0.13636363636363635
supp_p01,app_quicksort,complete_cohort,105,uncertainty,False,0,0,5,False,False,False,True,44,False,0.09090909090909091
supp_p01,app_quicksort,complete_cohort,106,uncertainty,False,0,0,5,False,False,False,True,44,False,0.045454545454545456
supp_p01,app_quicksort,complete_cohort,107,uncertainty,False,0,0,5,False,False,False,False,44,False,0.0
supp_p01,app_quicksort,complete_cohort,108,uncertainty,False,0,0,5,False,False,False,True,44,False,0.09090909090909091
supp_p01,app_quicksort,complete_cohort,109,uncertainty,False,0,0,5,False,False,False,True,44,False,0.09090909090909091
supp_p01,app_quicksort,complete_cohort,110,uncertainty,False,0,0,5,False,False,False,True,44,False,0.045454545454545456
supp_p01,app_quicksort,complete_cohort,111,uncertainty,False,0,0,5,False,False,False,True,44,False,0.09090909090909091
supp_p01,app_quicksort,complete_cohort,112,uncertainty,False,0,0,5,False,False,False,True,44,False,0.045454545454545456
supp_p01,app_quicksort,complete_cohort,113,uncertainty,False,0,0,5,False,False,False,True,44,False,0.09090909090909091
supp_p01,app_quicksort,complete_cohort,114,uncertainty,False,0,0,5,False,False,False,True,44,False,0.045454545454545456
supp_p01,app_quicksort,complete_cohort,115,uncertainty,False,0,0,5,False,False,False,True,44,False,0.045454545454545456
supp_p01,app_quicksort,complete_cohort,116,uncertainty,False,0,0,5,False,False,False,True,44,False,0.045454545454545456
supp_p01,app_quicksort,complete_cohort,117,uncertainty,False,0,0,5,False,False,False,False,44,False,0.0
supp_p01,app_quicksort,complete_cohort,118,uncertainty,False,0,0,5,False,False,False,True,44,False,0.045454545454545456
supp_p01,app_quicksort,complete_cohort,119,uncertainty,False,0,0,5,False,False,False,True,44,False,0.09090909090909091
supp_p01,app_quicksort,complete_cohort,120,uncertainty,False,0,0,5,False,False,False,True,44,False,0.09090909090909091
supp_p01,app_quicksort,complete_cohort,121,uncertainty,False,0,0,5,False,False,False,True,44,False,0.09090909090909091
supp_p01,app_quicksort,complete_cohort,122,uncertainty,False,0,0,5,False,False,False,False,44,False,0.0
supp_p01,app_quicksort,complete_cohort,123,uncertainty,False,0,0,5,False,False,False,True,44,False,0.09090909090909091
supp_p01,app_quicksort,complete_cohort,124,uncertainty,False,0,0,5,False,False,False,True,44,False,0.13636363636363635
supp_p01,app_quicksort,complete_cohort,125,uncertainty,False,0,0,5,False,False,False,False,44,False,0.0
supp_p01,app_quicksort,complete_cohort,126,uncertainty,False,0,0,5,False,False,False,True,44,False,0.09090909090909091
supp_p01,app_quicksort,complete_cohort,127,uncertainty,False,0,0,5,False,False,False,True,44,False,0.09090909090909091
supp_p01,app_quicksort,complete_cohort,128,uncertainty,False,0,0,5,False,False,False,True,44,False,0.045454545454545456
supp_p01,app_quicksort,complete_cohort,129,uncertainty,False,0,0,5,False,False,False,True,44,False,0.045454545454545456
supp_p01,app_quicksort,complete_cohort,130,uncertainty,False,0,0,5,False,False,False,False,44,False,0.0
supp_p01,app_quicksort,complete_cohort,131,uncertainty,False,0,0,5,False,False,False,False,44,False,0.0
supp_p01,app_quicksort,complete_cohort,132,uncertainty,False,0,0,5,False,False,False,True,44,False,0.09090909090909091
supp_p01,app_quicksort,complete_cohort,133,uncertainty,False,0,0,5,False,False,False,False,44,False,0.0
supp_p01,app_quicksort,complete_cohort,134,uncertainty,False,0,0,5,False,False,False,False,44,False,0.0
supp_p01,app_quicksort,complete_cohort,135,uncertainty,False,0,0,5,False,False,False,True,44,False,0.045454545454545456
supp_p01,app_quicksort,complete_cohort,136,uncertainty,False,0,0,5,False,False,False,False,44,False,0.0
supp_p01,app_quicksort,complete_cohort,137,uncertainty,False,0,0,5,False,False,False,False,44,False,0.0
supp_p01,app_quicksort,complete_cohort,138,uncertainty,False,0,0,5,False,False,False,True,44,False,0.045454545454545456
supp_p01,app_quicksort,complete_cohort,139,uncertainty,False,0,0,5,False,False,False,False,44,False,0.0
supp_p01,app_quicksort,complete_cohort,140,uncertainty,False,0,0,5,False,False,False,False,44,False,0.0
supp_p01,app_quicksort,complete_cohort,141,uncertainty,False,0,0,5,False,False,False,False,44,False,0.0
supp_p01,app_quicksort,complete_cohort,142,uncertainty,False,0,0,5,False,False,False,False,44,False,0.0
supp_p01,app_quicksort,complete_cohort,143,uncertainty,False,0,0,5,False,False,False,False,44,False,0.0
supp_p01,app_quicksort,complete_cohort,144,uncertainty,False,0,0,5,False,False,False,True,44,False,0.045454545454545456
supp_p01,app_quicksort,complete_cohort,147,uncertainty,False,0,0,5,False,False,False,True,44,False,0.045454545454545456
supp_p01,app_quicksort,complete_cohort,148,uncertainty,False,0,0,5,False,False,False,False,44,False,0.0
supp_p01,app_quicksort,complete_cohort,149,uncertainty,False,0,0,5,False,False,False,True,44,False,0.045454545454545456
supp_p01,app_quicksort,complete_cohort,150,uncertainty,False,0,0,5,False,False,False,True,44,False,0.09090909090909091
supp_p01,app_quicksort,complete_cohort,151,uncertainty,False,0,0,5,False,False,False,True,44,False,0.045454545454545456
supp_p01,app_quicksort,complete_cohort,152,uncertainty,False,0,0,5,False,False,False,False,44,False,0.0
supp_p01,app_quicksort,complete_cohort,153,uncertainty,False,0,0,5,False,False,False,True,44,False,0.045454545454545456
supp_p01,app_quicksort,complete_cohort,154,uncertainty,False,0,0,5,False,False,False,True,44,False,0.09090909090909091
supp_p01,app_quicksort,complete_cohort,155,uncertainty,False,0,0,5,False,False,False,False,44,False,0.0
supp_p01,app_quicksort,complete_cohort,156,uncertainty,False,0,0,5,False,False,False,False,44,False,0.0
supp_p01,app_quicksort,complete_cohort,157,uncertainty,False,0,0,5,False,False,False,True,44,False,0.09090909090909091
supp_p01,app_quicksort,complete_cohort,158,uncertainty,False,0,0,5,False,False,False,True,44,False,0.045454545454545456
supp_p01,app_quicksort,complete_cohort,159,uncertainty,False,0,0,5,False,False,False,True,44,False,0.045454545454545456
supp_p01,app_quicksort,complete_cohort,160,uncertainty,False,0,0,5,False,False,False,False,44,False,0.0
supp_p01,app_quicksort,complete_cohort,161,uncertainty,False,0,0,5,False,False,False,True,44,False,0.045454545454545456
supp_p01,app_quicksort,complete_cohort,162,uncertainty,False,0,0,5,False,False,False,True,44,False,0.045454545454545456
supp_p01,app_quicksort,complete_cohort,163,uncertainty,False,0,0,5,False,False,False,False,44,False,0.0
supp_p01,app_quicksort,complete_cohort,164,uncertainty,False,0,0,5,False,False,False,False,44,False,0.0
supp_p01,app_quicksort,complete_cohort,165,uncertainty,False,0,0,5,False,False,False,True,44,False,0.09090909090909091
supp_p01,app_quicksort,complete_cohort,166,uncertainty,False,0,0,5,False,False,False,True,44,False,0.045454545454545456
supp_p01,app_quicksort,complete_cohort,167,uncertainty,False,0,0,5,False,False,False,False,44,False,0.0
supp_p01,app_quicksort,complete_cohort,168,uncertainty,False,0,0,5,False,False,False,True,44,False,0.045454545454545456
supp_p01,app_quicksort,complete_cohort,169,uncertainty,False,0,0,5,False,False,False,True,44,False,0.13636363636363635
supp_p01,app_quicksort,complete_cohort,170,uncertainty,False,0,0,5,False,False,False,True,44,False,0.09090909090909091
supp_p01,app_quicksort,complete_cohort,172,uncertainty,False,0,0,5,False,False,False,True,44,False,0.045454545454545456
supp_p01,app_quicksort,complete_cohort,174,uncertainty,False,0,0,5,False,False,False,False,44,False,0.0
supp_p01,app_quicksort,complete_cohort,175,uncertainty,False,0,0,5,False,False,False,True,44,False,0.13636363636363635
supp_p01,app_quicksort,complete_cohort,176,uncertainty,False,0,0,5,False,False,False,True,44,False,0.09090909090909091
supp_p01,app_quicksort,complete_cohort,177,uncertainty,False,0,0,5,False,False,False,False,44,False,0.0
supp_p01,app_quicksort,complete_cohort,178,uncertainty,False,0,0,5,False,False,False,True,44,False,0.045454545454545456
supp_p01,app_quicksort,complete_cohort,179,uncertainty,False,0,0,5,False,False,False,True,44,False,0.045454545454545456
supp_p01,app_quicksort,complete_cohort,180,uncertainty,False,0,0,5,False,False,False,False,44,False,0.0
supp_p01,app_quicksort,complete_cohort,181,uncertainty,False,0,0,5,False,False,False,True,44,False,0.13636363636363635
supp_p01,app_quicksort,complete_cohort,182,uncertainty,False,0,0,5,False,False,False,True,44,False,0.22727272727272727
supp_p01,app_quicksort,complete_cohort,183,uncertainty,False,0,0,5,False,False,False,True,44,False,0.09090909090909091
supp_p01,app_quicksort,complete_cohort,2,low_score,False,0,0,5,False,False,False,False,5,False,0.0
supp_p01,app_quicksort,complete_cohort,3,low_score,False,0,0,5,False,False,False,False,9,False,0.0
supp_p01,app_quicksort,complete_cohort,4,low_score,False,0,0,5,False,False,False,False,15,False,0.0
supp_p01,app_quicksort,complete_cohort,5,low_score,False,0,0,5,False,False,False,False,9,False,0.0
supp_p01,app_quicksort,complete_cohort,6,low_score,False,0,0,5,False,False,False,False,7,False,0.0
supp_p01,app_quicksort,complete_cohort,7,low_score,False,0,0,5,False,False,False,False,15,False,0.0
supp_p01,app_quicksort,complete_cohort,9,low_score,False,0,0,5,False,False,False,False,8,False,0.0
supp_p01,app_quicksort,complete_cohort,11,low_score,False,0,0,5,False,False,False,False,12,False,0.0
supp_p01,app_quicksort,complete_cohort,12,low_score,False,0,0,5,False,False,False,False,7,False,0.0
supp_p01,app_quicksort,complete_cohort,13,low_score,False,0,0,5,False,False,False,False,15,False,0.0
supp_p01,app_quicksort,complete_cohort,14,low_score,False,0,0,5,False,False,False,False,16,False,0.0
supp_p01,app_quicksort,complete_cohort,15,low_score,False,0,0,5,False,False,False,False,11,False,0.0
supp_p01,app_quicksort,complete_cohort,17,low_score,False,0,0,5,False,False,False,False,11,False,0.0
supp_p01,app_quicksort,complete_cohort,19,low_score,False,0,0,5,False,False,False,False,11,False,0.0
supp_p01,app_quicksort,complete_cohort,20,low_score,False,0,0,5,False,False,False,False,6,False,0.0
supp_p01,app_quicksort,complete_cohort,21,low_score,False,0,0,5,False,False,False,False,15,False,0.0
supp_p01,app_quicksort,complete_cohort,22,low_score,False,0,0,5,False,False,False,False,16,False,0.0
supp_p01,app_quicksort,complete_cohort,23,low_score,False,0,0,5,False,False,False,False,12,False,0.0
supp_p01,app_quicksort,complete_cohort,24,low_score,False,0,0,5,False,False,False,False,9,False,0.0
supp_p01,app_quicksort,complete_cohort,25,low_score,False,0,0,5,False,False,False,False,11,False,0.0
supp_p01,app_quicksort,complete_cohort,27,low_score,False,0,0,5,False,False,False,False,13,False,0.0
supp_p01,app_quicksort,complete_cohort,28,low_score,False,0,0,5,False,False,False,False,10,False,0.0
supp_p01,app_quicksort,complete_cohort,29,low_score,False,0,0,5,False,False,False,False,9,False,0.0
supp_p01,app_quicksort,complete_cohort,30,low_score,False,0,0,5,False,False,False,False,6,False,0.0
supp_p01,app_quicksort,complete_cohort,31,low_score,False,0,0,5,False,False,False,False,10,False,0.0
supp_p01,app_quicksort,complete_cohort,39,low_score,False,0,0,5,False,False,False,False,8,False,0.0
supp_p01,app_quicksort,complete_cohort,40,low_score,False,0,0,5,False,False,False,False,6,False,0.0
supp_p01,app_quicksort,complete_cohort,41,low_score,False,0,0,5,False,False,False,False,9,False,0.0
supp_p01,app_quicksort,complete_cohort,42,low_score,False,0,0,5,False,False,False,False,12,False,0.0
supp_p01,app_quicksort,complete_cohort,43,low_score,False,0,0,5,False,False,False,False,10,False,0.0
supp_p01,app_quicksort,complete_cohort,44,low_score,False,0,0,5,False,False,False,False,7,False,0.0
supp_p01,app_quicksort,complete_cohort,45,low_score,False,0,0,5,False,False,False,False,8,False,0.0
supp_p01,app_quicksort,complete_cohort,46,low_score,False,0,0,5,False,False,False,False,12,False,0.0
supp_p01,app_quicksort,complete_cohort,47,low_score,False,0,0,5,False,False,False,False,8,False,0.0
supp_p01,app_quicksort,complete_cohort,48,low_score,False,0,0,5,False,False,False,False,14,False,0.0
supp_p01,app_quicksort,complete_cohort,50,low_score,False,0,0,5,False,False,False,False,7,False,0.0
supp_p01,app_quicksort,complete_cohort,51,low_score,False,0,0,5,False,False,False,False,17,False,0.0
supp_p01,app_quicksort,complete_cohort,52,low_score,False,0,0,5,False,False,False,False,15,False,0.0
supp_p01,app_quicksort,complete_cohort,53,low_score,False,0,0,5,False,False,False,False,17,False,0.0
supp_p01,app_quicksort,complete_cohort,54,low_score,False,0,0,5,False,False,False,False,8,False,0.0
supp_p01,app_quicksort,complete_cohort,55,low_score,False,0,0,5,False,False,False,False,9,False,0.0
supp_p01,app_quicksort,complete_cohort,56,low_score,False,0,0,5,False,False,False,False,5,False,0.0
supp_p01,app_quicksort,complete_cohort,58,low_score,False,0,0,5,False,False,False,False,14,False,0.0
supp_p01,app_quicksort,complete_cohort,59,low_score,False,0,0,5,False,False,False,False,6,False,0.0
supp_p01,app_quicksort,complete_cohort,61,low_score,False,0,0,5,False,False,False,False,9,False,0.0
supp_p01,app_quicksort,complete_cohort,62,low_score,False,0,0,5,False,False,False,False,9,False,0.0
supp_p01,app_quicksort,complete_cohort,63,low_score,False,0,0,5,False,False,False,False,6,False,0.0
supp_p01,app_quicksort,complete_cohort,64,low_score,False,0,0,5,False,False,False,False,5,False,0.0
supp_p01,app_quicksort,complete_cohort,66,low_score,False,0,0,5,False,False,False,False,7,False,0.0
supp_p01,app_quicksort,complete_cohort,67,low_score,False,0,0,5,False,False,False,False,14,False,0.0
supp_p01,app_quicksort,complete_cohort,68,low_score,False,0,0,5,False,False,False,False,12,False,0.0
supp_p01,app_quicksort,complete_cohort,70,low_score,False,0,0,5,False,False,False,False,16,False,0.0
supp_p01,app_quicksort,complete_cohort,71,low_score,False,0,0,5,False,False,False,False,11,False,0.0
supp_p01,app_quicksort,complete_cohort,72,low_score,False,0,0,4,False,False,False,False,4,False,0.0
supp_p01,app_quicksort,complete_cohort,73,low_score,False,0,0,5,False,False,False,False,9,False,0.0
supp_p01,app_quicksort,complete_cohort,74,low_score,False,0,0,5,False,False,False,False,15,False,0.0
supp_p01,app_quicksort,complete_cohort,76,low_score,False,0,0,5,False,False,False,False,21,False,0.0
supp_p01,app_quicksort,complete_cohort,77,low_score,False,0,0,5,False,False,False,False,12,False,0.0
supp_p01,app_quicksort,complete_cohort,78,low_score,False,0,0,5,False,False,False,False,11,False,0.0
supp_p01,app_quicksort,complete_cohort,79,low_score,False,0,0,5,False,False,False,False,5,False,0.0
supp_p01,app_quicksort,complete_cohort,80,low_score,False,0,0,5,False,False,False,False,18,False,0.0
supp_p01,app_quicksort,complete_cohort,81,low_score,False,0,0,3,False,False,False,False,3,False,0.0
supp_p01,app_quicksort,complete_cohort,82,low_score,False,0,0,5,False,False,False,False,9,False,0.0
supp_p01,app_quicksort,complete_cohort,83,low_score,False,0,0,5,False,False,False,False,5,False,0.0
supp_p01,app_quicksort,complete_cohort,84,low_score,False,0,0,5,False,False,False,False,5,False,0.0
supp_p01,app_quicksort,complete_cohort,85,low_score,False,0,0,5,False,False,False,False,6,False,0.0
supp_p01,app_quicksort,complete_cohort,86,low_score,False,0,0,5,False,False,False,False,17,False,0.0
supp_p01,app_quicksort,complete_cohort,87,low_score,False,0,0,5,False,False,False,False,10,False,0.0
supp_p01,app_quicksort,complete_cohort,88,low_score,False,0,0,5,False,False,False,False,10,False,0.0
supp_p01,app_quicksort,complete_cohort,89,low_score,False,0,0,5,False,False,False,False,13,False,0.0
supp_p01,app_quicksort,complete_cohort,90,low_score,False,0,0,5,False,False,False,False,19,False,0.0
supp_p01,app_quicksort,complete_cohort,91,low_score,False,0,0,5,False,False,False,False,19,False,0.0
supp_p01,app_quicksort,complete_cohort,92,low_score,False,0,0,5,False,False,False,False,12,False,0.0
supp_p01,app_quicksort,complete_cohort,93,low_score,False,0,0,5,False,False,False,False,9,False,0.0
supp_p01,app_quicksort,complete_cohort,94,low_score,False,0,0,5,False,False,False,False,13,False,0.0
supp_p01,app_quicksort,complete_cohort,95,low_score,False,0,0,5,False,False,False,False,14,False,0.0
supp_p01,app_quicksort,complete_cohort,96,low_score,False,0,0,5,False,False,False,False,10,False,0.0
supp_p01,app_quicksort,complete_cohort,97,low_score,False,0,0,5,False,False,False,False,9,False,0.0
supp_p01,app_quicksort,complete_cohort,98,low_score,False,0,0,5,False,False,False,False,11,False,0.0
supp_p01,app_quicksort,complete_cohort,99,low_score,False,0,0,5,False,False,False,False,8,False,0.0
supp_p01,app_quicksort,complete_cohort,100,low_score,False,0,0,5,False,False,False,False,16,False,0.0
supp_p01,app_quicksort,complete_cohort,101,low_score,False,0,0,5,False,False,False,False,15,False,0.0
supp_p01,app_quicksort,complete_cohort,102,low_score,False,0,0,5,False,False,False,False,11,False,0.0
supp_p01,app_quicksort,complete_cohort,103,low_score,False,0,0,5,False,False,False,False,11,False,0.0
supp_p01,app_quicksort,complete_cohort,104,low_score,False,0,0,5,False,False,False,False,14,False,0.0
supp_p01,app_quicksort,complete_cohort,105,low_score,False,0,0,5,False,False,False,False,10,False,0.0
supp_p01,app_quicksort,complete_cohort,106,low_score,False,0,0,5,False,False,False,False,13,False,0.0
supp_p01,app_quicksort,complete_cohort,107,low_score,False,0,0,5,False,False,False,False,12,False,0.0
supp_p01,app_quicksort,complete_cohort,108,low_score,False,0,0,5,False,False,False,False,12,False,0.0
supp_p01,app_quicksort,complete_cohort,109,low_score,False,0,0,5,False,False,False,False,11,False,0.0
supp_p01,app_quicksort,complete_cohort,110,low_score,False,0,0,5,False,False,False,False,9,False,0.0
supp_p01,app_quicksort,complete_cohort,111,low_score,False,0,0,5,False,False,False,False,9,False,0.0
supp_p01,app_quicksort,complete_cohort,112,low_score,False,0,0,5,False,False,False,False,11,False,0.0
supp_p01,app_quicksort,complete_cohort,113,low_score,False,0,0,5,False,False,False,False,11,False,0.0
supp_p01,app_quicksort,complete_cohort,114,low_score,False,0,0,5,False,False,False,False,13,False,0.0
supp_p01,app_quicksort,complete_cohort,115,low_score,False,0,0,5,False,False,False,False,10,False,0.0
supp_p01,app_quicksort,complete_cohort,116,low_score,False,0,0,5,False,False,False,False,10,False,0.0
supp_p01,app_quicksort,complete_cohort,117,low_score,False,0,0,5,False,False,False,False,11,False,0.0
supp_p01,app_quicksort,complete_cohort,118,low_score,False,0,0,5,False,False,False,False,17,False,0.0
supp_p01,app_quicksort,complete_cohort,119,low_score,False,0,0,5,False,False,False,False,9,False,0.0
supp_p01,app_quicksort,complete_cohort,120,low_score,False,0,0,5,False,False,False,False,10,False,0.0
supp_p01,app_quicksort,complete_cohort,121,low_score,False,0,0,5,False,False,False,False,12,False,0.0
supp_p01,app_quicksort,complete_cohort,122,low_score,False,0,0,5,False,False,False,False,17,False,0.0
supp_p01,app_quicksort,complete_cohort,123,low_score,False,0,0,5,False,False,False,False,11,False,0.0
supp_p01,app_quicksort,complete_cohort,124,low_score,False,0,0,5,False,False,False,False,8,False,0.0
supp_p01,app_quicksort,complete_cohort,125,low_score,False,0,0,5,False,False,False,False,13,False,0.0
supp_p01,app_quicksort,complete_cohort,126,low_score,False,0,0,5,False,False,False,False,16,False,0.0
supp_p01,app_quicksort,complete_cohort,127,low_score,False,0,0,5,False,False,False,False,15,False,0.0
supp_p01,app_quicksort,complete_cohort,128,low_score,False,0,0,5,False,False,False,False,13,False,0.0
supp_p01,app_quicksort,complete_cohort,129,low_score,False,0,0,5,False,False,False,False,7,False,0.0
supp_p01,app_quicksort,complete_cohort,130,low_score,False,0,0,5,False,False,False,False,15,False,0.0
supp_p01,app_quicksort,complete_cohort,131,low_score,False,0,0,5,False,False,False,False,18,False,0.0
supp_p01,app_quicksort,complete_cohort,132,low_score,False,0,0,5,False,False,False,False,11,False,0.0
supp_p01,app_quicksort,complete_cohort,133,low_score,False,0,0,5,False,False,False,False,5,False,0.0
supp_p01,app_quicksort,complete_cohort,134,low_score,False,0,0,5,False,False,False,False,15,False,0.0
supp_p01,app_quicksort,complete_cohort,135,low_score,False,0,0,5,False,False,False,False,13,False,0.0
supp_p01,app_quicksort,complete_cohort,136,low_score,False,0,0,5,False,False,False,False,15,False,0.0
supp_p01,app_quicksort,complete_cohort,137,low_score,False,0,0,5,False,False,False,False,15,False,0.0
supp_p01,app_quicksort,complete_cohort,138,low_score,False,0,0,5,False,False,False,False,14,False,0.0
supp_p01,app_quicksort,complete_cohort,139,low_score,False,0,0,5,False,False,False,False,14,False,0.0
supp_p01,app_quicksort,complete_cohort,140,low_score,False,0,0,5,False,False,False,False,17,False,0.0
supp_p01,app_quicksort,complete_cohort,141,low_score,False,0,0,5,False,False,False,False,16,False,0.0
supp_p01,app_quicksort,complete_cohort,142,low_score,False,0,0,5,False,False,False,False,17,False,0.0
supp_p01,app_quicksort,complete_cohort,143,low_score,False,0,0,5,False,False,False,False,17,False,0.0
supp_p01,app_quicksort,complete_cohort,144,low_score,False,0,0,5,False,False,False,False,8,False,0.0
supp_p01,app_quicksort,complete_cohort,147,low_score,False,0,0,5,False,False,False,False,14,False,0.0
supp_p01,app_quicksort,complete_cohort,148,low_score,False,0,0,5,False,False,False,False,15,False,0.0
supp_p01,app_quicksort,complete_cohort,149,low_score,False,0,0,5,False,False,False,False,12,False,0.0
supp_p01,app_quicksort,complete_cohort,150,low_score,False,0,0,5,False,False,False,False,15,False,0.0
supp_p01,app_quicksort,complete_cohort,151,low_score,False,0,0,5,False,False,False,False,16,False,0.0
supp_p01,app_quicksort,complete_cohort,152,low_score,False,0,0,5,False,False,False,False,17,False,0.0
supp_p01,app_quicksort,complete_cohort,153,low_score,False,0,0,5,False,False,False,False,14,False,0.0
supp_p01,app_quicksort,complete_cohort,154,low_score,False,0,0,5,False,False,False,False,8,False,0.0
supp_p01,app_quicksort,complete_cohort,155,low_score,False,0,0,5,False,False,False,False,10,False,0.0
supp_p01,app_quicksort,complete_cohort,156,low_score,False,0,0,5,False,False,False,False,16,False,0.0
supp_p01,app_quicksort,complete_cohort,157,low_score,False,0,0,5,False,False,False,False,9,False,0.0
supp_p01,app_quicksort,complete_cohort,158,low_score,False,0,0,5,False,False,False,False,12,False,0.0
supp_p01,app_quicksort,complete_cohort,159,low_score,False,0,0,5,False,False,False,False,13,False,0.0
supp_p01,app_quicksort,complete_cohort,160,low_score,False,0,0,5,False,False,False,False,14,False,0.0
supp_p01,app_quicksort,complete_cohort,161,low_score,False,0,0,5,False,False,False,False,15,False,0.0
supp_p01,app_quicksort,complete_cohort,162,low_score,False,0,0,5,False,False,False,False,20,False,0.0
supp_p01,app_quicksort,complete_cohort,163,low_score,False,0,0,5,False,False,False,False,18,False,0.0
supp_p01,app_quicksort,complete_cohort,164,low_score,False,0,0,5,False,False,False,False,13,False,0.0
supp_p01,app_quicksort,complete_cohort,165,low_score,False,0,0,5,False,False,False,False,16,False,0.0
supp_p01,app_quicksort,complete_cohort,166,low_score,False,0,0,5,False,False,False,False,18,False,0.0
supp_p01,app_quicksort,complete_cohort,167,low_score,False,0,0,5,False,False,False,False,12,False,0.0
supp_p01,app_quicksort,complete_cohort,168,low_score,False,0,0,5,False,False,False,False,8,False,0.0
supp_p01,app_quicksort,complete_cohort,169,low_score,False,0,0,5,False,False,False,False,13,False,0.0
supp_p01,app_quicksort,complete_cohort,170,low_score,False,0,0,5,False,False,False,False,12,False,0.0
supp_p01,app_quicksort,complete_cohort,172,low_score,False,0,0,5,False,False,False,False,12,False,0.0
supp_p01,app_quicksort,complete_cohort,174,low_score,False,0,0,5,False,False,False,False,15,False,0.0
supp_p01,app_quicksort,complete_cohort,175,low_score,False,0,0,5,False,False,False,False,14,False,0.0
supp_p01,app_quicksort,complete_cohort,176,low_score,False,0,0,5,False,False,False,False,11,False,0.0
supp_p01,app_quicksort,complete_cohort,177,low_score,False,0,0,5,False,False,False,False,12,False,0.0
supp_p01,app_quicksort,complete_cohort,178,low_score,False,0,0,5,False,False,False,False,10,False,0.0
supp_p01,app_quicksort,complete_cohort,179,low_score,False,0,0,5,False,False,False,False,18,False,0.0
supp_p01,app_quicksort,complete_cohort,180,low_score,False,0,0,5,False,False,False,False,17,False,0.0
supp_p01,app_quicksort,complete_cohort,181,low_score,False,0,0,5,False,False,False,False,11,False,0.0
supp_p01,app_quicksort,complete_cohort,182,low_score,False,0,0,5,False,False,False,False,9,False,0.0
supp_p01,app_quicksort,complete_cohort,183,low_score,False,0,0,5,False,False,False,False,15,False,0.0
supp_p05,stable,demonstration,1,uncertainty,False,0,0,5,False,False,False,True,44,False,0.22727272727272727
supp_p05,stable,demonstration,2,uncertainty,False,0,0,5,False,False,False,True,44,False,0.09090909090909091
supp_p05,stable,demonstration,3,uncertainty,False,0,0,5,False,False,False,True,44,False,0.09090909090909091
supp_p05,stable,demonstration,4,uncertainty,False,0,0,5,False,False,False,True,44,False,0.22727272727272727
supp_p05,stable,demonstration,5,uncertainty,False,0,0,5,False,False,False,True,44,False,0.09090909090909091
supp_p05,stable,demonstration,6,uncertainty,False,0,0,5,False,False,False,True,44,False,0.045454545454545456
supp_p05,stable,demonstration,7,uncertainty,False,0,0,5,False,False,False,True,44,False,0.13636363636363635
supp_p05,stable,demonstration,8,uncertainty,False,0,0,5,False,False,False,False,44,False,0.0
supp_p05,stable,demonstration,9,uncertainty,False,0,0,5,False,False,False,True,44,False,0.18181818181818182
supp_p05,stable,demonstration,10,uncertainty,False,0,0,5,False,False,False,True,44,False,0.09090909090909091
supp_p05,stable,demonstration,1,low_score,False,0,0,5,False,False,False,False,5,False,0.0
supp_p05,stable,demonstration,2,low_score,False,0,0,5,False,False,False,False,9,False,0.0
supp_p05,stable,demonstration,3,low_score,False,0,0,5,False,False,False,False,15,False,0.0
supp_p05,stable,demonstration,4,low_score,False,0,0,5,False,False,False,False,7,False,0.0
supp_p05,stable,demonstration,5,low_score,False,0,0,5,False,False,False,False,8,False,0.0
supp_p05,stable,demonstration,6,low_score,False,0,0,5,False,False,False,False,10,False,0.0
supp_p05,stable,demonstration,7,low_score,False,0,0,5,False,False,False,False,17,False,0.0
supp_p05,stable,demonstration,8,low_score,False,0,0,5,False,False,False,False,19,False,0.0
supp_p05,stable,demonstration,9,low_score,False,0,0,5,False,False,False,False,5,False,0.0
supp_p05,stable,demonstration,10,low_score,False,0,0,5,False,False,False,False,12,False,0.0
supp_p05,app_quicksort,demonstration,1,uncertainty,False,0,0,5,False,False,False,True,44,False,0.22727272727272727
supp_p05,app_quicksort,demonstration,2,uncertainty,False,0,0,5,False,False,False,True,44,False,0.09090909090909091
supp_p05,app_quicksort,demonstration,3,uncertainty,False,0,0,5,False,False,False,True,44,False,0.09090909090909091
supp_p05,app_quicksort,demonstration,4,uncertainty,False,0,0,5,False,False,False,True,44,False,0.22727272727272727
supp_p05,app_quicksort,demonstration,5,uncertainty,False,0,0,5,False,False,False,True,44,False,0.09090909090909091
supp_p05,app_quicksort,demonstration,6,uncertainty,False,0,0,5,False,False,False,True,44,False,0.045454545454545456
supp_p05,app_quicksort,demonstration,7,uncertainty,False,0,0,5,False,False,False,True,44,False,0.13636363636363635
supp_p05,app_quicksort,demonstration,8,uncertainty,False,0,0,5,False,False,False,False,44,False,0.0
supp_p05,app_quicksort,demonstration,9,uncertainty,False,0,0,5,False,False,False,True,44,False,0.18181818181818182
supp_p05,app_quicksort,demonstration,10,uncertainty,False,0,0,5,False,False,False,True,44,False,0.09090909090909091
supp_p05,app_quicksort,demonstration,1,low_score,False,0,0,5,False,False,False,False,5,False,0.0
supp_p05,app_quicksort,demonstration,2,low_score,False,0,0,5,False,False,False,False,9,False,0.0
supp_p05,app_quicksort,demonstration,3,low_score,False,0,0,5,False,False,False,False,15,False,0.0
supp_p05,app_quicksort,demonstration,4,low_score,False,0,0,5,False,False,False,False,7,False,0.0
supp_p05,app_quicksort,demonstration,5,low_score,False,0,0,5,False,False,False,False,8,False,0.0
supp_p05,app_quicksort,demonstration,6,low_score,False,0,0,5,False,False,False,False,10,False,0.0
supp_p05,app_quicksort,demonstration,7,low_score,False,0,0,5,False,False,False,False,17,False,0.0
supp_p05,app_quicksort,demonstration,8,low_score,False,0,0,5,False,False,False,False,19,False,0.0
supp_p05,app_quicksort,demonstration,9,low_score,False,0,0,5,False,False,False,False,5,False,0.0
supp_p05,app_quicksort,demonstration,10,low_score,False,0,0,5,False,False,False,False,12,False,0.0
supp_p05,stable,reference,159,uncertainty,False,0,0,5,False,False,False,True,44,False,0.045454545454545456
supp_p05,stable,reference,42,uncertainty,False,0,0,5,False,False,False,True,44,False,0.045454545454545456
supp_p05,stable,reference,64,uncertainty,False,0,0,5,False,False,False,True,44,False,0.22727272727272727
supp_p05,stable,reference,12,uncertainty,False,0,0,5,False,False,False,True,44,False,0.22727272727272727
supp_p05,stable,reference,160,uncertainty,False,0,0,5,False,False,False,False,44,False,0.0
supp_p05,stable,reference,155,uncertainty,False,0,0,5,False,False,False,True,44,False,0.09090909090909091
supp_p05,stable,reference,11,uncertainty,False,0,0,5,False,False,False,False,44,False,0.0
supp_p05,stable,reference,124,uncertainty,False,0,0,5,False,False,False,True,44,False,0.3181818181818182
supp_p05,stable,reference,169,uncertainty,False,0,0,5,False,False,False,True,44,False,0.22727272727272727
supp_p05,stable,reference,106,uncertainty,False,0,0,5,False,False,False,True,44,False,0.09090909090909091
supp_p05,stable,reference,157,uncertainty,False,0,0,5,False,False,False,True,44,False,0.09090909090909091
supp_p05,stable,reference,126,uncertainty,False,0,0,5,False,False,False,True,44,False,0.09090909090909091
supp_p05,stable,reference,55,uncertainty,False,0,0,5,False,False,False,True,44,False,0.09090909090909091
supp_p05,stable,reference,113,uncertainty,False,0,0,5,False,False,False,True,44,False,0.09090909090909091
supp_p05,stable,reference,158,uncertainty,False,0,0,5,False,False,False,True,44,False,0.09090909090909091
supp_p05,stable,reference,165,uncertainty,False,0,0,5,False,False,False,True,44,False,0.18181818181818182
supp_p05,stable,reference,178,uncertainty,False,0,0,5,False,False,False,True,44,False,0.09090909090909091
supp_p05,stable,reference,133,uncertainty,False,0,0,5,False,False,False,True,44,False,0.09090909090909091
supp_p05,stable,reference,78,uncertainty,False,0,0,5,False,False,False,True,44,False,0.13636363636363635
supp_p05,stable,reference,70,uncertainty,False,0,0,5,False,False,False,False,44,False,0.0
supp_p05,stable,reference,176,uncertainty,False,0,0,5,False,False,False,True,44,False,0.18181818181818182
supp_p05,stable,reference,17,uncertainty,False,0,0,5,False,False,False,True,44,False,0.22727272727272727
supp_p05,stable,reference,136,uncertainty,False,0,0,5,False,False,False,True,44,False,0.045454545454545456
supp_p05,stable,reference,76,uncertainty,False,0,0,5,False,False,False,False,44,False,0.0
supp_p05,stable,reference,82,uncertainty,False,0,0,5,False,False,False,False,44,False,0.0
supp_p05,stable,reference,114,uncertainty,False,0,0,5,False,False,False,True,44,False,0.045454545454545456
supp_p05,stable,reference,168,uncertainty,False,0,0,5,False,False,False,True,44,False,0.09090909090909091
supp_p05,stable,reference,28,uncertainty,False,0,0,5,False,False,False,True,44,False,0.22727272727272727
supp_p05,stable,reference,39,uncertainty,False,0,0,5,False,False,False,True,44,False,0.18181818181818182
supp_p05,stable,reference,50,uncertainty,False,0,0,5,False,False,False,True,44,False,0.3181818181818182
supp_p05,stable,reference,61,uncertainty,False,0,0,5,False,False,False,True,44,False,0.18181818181818182
supp_p05,stable,reference,100,uncertainty,False,0,0,5,False,False,False,True,44,False,0.045454545454545456
supp_p05,stable,reference,130,uncertainty,False,0,0,5,False,False,False,False,44,False,0.0
supp_p05,stable,reference,141,uncertainty,False,0,0,5,False,False,False,True,44,False,0.09090909090909091
supp_p05,stable,reference,53,uncertainty,False,0,0,5,False,False,False,False,44,False,0.0
supp_p05,stable,reference,73,uncertainty,False,0,0,5,False,False,False,True,44,False,0.13636363636363635
supp_p05,stable,reference,9,uncertainty,False,0,0,5,False,False,False,True,44,False,0.09090909090909091
supp_p05,stable,reference,6,uncertainty,False,0,0,5,False,False,False,True,44,False,0.2727272727272727
supp_p05,stable,reference,31,uncertainty,False,0,0,5,False,False,False,True,44,False,0.09090909090909091
supp_p05,stable,reference,94,uncertainty,False,0,0,5,False,False,False,True,44,False,0.045454545454545456
supp_p05,stable,reference,58,uncertainty,False,0,0,5,False,False,False,True,44,False,0.09090909090909091
supp_p05,stable,reference,177,uncertainty,False,0,0,5,False,False,False,True,44,False,0.045454545454545456
supp_p05,stable,reference,48,uncertainty,False,0,0,5,False,False,False,True,44,False,0.22727272727272727
supp_p05,stable,reference,164,uncertainty,False,0,0,5,False,False,False,True,44,False,0.09090909090909091
supp_p05,stable,reference,67,uncertainty,False,0,0,5,False,False,False,True,44,False,0.045454545454545456
supp_p05,stable,reference,118,uncertainty,False,0,0,5,False,False,False,True,44,False,0.22727272727272727
supp_p05,stable,reference,79,uncertainty,False,0,0,5,False,False,False,True,44,False,0.13636363636363635
supp_p05,stable,reference,122,uncertainty,False,0,0,5,False,False,False,True,44,False,0.045454545454545456
supp_p05,stable,reference,54,uncertainty,False,0,0,5,False,False,False,True,44,False,0.2727272727272727
supp_p05,stable,reference,151,uncertainty,False,0,0,5,False,False,False,True,44,False,0.045454545454545456
supp_p05,stable,reference,103,uncertainty,False,0,0,5,False,False,False,True,44,False,0.18181818181818182
supp_p05,stable,reference,137,uncertainty,False,0,0,5,False,False,False,False,44,False,0.0
supp_p05,stable,reference,132,uncertainty,False,0,0,5,False,False,False,True,44,False,0.13636363636363635
supp_p05,stable,reference,143,uncertainty,False,0,0,5,False,False,False,True,44,False,0.09090909090909091
supp_p05,stable,reference,107,uncertainty,False,0,0,5,False,False,False,True,44,False,0.045454545454545456
supp_p05,stable,reference,119,uncertainty,False,0,0,5,False,False,False,True,44,False,0.22727272727272727
supp_p05,stable,reference,109,uncertainty,False,0,0,5,False,False,False,True,44,False,0.18181818181818182
supp_p05,stable,reference,84,uncertainty,False,0,0,5,False,False,False,True,44,False,0.18181818181818182
supp_p05,stable,reference,135,uncertainty,False,0,0,5,False,False,False,True,44,False,0.045454545454545456
supp_p05,stable,reference,125,uncertainty,False,0,0,5,False,False,False,True,44,False,0.045454545454545456
supp_p05,stable,reference,161,uncertainty,False,0,0,5,False,False,False,True,44,False,0.045454545454545456
supp_p05,stable,reference,4,uncertainty,False,0,0,5,False,False,False,True,44,False,0.045454545454545456
supp_p05,stable,reference,72,uncertainty,False,0,0,5,False,False,False,True,44,False,0.36363636363636365
supp_p05,stable,reference,68,uncertainty,False,0,0,5,False,False,False,True,44,False,0.09090909090909091
supp_p05,stable,reference,175,uncertainty,False,0,0,5,False,False,False,True,44,False,0.2727272727272727
supp_p05,stable,reference,182,uncertainty,False,0,0,5,False,False,False,True,44,False,0.36363636363636365
supp_p05,stable,reference,134,uncertainty,False,0,0,5,False,False,False,False,44,False,0.0
supp_p05,stable,reference,105,uncertainty,False,0,0,5,False,False,False,True,44,False,0.13636363636363635
supp_p05,stable,reference,43,uncertainty,False,0,0,5,False,False,False,True,44,False,0.09090909090909091
supp_p05,stable,reference,139,uncertainty,False,0,0,5,False,False,False,False,44,False,0.0
supp_p05,stable,reference,3,uncertainty,False,0,0,5,False,False,False,True,44,False,0.2727272727272727
supp_p05,stable,reference,62,uncertainty,False,0,0,5,False,False,False,True,44,False,0.36363636363636365
supp_p05,stable,reference,5,uncertainty,False,0,0,5,False,False,False,True,44,False,0.09090909090909091
supp_p05,stable,reference,66,uncertainty,False,0,0,5,False,False,False,True,44,False,0.22727272727272727
supp_p05,stable,reference,180,uncertainty,False,0,0,5,False,False,False,True,44,False,0.045454545454545456
supp_p05,stable,reference,30,uncertainty,False,0,0,5,False,False,False,True,44,False,0.22727272727272727
supp_p05,stable,reference,149,uncertainty,False,0,0,5,False,False,False,True,44,False,0.13636363636363635
supp_p05,stable,reference,110,uncertainty,False,0,0,5,False,False,False,True,44,False,0.045454545454545456
supp_p05,stable,reference,13,uncertainty,False,0,0,5,False,False,False,True,44,False,0.045454545454545456
supp_p05,stable,reference,7,uncertainty,False,0,0,5,False,False,False,True,44,False,0.09090909090909091
supp_p05,stable,reference,87,uncertainty,False,0,0,5,False,False,False,True,44,False,0.045454545454545456
supp_p05,stable,reference,150,uncertainty,False,0,0,5,False,False,False,True,44,False,0.13636363636363635
supp_p05,stable,reference,179,uncertainty,False,0,0,5,False,False,False,True,44,False,0.045454545454545456
supp_p05,stable,reference,181,uncertainty,False,0,0,5,False,False,False,True,44,False,0.3181818181818182
supp_p05,stable,reference,148,uncertainty,False,0,0,5,False,False,False,False,44,False,0.0
supp_p05,stable,reference,162,uncertainty,False,0,0,5,False,False,False,True,44,False,0.045454545454545456
supp_p05,stable,reference,102,uncertainty,False,0,0,5,False,False,False,True,44,False,0.09090909090909091
supp_p05,stable,reference,56,uncertainty,False,0,0,5,False,False,False,True,44,False,0.2727272727272727
supp_p05,stable,reference,19,uncertainty,False,0,0,5,False,False,False,True,44,False,0.045454545454545456
supp_p05,stable,reference,112,uncertainty,False,0,0,5,False,False,False,True,44,False,0.09090909090909091
supp_p05,stable,reference,40,uncertainty,False,0,0,5,False,False,False,False,44,False,0.0
supp_p05,stable,reference,22,uncertainty,False,0,0,5,False,False,False,False,44,False,0.0
supp_p05,stable,reference,88,uncertainty,False,0,0,5,False,False,False,True,44,False,0.13636363636363635
supp_p05,stable,reference,167,uncertainty,False,0,0,5,False,False,False,False,44,False,0.0
supp_p05,stable,reference,183,uncertainty,False,0,0,5,False,False,False,True,44,False,0.09090909090909091
supp_p05,stable,reference,24,uncertainty,False,0,0,5,False,False,False,True,44,False,0.18181818181818182
supp_p05,stable,reference,128,uncertainty,False,0,0,5,False,False,False,True,44,False,0.13636363636363635
supp_p05,stable,reference,120,uncertainty,False,0,0,5,False,False,False,True,44,False,0.36363636363636365
supp_p05,stable,reference,45,uncertainty,False,0,0,5,False,False,False,True,44,False,0.22727272727272727
supp_p05,stable,reference,86,uncertainty,False,0,0,5,False,False,False,True,44,False,0.13636363636363635
supp_p05,stable,reference,156,uncertainty,False,0,0,5,False,False,False,True,44,False,0.045454545454545456
supp_p05,stable,reference,98,uncertainty,False,0,0,5,False,False,False,True,44,False,0.045454545454545456
supp_p05,stable,reference,92,uncertainty,False,0,0,5,False,False,False,True,44,False,0.09090909090909091
supp_p05,stable,reference,95,uncertainty,False,0,0,5,False,False,False,True,44,False,0.045454545454545456
supp_p05,stable,reference,101,uncertainty,False,0,0,5,False,False,False,True,44,False,0.045454545454545456
supp_p05,stable,reference,47,uncertainty,False,0,0,5,False,False,False,True,44,False,0.09090909090909091
supp_p05,stable,reference,25,uncertainty,False,0,0,5,False,False,False,True,44,False,0.13636363636363635
supp_p05,stable,reference,121,uncertainty,False,0,0,5,False,False,False,True,44,False,0.13636363636363635
supp_p05,stable,reference,41,uncertainty,False,0,0,5,False,False,False,True,44,False,0.13636363636363635
supp_p05,stable,reference,99,uncertainty,False,0,0,5,False,False,False,True,44,False,0.09090909090909091
supp_p05,stable,reference,27,uncertainty,False,0,0,5,False,False,False,True,44,False,0.09090909090909091
supp_p05,stable,reference,140,uncertainty,False,0,0,5,False,False,False,True,44,False,0.045454545454545456
supp_p05,stable,reference,81,uncertainty,False,0,0,5,False,False,False,False,44,False,0.0
supp_p05,stable,reference,144,uncertainty,False,0,0,5,False,False,False,True,44,False,0.09090909090909091
supp_p05,stable,reference,108,uncertainty,False,0,0,5,False,False,False,True,44,False,0.13636363636363635
supp_p05,stable,reference,85,uncertainty,False,0,0,5,False,False,False,True,44,False,0.22727272727272727
supp_p05,stable,reference,152,uncertainty,False,0,0,5,False,False,False,False,44,False,0.0
supp_p05,stable,reference,15,uncertainty,False,0,0,5,False,False,False,True,44,False,0.18181818181818182
supp_p05,stable,reference,89,uncertainty,False,0,0,5,False,False,False,True,44,False,0.09090909090909091
supp_p05,stable,reference,116,uncertainty,False,0,0,5,False,False,False,True,44,False,0.045454545454545456
supp_p05,stable,reference,138,uncertainty,False,0,0,5,False,False,False,True,44,False,0.09090909090909091
supp_p05,stable,reference,154,uncertainty,False,0,0,5,False,False,False,True,44,False,0.22727272727272727
supp_p05,stable,reference,104,uncertainty,False,0,0,5,False,False,False,True,44,False,0.22727272727272727
supp_p05,stable,reference,131,uncertainty,False,0,0,5,False,False,False,False,44,False,0.0
supp_p05,stable,reference,129,uncertainty,False,0,0,5,False,False,False,True,44,False,0.18181818181818182
supp_p05,stable,reference,96,uncertainty,False,0,0,5,False,False,False,True,44,False,0.18181818181818182
supp_p05,stable,reference,44,uncertainty,False,0,0,5,False,False,False,True,44,False,0.13636363636363635
supp_p05,stable,reference,46,uncertainty,False,0,0,5,False,False,False,False,44,False,0.0
supp_p05,stable,reference,159,low_score,False,0,0,5,False,False,False,False,13,False,0.0
supp_p05,stable,reference,42,low_score,False,0,0,5,False,False,False,False,12,False,0.0
supp_p05,stable,reference,64,low_score,False,0,0,5,False,False,False,False,5,False,0.0
supp_p05,stable,reference,12,low_score,False,0,0,5,False,False,False,False,7,False,0.0
supp_p05,stable,reference,160,low_score,False,0,0,5,False,False,False,False,14,False,0.0
supp_p05,stable,reference,155,low_score,False,0,0,5,False,False,False,False,10,False,0.0
supp_p05,stable,reference,11,low_score,False,0,0,5,False,False,False,False,12,False,0.0
supp_p05,stable,reference,124,low_score,False,0,0,5,False,False,False,False,8,False,0.0
supp_p05,stable,reference,169,low_score,False,0,0,5,False,False,False,False,13,False,0.0
supp_p05,stable,reference,106,low_score,False,0,0,5,False,False,False,False,13,False,0.0
supp_p05,stable,reference,157,low_score,False,0,0,5,False,False,False,False,9,False,0.0
supp_p05,stable,reference,126,low_score,False,0,0,5,False,False,False,False,16,False,0.0
supp_p05,stable,reference,55,low_score,False,0,0,5,False,False,False,False,9,False,0.0
supp_p05,stable,reference,113,low_score,False,0,0,5,False,False,False,False,11,False,0.0
supp_p05,stable,reference,158,low_score,False,0,0,5,False,False,False,False,12,False,0.0
supp_p05,stable,reference,165,low_score,False,0,0,5,False,False,False,False,16,False,0.0
supp_p05,stable,reference,178,low_score,False,0,0,5,False,False,False,False,10,False,0.0
supp_p05,stable,reference,133,low_score,False,0,0,5,False,False,False,False,5,False,0.0
supp_p05,stable,reference,78,low_score,False,0,0,5,False,False,False,False,11,False,0.0
supp_p05,stable,reference,70,low_score,False,0,0,5,False,False,False,False,16,False,0.0
supp_p05,stable,reference,176,low_score,False,0,0,5,False,False,False,False,11,False,0.0
supp_p05,stable,reference,17,low_score,False,0,0,5,False,False,False,False,11,False,0.0
supp_p05,stable,reference,136,low_score,False,0,0,5,False,False,False,False,15,False,0.0
supp_p05,stable,reference,76,low_score,False,0,0,5,False,False,False,False,21,False,0.0
supp_p05,stable,reference,82,low_score,False,0,0,5,False,False,False,False,9,False,0.0
supp_p05,stable,reference,114,low_score,False,0,0,5,False,False,False,False,13,False,0.0
supp_p05,stable,reference,168,low_score,False,0,0,5,False,False,False,False,8,False,0.0
supp_p05,stable,reference,28,low_score,False,0,0,5,False,False,False,False,10,False,0.0
supp_p05,stable,reference,39,low_score,False,0,0,5,False,False,False,False,8,False,0.0
supp_p05,stable,reference,50,low_score,False,0,0,5,False,False,False,False,7,False,0.0
supp_p05,stable,reference,61,low_score,False,0,0,5,False,False,False,False,9,False,0.0
supp_p05,stable,reference,100,low_score,False,0,0,5,False,False,False,False,16,False,0.0
supp_p05,stable,reference,130,low_score,False,0,0,5,False,False,False,False,15,False,0.0
supp_p05,stable,reference,141,low_score,False,0,0,5,False,False,False,False,16,False,0.0
supp_p05,stable,reference,53,low_score,False,0,0,5,False,False,False,False,17,False,0.0
supp_p05,stable,reference,73,low_score,False,0,0,5,False,False,False,False,9,False,0.0
supp_p05,stable,reference,9,low_score,False,0,0,5,False,False,False,False,8,False,0.0
supp_p05,stable,reference,6,low_score,False,0,0,5,False,False,False,False,7,False,0.0
supp_p05,stable,reference,31,low_score,False,0,0,5,False,False,False,False,10,False,0.0
supp_p05,stable,reference,94,low_score,False,0,0,5,False,False,False,False,13,False,0.0
supp_p05,stable,reference,58,low_score,False,0,0,5,False,False,False,False,14,False,0.0
supp_p05,stable,reference,177,low_score,False,0,0,5,False,False,False,False,12,False,0.0
supp_p05,stable,reference,48,low_score,False,0,0,5,False,False,False,False,14,False,0.0
supp_p05,stable,reference,164,low_score,False,0,0,5,False,False,False,False,13,False,0.0
supp_p05,stable,reference,67,low_score,False,0,0,5,False,False,False,False,14,False,0.0
supp_p05,stable,reference,118,low_score,False,0,0,5,False,False,False,False,17,False,0.0
supp_p05,stable,reference,79,low_score,False,0,0,5,False,False,False,False,5,False,0.0
supp_p05,stable,reference,122,low_score,False,0,0,5,False,False,False,False,17,False,0.0
supp_p05,stable,reference,54,low_score,False,0,0,5,False,False,False,False,8,False,0.0
supp_p05,stable,reference,151,low_score,False,0,0,5,False,False,False,False,16,False,0.0
supp_p05,stable,reference,103,low_score,False,0,0,5,False,False,False,False,11,False,0.0
supp_p05,stable,reference,137,low_score,False,0,0,5,False,False,False,False,15,False,0.0
supp_p05,stable,reference,132,low_score,False,0,0,5,False,False,False,False,11,False,0.0
supp_p05,stable,reference,143,low_score,False,0,0,5,False,False,False,False,17,False,0.0
supp_p05,stable,reference,107,low_score,False,0,0,5,False,False,False,False,12,False,0.0
supp_p05,stable,reference,119,low_score,False,0,0,5,False,False,False,False,9,False,0.0
supp_p05,stable,reference,109,low_score,False,0,0,5,False,False,False,False,11,False,0.0
supp_p05,stable,reference,84,low_score,False,0,0,5,False,False,False,False,5,False,0.0
supp_p05,stable,reference,135,low_score,False,0,0,5,False,False,False,False,13,False,0.0
supp_p05,stable,reference,125,low_score,False,0,0,5,False,False,False,False,13,False,0.0
supp_p05,stable,reference,161,low_score,False,0,0,5,False,False,False,False,15,False,0.0
supp_p05,stable,reference,4,low_score,False,0,0,5,False,False,False,False,15,False,0.0
supp_p05,stable,reference,72,low_score,False,0,0,4,False,False,False,False,4,False,0.0
supp_p05,stable,reference,68,low_score,False,0,0,5,False,False,False,False,12,False,0.0
supp_p05,stable,reference,175,low_score,False,0,0,5,False,False,False,False,14,False,0.0
supp_p05,stable,reference,182,low_score,False,0,0,5,False,False,False,False,9,False,0.0
supp_p05,stable,reference,134,low_score,False,0,0,5,False,False,False,False,15,False,0.0
supp_p05,stable,reference,105,low_score,False,0,0,5,False,False,False,False,10,False,0.0
supp_p05,stable,reference,43,low_score,False,0,0,5,False,False,False,False,10,False,0.0
supp_p05,stable,reference,139,low_score,False,0,0,5,False,False,False,False,14,False,0.0
supp_p05,stable,reference,3,low_score,False,0,0,5,False,False,False,False,9,False,0.0
supp_p05,stable,reference,62,low_score,False,0,0,5,False,False,False,False,9,False,0.0
supp_p05,stable,reference,5,low_score,False,0,0,5,False,False,False,False,9,False,0.0
supp_p05,stable,reference,66,low_score,False,0,0,5,False,False,False,False,7,False,0.0
supp_p05,stable,reference,180,low_score,False,0,0,5,False,False,False,False,17,False,0.0
supp_p05,stable,reference,30,low_score,False,0,0,5,False,False,False,False,6,False,0.0
supp_p05,stable,reference,149,low_score,False,0,0,5,False,False,False,False,12,False,0.0
supp_p05,stable,reference,110,low_score,False,0,0,5,False,False,False,False,9,False,0.0
supp_p05,stable,reference,13,low_score,False,0,0,5,False,False,False,False,15,False,0.0
supp_p05,stable,reference,7,low_score,False,0,0,5,False,False,False,False,15,False,0.0
supp_p05,stable,reference,87,low_score,False,0,0,5,False,False,False,False,10,False,0.0
supp_p05,stable,reference,150,low_score,False,0,0,5,False,False,False,False,15,False,0.0
supp_p05,stable,reference,179,low_score,False,0,0,5,False,False,False,False,18,False,0.0
supp_p05,stable,reference,181,low_score,False,0,0,5,False,False,False,False,11,False,0.0
supp_p05,stable,reference,148,low_score,False,0,0,5,False,False,False,False,15,False,0.0
supp_p05,stable,reference,162,low_score,False,0,0,5,False,False,False,False,20,False,0.0
supp_p05,stable,reference,102,low_score,False,0,0,5,False,False,False,False,11,False,0.0
supp_p05,stable,reference,56,low_score,False,0,0,5,False,False,False,False,5,False,0.0
supp_p05,stable,reference,19,low_score,False,0,0,5,False,False,False,False,11,False,0.0
supp_p05,stable,reference,112,low_score,False,0,0,5,False,False,False,False,11,False,0.0
supp_p05,stable,reference,40,low_score,False,0,0,5,False,False,False,False,6,False,0.0
supp_p05,stable,reference,22,low_score,False,0,0,5,False,False,False,False,16,False,0.0
supp_p05,stable,reference,88,low_score,False,0,0,5,False,False,False,False,10,False,0.0
supp_p05,stable,reference,167,low_score,False,0,0,5,False,False,False,False,12,False,0.0
supp_p05,stable,reference,183,low_score,False,0,0,5,False,False,False,False,15,False,0.0
supp_p05,stable,reference,24,low_score,False,0,0,5,False,False,False,False,9,False,0.0
supp_p05,stable,reference,128,low_score,False,0,0,5,False,False,False,False,13,False,0.0
supp_p05,stable,reference,120,low_score,False,0,0,5,False,False,False,False,10,False,0.0
supp_p05,stable,reference,45,low_score,False,0,0,5,False,False,False,False,8,False,0.0
supp_p05,stable,reference,86,low_score,False,0,0,5,False,False,False,False,17,False,0.0
supp_p05,stable,reference,156,low_score,False,0,0,5,False,False,False,False,16,False,0.0
supp_p05,stable,reference,98,low_score,False,0,0,5,False,False,False,False,11,False,0.0
supp_p05,stable,reference,92,low_score,False,0,0,5,False,False,False,False,12,False,0.0
supp_p05,stable,reference,95,low_score,False,0,0,5,False,False,False,False,14,False,0.0
supp_p05,stable,reference,101,low_score,False,0,0,5,False,False,False,False,15,False,0.0
supp_p05,stable,reference,47,low_score,False,0,0,5,False,False,False,False,8,False,0.0
supp_p05,stable,reference,25,low_score,False,0,0,5,False,False,False,False,11,False,0.0
supp_p05,stable,reference,121,low_score,False,0,0,5,False,False,False,False,12,False,0.0
supp_p05,stable,reference,41,low_score,False,0,0,5,False,False,False,False,9,False,0.0
supp_p05,stable,reference,99,low_score,False,0,0,5,False,False,False,False,8,False,0.0
supp_p05,stable,reference,27,low_score,False,0,0,5,False,False,False,False,13,False,0.0
supp_p05,stable,reference,140,low_score,False,0,0,5,False,False,False,False,17,False,0.0
supp_p05,stable,reference,81,low_score,False,0,0,3,False,False,False,False,3,False,0.0
supp_p05,stable,reference,144,low_score,False,0,0,5,False,False,False,False,8,False,0.0
supp_p05,stable,reference,108,low_score,False,0,0,5,False,False,False,False,12,False,0.0
supp_p05,stable,reference,85,low_score,False,0,0,5,False,False,False,False,6,False,0.0
supp_p05,stable,reference,152,low_score,False,0,0,5,False,False,False,False,17,False,0.0
supp_p05,stable,reference,15,low_score,False,0,0,5,False,False,False,False,11,False,0.0
supp_p05,stable,reference,89,low_score,False,0,0,5,False,False,False,False,13,False,0.0
supp_p05,stable,reference,116,low_score,False,0,0,5,False,False,False,False,10,False,0.0
supp_p05,stable,reference,138,low_score,False,0,0,5,False,False,False,False,14,False,0.0
supp_p05,stable,reference,154,low_score,False,0,0,5,False,False,False,False,8,False,0.0
supp_p05,stable,reference,104,low_score,False,0,0,5,False,False,False,False,14,False,0.0
supp_p05,stable,reference,131,low_score,False,0,0,5,False,False,False,False,18,False,0.0
supp_p05,stable,reference,129,low_score,False,0,0,5,False,False,False,False,7,False,0.0
supp_p05,stable,reference,96,low_score,False,0,0,5,False,False,False,False,10,False,0.0
supp_p05,stable,reference,44,low_score,False,0,0,5,False,False,False,False,7,False,0.0
supp_p05,stable,reference,46,low_score,False,0,0,5,False,False,False,False,12,False,0.0
supp_p05,app_quicksort,reference,159,uncertainty,False,0,0,5,False,False,False,True,44,False,0.045454545454545456
supp_p05,app_quicksort,reference,42,uncertainty,False,0,0,5,False,False,False,True,44,False,0.045454545454545456
supp_p05,app_quicksort,reference,64,uncertainty,False,0,0,5,False,False,False,True,44,False,0.22727272727272727
supp_p05,app_quicksort,reference,12,uncertainty,False,0,0,5,False,False,False,True,44,False,0.22727272727272727
supp_p05,app_quicksort,reference,160,uncertainty,False,0,0,5,False,False,False,False,44,False,0.0
supp_p05,app_quicksort,reference,155,uncertainty,False,0,0,5,False,False,False,True,44,False,0.09090909090909091
supp_p05,app_quicksort,reference,11,uncertainty,False,0,0,5,False,False,False,False,44,False,0.0
supp_p05,app_quicksort,reference,124,uncertainty,False,0,0,5,False,False,False,True,44,False,0.3181818181818182
supp_p05,app_quicksort,reference,169,uncertainty,False,0,0,5,False,False,False,True,44,False,0.22727272727272727
supp_p05,app_quicksort,reference,106,uncertainty,False,0,0,5,False,False,False,True,44,False,0.09090909090909091
supp_p05,app_quicksort,reference,157,uncertainty,False,0,0,5,False,False,False,True,44,False,0.09090909090909091
supp_p05,app_quicksort,reference,126,uncertainty,False,0,0,5,False,False,False,True,44,False,0.09090909090909091
supp_p05,app_quicksort,reference,55,uncertainty,False,0,0,5,False,False,False,True,44,False,0.09090909090909091
supp_p05,app_quicksort,reference,113,uncertainty,False,0,0,5,False,False,False,True,44,False,0.09090909090909091
supp_p05,app_quicksort,reference,158,uncertainty,False,0,0,5,False,False,False,True,44,False,0.09090909090909091
supp_p05,app_quicksort,reference,165,uncertainty,False,0,0,5,False,False,False,True,44,False,0.18181818181818182
supp_p05,app_quicksort,reference,178,uncertainty,False,0,0,5,False,False,False,True,44,False,0.09090909090909091
supp_p05,app_quicksort,reference,133,uncertainty,False,0,0,5,False,False,False,True,44,False,0.09090909090909091
supp_p05,app_quicksort,reference,78,uncertainty,False,0,0,5,False,False,False,True,44,False,0.13636363636363635
supp_p05,app_quicksort,reference,70,uncertainty,False,0,0,5,False,False,False,False,44,False,0.0
supp_p05,app_quicksort,reference,176,uncertainty,False,0,0,5,False,False,False,True,44,False,0.18181818181818182
supp_p05,app_quicksort,reference,17,uncertainty,False,0,0,5,False,False,False,True,44,False,0.22727272727272727
supp_p05,app_quicksort,reference,136,uncertainty,False,0,0,5,False,False,False,True,44,False,0.045454545454545456
supp_p05,app_quicksort,reference,76,uncertainty,False,0,0,5,False,False,False,False,44,False,0.0
supp_p05,app_quicksort,reference,82,uncertainty,False,0,0,5,False,False,False,False,44,False,0.0
supp_p05,app_quicksort,reference,114,uncertainty,False,0,0,5,False,False,False,True,44,False,0.045454545454545456
supp_p05,app_quicksort,reference,168,uncertainty,False,0,0,5,False,False,False,True,44,False,0.09090909090909091
supp_p05,app_quicksort,reference,28,uncertainty,False,0,0,5,False,False,False,True,44,False,0.22727272727272727
supp_p05,app_quicksort,reference,39,uncertainty,False,0,0,5,False,False,False,True,44,False,0.18181818181818182
supp_p05,app_quicksort,reference,50,uncertainty,False,0,0,5,False,False,False,True,44,False,0.3181818181818182
supp_p05,app_quicksort,reference,61,uncertainty,False,0,0,5,False,False,False,True,44,False,0.18181818181818182
supp_p05,app_quicksort,reference,100,uncertainty,False,0,0,5,False,False,False,True,44,False,0.045454545454545456
supp_p05,app_quicksort,reference,130,uncertainty,False,0,0,5,False,False,False,False,44,False,0.0
supp_p05,app_quicksort,reference,141,uncertainty,False,0,0,5,False,False,False,True,44,False,0.09090909090909091
supp_p05,app_quicksort,reference,53,uncertainty,False,0,0,5,False,False,False,False,44,False,0.0
supp_p05,app_quicksort,reference,73,uncertainty,False,0,0,5,False,False,False,True,44,False,0.13636363636363635
supp_p05,app_quicksort,reference,9,uncertainty,False,0,0,5,False,False,False,True,44,False,0.09090909090909091
supp_p05,app_quicksort,reference,6,uncertainty,False,0,0,5,False,False,False,True,44,False,0.2727272727272727
supp_p05,app_quicksort,reference,31,uncertainty,False,0,0,5,False,False,False,True,44,False,0.09090909090909091
supp_p05,app_quicksort,reference,94,uncertainty,False,0,0,5,False,False,False,True,44,False,0.045454545454545456
supp_p05,app_quicksort,reference,58,uncertainty,False,0,0,5,False,False,False,True,44,False,0.09090909090909091
supp_p05,app_quicksort,reference,177,uncertainty,False,0,0,5,False,False,False,True,44,False,0.045454545454545456
supp_p05,app_quicksort,reference,48,uncertainty,False,0,0,5,False,False,False,True,44,False,0.22727272727272727
supp_p05,app_quicksort,reference,164,uncertainty,False,0,0,5,False,False,False,True,44,False,0.09090909090909091
supp_p05,app_quicksort,reference,67,uncertainty,False,0,0,5,False,False,False,True,44,False,0.045454545454545456
supp_p05,app_quicksort,reference,118,uncertainty,False,0,0,5,False,False,False,True,44,False,0.22727272727272727
supp_p05,app_quicksort,reference,79,uncertainty,False,0,0,5,False,False,False,True,44,False,0.13636363636363635
supp_p05,app_quicksort,reference,122,uncertainty,False,0,0,5,False,False,False,True,44,False,0.045454545454545456
supp_p05,app_quicksort,reference,54,uncertainty,False,0,0,5,False,False,False,True,44,False,0.2727272727272727
supp_p05,app_quicksort,reference,151,uncertainty,False,0,0,5,False,False,False,True,44,False,0.045454545454545456
supp_p05,app_quicksort,reference,103,uncertainty,False,0,0,5,False,False,False,True,44,False,0.18181818181818182
supp_p05,app_quicksort,reference,137,uncertainty,False,0,0,5,False,False,False,False,44,False,0.0
supp_p05,app_quicksort,reference,132,uncertainty,False,0,0,5,False,False,False,True,44,False,0.13636363636363635
supp_p05,app_quicksort,reference,143,uncertainty,False,0,0,5,False,False,False,True,44,False,0.09090909090909091
supp_p05,app_quicksort,reference,107,uncertainty,False,0,0,5,False,False,False,True,44,False,0.045454545454545456
supp_p05,app_quicksort,reference,119,uncertainty,False,0,0,5,False,False,False,True,44,False,0.22727272727272727
supp_p05,app_quicksort,reference,109,uncertainty,False,0,0,5,False,False,False,True,44,False,0.18181818181818182
supp_p05,app_quicksort,reference,84,uncertainty,False,0,0,5,False,False,False,True,44,False,0.18181818181818182
supp_p05,app_quicksort,reference,135,uncertainty,False,0,0,5,False,False,False,True,44,False,0.045454545454545456
supp_p05,app_quicksort,reference,125,uncertainty,False,0,0,5,False,False,False,True,44,False,0.045454545454545456
supp_p05,app_quicksort,reference,161,uncertainty,False,0,0,5,False,False,False,True,44,False,0.045454545454545456
supp_p05,app_quicksort,reference,4,uncertainty,False,0,0,5,False,False,False,True,44,False,0.045454545454545456
supp_p05,app_quicksort,reference,72,uncertainty,False,0,0,5,False,False,False,True,44,False,0.36363636363636365
supp_p05,app_quicksort,reference,68,uncertainty,False,0,0,5,False,False,False,True,44,False,0.09090909090909091
supp_p05,app_quicksort,reference,175,uncertainty,False,0,0,5,False,False,False,True,44,False,0.2727272727272727
supp_p05,app_quicksort,reference,182,uncertainty,False,0,0,5,False,False,False,True,44,False,0.36363636363636365
supp_p05,app_quicksort,reference,134,uncertainty,False,0,0,5,False,False,False,False,44,False,0.0
supp_p05,app_quicksort,reference,105,uncertainty,False,0,0,5,False,False,False,True,44,False,0.13636363636363635
supp_p05,app_quicksort,reference,43,uncertainty,False,0,0,5,False,False,False,True,44,False,0.09090909090909091
supp_p05,app_quicksort,reference,139,uncertainty,False,0,0,5,False,False,False,False,44,False,0.0
supp_p05,app_quicksort,reference,3,uncertainty,False,0,0,5,False,False,False,True,44,False,0.2727272727272727
supp_p05,app_quicksort,reference,62,uncertainty,False,0,0,5,False,False,False,True,44,False,0.36363636363636365
supp_p05,app_quicksort,reference,5,uncertainty,False,0,0,5,False,False,False,True,44,False,0.09090909090909091
supp_p05,app_quicksort,reference,66,uncertainty,False,0,0,5,False,False,False,True,44,False,0.22727272727272727
supp_p05,app_quicksort,reference,180,uncertainty,False,0,0,5,False,False,False,True,44,False,0.045454545454545456
supp_p05,app_quicksort,reference,30,uncertainty,False,0,0,5,False,False,False,True,44,False,0.22727272727272727
supp_p05,app_quicksort,reference,149,uncertainty,False,0,0,5,False,False,False,True,44,False,0.13636363636363635
supp_p05,app_quicksort,reference,110,uncertainty,False,0,0,5,False,False,False,True,44,False,0.045454545454545456
supp_p05,app_quicksort,reference,13,uncertainty,False,0,0,5,False,False,False,True,44,False,0.045454545454545456
supp_p05,app_quicksort,reference,7,uncertainty,False,0,0,5,False,False,False,True,44,False,0.09090909090909091
supp_p05,app_quicksort,reference,87,uncertainty,False,0,0,5,False,False,False,True,44,False,0.045454545454545456
supp_p05,app_quicksort,reference,150,uncertainty,False,0,0,5,False,False,False,True,44,False,0.13636363636363635
supp_p05,app_quicksort,reference,179,uncertainty,False,0,0,5,False,False,False,True,44,False,0.045454545454545456
supp_p05,app_quicksort,reference,181,uncertainty,False,0,0,5,False,False,False,True,44,False,0.3181818181818182
supp_p05,app_quicksort,reference,148,uncertainty,False,0,0,5,False,False,False,False,44,False,0.0
supp_p05,app_quicksort,reference,162,uncertainty,False,0,0,5,False,False,False,True,44,False,0.045454545454545456
supp_p05,app_quicksort,reference,102,uncertainty,False,0,0,5,False,False,False,True,44,False,0.09090909090909091
supp_p05,app_quicksort,reference,56,uncertainty,False,0,0,5,False,False,False,True,44,False,0.2727272727272727
supp_p05,app_quicksort,reference,19,uncertainty,False,0,0,5,False,False,False,True,44,False,0.045454545454545456
supp_p05,app_quicksort,reference,112,uncertainty,False,0,0,5,False,False,False,True,44,False,0.09090909090909091
supp_p05,app_quicksort,reference,40,uncertainty,False,0,0,5,False,False,False,False,44,False,0.0
supp_p05,app_quicksort,reference,22,uncertainty,False,0,0,5,False,False,False,False,44,False,0.0
supp_p05,app_quicksort,reference,88,uncertainty,False,0,0,5,False,False,False,True,44,False,0.13636363636363635
supp_p05,app_quicksort,reference,167,uncertainty,False,0,0,5,False,False,False,False,44,False,0.0
supp_p05,app_quicksort,reference,183,uncertainty,False,0,0,5,False,False,False,True,44,False,0.09090909090909091
supp_p05,app_quicksort,reference,24,uncertainty,False,0,0,5,False,False,False,True,44,False,0.18181818181818182
supp_p05,app_quicksort,reference,128,uncertainty,False,0,0,5,False,False,False,True,44,False,0.13636363636363635
supp_p05,app_quicksort,reference,120,uncertainty,False,0,0,5,False,False,False,True,44,False,0.36363636363636365
supp_p05,app_quicksort,reference,45,uncertainty,False,0,0,5,False,False,False,True,44,False,0.22727272727272727
supp_p05,app_quicksort,reference,86,uncertainty,False,0,0,5,False,False,False,True,44,False,0.13636363636363635
supp_p05,app_quicksort,reference,156,uncertainty,False,0,0,5,False,False,False,True,44,False,0.045454545454545456
supp_p05,app_quicksort,reference,98,uncertainty,False,0,0,5,False,False,False,True,44,False,0.045454545454545456
supp_p05,app_quicksort,reference,92,uncertainty,False,0,0,5,False,False,False,True,44,False,0.09090909090909091
supp_p05,app_quicksort,reference,95,uncertainty,False,0,0,5,False,False,False,True,44,False,0.045454545454545456
supp_p05,app_quicksort,reference,101,uncertainty,False,0,0,5,False,False,False,True,44,False,0.045454545454545456
supp_p05,app_quicksort,reference,47,uncertainty,False,0,0,5,False,False,False,True,44,False,0.09090909090909091
supp_p05,app_quicksort,reference,25,uncertainty,False,0,0,5,False,False,False,True,44,False,0.13636363636363635
supp_p05,app_quicksort,reference,121,uncertainty,False,0,0,5,False,False,False,True,44,False,0.13636363636363635
supp_p05,app_quicksort,reference,41,uncertainty,False,0,0,5,False,False,False,True,44,False,0.13636363636363635
supp_p05,app_quicksort,reference,99,uncertainty,False,0,0,5,False,False,False,True,44,False,0.09090909090909091
supp_p05,app_quicksort,reference,27,uncertainty,False,0,0,5,False,False,False,True,44,False,0.09090909090909091
supp_p05,app_quicksort,reference,140,uncertainty,False,0,0,5,False,False,False,True,44,False,0.045454545454545456
supp_p05,app_quicksort,reference,81,uncertainty,False,0,0,5,False,False,False,False,44,False,0.0
supp_p05,app_quicksort,reference,144,uncertainty,False,0,0,5,False,False,False,True,44,False,0.09090909090909091
supp_p05,app_quicksort,reference,108,uncertainty,False,0,0,5,False,False,False,True,44,False,0.13636363636363635
supp_p05,app_quicksort,reference,85,uncertainty,False,0,0,5,False,False,False,True,44,False,0.22727272727272727
supp_p05,app_quicksort,reference,152,uncertainty,False,0,0,5,False,False,False,False,44,False,0.0
supp_p05,app_quicksort,reference,15,uncertainty,False,0,0,5,False,False,False,True,44,False,0.18181818181818182
supp_p05,app_quicksort,reference,89,uncertainty,False,0,0,5,False,False,False,True,44,False,0.09090909090909091
supp_p05,app_quicksort,reference,116,uncertainty,False,0,0,5,False,False,False,True,44,False,0.045454545454545456
supp_p05,app_quicksort,reference,138,uncertainty,False,0,0,5,False,False,False,True,44,False,0.09090909090909091
supp_p05,app_quicksort,reference,154,uncertainty,False,0,0,5,False,False,False,True,44,False,0.22727272727272727
supp_p05,app_quicksort,reference,104,uncertainty,False,0,0,5,False,False,False,True,44,False,0.22727272727272727
supp_p05,app_quicksort,reference,131,uncertainty,False,0,0,5,False,False,False,False,44,False,0.0
supp_p05,app_quicksort,reference,129,uncertainty,False,0,0,5,False,False,False,True,44,False,0.18181818181818182
supp_p05,app_quicksort,reference,96,uncertainty,False,0,0,5,False,False,False,True,44,False,0.18181818181818182
supp_p05,app_quicksort,reference,44,uncertainty,False,0,0,5,False,False,False,True,44,False,0.13636363636363635
supp_p05,app_quicksort,reference,46,uncertainty,False,0,0,5,False,False,False,False,44,False,0.0
supp_p05,app_quicksort,reference,159,low_score,False,0,0,5,False,False,False,False,13,False,0.0
supp_p05,app_quicksort,reference,42,low_score,False,0,0,5,False,False,False,False,12,False,0.0
supp_p05,app_quicksort,reference,64,low_score,False,0,0,5,False,False,False,False,5,False,0.0
supp_p05,app_quicksort,reference,12,low_score,False,0,0,5,False,False,False,False,7,False,0.0
supp_p05,app_quicksort,reference,160,low_score,False,0,0,5,False,False,False,False,14,False,0.0
supp_p05,app_quicksort,reference,155,low_score,False,0,0,5,False,False,False,False,10,False,0.0
supp_p05,app_quicksort,reference,11,low_score,False,0,0,5,False,False,False,False,12,False,0.0
supp_p05,app_quicksort,reference,124,low_score,False,0,0,5,False,False,False,False,8,False,0.0
supp_p05,app_quicksort,reference,169,low_score,False,0,0,5,False,False,False,False,13,False,0.0
supp_p05,app_quicksort,reference,106,low_score,False,0,0,5,False,False,False,False,13,False,0.0
supp_p05,app_quicksort,reference,157,low_score,False,0,0,5,False,False,False,False,9,False,0.0
supp_p05,app_quicksort,reference,126,low_score,False,0,0,5,False,False,False,False,16,False,0.0
supp_p05,app_quicksort,reference,55,low_score,False,0,0,5,False,False,False,False,9,False,0.0
supp_p05,app_quicksort,reference,113,low_score,False,0,0,5,False,False,False,False,11,False,0.0
supp_p05,app_quicksort,reference,158,low_score,False,0,0,5,False,False,False,False,12,False,0.0
supp_p05,app_quicksort,reference,165,low_score,False,0,0,5,False,False,False,False,16,False,0.0
supp_p05,app_quicksort,reference,178,low_score,False,0,0,5,False,False,False,False,10,False,0.0
supp_p05,app_quicksort,reference,133,low_score,False,0,0,5,False,False,False,False,5,False,0.0
supp_p05,app_quicksort,reference,78,low_score,False,0,0,5,False,False,False,False,11,False,0.0
supp_p05,app_quicksort,reference,70,low_score,False,0,0,5,False,False,False,False,16,False,0.0
supp_p05,app_quicksort,reference,176,low_score,False,0,0,5,False,False,False,False,11,False,0.0
supp_p05,app_quicksort,reference,17,low_score,False,0,0,5,False,False,False,False,11,False,0.0
supp_p05,app_quicksort,reference,136,low_score,False,0,0,5,False,False,False,False,15,False,0.0
supp_p05,app_quicksort,reference,76,low_score,False,0,0,5,False,False,False,False,21,False,0.0
supp_p05,app_quicksort,reference,82,low_score,False,0,0,5,False,False,False,False,9,False,0.0
supp_p05,app_quicksort,reference,114,low_score,False,0,0,5,False,False,False,False,13,False,0.0
supp_p05,app_quicksort,reference,168,low_score,False,0,0,5,False,False,False,False,8,False,0.0
supp_p05,app_quicksort,reference,28,low_score,False,0,0,5,False,False,False,False,10,False,0.0
supp_p05,app_quicksort,reference,39,low_score,False,0,0,5,False,False,False,False,8,False,0.0
supp_p05,app_quicksort,reference,50,low_score,False,0,0,5,False,False,False,False,7,False,0.0
supp_p05,app_quicksort,reference,61,low_score,False,0,0,5,False,False,False,False,9,False,0.0
supp_p05,app_quicksort,reference,100,low_score,False,0,0,5,False,False,False,False,16,False,0.0
supp_p05,app_quicksort,reference,130,low_score,False,0,0,5,False,False,False,False,15,False,0.0
supp_p05,app_quicksort,reference,141,low_score,False,0,0,5,False,False,False,False,16,False,0.0
supp_p05,app_quicksort,reference,53,low_score,False,0,0,5,False,False,False,False,17,False,0.0
supp_p05,app_quicksort,reference,73,low_score,False,0,0,5,False,False,False,False,9,False,0.0
supp_p05,app_quicksort,reference,9,low_score,False,0,0,5,False,False,False,False,8,False,0.0
supp_p05,app_quicksort,reference,6,low_score,False,0,0,5,False,False,False,False,7,False,0.0
supp_p05,app_quicksort,reference,31,low_score,False,0,0,5,False,False,False,False,10,False,0.0
supp_p05,app_quicksort,reference,94,low_score,False,0,0,5,False,False,False,False,13,False,0.0
supp_p05,app_quicksort,reference,58,low_score,False,0,0,5,False,False,False,False,14,False,0.0
supp_p05,app_quicksort,reference,177,low_score,False,0,0,5,False,False,False,False,12,False,0.0
supp_p05,app_quicksort,reference,48,low_score,False,0,0,5,False,False,False,False,14,False,0.0
supp_p05,app_quicksort,reference,164,low_score,False,0,0,5,False,False,False,False,13,False,0.0
supp_p05,app_quicksort,reference,67,low_score,False,0,0,5,False,False,False,False,14,False,0.0
supp_p05,app_quicksort,reference,118,low_score,False,0,0,5,False,False,False,False,17,False,0.0
supp_p05,app_quicksort,reference,79,low_score,False,0,0,5,False,False,False,False,5,False,0.0
supp_p05,app_quicksort,reference,122,low_score,False,0,0,5,False,False,False,False,17,False,0.0
supp_p05,app_quicksort,reference,54,low_score,False,0,0,5,False,False,False,False,8,False,0.0
supp_p05,app_quicksort,reference,151,low_score,False,0,0,5,False,False,False,False,16,False,0.0
supp_p05,app_quicksort,reference,103,low_score,False,0,0,5,False,False,False,False,11,False,0.0
supp_p05,app_quicksort,reference,137,low_score,False,0,0,5,False,False,False,False,15,False,0.0
supp_p05,app_quicksort,reference,132,low_score,False,0,0,5,False,False,False,False,11,False,0.0
supp_p05,app_quicksort,reference,143,low_score,False,0,0,5,False,False,False,False,17,False,0.0
supp_p05,app_quicksort,reference,107,low_score,False,0,0,5,False,False,False,False,12,False,0.0
supp_p05,app_quicksort,reference,119,low_score,False,0,0,5,False,False,False,False,9,False,0.0
supp_p05,app_quicksort,reference,109,low_score,False,0,0,5,False,False,False,False,11,False,0.0
supp_p05,app_quicksort,reference,84,low_score,False,0,0,5,False,False,False,False,5,False,0.0
supp_p05,app_quicksort,reference,135,low_score,False,0,0,5,False,False,False,False,13,False,0.0
supp_p05,app_quicksort,reference,125,low_score,False,0,0,5,False,False,False,False,13,False,0.0
supp_p05,app_quicksort,reference,161,low_score,False,0,0,5,False,False,False,False,15,False,0.0
supp_p05,app_quicksort,reference,4,low_score,False,0,0,5,False,False,False,False,15,False,0.0
supp_p05,app_quicksort,reference,72,low_score,False,0,0,4,False,False,False,False,4,False,0.0
supp_p05,app_quicksort,reference,68,low_score,False,0,0,5,False,False,False,False,12,False,0.0
supp_p05,app_quicksort,reference,175,low_score,False,0,0,5,False,False,False,False,14,False,0.0
supp_p05,app_quicksort,reference,182,low_score,False,0,0,5,False,False,False,False,9,False,0.0
supp_p05,app_quicksort,reference,134,low_score,False,0,0,5,False,False,False,False,15,False,0.0
supp_p05,app_quicksort,reference,105,low_score,False,0,0,5,False,False,False,False,10,False,0.0
supp_p05,app_quicksort,reference,43,low_score,False,0,0,5,False,False,False,False,10,False,0.0
supp_p05,app_quicksort,reference,139,low_score,False,0,0,5,False,False,False,False,14,False,0.0
supp_p05,app_quicksort,reference,3,low_score,False,0,0,5,False,False,False,False,9,False,0.0
supp_p05,app_quicksort,reference,62,low_score,False,0,0,5,False,False,False,False,9,False,0.0
supp_p05,app_quicksort,reference,5,low_score,False,0,0,5,False,False,False,False,9,False,0.0
supp_p05,app_quicksort,reference,66,low_score,False,0,0,5,False,False,False,False,7,False,0.0
supp_p05,app_quicksort,reference,180,low_score,False,0,0,5,False,False,False,False,17,False,0.0
supp_p05,app_quicksort,reference,30,low_score,False,0,0,5,False,False,False,False,6,False,0.0
supp_p05,app_quicksort,reference,149,low_score,False,0,0,5,False,False,False,False,12,False,0.0
supp_p05,app_quicksort,reference,110,low_score,False,0,0,5,False,False,False,False,9,False,0.0
supp_p05,app_quicksort,reference,13,low_score,False,0,0,5,False,False,False,False,15,False,0.0
supp_p05,app_quicksort,reference,7,low_score,False,0,0,5,False,False,False,False,15,False,0.0
supp_p05,app_quicksort,reference,87,low_score,False,0,0,5,False,False,False,False,10,False,0.0
supp_p05,app_quicksort,reference,150,low_score,False,0,0,5,False,False,False,False,15,False,0.0
supp_p05,app_quicksort,reference,179,low_score,False,0,0,5,False,False,False,False,18,False,0.0
supp_p05,app_quicksort,reference,181,low_score,False,0,0,5,False,False,False,False,11,False,0.0
supp_p05,app_quicksort,reference,148,low_score,False,0,0,5,False,False,False,False,15,False,0.0
supp_p05,app_quicksort,reference,162,low_score,False,0,0,5,False,False,False,False,20,False,0.0
supp_p05,app_quicksort,reference,102,low_score,False,0,0,5,False,False,False,False,11,False,0.0
supp_p05,app_quicksort,reference,56,low_score,False,0,0,5,False,False,False,False,5,False,0.0
supp_p05,app_quicksort,reference,19,low_score,False,0,0,5,False,False,False,False,11,False,0.0
supp_p05,app_quicksort,reference,112,low_score,False,0,0,5,False,False,False,False,11,False,0.0
supp_p05,app_quicksort,reference,40,low_score,False,0,0,5,False,False,False,False,6,False,0.0
supp_p05,app_quicksort,reference,22,low_score,False,0,0,5,False,False,False,False,16,False,0.0
supp_p05,app_quicksort,reference,88,low_score,False,0,0,5,False,False,False,False,10,False,0.0
supp_p05,app_quicksort,reference,167,low_score,False,0,0,5,False,False,False,False,12,False,0.0
supp_p05,app_quicksort,reference,183,low_score,False,0,0,5,False,False,False,False,15,False,0.0
supp_p05,app_quicksort,reference,24,low_score,False,0,0,5,False,False,False,False,9,False,0.0
supp_p05,app_quicksort,reference,128,low_score,False,0,0,5,False,False,False,False,13,False,0.0
supp_p05,app_quicksort,reference,120,low_score,False,0,0,5,False,False,False,False,10,False,0.0
supp_p05,app_quicksort,reference,45,low_score,False,0,0,5,False,False,False,False,8,False,0.0
supp_p05,app_quicksort,reference,86,low_score,False,0,0,5,False,False,False,False,17,False,0.0
supp_p05,app_quicksort,reference,156,low_score,False,0,0,5,False,False,False,False,16,False,0.0
supp_p05,app_quicksort,reference,98,low_score,False,0,0,5,False,False,False,False,11,False,0.0
supp_p05,app_quicksort,reference,92,low_score,False,0,0,5,False,False,False,False,12,False,0.0
supp_p05,app_quicksort,reference,95,low_score,False,0,0,5,False,False,False,False,14,False,0.0
supp_p05,app_quicksort,reference,101,low_score,False,0,0,5,False,False,False,False,15,False,0.0
supp_p05,app_quicksort,reference,47,low_score,False,0,0,5,False,False,False,False,8,False,0.0
supp_p05,app_quicksort,reference,25,low_score,False,0,0,5,False,False,False,False,11,False,0.0
supp_p05,app_quicksort,reference,121,low_score,False,0,0,5,False,False,False,False,12,False,0.0
supp_p05,app_quicksort,reference,41,low_score,False,0,0,5,False,False,False,False,9,False,0.0
supp_p05,app_quicksort,reference,99,low_score,False,0,0,5,False,False,False,False,8,False,0.0
supp_p05,app_quicksort,reference,27,low_score,False,0,0,5,False,False,False,False,13,False,0.0
supp_p05,app_quicksort,reference,140,low_score,False,0,0,5,False,False,False,False,17,False,0.0
supp_p05,app_quicksort,reference,81,low_score,False,0,0,3,False,False,False,False,3,False,0.0
supp_p05,app_quicksort,reference,144,low_score,False,0,0,5,False,False,False,False,8,False,0.0
supp_p05,app_quicksort,reference,108,low_score,False,0,0,5,False,False,False,False,12,False,0.0
supp_p05,app_quicksort,reference,85,low_score,False,0,0,5,False,False,False,False,6,False,0.0
supp_p05,app_quicksort,reference,152,low_score,False,0,0,5,False,False,False,False,17,False,0.0
supp_p05,app_quicksort,reference,15,low_score,False,0,0,5,False,False,False,False,11,False,0.0
supp_p05,app_quicksort,reference,89,low_score,False,0,0,5,False,False,False,False,13,False,0.0
supp_p05,app_quicksort,reference,116,low_score,False,0,0,5,False,False,False,False,10,False,0.0
supp_p05,app_quicksort,reference,138,low_score,False,0,0,5,False,False,False,False,14,False,0.0
supp_p05,app_quicksort,reference,154,low_score,False,0,0,5,False,False,False,False,8,False,0.0
supp_p05,app_quicksort,reference,104,low_score,False,0,0,5,False,False,False,False,14,False,0.0
supp_p05,app_quicksort,reference,131,low_score,False,0,0,5,False,False,False,False,18,False,0.0
supp_p05,app_quicksort,reference,129,low_score,False,0,0,5,False,False,False,False,7,False,0.0
supp_p05,app_quicksort,reference,96,low_score,False,0,0,5,False,False,False,False,10,False,0.0
supp_p05,app_quicksort,reference,44,low_score,False,0,0,5,False,False,False,False,7,False,0.0
supp_p05,app_quicksort,reference,46,low_score,False,0,0,5,False,False,False,False,12,False,0.0
supp_p05,stable,complete_cohort,2,uncertainty,False,0,0,5,False,False,False,True,44,False,0.22727272727272727
supp_p05,stable,complete_cohort,3,uncertainty,False,0,0,5,False,False,False,True,44,False,0.2727272727272727
supp_p05,stable,complete_cohort,4,uncertainty,False,0,0,5,False,False,False,True,44,False,0.045454545454545456
supp_p05,stable,complete_cohort,5,uncertainty,False,0,0,5,False,False,False,True,44,False,0.09090909090909091
supp_p05,stable,complete_cohort,6,uncertainty,False,0,0,5,False,False,False,True,44,False,0.2727272727272727
supp_p05,stable,complete_cohort,7,uncertainty,False,0,0,5,False,False,False,True,44,False,0.09090909090909091
supp_p05,stable,complete_cohort,9,uncertainty,False,0,0,5,False,False,False,True,44,False,0.09090909090909091
supp_p05,stable,complete_cohort,11,uncertainty,False,0,0,5,False,False,False,False,44,False,0.0
supp_p05,stable,complete_cohort,12,uncertainty,False,0,0,5,False,False,False,True,44,False,0.22727272727272727
supp_p05,stable,complete_cohort,13,uncertainty,False,0,0,5,False,False,False,True,44,False,0.045454545454545456
supp_p05,stable,complete_cohort,14,uncertainty,False,0,0,5,False,False,False,True,44,False,0.09090909090909091
supp_p05,stable,complete_cohort,15,uncertainty,False,0,0,5,False,False,False,True,44,False,0.18181818181818182
supp_p05,stable,complete_cohort,17,uncertainty,False,0,0,5,False,False,False,True,44,False,0.22727272727272727
supp_p05,stable,complete_cohort,19,uncertainty,False,0,0,5,False,False,False,True,44,False,0.045454545454545456
supp_p05,stable,complete_cohort,20,uncertainty,False,0,0,5,False,False,False,True,44,False,0.3181818181818182
supp_p05,stable,complete_cohort,21,uncertainty,False,0,0,5,False,False,False,True,44,False,0.045454545454545456
supp_p05,stable,complete_cohort,22,uncertainty,False,0,0,5,False,False,False,False,44,False,0.0
supp_p05,stable,complete_cohort,23,uncertainty,False,0,0,5,False,False,False,True,44,False,0.2727272727272727
supp_p05,stable,complete_cohort,24,uncertainty,False,0,0,5,False,False,False,True,44,False,0.18181818181818182
supp_p05,stable,complete_cohort,25,uncertainty,False,0,0,5,False,False,False,True,44,False,0.13636363636363635
supp_p05,stable,complete_cohort,27,uncertainty,False,0,0,5,False,False,False,True,44,False,0.09090909090909091
supp_p05,stable,complete_cohort,28,uncertainty,False,0,0,5,False,False,False,True,44,False,0.22727272727272727
supp_p05,stable,complete_cohort,29,uncertainty,False,0,0,5,False,False,False,True,44,False,0.13636363636363635
supp_p05,stable,complete_cohort,30,uncertainty,False,0,0,5,False,False,False,True,44,False,0.22727272727272727
supp_p05,stable,complete_cohort,31,uncertainty,False,0,0,5,False,False,False,True,44,False,0.09090909090909091
supp_p05,stable,complete_cohort,39,uncertainty,False,0,0,5,False,False,False,True,44,False,0.18181818181818182
supp_p05,stable,complete_cohort,40,uncertainty,False,0,0,5,False,False,False,False,44,False,0.0
supp_p05,stable,complete_cohort,41,uncertainty,False,0,0,5,False,False,False,True,44,False,0.13636363636363635
supp_p05,stable,complete_cohort,42,uncertainty,False,0,0,5,False,False,False,True,44,False,0.045454545454545456
supp_p05,stable,complete_cohort,43,uncertainty,False,0,0,5,False,False,False,True,44,False,0.09090909090909091
supp_p05,stable,complete_cohort,44,uncertainty,False,0,0,5,False,False,False,True,44,False,0.13636363636363635
supp_p05,stable,complete_cohort,45,uncertainty,False,0,0,5,False,False,False,True,44,False,0.22727272727272727
supp_p05,stable,complete_cohort,46,uncertainty,False,0,0,5,False,False,False,False,44,False,0.0
supp_p05,stable,complete_cohort,47,uncertainty,False,0,0,5,False,False,False,True,44,False,0.09090909090909091
supp_p05,stable,complete_cohort,48,uncertainty,False,0,0,5,False,False,False,True,44,False,0.22727272727272727
supp_p05,stable,complete_cohort,50,uncertainty,False,0,0,5,False,False,False,True,44,False,0.3181818181818182
supp_p05,stable,complete_cohort,51,uncertainty,False,0,0,5,False,False,False,False,44,False,0.0
supp_p05,stable,complete_cohort,52,uncertainty,False,0,0,5,False,False,False,True,44,False,0.13636363636363635
supp_p05,stable,complete_cohort,53,uncertainty,False,0,0,5,False,False,False,False,44,False,0.0
supp_p05,stable,complete_cohort,54,uncertainty,False,0,0,5,False,False,False,True,44,False,0.2727272727272727
supp_p05,stable,complete_cohort,55,uncertainty,False,0,0,5,False,False,False,True,44,False,0.09090909090909091
supp_p05,stable,complete_cohort,56,uncertainty,False,0,0,5,False,False,False,True,44,False,0.2727272727272727
supp_p05,stable,complete_cohort,58,uncertainty,False,0,0,5,False,False,False,True,44,False,0.09090909090909091
supp_p05,stable,complete_cohort,59,uncertainty,False,0,0,5,False,False,False,True,44,False,0.18181818181818182
supp_p05,stable,complete_cohort,61,uncertainty,False,0,0,5,False,False,False,True,44,False,0.18181818181818182
supp_p05,stable,complete_cohort,62,uncertainty,False,0,0,5,False,False,False,True,44,False,0.36363636363636365
supp_p05,stable,complete_cohort,63,uncertainty,False,0,0,5,False,False,False,True,44,False,0.22727272727272727
supp_p05,stable,complete_cohort,64,uncertainty,False,0,0,5,False,False,False,True,44,False,0.22727272727272727
supp_p05,stable,complete_cohort,66,uncertainty,False,0,0,5,False,False,False,True,44,False,0.22727272727272727
supp_p05,stable,complete_cohort,67,uncertainty,False,0,0,5,False,False,False,True,44,False,0.045454545454545456
supp_p05,stable,complete_cohort,68,uncertainty,False,0,0,5,False,False,False,True,44,False,0.09090909090909091
supp_p05,stable,complete_cohort,70,uncertainty,False,0,0,5,False,False,False,False,44,False,0.0
supp_p05,stable,complete_cohort,71,uncertainty,False,0,0,5,False,False,False,True,44,False,0.09090909090909091
supp_p05,stable,complete_cohort,72,uncertainty,False,0,0,5,False,False,False,True,44,False,0.36363636363636365
supp_p05,stable,complete_cohort,73,uncertainty,False,0,0,5,False,False,False,True,44,False,0.13636363636363635
supp_p05,stable,complete_cohort,74,uncertainty,False,0,0,5,False,False,False,False,44,False,0.0
supp_p05,stable,complete_cohort,76,uncertainty,False,0,0,5,False,False,False,False,44,False,0.0
supp_p05,stable,complete_cohort,77,uncertainty,False,0,0,5,False,False,False,True,44,False,0.2727272727272727
supp_p05,stable,complete_cohort,78,uncertainty,False,0,0,5,False,False,False,True,44,False,0.13636363636363635
supp_p05,stable,complete_cohort,79,uncertainty,False,0,0,5,False,False,False,True,44,False,0.13636363636363635
supp_p05,stable,complete_cohort,80,uncertainty,False,0,0,5,False,False,False,True,44,False,0.045454545454545456
supp_p05,stable,complete_cohort,81,uncertainty,False,0,0,5,False,False,False,False,44,False,0.0
supp_p05,stable,complete_cohort,82,uncertainty,False,0,0,5,False,False,False,False,44,False,0.0
supp_p05,stable,complete_cohort,83,uncertainty,False,0,0,5,False,False,False,True,44,False,0.18181818181818182
supp_p05,stable,complete_cohort,84,uncertainty,False,0,0,5,False,False,False,True,44,False,0.18181818181818182
supp_p05,stable,complete_cohort,85,uncertainty,False,0,0,5,False,False,False,True,44,False,0.22727272727272727
supp_p05,stable,complete_cohort,86,uncertainty,False,0,0,5,False,False,False,True,44,False,0.13636363636363635
supp_p05,stable,complete_cohort,87,uncertainty,False,0,0,5,False,False,False,True,44,False,0.045454545454545456
supp_p05,stable,complete_cohort,88,uncertainty,False,0,0,5,False,False,False,True,44,False,0.13636363636363635
supp_p05,stable,complete_cohort,89,uncertainty,False,0,0,5,False,False,False,True,44,False,0.09090909090909091
supp_p05,stable,complete_cohort,90,uncertainty,False,0,0,5,False,False,False,False,44,False,0.0
supp_p05,stable,complete_cohort,91,uncertainty,False,0,0,5,False,False,False,True,44,False,0.18181818181818182
supp_p05,stable,complete_cohort,92,uncertainty,False,0,0,5,False,False,False,True,44,False,0.09090909090909091
supp_p05,stable,complete_cohort,93,uncertainty,False,0,0,5,False,False,False,True,44,False,0.18181818181818182
supp_p05,stable,complete_cohort,94,uncertainty,False,0,0,5,False,False,False,True,44,False,0.045454545454545456
supp_p05,stable,complete_cohort,95,uncertainty,False,0,0,5,False,False,False,True,44,False,0.045454545454545456
supp_p05,stable,complete_cohort,96,uncertainty,False,0,0,5,False,False,False,True,44,False,0.18181818181818182
supp_p05,stable,complete_cohort,97,uncertainty,False,0,0,5,False,False,False,True,44,False,0.045454545454545456
supp_p05,stable,complete_cohort,98,uncertainty,False,0,0,5,False,False,False,True,44,False,0.045454545454545456
supp_p05,stable,complete_cohort,99,uncertainty,False,0,0,5,False,False,False,True,44,False,0.09090909090909091
supp_p05,stable,complete_cohort,100,uncertainty,False,0,0,5,False,False,False,True,44,False,0.045454545454545456
supp_p05,stable,complete_cohort,101,uncertainty,False,0,0,5,False,False,False,True,44,False,0.045454545454545456
supp_p05,stable,complete_cohort,102,uncertainty,False,0,0,5,False,False,False,True,44,False,0.09090909090909091
supp_p05,stable,complete_cohort,103,uncertainty,False,0,0,5,False,False,False,True,44,False,0.18181818181818182
supp_p05,stable,complete_cohort,104,uncertainty,False,0,0,5,False,False,False,True,44,False,0.22727272727272727
supp_p05,stable,complete_cohort,105,uncertainty,False,0,0,5,False,False,False,True,44,False,0.13636363636363635
supp_p05,stable,complete_cohort,106,uncertainty,False,0,0,5,False,False,False,True,44,False,0.09090909090909091
supp_p05,stable,complete_cohort,107,uncertainty,False,0,0,5,False,False,False,True,44,False,0.045454545454545456
supp_p05,stable,complete_cohort,108,uncertainty,False,0,0,5,False,False,False,True,44,False,0.13636363636363635
supp_p05,stable,complete_cohort,109,uncertainty,False,0,0,5,False,False,False,True,44,False,0.18181818181818182
supp_p05,stable,complete_cohort,110,uncertainty,False,0,0,5,False,False,False,True,44,False,0.045454545454545456
supp_p05,stable,complete_cohort,111,uncertainty,False,0,0,5,False,False,False,True,44,False,0.18181818181818182
supp_p05,stable,complete_cohort,112,uncertainty,False,0,0,5,False,False,False,True,44,False,0.09090909090909091
supp_p05,stable,complete_cohort,113,uncertainty,False,0,0,5,False,False,False,True,44,False,0.09090909090909091
supp_p05,stable,complete_cohort,114,uncertainty,False,0,0,5,False,False,False,True,44,False,0.045454545454545456
supp_p05,stable,complete_cohort,115,uncertainty,False,0,0,5,False,False,False,True,44,False,0.045454545454545456
supp_p05,stable,complete_cohort,116,uncertainty,False,0,0,5,False,False,False,True,44,False,0.045454545454545456
supp_p05,stable,complete_cohort,117,uncertainty,False,0,0,5,False,False,False,True,44,False,0.045454545454545456
supp_p05,stable,complete_cohort,118,uncertainty,False,0,0,5,False,False,False,True,44,False,0.22727272727272727
supp_p05,stable,complete_cohort,119,uncertainty,False,0,0,5,False,False,False,True,44,False,0.22727272727272727
supp_p05,stable,complete_cohort,120,uncertainty,False,0,0,5,False,False,False,True,44,False,0.36363636363636365
supp_p05,stable,complete_cohort,121,uncertainty,False,0,0,5,False,False,False,True,44,False,0.13636363636363635
supp_p05,stable,complete_cohort,122,uncertainty,False,0,0,5,False,False,False,True,44,False,0.045454545454545456
supp_p05,stable,complete_cohort,123,uncertainty,False,0,0,5,False,False,False,True,44,False,0.13636363636363635
supp_p05,stable,complete_cohort,124,uncertainty,False,0,0,5,False,False,False,True,44,False,0.3181818181818182
supp_p05,stable,complete_cohort,125,uncertainty,False,0,0,5,False,False,False,True,44,False,0.045454545454545456
supp_p05,stable,complete_cohort,126,uncertainty,False,0,0,5,False,False,False,True,44,False,0.09090909090909091
supp_p05,stable,complete_cohort,127,uncertainty,False,0,0,5,False,False,False,True,44,False,0.09090909090909091
supp_p05,stable,complete_cohort,128,uncertainty,False,0,0,5,False,False,False,True,44,False,0.13636363636363635
supp_p05,stable,complete_cohort,129,uncertainty,False,0,0,5,False,False,False,True,44,False,0.18181818181818182
supp_p05,stable,complete_cohort,130,uncertainty,False,0,0,5,False,False,False,False,44,False,0.0
supp_p05,stable,complete_cohort,131,uncertainty,False,0,0,5,False,False,False,False,44,False,0.0
supp_p05,stable,complete_cohort,132,uncertainty,False,0,0,5,False,False,False,True,44,False,0.13636363636363635
supp_p05,stable,complete_cohort,133,uncertainty,False,0,0,5,False,False,False,True,44,False,0.09090909090909091
supp_p05,stable,complete_cohort,134,uncertainty,False,0,0,5,False,False,False,False,44,False,0.0
supp_p05,stable,complete_cohort,135,uncertainty,False,0,0,5,False,False,False,True,44,False,0.045454545454545456
supp_p05,stable,complete_cohort,136,uncertainty,False,0,0,5,False,False,False,True,44,False,0.045454545454545456
supp_p05,stable,complete_cohort,137,uncertainty,False,0,0,5,False,False,False,False,44,False,0.0
supp_p05,stable,complete_cohort,138,uncertainty,False,0,0,5,False,False,False,True,44,False,0.09090909090909091
supp_p05,stable,complete_cohort,139,uncertainty,False,0,0,5,False,False,False,False,44,False,0.0
supp_p05,stable,complete_cohort,140,uncertainty,False,0,0,5,False,False,False,True,44,False,0.045454545454545456
supp_p05,stable,complete_cohort,141,uncertainty,False,0,0,5,False,False,False,True,44,False,0.09090909090909091
supp_p05,stable,complete_cohort,142,uncertainty,False,0,0,5,False,False,False,False,44,False,0.0
supp_p05,stable,complete_cohort,143,uncertainty,False,0,0,5,False,False,False,True,44,False,0.09090909090909091
supp_p05,stable,complete_cohort,144,uncertainty,False,0,0,5,False,False,False,True,44,False,0.09090909090909091
supp_p05,stable,complete_cohort,147,uncertainty,False,0,0,5,False,False,False,True,44,False,0.09090909090909091
supp_p05,stable,complete_cohort,148,uncertainty,False,0,0,5,False,False,False,False,44,False,0.0
supp_p05,stable,complete_cohort,149,uncertainty,False,0,0,5,False,False,False,True,44,False,0.13636363636363635
supp_p05,stable,complete_cohort,150,uncertainty,False,0,0,5,False,False,False,True,44,False,0.13636363636363635
supp_p05,stable,complete_cohort,151,uncertainty,False,0,0,5,False,False,False,True,44,False,0.045454545454545456
supp_p05,stable,complete_cohort,152,uncertainty,False,0,0,5,False,False,False,False,44,False,0.0
supp_p05,stable,complete_cohort,153,uncertainty,False,0,0,5,False,False,False,True,44,False,0.18181818181818182
supp_p05,stable,complete_cohort,154,uncertainty,False,0,0,5,False,False,False,True,44,False,0.22727272727272727
supp_p05,stable,complete_cohort,155,uncertainty,False,0,0,5,False,False,False,True,44,False,0.09090909090909091
supp_p05,stable,complete_cohort,156,uncertainty,False,0,0,5,False,False,False,True,44,False,0.045454545454545456
supp_p05,stable,complete_cohort,157,uncertainty,False,0,0,5,False,False,False,True,44,False,0.09090909090909091
supp_p05,stable,complete_cohort,158,uncertainty,False,0,0,5,False,False,False,True,44,False,0.09090909090909091
supp_p05,stable,complete_cohort,159,uncertainty,False,0,0,5,False,False,False,True,44,False,0.045454545454545456
supp_p05,stable,complete_cohort,160,uncertainty,False,0,0,5,False,False,False,False,44,False,0.0
supp_p05,stable,complete_cohort,161,uncertainty,False,0,0,5,False,False,False,True,44,False,0.045454545454545456
supp_p05,stable,complete_cohort,162,uncertainty,False,0,0,5,False,False,False,True,44,False,0.045454545454545456
supp_p05,stable,complete_cohort,163,uncertainty,False,0,0,5,False,False,False,True,44,False,0.09090909090909091
supp_p05,stable,complete_cohort,164,uncertainty,False,0,0,5,False,False,False,True,44,False,0.09090909090909091
supp_p05,stable,complete_cohort,165,uncertainty,False,0,0,5,False,False,False,True,44,False,0.18181818181818182
supp_p05,stable,complete_cohort,166,uncertainty,False,0,0,5,False,False,False,True,44,False,0.18181818181818182
supp_p05,stable,complete_cohort,167,uncertainty,False,0,0,5,False,False,False,False,44,False,0.0
supp_p05,stable,complete_cohort,168,uncertainty,False,0,0,5,False,False,False,True,44,False,0.09090909090909091
supp_p05,stable,complete_cohort,169,uncertainty,False,0,0,5,False,False,False,True,44,False,0.22727272727272727
supp_p05,stable,complete_cohort,170,uncertainty,False,0,0,5,False,False,False,True,44,False,0.22727272727272727
supp_p05,stable,complete_cohort,172,uncertainty,False,0,0,5,False,False,False,True,44,False,0.09090909090909091
supp_p05,stable,complete_cohort,174,uncertainty,False,0,0,5,False,False,False,True,44,False,0.045454545454545456
supp_p05,stable,complete_cohort,175,uncertainty,False,0,0,5,False,False,False,True,44,False,0.2727272727272727
supp_p05,stable,complete_cohort,176,uncertainty,False,0,0,5,False,False,False,True,44,False,0.18181818181818182
supp_p05,stable,complete_cohort,177,uncertainty,False,0,0,5,False,False,False,True,44,False,0.045454545454545456
supp_p05,stable,complete_cohort,178,uncertainty,False,0,0,5,False,False,False,True,44,False,0.09090909090909091
supp_p05,stable,complete_cohort,179,uncertainty,False,0,0,5,False,False,False,True,44,False,0.045454545454545456
supp_p05,stable,complete_cohort,180,uncertainty,False,0,0,5,False,False,False,True,44,False,0.045454545454545456
supp_p05,stable,complete_cohort,181,uncertainty,False,0,0,5,False,False,False,True,44,False,0.3181818181818182
supp_p05,stable,complete_cohort,182,uncertainty,False,0,0,5,False,False,False,True,44,False,0.36363636363636365
supp_p05,stable,complete_cohort,183,uncertainty,False,0,0,5,False,False,False,True,44,False,0.09090909090909091
supp_p05,stable,complete_cohort,2,low_score,False,0,0,5,False,False,False,False,5,False,0.0
supp_p05,stable,complete_cohort,3,low_score,False,0,0,5,False,False,False,False,9,False,0.0
supp_p05,stable,complete_cohort,4,low_score,False,0,0,5,False,False,False,False,15,False,0.0
supp_p05,stable,complete_cohort,5,low_score,False,0,0,5,False,False,False,False,9,False,0.0
supp_p05,stable,complete_cohort,6,low_score,False,0,0,5,False,False,False,False,7,False,0.0
supp_p05,stable,complete_cohort,7,low_score,False,0,0,5,False,False,False,False,15,False,0.0
supp_p05,stable,complete_cohort,9,low_score,False,0,0,5,False,False,False,False,8,False,0.0
supp_p05,stable,complete_cohort,11,low_score,False,0,0,5,False,False,False,False,12,False,0.0
supp_p05,stable,complete_cohort,12,low_score,False,0,0,5,False,False,False,False,7,False,0.0
supp_p05,stable,complete_cohort,13,low_score,False,0,0,5,False,False,False,False,15,False,0.0
supp_p05,stable,complete_cohort,14,low_score,False,0,0,5,False,False,False,False,16,False,0.0
supp_p05,stable,complete_cohort,15,low_score,False,0,0,5,False,False,False,False,11,False,0.0
supp_p05,stable,complete_cohort,17,low_score,False,0,0,5,False,False,False,False,11,False,0.0
supp_p05,stable,complete_cohort,19,low_score,False,0,0,5,False,False,False,False,11,False,0.0
supp_p05,stable,complete_cohort,20,low_score,False,0,0,5,False,False,False,False,6,False,0.0
supp_p05,stable,complete_cohort,21,low_score,False,0,0,5,False,False,False,False,15,False,0.0
supp_p05,stable,complete_cohort,22,low_score,False,0,0,5,False,False,False,False,16,False,0.0
supp_p05,stable,complete_cohort,23,low_score,False,0,0,5,False,False,False,False,12,False,0.0
supp_p05,stable,complete_cohort,24,low_score,False,0,0,5,False,False,False,False,9,False,0.0
supp_p05,stable,complete_cohort,25,low_score,False,0,0,5,False,False,False,False,11,False,0.0
supp_p05,stable,complete_cohort,27,low_score,False,0,0,5,False,False,False,False,13,False,0.0
supp_p05,stable,complete_cohort,28,low_score,False,0,0,5,False,False,False,False,10,False,0.0
supp_p05,stable,complete_cohort,29,low_score,False,0,0,5,False,False,False,False,9,False,0.0
supp_p05,stable,complete_cohort,30,low_score,False,0,0,5,False,False,False,False,6,False,0.0
supp_p05,stable,complete_cohort,31,low_score,False,0,0,5,False,False,False,False,10,False,0.0
supp_p05,stable,complete_cohort,39,low_score,False,0,0,5,False,False,False,False,8,False,0.0
supp_p05,stable,complete_cohort,40,low_score,False,0,0,5,False,False,False,False,6,False,0.0
supp_p05,stable,complete_cohort,41,low_score,False,0,0,5,False,False,False,False,9,False,0.0
supp_p05,stable,complete_cohort,42,low_score,False,0,0,5,False,False,False,False,12,False,0.0
supp_p05,stable,complete_cohort,43,low_score,False,0,0,5,False,False,False,False,10,False,0.0
supp_p05,stable,complete_cohort,44,low_score,False,0,0,5,False,False,False,False,7,False,0.0
supp_p05,stable,complete_cohort,45,low_score,False,0,0,5,False,False,False,False,8,False,0.0
supp_p05,stable,complete_cohort,46,low_score,False,0,0,5,False,False,False,False,12,False,0.0
supp_p05,stable,complete_cohort,47,low_score,False,0,0,5,False,False,False,False,8,False,0.0
supp_p05,stable,complete_cohort,48,low_score,False,0,0,5,False,False,False,False,14,False,0.0
supp_p05,stable,complete_cohort,50,low_score,False,0,0,5,False,False,False,False,7,False,0.0
supp_p05,stable,complete_cohort,51,low_score,False,0,0,5,False,False,False,False,17,False,0.0
supp_p05,stable,complete_cohort,52,low_score,False,0,0,5,False,False,False,False,15,False,0.0
supp_p05,stable,complete_cohort,53,low_score,False,0,0,5,False,False,False,False,17,False,0.0
supp_p05,stable,complete_cohort,54,low_score,False,0,0,5,False,False,False,False,8,False,0.0
supp_p05,stable,complete_cohort,55,low_score,False,0,0,5,False,False,False,False,9,False,0.0
supp_p05,stable,complete_cohort,56,low_score,False,0,0,5,False,False,False,False,5,False,0.0
supp_p05,stable,complete_cohort,58,low_score,False,0,0,5,False,False,False,False,14,False,0.0
supp_p05,stable,complete_cohort,59,low_score,False,0,0,5,False,False,False,False,6,False,0.0
supp_p05,stable,complete_cohort,61,low_score,False,0,0,5,False,False,False,False,9,False,0.0
supp_p05,stable,complete_cohort,62,low_score,False,0,0,5,False,False,False,False,9,False,0.0
supp_p05,stable,complete_cohort,63,low_score,False,0,0,5,False,False,False,False,6,False,0.0
supp_p05,stable,complete_cohort,64,low_score,False,0,0,5,False,False,False,False,5,False,0.0
supp_p05,stable,complete_cohort,66,low_score,False,0,0,5,False,False,False,False,7,False,0.0
supp_p05,stable,complete_cohort,67,low_score,False,0,0,5,False,False,False,False,14,False,0.0
supp_p05,stable,complete_cohort,68,low_score,False,0,0,5,False,False,False,False,12,False,0.0
supp_p05,stable,complete_cohort,70,low_score,False,0,0,5,False,False,False,False,16,False,0.0
supp_p05,stable,complete_cohort,71,low_score,False,0,0,5,False,False,False,False,11,False,0.0
supp_p05,stable,complete_cohort,72,low_score,False,0,0,4,False,False,False,False,4,False,0.0
supp_p05,stable,complete_cohort,73,low_score,False,0,0,5,False,False,False,False,9,False,0.0
supp_p05,stable,complete_cohort,74,low_score,False,0,0,5,False,False,False,False,15,False,0.0
supp_p05,stable,complete_cohort,76,low_score,False,0,0,5,False,False,False,False,21,False,0.0
supp_p05,stable,complete_cohort,77,low_score,False,0,0,5,False,False,False,False,12,False,0.0
supp_p05,stable,complete_cohort,78,low_score,False,0,0,5,False,False,False,False,11,False,0.0
supp_p05,stable,complete_cohort,79,low_score,False,0,0,5,False,False,False,False,5,False,0.0
supp_p05,stable,complete_cohort,80,low_score,False,0,0,5,False,False,False,False,18,False,0.0
supp_p05,stable,complete_cohort,81,low_score,False,0,0,3,False,False,False,False,3,False,0.0
supp_p05,stable,complete_cohort,82,low_score,False,0,0,5,False,False,False,False,9,False,0.0
supp_p05,stable,complete_cohort,83,low_score,False,0,0,5,False,False,False,False,5,False,0.0
supp_p05,stable,complete_cohort,84,low_score,False,0,0,5,False,False,False,False,5,False,0.0
supp_p05,stable,complete_cohort,85,low_score,False,0,0,5,False,False,False,False,6,False,0.0
supp_p05,stable,complete_cohort,86,low_score,False,0,0,5,False,False,False,False,17,False,0.0
supp_p05,stable,complete_cohort,87,low_score,False,0,0,5,False,False,False,False,10,False,0.0
supp_p05,stable,complete_cohort,88,low_score,False,0,0,5,False,False,False,False,10,False,0.0
supp_p05,stable,complete_cohort,89,low_score,False,0,0,5,False,False,False,False,13,False,0.0
supp_p05,stable,complete_cohort,90,low_score,False,0,0,5,False,False,False,False,19,False,0.0
supp_p05,stable,complete_cohort,91,low_score,False,0,0,5,False,False,False,False,19,False,0.0
supp_p05,stable,complete_cohort,92,low_score,False,0,0,5,False,False,False,False,12,False,0.0
supp_p05,stable,complete_cohort,93,low_score,False,0,0,5,False,False,False,False,9,False,0.0
supp_p05,stable,complete_cohort,94,low_score,False,0,0,5,False,False,False,False,13,False,0.0
supp_p05,stable,complete_cohort,95,low_score,False,0,0,5,False,False,False,False,14,False,0.0
supp_p05,stable,complete_cohort,96,low_score,False,0,0,5,False,False,False,False,10,False,0.0
supp_p05,stable,complete_cohort,97,low_score,False,0,0,5,False,False,False,False,9,False,0.0
supp_p05,stable,complete_cohort,98,low_score,False,0,0,5,False,False,False,False,11,False,0.0
supp_p05,stable,complete_cohort,99,low_score,False,0,0,5,False,False,False,False,8,False,0.0
supp_p05,stable,complete_cohort,100,low_score,False,0,0,5,False,False,False,False,16,False,0.0
supp_p05,stable,complete_cohort,101,low_score,False,0,0,5,False,False,False,False,15,False,0.0
supp_p05,stable,complete_cohort,102,low_score,False,0,0,5,False,False,False,False,11,False,0.0
supp_p05,stable,complete_cohort,103,low_score,False,0,0,5,False,False,False,False,11,False,0.0
supp_p05,stable,complete_cohort,104,low_score,False,0,0,5,False,False,False,False,14,False,0.0
supp_p05,stable,complete_cohort,105,low_score,False,0,0,5,False,False,False,False,10,False,0.0
supp_p05,stable,complete_cohort,106,low_score,False,0,0,5,False,False,False,False,13,False,0.0
supp_p05,stable,complete_cohort,107,low_score,False,0,0,5,False,False,False,False,12,False,0.0
supp_p05,stable,complete_cohort,108,low_score,False,0,0,5,False,False,False,False,12,False,0.0
supp_p05,stable,complete_cohort,109,low_score,False,0,0,5,False,False,False,False,11,False,0.0
supp_p05,stable,complete_cohort,110,low_score,False,0,0,5,False,False,False,False,9,False,0.0
supp_p05,stable,complete_cohort,111,low_score,False,0,0,5,False,False,False,False,9,False,0.0
supp_p05,stable,complete_cohort,112,low_score,False,0,0,5,False,False,False,False,11,False,0.0
supp_p05,stable,complete_cohort,113,low_score,False,0,0,5,False,False,False,False,11,False,0.0
supp_p05,stable,complete_cohort,114,low_score,False,0,0,5,False,False,False,False,13,False,0.0
supp_p05,stable,complete_cohort,115,low_score,False,0,0,5,False,False,False,False,10,False,0.0
supp_p05,stable,complete_cohort,116,low_score,False,0,0,5,False,False,False,False,10,False,0.0
supp_p05,stable,complete_cohort,117,low_score,False,0,0,5,False,False,False,False,11,False,0.0
supp_p05,stable,complete_cohort,118,low_score,False,0,0,5,False,False,False,False,17,False,0.0
supp_p05,stable,complete_cohort,119,low_score,False,0,0,5,False,False,False,False,9,False,0.0
supp_p05,stable,complete_cohort,120,low_score,False,0,0,5,False,False,False,False,10,False,0.0
supp_p05,stable,complete_cohort,121,low_score,False,0,0,5,False,False,False,False,12,False,0.0
supp_p05,stable,complete_cohort,122,low_score,False,0,0,5,False,False,False,False,17,False,0.0
supp_p05,stable,complete_cohort,123,low_score,False,0,0,5,False,False,False,False,11,False,0.0
supp_p05,stable,complete_cohort,124,low_score,False,0,0,5,False,False,False,False,8,False,0.0
supp_p05,stable,complete_cohort,125,low_score,False,0,0,5,False,False,False,False,13,False,0.0
supp_p05,stable,complete_cohort,126,low_score,False,0,0,5,False,False,False,False,16,False,0.0
supp_p05,stable,complete_cohort,127,low_score,False,0,0,5,False,False,False,False,15,False,0.0
supp_p05,stable,complete_cohort,128,low_score,False,0,0,5,False,False,False,False,13,False,0.0
supp_p05,stable,complete_cohort,129,low_score,False,0,0,5,False,False,False,False,7,False,0.0
supp_p05,stable,complete_cohort,130,low_score,False,0,0,5,False,False,False,False,15,False,0.0
supp_p05,stable,complete_cohort,131,low_score,False,0,0,5,False,False,False,False,18,False,0.0
supp_p05,stable,complete_cohort,132,low_score,False,0,0,5,False,False,False,False,11,False,0.0
supp_p05,stable,complete_cohort,133,low_score,False,0,0,5,False,False,False,False,5,False,0.0
supp_p05,stable,complete_cohort,134,low_score,False,0,0,5,False,False,False,False,15,False,0.0
supp_p05,stable,complete_cohort,135,low_score,False,0,0,5,False,False,False,False,13,False,0.0
supp_p05,stable,complete_cohort,136,low_score,False,0,0,5,False,False,False,False,15,False,0.0
supp_p05,stable,complete_cohort,137,low_score,False,0,0,5,False,False,False,False,15,False,0.0
supp_p05,stable,complete_cohort,138,low_score,False,0,0,5,False,False,False,False,14,False,0.0
supp_p05,stable,complete_cohort,139,low_score,False,0,0,5,False,False,False,False,14,False,0.0
supp_p05,stable,complete_cohort,140,low_score,False,0,0,5,False,False,False,False,17,False,0.0
supp_p05,stable,complete_cohort,141,low_score,False,0,0,5,False,False,False,False,16,False,0.0
supp_p05,stable,complete_cohort,142,low_score,False,0,0,5,False,False,False,False,17,False,0.0
supp_p05,stable,complete_cohort,143,low_score,False,0,0,5,False,False,False,False,17,False,0.0
supp_p05,stable,complete_cohort,144,low_score,False,0,0,5,False,False,False,False,8,False,0.0
supp_p05,stable,complete_cohort,147,low_score,False,0,0,5,False,False,False,False,14,False,0.0
supp_p05,stable,complete_cohort,148,low_score,False,0,0,5,False,False,False,False,15,False,0.0
supp_p05,stable,complete_cohort,149,low_score,False,0,0,5,False,False,False,False,12,False,0.0
supp_p05,stable,complete_cohort,150,low_score,False,0,0,5,False,False,False,False,15,False,0.0
supp_p05,stable,complete_cohort,151,low_score,False,0,0,5,False,False,False,False,16,False,0.0
supp_p05,stable,complete_cohort,152,low_score,False,0,0,5,False,False,False,False,17,False,0.0
supp_p05,stable,complete_cohort,153,low_score,False,0,0,5,False,False,False,False,14,False,0.0
supp_p05,stable,complete_cohort,154,low_score,False,0,0,5,False,False,False,False,8,False,0.0
supp_p05,stable,complete_cohort,155,low_score,False,0,0,5,False,False,False,False,10,False,0.0
supp_p05,stable,complete_cohort,156,low_score,False,0,0,5,False,False,False,False,16,False,0.0
supp_p05,stable,complete_cohort,157,low_score,False,0,0,5,False,False,False,False,9,False,0.0
supp_p05,stable,complete_cohort,158,low_score,False,0,0,5,False,False,False,False,12,False,0.0
supp_p05,stable,complete_cohort,159,low_score,False,0,0,5,False,False,False,False,13,False,0.0
supp_p05,stable,complete_cohort,160,low_score,False,0,0,5,False,False,False,False,14,False,0.0
supp_p05,stable,complete_cohort,161,low_score,False,0,0,5,False,False,False,False,15,False,0.0
supp_p05,stable,complete_cohort,162,low_score,False,0,0,5,False,False,False,False,20,False,0.0
supp_p05,stable,complete_cohort,163,low_score,False,0,0,5,False,False,False,False,18,False,0.0
supp_p05,stable,complete_cohort,164,low_score,False,0,0,5,False,False,False,False,13,False,0.0
supp_p05,stable,complete_cohort,165,low_score,False,0,0,5,False,False,False,False,16,False,0.0
supp_p05,stable,complete_cohort,166,low_score,False,0,0,5,False,False,False,False,18,False,0.0
supp_p05,stable,complete_cohort,167,low_score,False,0,0,5,False,False,False,False,12,False,0.0
supp_p05,stable,complete_cohort,168,low_score,False,0,0,5,False,False,False,False,8,False,0.0
supp_p05,stable,complete_cohort,169,low_score,False,0,0,5,False,False,False,False,13,False,0.0
supp_p05,stable,complete_cohort,170,low_score,False,0,0,5,False,False,False,False,12,False,0.0
supp_p05,stable,complete_cohort,172,low_score,False,0,0,5,False,False,False,False,12,False,0.0
supp_p05,stable,complete_cohort,174,low_score,False,0,0,5,False,False,False,False,15,False,0.0
supp_p05,stable,complete_cohort,175,low_score,False,0,0,5,False,False,False,False,14,False,0.0
supp_p05,stable,complete_cohort,176,low_score,False,0,0,5,False,False,False,False,11,False,0.0
supp_p05,stable,complete_cohort,177,low_score,False,0,0,5,False,False,False,False,12,False,0.0
supp_p05,stable,complete_cohort,178,low_score,False,0,0,5,False,False,False,False,10,False,0.0
supp_p05,stable,complete_cohort,179,low_score,False,0,0,5,False,False,False,False,18,False,0.0
supp_p05,stable,complete_cohort,180,low_score,False,0,0,5,False,False,False,False,17,False,0.0
supp_p05,stable,complete_cohort,181,low_score,False,0,0,5,False,False,False,False,11,False,0.0
supp_p05,stable,complete_cohort,182,low_score,False,0,0,5,False,False,False,False,9,False,0.0
supp_p05,stable,complete_cohort,183,low_score,False,0,0,5,False,False,False,False,15,False,0.0
supp_p05,app_quicksort,complete_cohort,2,uncertainty,False,0,0,5,False,False,False,True,44,False,0.22727272727272727
supp_p05,app_quicksort,complete_cohort,3,uncertainty,False,0,0,5,False,False,False,True,44,False,0.2727272727272727
supp_p05,app_quicksort,complete_cohort,4,uncertainty,False,0,0,5,False,False,False,True,44,False,0.045454545454545456
supp_p05,app_quicksort,complete_cohort,5,uncertainty,False,0,0,5,False,False,False,True,44,False,0.09090909090909091
supp_p05,app_quicksort,complete_cohort,6,uncertainty,False,0,0,5,False,False,False,True,44,False,0.2727272727272727
supp_p05,app_quicksort,complete_cohort,7,uncertainty,False,0,0,5,False,False,False,True,44,False,0.09090909090909091
supp_p05,app_quicksort,complete_cohort,9,uncertainty,False,0,0,5,False,False,False,True,44,False,0.09090909090909091
supp_p05,app_quicksort,complete_cohort,11,uncertainty,False,0,0,5,False,False,False,False,44,False,0.0
supp_p05,app_quicksort,complete_cohort,12,uncertainty,False,0,0,5,False,False,False,True,44,False,0.22727272727272727
supp_p05,app_quicksort,complete_cohort,13,uncertainty,False,0,0,5,False,False,False,True,44,False,0.045454545454545456
supp_p05,app_quicksort,complete_cohort,14,uncertainty,False,0,0,5,False,False,False,True,44,False,0.09090909090909091
supp_p05,app_quicksort,complete_cohort,15,uncertainty,False,0,0,5,False,False,False,True,44,False,0.18181818181818182
supp_p05,app_quicksort,complete_cohort,17,uncertainty,False,0,0,5,False,False,False,True,44,False,0.22727272727272727
supp_p05,app_quicksort,complete_cohort,19,uncertainty,False,0,0,5,False,False,False,True,44,False,0.045454545454545456
supp_p05,app_quicksort,complete_cohort,20,uncertainty,False,0,0,5,False,False,False,True,44,False,0.3181818181818182
supp_p05,app_quicksort,complete_cohort,21,uncertainty,False,0,0,5,False,False,False,True,44,False,0.045454545454545456
supp_p05,app_quicksort,complete_cohort,22,uncertainty,False,0,0,5,False,False,False,False,44,False,0.0
supp_p05,app_quicksort,complete_cohort,23,uncertainty,False,0,0,5,False,False,False,True,44,False,0.2727272727272727
supp_p05,app_quicksort,complete_cohort,24,uncertainty,False,0,0,5,False,False,False,True,44,False,0.18181818181818182
supp_p05,app_quicksort,complete_cohort,25,uncertainty,False,0,0,5,False,False,False,True,44,False,0.13636363636363635
supp_p05,app_quicksort,complete_cohort,27,uncertainty,False,0,0,5,False,False,False,True,44,False,0.09090909090909091
supp_p05,app_quicksort,complete_cohort,28,uncertainty,False,0,0,5,False,False,False,True,44,False,0.22727272727272727
supp_p05,app_quicksort,complete_cohort,29,uncertainty,False,0,0,5,False,False,False,True,44,False,0.13636363636363635
supp_p05,app_quicksort,complete_cohort,30,uncertainty,False,0,0,5,False,False,False,True,44,False,0.22727272727272727
supp_p05,app_quicksort,complete_cohort,31,uncertainty,False,0,0,5,False,False,False,True,44,False,0.09090909090909091
supp_p05,app_quicksort,complete_cohort,39,uncertainty,False,0,0,5,False,False,False,True,44,False,0.18181818181818182
supp_p05,app_quicksort,complete_cohort,40,uncertainty,False,0,0,5,False,False,False,False,44,False,0.0
supp_p05,app_quicksort,complete_cohort,41,uncertainty,False,0,0,5,False,False,False,True,44,False,0.13636363636363635
supp_p05,app_quicksort,complete_cohort,42,uncertainty,False,0,0,5,False,False,False,True,44,False,0.045454545454545456
supp_p05,app_quicksort,complete_cohort,43,uncertainty,False,0,0,5,False,False,False,True,44,False,0.09090909090909091
supp_p05,app_quicksort,complete_cohort,44,uncertainty,False,0,0,5,False,False,False,True,44,False,0.13636363636363635
supp_p05,app_quicksort,complete_cohort,45,uncertainty,False,0,0,5,False,False,False,True,44,False,0.22727272727272727
supp_p05,app_quicksort,complete_cohort,46,uncertainty,False,0,0,5,False,False,False,False,44,False,0.0
supp_p05,app_quicksort,complete_cohort,47,uncertainty,False,0,0,5,False,False,False,True,44,False,0.09090909090909091
supp_p05,app_quicksort,complete_cohort,48,uncertainty,False,0,0,5,False,False,False,True,44,False,0.22727272727272727
supp_p05,app_quicksort,complete_cohort,50,uncertainty,False,0,0,5,False,False,False,True,44,False,0.3181818181818182
supp_p05,app_quicksort,complete_cohort,51,uncertainty,False,0,0,5,False,False,False,False,44,False,0.0
supp_p05,app_quicksort,complete_cohort,52,uncertainty,False,0,0,5,False,False,False,True,44,False,0.13636363636363635
supp_p05,app_quicksort,complete_cohort,53,uncertainty,False,0,0,5,False,False,False,False,44,False,0.0
supp_p05,app_quicksort,complete_cohort,54,uncertainty,False,0,0,5,False,False,False,True,44,False,0.2727272727272727
supp_p05,app_quicksort,complete_cohort,55,uncertainty,False,0,0,5,False,False,False,True,44,False,0.09090909090909091
supp_p05,app_quicksort,complete_cohort,56,uncertainty,False,0,0,5,False,False,False,True,44,False,0.2727272727272727
supp_p05,app_quicksort,complete_cohort,58,uncertainty,False,0,0,5,False,False,False,True,44,False,0.09090909090909091
supp_p05,app_quicksort,complete_cohort,59,uncertainty,False,0,0,5,False,False,False,True,44,False,0.18181818181818182
supp_p05,app_quicksort,complete_cohort,61,uncertainty,False,0,0,5,False,False,False,True,44,False,0.18181818181818182
supp_p05,app_quicksort,complete_cohort,62,uncertainty,False,0,0,5,False,False,False,True,44,False,0.36363636363636365
supp_p05,app_quicksort,complete_cohort,63,uncertainty,False,0,0,5,False,False,False,True,44,False,0.22727272727272727
supp_p05,app_quicksort,complete_cohort,64,uncertainty,False,0,0,5,False,False,False,True,44,False,0.22727272727272727
supp_p05,app_quicksort,complete_cohort,66,uncertainty,False,0,0,5,False,False,False,True,44,False,0.22727272727272727
supp_p05,app_quicksort,complete_cohort,67,uncertainty,False,0,0,5,False,False,False,True,44,False,0.045454545454545456
supp_p05,app_quicksort,complete_cohort,68,uncertainty,False,0,0,5,False,False,False,True,44,False,0.09090909090909091
supp_p05,app_quicksort,complete_cohort,70,uncertainty,False,0,0,5,False,False,False,False,44,False,0.0
supp_p05,app_quicksort,complete_cohort,71,uncertainty,False,0,0,5,False,False,False,True,44,False,0.09090909090909091
supp_p05,app_quicksort,complete_cohort,72,uncertainty,False,0,0,5,False,False,False,True,44,False,0.36363636363636365
supp_p05,app_quicksort,complete_cohort,73,uncertainty,False,0,0,5,False,False,False,True,44,False,0.13636363636363635
supp_p05,app_quicksort,complete_cohort,74,uncertainty,False,0,0,5,False,False,False,False,44,False,0.0
supp_p05,app_quicksort,complete_cohort,76,uncertainty,False,0,0,5,False,False,False,False,44,False,0.0
supp_p05,app_quicksort,complete_cohort,77,uncertainty,False,0,0,5,False,False,False,True,44,False,0.2727272727272727
supp_p05,app_quicksort,complete_cohort,78,uncertainty,False,0,0,5,False,False,False,True,44,False,0.13636363636363635
supp_p05,app_quicksort,complete_cohort,79,uncertainty,False,0,0,5,False,False,False,True,44,False,0.13636363636363635
supp_p05,app_quicksort,complete_cohort,80,uncertainty,False,0,0,5,False,False,False,True,44,False,0.045454545454545456
supp_p05,app_quicksort,complete_cohort,81,uncertainty,False,0,0,5,False,False,False,False,44,False,0.0
supp_p05,app_quicksort,complete_cohort,82,uncertainty,False,0,0,5,False,False,False,False,44,False,0.0
supp_p05,app_quicksort,complete_cohort,83,uncertainty,False,0,0,5,False,False,False,True,44,False,0.18181818181818182
supp_p05,app_quicksort,complete_cohort,84,uncertainty,False,0,0,5,False,False,False,True,44,False,0.18181818181818182
supp_p05,app_quicksort,complete_cohort,85,uncertainty,False,0,0,5,False,False,False,True,44,False,0.22727272727272727
supp_p05,app_quicksort,complete_cohort,86,uncertainty,False,0,0,5,False,False,False,True,44,False,0.13636363636363635
supp_p05,app_quicksort,complete_cohort,87,uncertainty,False,0,0,5,False,False,False,True,44,False,0.045454545454545456
supp_p05,app_quicksort,complete_cohort,88,uncertainty,False,0,0,5,False,False,False,True,44,False,0.13636363636363635
supp_p05,app_quicksort,complete_cohort,89,uncertainty,False,0,0,5,False,False,False,True,44,False,0.09090909090909091
supp_p05,app_quicksort,complete_cohort,90,uncertainty,False,0,0,5,False,False,False,False,44,False,0.0
supp_p05,app_quicksort,complete_cohort,91,uncertainty,False,0,0,5,False,False,False,True,44,False,0.18181818181818182
supp_p05,app_quicksort,complete_cohort,92,uncertainty,False,0,0,5,False,False,False,True,44,False,0.09090909090909091
supp_p05,app_quicksort,complete_cohort,93,uncertainty,False,0,0,5,False,False,False,True,44,False,0.18181818181818182
supp_p05,app_quicksort,complete_cohort,94,uncertainty,False,0,0,5,False,False,False,True,44,False,0.045454545454545456
supp_p05,app_quicksort,complete_cohort,95,uncertainty,False,0,0,5,False,False,False,True,44,False,0.045454545454545456
supp_p05,app_quicksort,complete_cohort,96,uncertainty,False,0,0,5,False,False,False,True,44,False,0.18181818181818182
supp_p05,app_quicksort,complete_cohort,97,uncertainty,False,0,0,5,False,False,False,True,44,False,0.045454545454545456
supp_p05,app_quicksort,complete_cohort,98,uncertainty,False,0,0,5,False,False,False,True,44,False,0.045454545454545456
supp_p05,app_quicksort,complete_cohort,99,uncertainty,False,0,0,5,False,False,False,True,44,False,0.09090909090909091
supp_p05,app_quicksort,complete_cohort,100,uncertainty,False,0,0,5,False,False,False,True,44,False,0.045454545454545456
supp_p05,app_quicksort,complete_cohort,101,uncertainty,False,0,0,5,False,False,False,True,44,False,0.045454545454545456
supp_p05,app_quicksort,complete_cohort,102,uncertainty,False,0,0,5,False,False,False,True,44,False,0.09090909090909091
supp_p05,app_quicksort,complete_cohort,103,uncertainty,False,0,0,5,False,False,False,True,44,False,0.18181818181818182
supp_p05,app_quicksort,complete_cohort,104,uncertainty,False,0,0,5,False,False,False,True,44,False,0.22727272727272727
supp_p05,app_quicksort,complete_cohort,105,uncertainty,False,0,0,5,False,False,False,True,44,False,0.13636363636363635
supp_p05,app_quicksort,complete_cohort,106,uncertainty,False,0,0,5,False,False,False,True,44,False,0.09090909090909091
supp_p05,app_quicksort,complete_cohort,107,uncertainty,False,0,0,5,False,False,False,True,44,False,0.045454545454545456
supp_p05,app_quicksort,complete_cohort,108,uncertainty,False,0,0,5,False,False,False,True,44,False,0.13636363636363635
supp_p05,app_quicksort,complete_cohort,109,uncertainty,False,0,0,5,False,False,False,True,44,False,0.18181818181818182
supp_p05,app_quicksort,complete_cohort,110,uncertainty,False,0,0,5,False,False,False,True,44,False,0.045454545454545456
supp_p05,app_quicksort,complete_cohort,111,uncertainty,False,0,0,5,False,False,False,True,44,False,0.18181818181818182
supp_p05,app_quicksort,complete_cohort,112,uncertainty,False,0,0,5,False,False,False,True,44,False,0.09090909090909091
supp_p05,app_quicksort,complete_cohort,113,uncertainty,False,0,0,5,False,False,False,True,44,False,0.09090909090909091
supp_p05,app_quicksort,complete_cohort,114,uncertainty,False,0,0,5,False,False,False,True,44,False,0.045454545454545456
supp_p05,app_quicksort,complete_cohort,115,uncertainty,False,0,0,5,False,False,False,True,44,False,0.045454545454545456
supp_p05,app_quicksort,complete_cohort,116,uncertainty,False,0,0,5,False,False,False,True,44,False,0.045454545454545456
supp_p05,app_quicksort,complete_cohort,117,uncertainty,False,0,0,5,False,False,False,True,44,False,0.045454545454545456
supp_p05,app_quicksort,complete_cohort,118,uncertainty,False,0,0,5,False,False,False,True,44,False,0.22727272727272727
supp_p05,app_quicksort,complete_cohort,119,uncertainty,False,0,0,5,False,False,False,True,44,False,0.22727272727272727
supp_p05,app_quicksort,complete_cohort,120,uncertainty,False,0,0,5,False,False,False,True,44,False,0.36363636363636365
supp_p05,app_quicksort,complete_cohort,121,uncertainty,False,0,0,5,False,False,False,True,44,False,0.13636363636363635
supp_p05,app_quicksort,complete_cohort,122,uncertainty,False,0,0,5,False,False,False,True,44,False,0.045454545454545456
supp_p05,app_quicksort,complete_cohort,123,uncertainty,False,0,0,5,False,False,False,True,44,False,0.13636363636363635
supp_p05,app_quicksort,complete_cohort,124,uncertainty,False,0,0,5,False,False,False,True,44,False,0.3181818181818182
supp_p05,app_quicksort,complete_cohort,125,uncertainty,False,0,0,5,False,False,False,True,44,False,0.045454545454545456
supp_p05,app_quicksort,complete_cohort,126,uncertainty,False,0,0,5,False,False,False,True,44,False,0.09090909090909091
supp_p05,app_quicksort,complete_cohort,127,uncertainty,False,0,0,5,False,False,False,True,44,False,0.09090909090909091
supp_p05,app_quicksort,complete_cohort,128,uncertainty,False,0,0,5,False,False,False,True,44,False,0.13636363636363635
supp_p05,app_quicksort,complete_cohort,129,uncertainty,False,0,0,5,False,False,False,True,44,False,0.18181818181818182
supp_p05,app_quicksort,complete_cohort,130,uncertainty,False,0,0,5,False,False,False,False,44,False,0.0
supp_p05,app_quicksort,complete_cohort,131,uncertainty,False,0,0,5,False,False,False,False,44,False,0.0
supp_p05,app_quicksort,complete_cohort,132,uncertainty,False,0,0,5,False,False,False,True,44,False,0.13636363636363635
supp_p05,app_quicksort,complete_cohort,133,uncertainty,False,0,0,5,False,False,False,True,44,False,0.09090909090909091
supp_p05,app_quicksort,complete_cohort,134,uncertainty,False,0,0,5,False,False,False,False,44,False,0.0
supp_p05,app_quicksort,complete_cohort,135,uncertainty,False,0,0,5,False,False,False,True,44,False,0.045454545454545456
supp_p05,app_quicksort,complete_cohort,136,uncertainty,False,0,0,5,False,False,False,True,44,False,0.045454545454545456
supp_p05,app_quicksort,complete_cohort,137,uncertainty,False,0,0,5,False,False,False,False,44,False,0.0
supp_p05,app_quicksort,complete_cohort,138,uncertainty,False,0,0,5,False,False,False,True,44,False,0.09090909090909091
supp_p05,app_quicksort,complete_cohort,139,uncertainty,False,0,0,5,False,False,False,False,44,False,0.0
supp_p05,app_quicksort,complete_cohort,140,uncertainty,False,0,0,5,False,False,False,True,44,False,0.045454545454545456
supp_p05,app_quicksort,complete_cohort,141,uncertainty,False,0,0,5,False,False,False,True,44,False,0.09090909090909091
supp_p05,app_quicksort,complete_cohort,142,uncertainty,False,0,0,5,False,False,False,False,44,False,0.0
supp_p05,app_quicksort,complete_cohort,143,uncertainty,False,0,0,5,False,False,False,True,44,False,0.09090909090909091
supp_p05,app_quicksort,complete_cohort,144,uncertainty,False,0,0,5,False,False,False,True,44,False,0.09090909090909091
supp_p05,app_quicksort,complete_cohort,147,uncertainty,False,0,0,5,False,False,False,True,44,False,0.09090909090909091
supp_p05,app_quicksort,complete_cohort,148,uncertainty,False,0,0,5,False,False,False,False,44,False,0.0
supp_p05,app_quicksort,complete_cohort,149,uncertainty,False,0,0,5,False,False,False,True,44,False,0.13636363636363635
supp_p05,app_quicksort,complete_cohort,150,uncertainty,False,0,0,5,False,False,False,True,44,False,0.13636363636363635
supp_p05,app_quicksort,complete_cohort,151,uncertainty,False,0,0,5,False,False,False,True,44,False,0.045454545454545456
supp_p05,app_quicksort,complete_cohort,152,uncertainty,False,0,0,5,False,False,False,False,44,False,0.0
supp_p05,app_quicksort,complete_cohort,153,uncertainty,False,0,0,5,False,False,False,True,44,False,0.18181818181818182
supp_p05,app_quicksort,complete_cohort,154,uncertainty,False,0,0,5,False,False,False,True,44,False,0.22727272727272727
supp_p05,app_quicksort,complete_cohort,155,uncertainty,False,0,0,5,False,False,False,True,44,False,0.09090909090909091
supp_p05,app_quicksort,complete_cohort,156,uncertainty,False,0,0,5,False,False,False,True,44,False,0.045454545454545456
supp_p05,app_quicksort,complete_cohort,157,uncertainty,False,0,0,5,False,False,False,True,44,False,0.09090909090909091
supp_p05,app_quicksort,complete_cohort,158,uncertainty,False,0,0,5,False,False,False,True,44,False,0.09090909090909091
supp_p05,app_quicksort,complete_cohort,159,uncertainty,False,0,0,5,False,False,False,True,44,False,0.045454545454545456
supp_p05,app_quicksort,complete_cohort,160,uncertainty,False,0,0,5,False,False,False,False,44,False,0.0
supp_p05,app_quicksort,complete_cohort,161,uncertainty,False,0,0,5,False,False,False,True,44,False,0.045454545454545456
supp_p05,app_quicksort,complete_cohort,162,uncertainty,False,0,0,5,False,False,False,True,44,False,0.045454545454545456
supp_p05,app_quicksort,complete_cohort,163,uncertainty,False,0,0,5,False,False,False,True,44,False,0.09090909090909091
supp_p05,app_quicksort,complete_cohort,164,uncertainty,False,0,0,5,False,False,False,True,44,False,0.09090909090909091
supp_p05,app_quicksort,complete_cohort,165,uncertainty,False,0,0,5,False,False,False,True,44,False,0.18181818181818182
supp_p05,app_quicksort,complete_cohort,166,uncertainty,False,0,0,5,False,False,False,True,44,False,0.18181818181818182
supp_p05,app_quicksort,complete_cohort,167,uncertainty,False,0,0,5,False,False,False,False,44,False,0.0
supp_p05,app_quicksort,complete_cohort,168,uncertainty,False,0,0,5,False,False,False,True,44,False,0.09090909090909091
supp_p05,app_quicksort,complete_cohort,169,uncertainty,False,0,0,5,False,False,False,True,44,False,0.22727272727272727
supp_p05,app_quicksort,complete_cohort,170,uncertainty,False,0,0,5,False,False,False,True,44,False,0.22727272727272727
supp_p05,app_quicksort,complete_cohort,172,uncertainty,False,0,0,5,False,False,False,True,44,False,0.09090909090909091
supp_p05,app_quicksort,complete_cohort,174,uncertainty,False,0,0,5,False,False,False,True,44,False,0.045454545454545456
supp_p05,app_quicksort,complete_cohort,175,uncertainty,False,0,0,5,False,False,False,True,44,False,0.2727272727272727
supp_p05,app_quicksort,complete_cohort,176,uncertainty,False,0,0,5,False,False,False,True,44,False,0.18181818181818182
supp_p05,app_quicksort,complete_cohort,177,uncertainty,False,0,0,5,False,False,False,True,44,False,0.045454545454545456
supp_p05,app_quicksort,complete_cohort,178,uncertainty,False,0,0,5,False,False,False,True,44,False,0.09090909090909091
supp_p05,app_quicksort,complete_cohort,179,uncertainty,False,0,0,5,False,False,False,True,44,False,0.045454545454545456
supp_p05,app_quicksort,complete_cohort,180,uncertainty,False,0,0,5,False,False,False,True,44,False,0.045454545454545456
supp_p05,app_quicksort,complete_cohort,181,uncertainty,False,0,0,5,False,False,False,True,44,False,0.3181818181818182
supp_p05,app_quicksort,complete_cohort,182,uncertainty,False,0,0,5,False,False,False,True,44,False,0.36363636363636365
supp_p05,app_quicksort,complete_cohort,183,uncertainty,False,0,0,5,False,False,False,True,44,False,0.09090909090909091
supp_p05,app_quicksort,complete_cohort,2,low_score,False,0,0,5,False,False,False,False,5,False,0.0
supp_p05,app_quicksort,complete_cohort,3,low_score,False,0,0,5,False,False,False,False,9,False,0.0
supp_p05,app_quicksort,complete_cohort,4,low_score,False,0,0,5,False,False,False,False,15,False,0.0
supp_p05,app_quicksort,complete_cohort,5,low_score,False,0,0,5,False,False,False,False,9,False,0.0
supp_p05,app_quicksort,complete_cohort,6,low_score,False,0,0,5,False,False,False,False,7,False,0.0
supp_p05,app_quicksort,complete_cohort,7,low_score,False,0,0,5,False,False,False,False,15,False,0.0
supp_p05,app_quicksort,complete_cohort,9,low_score,False,0,0,5,False,False,False,False,8,False,0.0
supp_p05,app_quicksort,complete_cohort,11,low_score,False,0,0,5,False,False,False,False,12,False,0.0
supp_p05,app_quicksort,complete_cohort,12,low_score,False,0,0,5,False,False,False,False,7,False,0.0
supp_p05,app_quicksort,complete_cohort,13,low_score,False,0,0,5,False,False,False,False,15,False,0.0
supp_p05,app_quicksort,complete_cohort,14,low_score,False,0,0,5,False,False,False,False,16,False,0.0
supp_p05,app_quicksort,complete_cohort,15,low_score,False,0,0,5,False,False,False,False,11,False,0.0
supp_p05,app_quicksort,complete_cohort,17,low_score,False,0,0,5,False,False,False,False,11,False,0.0
supp_p05,app_quicksort,complete_cohort,19,low_score,False,0,0,5,False,False,False,False,11,False,0.0
supp_p05,app_quicksort,complete_cohort,20,low_score,False,0,0,5,False,False,False,False,6,False,0.0
supp_p05,app_quicksort,complete_cohort,21,low_score,False,0,0,5,False,False,False,False,15,False,0.0
supp_p05,app_quicksort,complete_cohort,22,low_score,False,0,0,5,False,False,False,False,16,False,0.0
supp_p05,app_quicksort,complete_cohort,23,low_score,False,0,0,5,False,False,False,False,12,False,0.0
supp_p05,app_quicksort,complete_cohort,24,low_score,False,0,0,5,False,False,False,False,9,False,0.0
supp_p05,app_quicksort,complete_cohort,25,low_score,False,0,0,5,False,False,False,False,11,False,0.0
supp_p05,app_quicksort,complete_cohort,27,low_score,False,0,0,5,False,False,False,False,13,False,0.0
supp_p05,app_quicksort,complete_cohort,28,low_score,False,0,0,5,False,False,False,False,10,False,0.0
supp_p05,app_quicksort,complete_cohort,29,low_score,False,0,0,5,False,False,False,False,9,False,0.0
supp_p05,app_quicksort,complete_cohort,30,low_score,False,0,0,5,False,False,False,False,6,False,0.0
supp_p05,app_quicksort,complete_cohort,31,low_score,False,0,0,5,False,False,False,False,10,False,0.0
supp_p05,app_quicksort,complete_cohort,39,low_score,False,0,0,5,False,False,False,False,8,False,0.0
supp_p05,app_quicksort,complete_cohort,40,low_score,False,0,0,5,False,False,False,False,6,False,0.0
supp_p05,app_quicksort,complete_cohort,41,low_score,False,0,0,5,False,False,False,False,9,False,0.0
supp_p05,app_quicksort,complete_cohort,42,low_score,False,0,0,5,False,False,False,False,12,False,0.0
supp_p05,app_quicksort,complete_cohort,43,low_score,False,0,0,5,False,False,False,False,10,False,0.0
supp_p05,app_quicksort,complete_cohort,44,low_score,False,0,0,5,False,False,False,False,7,False,0.0
supp_p05,app_quicksort,complete_cohort,45,low_score,False,0,0,5,False,False,False,False,8,False,0.0
supp_p05,app_quicksort,complete_cohort,46,low_score,False,0,0,5,False,False,False,False,12,False,0.0
supp_p05,app_quicksort,complete_cohort,47,low_score,False,0,0,5,False,False,False,False,8,False,0.0
supp_p05,app_quicksort,complete_cohort,48,low_score,False,0,0,5,False,False,False,False,14,False,0.0
supp_p05,app_quicksort,complete_cohort,50,low_score,False,0,0,5,False,False,False,False,7,False,0.0
supp_p05,app_quicksort,complete_cohort,51,low_score,False,0,0,5,False,False,False,False,17,False,0.0
supp_p05,app_quicksort,complete_cohort,52,low_score,False,0,0,5,False,False,False,False,15,False,0.0
supp_p05,app_quicksort,complete_cohort,53,low_score,False,0,0,5,False,False,False,False,17,False,0.0
supp_p05,app_quicksort,complete_cohort,54,low_score,False,0,0,5,False,False,False,False,8,False,0.0
supp_p05,app_quicksort,complete_cohort,55,low_score,False,0,0,5,False,False,False,False,9,False,0.0
supp_p05,app_quicksort,complete_cohort,56,low_score,False,0,0,5,False,False,False,False,5,False,0.0
supp_p05,app_quicksort,complete_cohort,58,low_score,False,0,0,5,False,False,False,False,14,False,0.0
supp_p05,app_quicksort,complete_cohort,59,low_score,False,0,0,5,False,False,False,False,6,False,0.0
supp_p05,app_quicksort,complete_cohort,61,low_score,False,0,0,5,False,False,False,False,9,False,0.0
supp_p05,app_quicksort,complete_cohort,62,low_score,False,0,0,5,False,False,False,False,9,False,0.0
supp_p05,app_quicksort,complete_cohort,63,low_score,False,0,0,5,False,False,False,False,6,False,0.0
supp_p05,app_quicksort,complete_cohort,64,low_score,False,0,0,5,False,False,False,False,5,False,0.0
supp_p05,app_quicksort,complete_cohort,66,low_score,False,0,0,5,False,False,False,False,7,False,0.0
supp_p05,app_quicksort,complete_cohort,67,low_score,False,0,0,5,False,False,False,False,14,False,0.0
supp_p05,app_quicksort,complete_cohort,68,low_score,False,0,0,5,False,False,False,False,12,False,0.0
supp_p05,app_quicksort,complete_cohort,70,low_score,False,0,0,5,False,False,False,False,16,False,0.0
supp_p05,app_quicksort,complete_cohort,71,low_score,False,0,0,5,False,False,False,False,11,False,0.0
supp_p05,app_quicksort,complete_cohort,72,low_score,False,0,0,4,False,False,False,False,4,False,0.0
supp_p05,app_quicksort,complete_cohort,73,low_score,False,0,0,5,False,False,False,False,9,False,0.0
supp_p05,app_quicksort,complete_cohort,74,low_score,False,0,0,5,False,False,False,False,15,False,0.0
supp_p05,app_quicksort,complete_cohort,76,low_score,False,0,0,5,False,False,False,False,21,False,0.0
supp_p05,app_quicksort,complete_cohort,77,low_score,False,0,0,5,False,False,False,False,12,False,0.0
supp_p05,app_quicksort,complete_cohort,78,low_score,False,0,0,5,False,False,False,False,11,False,0.0
supp_p05,app_quicksort,complete_cohort,79,low_score,False,0,0,5,False,False,False,False,5,False,0.0
supp_p05,app_quicksort,complete_cohort,80,low_score,False,0,0,5,False,False,False,False,18,False,0.0
supp_p05,app_quicksort,complete_cohort,81,low_score,False,0,0,3,False,False,False,False,3,False,0.0
supp_p05,app_quicksort,complete_cohort,82,low_score,False,0,0,5,False,False,False,False,9,False,0.0
supp_p05,app_quicksort,complete_cohort,83,low_score,False,0,0,5,False,False,False,False,5,False,0.0
supp_p05,app_quicksort,complete_cohort,84,low_score,False,0,0,5,False,False,False,False,5,False,0.0
supp_p05,app_quicksort,complete_cohort,85,low_score,False,0,0,5,False,False,False,False,6,False,0.0
supp_p05,app_quicksort,complete_cohort,86,low_score,False,0,0,5,False,False,False,False,17,False,0.0
supp_p05,app_quicksort,complete_cohort,87,low_score,False,0,0,5,False,False,False,False,10,False,0.0
supp_p05,app_quicksort,complete_cohort,88,low_score,False,0,0,5,False,False,False,False,10,False,0.0
supp_p05,app_quicksort,complete_cohort,89,low_score,False,0,0,5,False,False,False,False,13,False,0.0
supp_p05,app_quicksort,complete_cohort,90,low_score,False,0,0,5,False,False,False,False,19,False,0.0
supp_p05,app_quicksort,complete_cohort,91,low_score,False,0,0,5,False,False,False,False,19,False,0.0
supp_p05,app_quicksort,complete_cohort,92,low_score,False,0,0,5,False,False,False,False,12,False,0.0
supp_p05,app_quicksort,complete_cohort,93,low_score,False,0,0,5,False,False,False,False,9,False,0.0
supp_p05,app_quicksort,complete_cohort,94,low_score,False,0,0,5,False,False,False,False,13,False,0.0
supp_p05,app_quicksort,complete_cohort,95,low_score,False,0,0,5,False,False,False,False,14,False,0.0
supp_p05,app_quicksort,complete_cohort,96,low_score,False,0,0,5,False,False,False,False,10,False,0.0
supp_p05,app_quicksort,complete_cohort,97,low_score,False,0,0,5,False,False,False,False,9,False,0.0
supp_p05,app_quicksort,complete_cohort,98,low_score,False,0,0,5,False,False,False,False,11,False,0.0
supp_p05,app_quicksort,complete_cohort,99,low_score,False,0,0,5,False,False,False,False,8,False,0.0
supp_p05,app_quicksort,complete_cohort,100,low_score,False,0,0,5,False,False,False,False,16,False,0.0
supp_p05,app_quicksort,complete_cohort,101,low_score,False,0,0,5,False,False,False,False,15,False,0.0
supp_p05,app_quicksort,complete_cohort,102,low_score,False,0,0,5,False,False,False,False,11,False,0.0
supp_p05,app_quicksort,complete_cohort,103,low_score,False,0,0,5,False,False,False,False,11,False,0.0
supp_p05,app_quicksort,complete_cohort,104,low_score,False,0,0,5,False,False,False,False,14,False,0.0
supp_p05,app_quicksort,complete_cohort,105,low_score,False,0,0,5,False,False,False,False,10,False,0.0
supp_p05,app_quicksort,complete_cohort,106,low_score,False,0,0,5,False,False,False,False,13,False,0.0
supp_p05,app_quicksort,complete_cohort,107,low_score,False,0,0,5,False,False,False,False,12,False,0.0
supp_p05,app_quicksort,complete_cohort,108,low_score,False,0,0,5,False,False,False,False,12,False,0.0
supp_p05,app_quicksort,complete_cohort,109,low_score,False,0,0,5,False,False,False,False,11,False,0.0
supp_p05,app_quicksort,complete_cohort,110,low_score,False,0,0,5,False,False,False,False,9,False,0.0
supp_p05,app_quicksort,complete_cohort,111,low_score,False,0,0,5,False,False,False,False,9,False,0.0
supp_p05,app_quicksort,complete_cohort,112,low_score,False,0,0,5,False,False,False,False,11,False,0.0
supp_p05,app_quicksort,complete_cohort,113,low_score,False,0,0,5,False,False,False,False,11,False,0.0
supp_p05,app_quicksort,complete_cohort,114,low_score,False,0,0,5,False,False,False,False,13,False,0.0
supp_p05,app_quicksort,complete_cohort,115,low_score,False,0,0,5,False,False,False,False,10,False,0.0
supp_p05,app_quicksort,complete_cohort,116,low_score,False,0,0,5,False,False,False,False,10,False,0.0
supp_p05,app_quicksort,complete_cohort,117,low_score,False,0,0,5,False,False,False,False,11,False,0.0
supp_p05,app_quicksort,complete_cohort,118,low_score,False,0,0,5,False,False,False,False,17,False,0.0
supp_p05,app_quicksort,complete_cohort,119,low_score,False,0,0,5,False,False,False,False,9,False,0.0
supp_p05,app_quicksort,complete_cohort,120,low_score,False,0,0,5,False,False,False,False,10,False,0.0
supp_p05,app_quicksort,complete_cohort,121,low_score,False,0,0,5,False,False,False,False,12,False,0.0
supp_p05,app_quicksort,complete_cohort,122,low_score,False,0,0,5,False,False,False,False,17,False,0.0
supp_p05,app_quicksort,complete_cohort,123,low_score,False,0,0,5,False,False,False,False,11,False,0.0
supp_p05,app_quicksort,complete_cohort,124,low_score,False,0,0,5,False,False,False,False,8,False,0.0
supp_p05,app_quicksort,complete_cohort,125,low_score,False,0,0,5,False,False,False,False,13,False,0.0
supp_p05,app_quicksort,complete_cohort,126,low_score,False,0,0,5,False,False,False,False,16,False,0.0
supp_p05,app_quicksort,complete_cohort,127,low_score,False,0,0,5,False,False,False,False,15,False,0.0
supp_p05,app_quicksort,complete_cohort,128,low_score,False,0,0,5,False,False,False,False,13,False,0.0
supp_p05,app_quicksort,complete_cohort,129,low_score,False,0,0,5,False,False,False,False,7,False,0.0
supp_p05,app_quicksort,complete_cohort,130,low_score,False,0,0,5,False,False,False,False,15,False,0.0
supp_p05,app_quicksort,complete_cohort,131,low_score,False,0,0,5,False,False,False,False,18,False,0.0
supp_p05,app_quicksort,complete_cohort,132,low_score,False,0,0,5,False,False,False,False,11,False,0.0
supp_p05,app_quicksort,complete_cohort,133,low_score,False,0,0,5,False,False,False,False,5,False,0.0
supp_p05,app_quicksort,complete_cohort,134,low_score,False,0,0,5,False,False,False,False,15,False,0.0
supp_p05,app_quicksort,complete_cohort,135,low_score,False,0,0,5,False,False,False,False,13,False,0.0
supp_p05,app_quicksort,complete_cohort,136,low_score,False,0,0,5,False,False,False,False,15,False,0.0
supp_p05,app_quicksort,complete_cohort,137,low_score,False,0,0,5,False,False,False,False,15,False,0.0
supp_p05,app_quicksort,complete_cohort,138,low_score,False,0,0,5,False,False,False,False,14,False,0.0
supp_p05,app_quicksort,complete_cohort,139,low_score,False,0,0,5,False,False,False,False,14,False,0.0
supp_p05,app_quicksort,complete_cohort,140,low_score,False,0,0,5,False,False,False,False,17,False,0.0
supp_p05,app_quicksort,complete_cohort,141,low_score,False,0,0,5,False,False,False,False,16,False,0.0
supp_p05,app_quicksort,complete_cohort,142,low_score,False,0,0,5,False,False,False,False,17,False,0.0
supp_p05,app_quicksort,complete_cohort,143,low_score,False,0,0,5,False,False,False,False,17,False,0.0
supp_p05,app_quicksort,complete_cohort,144,low_score,False,0,0,5,False,False,False,False,8,False,0.0
supp_p05,app_quicksort,complete_cohort,147,low_score,False,0,0,5,False,False,False,False,14,False,0.0
supp_p05,app_quicksort,complete_cohort,148,low_score,False,0,0,5,False,False,False,False,15,False,0.0
supp_p05,app_quicksort,complete_cohort,149,low_score,False,0,0,5,False,False,False,False,12,False,0.0
supp_p05,app_quicksort,complete_cohort,150,low_score,False,0,0,5,False,False,False,False,15,False,0.0
supp_p05,app_quicksort,complete_cohort,151,low_score,False,0,0,5,False,False,False,False,16,False,0.0
supp_p05,app_quicksort,complete_cohort,152,low_score,False,0,0,5,False,False,False,False,17,False,0.0
supp_p05,app_quicksort,complete_cohort,153,low_score,False,0,0,5,False,False,False,False,14,False,0.0
supp_p05,app_quicksort,complete_cohort,154,low_score,False,0,0,5,False,False,False,False,8,False,0.0
supp_p05,app_quicksort,complete_cohort,155,low_score,False,0,0,5,False,False,False,False,10,False,0.0
supp_p05,app_quicksort,complete_cohort,156,low_score,False,0,0,5,False,False,False,False,16,False,0.0
supp_p05,app_quicksort,complete_cohort,157,low_score,False,0,0,5,False,False,False,False,9,False,0.0
supp_p05,app_quicksort,complete_cohort,158,low_score,False,0,0,5,False,False,False,False,12,False,0.0
supp_p05,app_quicksort,complete_cohort,159,low_score,False,0,0,5,False,False,False,False,13,False,0.0
supp_p05,app_quicksort,complete_cohort,160,low_score,False,0,0,5,False,False,False,False,14,False,0.0
supp_p05,app_quicksort,complete_cohort,161,low_score,False,0,0,5,False,False,False,False,15,False,0.0
supp_p05,app_quicksort,complete_cohort,162,low_score,False,0,0,5,False,False,False,False,20,False,0.0
supp_p05,app_quicksort,complete_cohort,163,low_score,False,0,0,5,False,False,False,False,18,False,0.0
supp_p05,app_quicksort,complete_cohort,164,low_score,False,0,0,5,False,False,False,False,13,False,0.0
supp_p05,app_quicksort,complete_cohort,165,low_score,False,0,0,5,False,False,False,False,16,False,0.0
supp_p05,app_quicksort,complete_cohort,166,low_score,False,0,0,5,False,False,False,False,18,False,0.0
supp_p05,app_quicksort,complete_cohort,167,low_score,False,0,0,5,False,False,False,False,12,False,0.0
supp_p05,app_quicksort,complete_cohort,168,low_score,False,0,0,5,False,False,False,False,8,False,0.0
supp_p05,app_quicksort,complete_cohort,169,low_score,False,0,0,5,False,False,False,False,13,False,0.0
supp_p05,app_quicksort,complete_cohort,170,low_score,False,0,0,5,False,False,False,False,12,False,0.0
supp_p05,app_quicksort,complete_cohort,172,low_score,False,0,0,5,False,False,False,False,12,False,0.0
supp_p05,app_quicksort,complete_cohort,174,low_score,False,0,0,5,False,False,False,False,15,False,0.0
supp_p05,app_quicksort,complete_cohort,175,low_score,False,0,0,5,False,False,False,False,14,False,0.0
supp_p05,app_quicksort,complete_cohort,176,low_score,False,0,0,5,False,False,False,False,11,False,0.0
supp_p05,app_quicksort,complete_cohort,177,low_score,False,0,0,5,False,False,False,False,12,False,0.0
supp_p05,app_quicksort,complete_cohort,178,low_score,False,0,0,5,False,False,False,False,10,False,0.0
supp_p05,app_quicksort,complete_cohort,179,low_score,False,0,0,5,False,False,False,False,18,False,0.0
supp_p05,app_quicksort,complete_cohort,180,low_score,False,0,0,5,False,False,False,False,17,False,0.0
supp_p05,app_quicksort,complete_cohort,181,low_score,False,0,0,5,False,False,False,False,11,False,0.0
supp_p05,app_quicksort,complete_cohort,182,low_score,False,0,0,5,False,False,False,False,9,False,0.0
supp_p05,app_quicksort,complete_cohort,183,low_score,False,0,0,5,False,False,False,False,15,False,0.0
supp_p10,stable,demonstration,1,uncertainty,False,0,0,5,False,False,False,True,44,False,0.4090909090909091
supp_p10,stable,demonstration,2,uncertainty,False,0,0,5,False,False,False,True,44,False,0.22727272727272727
supp_p10,stable,demonstration,3,uncertainty,False,0,0,5,False,False,False,True,44,False,0.13636363636363635
supp_p10,stable,demonstration,4,uncertainty,False,0,0,5,False,False,False,True,44,False,0.36363636363636365
supp_p10,stable,demonstration,5,uncertainty,False,0,0,5,False,False,False,True,44,False,0.22727272727272727
supp_p10,stable,demonstration,6,uncertainty,False,0,0,5,False,False,False,True,44,False,0.13636363636363635
supp_p10,stable,demonstration,7,uncertainty,False,0,0,5,False,False,False,True,44,False,0.18181818181818182
supp_p10,stable,demonstration,8,uncertainty,False,0,0,5,False,False,False,True,44,False,0.045454545454545456
supp_p10,stable,demonstration,9,uncertainty,False,0,0,5,False,False,False,True,44,False,0.5
supp_p10,stable,demonstration,10,uncertainty,False,0,0,5,False,False,False,True,44,False,0.13636363636363635
supp_p10,stable,demonstration,1,low_score,False,0,0,5,False,False,False,False,5,False,0.0
supp_p10,stable,demonstration,2,low_score,False,0,0,5,False,False,False,False,9,False,0.0
supp_p10,stable,demonstration,3,low_score,False,0,0,5,False,False,False,False,15,False,0.0
supp_p10,stable,demonstration,4,low_score,False,0,0,5,False,False,False,False,7,False,0.0
supp_p10,stable,demonstration,5,low_score,False,0,0,5,False,False,False,False,8,False,0.0
supp_p10,stable,demonstration,6,low_score,False,0,0,5,False,False,False,False,10,False,0.0
supp_p10,stable,demonstration,7,low_score,False,0,0,5,False,False,False,False,17,False,0.0
supp_p10,stable,demonstration,8,low_score,False,0,0,5,False,False,False,False,19,False,0.0
supp_p10,stable,demonstration,9,low_score,False,0,0,5,False,False,False,False,5,False,0.0
supp_p10,stable,demonstration,10,low_score,False,0,0,5,False,False,False,False,12,False,0.0
supp_p10,app_quicksort,demonstration,1,uncertainty,False,0,0,5,False,False,False,True,44,False,0.4090909090909091
supp_p10,app_quicksort,demonstration,2,uncertainty,False,0,0,5,False,False,False,True,44,False,0.22727272727272727
supp_p10,app_quicksort,demonstration,3,uncertainty,False,0,0,5,False,False,False,True,44,False,0.13636363636363635
supp_p10,app_quicksort,demonstration,4,uncertainty,False,0,0,5,False,False,False,True,44,False,0.36363636363636365
supp_p10,app_quicksort,demonstration,5,uncertainty,False,0,0,5,False,False,False,True,44,False,0.22727272727272727
supp_p10,app_quicksort,demonstration,6,uncertainty,False,0,0,5,False,False,False,True,44,False,0.3181818181818182
supp_p10,app_quicksort,demonstration,7,uncertainty,False,0,0,5,False,False,False,True,44,False,0.18181818181818182
supp_p10,app_quicksort,demonstration,8,uncertainty,False,0,0,5,False,False,False,True,44,False,0.045454545454545456
supp_p10,app_quicksort,demonstration,9,uncertainty,False,0,0,5,False,False,False,True,44,False,0.5
supp_p10,app_quicksort,demonstration,10,uncertainty,False,0,0,5,False,False,False,True,44,False,0.13636363636363635
supp_p10,app_quicksort,demonstration,1,low_score,False,0,0,5,False,False,False,False,5,False,0.0
supp_p10,app_quicksort,demonstration,2,low_score,False,0,0,5,False,False,False,False,9,False,0.0
supp_p10,app_quicksort,demonstration,3,low_score,False,0,0,5,False,False,False,False,15,False,0.0
supp_p10,app_quicksort,demonstration,4,low_score,False,0,0,5,False,False,False,False,7,False,0.0
supp_p10,app_quicksort,demonstration,5,low_score,False,0,0,5,False,False,False,False,8,False,0.0
supp_p10,app_quicksort,demonstration,6,low_score,False,0,0,5,False,False,False,False,10,False,0.0
supp_p10,app_quicksort,demonstration,7,low_score,False,0,0,5,False,False,False,False,17,False,0.0
supp_p10,app_quicksort,demonstration,8,low_score,False,0,0,5,False,False,False,False,19,False,0.0
supp_p10,app_quicksort,demonstration,9,low_score,False,0,0,5,False,False,False,False,5,False,0.0
supp_p10,app_quicksort,demonstration,10,low_score,False,0,0,5,False,False,False,False,12,False,0.0
supp_p10,stable,reference,159,uncertainty,False,0,0,5,False,False,False,True,44,False,0.13636363636363635
supp_p10,stable,reference,42,uncertainty,False,0,0,5,False,False,False,True,44,False,0.13636363636363635
supp_p10,stable,reference,64,uncertainty,False,0,0,5,False,False,False,True,44,False,0.4090909090909091
supp_p10,stable,reference,12,uncertainty,False,0,0,5,False,False,False,True,44,False,0.36363636363636365
supp_p10,stable,reference,160,uncertainty,False,0,0,5,False,False,False,True,44,False,0.18181818181818182
supp_p10,stable,reference,155,uncertainty,False,0,0,5,False,False,False,True,44,False,0.2727272727272727
supp_p10,stable,reference,11,uncertainty,False,0,0,5,False,False,False,False,44,False,0.0
supp_p10,stable,reference,124,uncertainty,False,0,0,5,False,False,False,True,44,False,0.36363636363636365
supp_p10,stable,reference,169,uncertainty,False,0,0,5,False,False,False,True,44,False,0.2727272727272727
supp_p10,stable,reference,106,uncertainty,False,0,0,5,False,False,False,True,44,False,0.13636363636363635
supp_p10,stable,reference,157,uncertainty,False,0,0,5,False,False,False,True,44,False,0.18181818181818182
supp_p10,stable,reference,126,uncertainty,False,0,0,5,False,False,False,True,44,False,0.09090909090909091
supp_p10,stable,reference,55,uncertainty,False,0,0,5,False,False,False,True,44,False,0.36363636363636365
supp_p10,stable,reference,113,uncertainty,False,0,0,5,False,False,False,True,44,False,0.22727272727272727
supp_p10,stable,reference,158,uncertainty,False,0,0,5,False,False,False,True,44,False,0.22727272727272727
supp_p10,stable,reference,165,uncertainty,False,0,0,5,False,False,False,True,44,False,0.2727272727272727
supp_p10,stable,reference,178,uncertainty,False,0,0,5,False,False,False,True,44,False,0.13636363636363635
supp_p10,stable,reference,133,uncertainty,False,0,0,5,False,False,False,True,44,False,0.13636363636363635
supp_p10,stable,reference,78,uncertainty,False,0,0,5,False,False,False,True,44,False,0.13636363636363635
supp_p10,stable,reference,70,uncertainty,False,0,0,5,False,False,False,False,44,False,0.0
supp_p10,stable,reference,176,uncertainty,False,0,0,5,False,False,False,True,44,False,0.2727272727272727
supp_p10,stable,reference,17,uncertainty,False,0,0,5,False,False,False,True,44,False,0.2727272727272727
supp_p10,stable,reference,136,uncertainty,False,0,0,5,False,False,False,True,44,False,0.18181818181818182
supp_p10,stable,reference,76,uncertainty,False,0,0,5,False,False,False,False,44,False,0.0
supp_p10,stable,reference,82,uncertainty,False,0,0,5,False,False,False,False,44,False,0.0
supp_p10,stable,reference,114,uncertainty,False,0,0,5,False,False,False,True,44,False,0.09090909090909091
supp_p10,stable,reference,168,uncertainty,False,0,0,5,False,False,False,True,44,False,0.22727272727272727
supp_p10,stable,reference,28,uncertainty,False,0,0,5,False,False,False,True,44,False,0.2727272727272727
supp_p10,stable,reference,39,uncertainty,False,0,0,5,False,False,False,True,44,False,0.3181818181818182
supp_p10,stable,reference,50,uncertainty,False,0,0,5,False,False,False,True,44,False,0.3181818181818182
supp_p10,stable,reference,61,uncertainty,False,0,0,5,False,False,False,True,44,False,0.2727272727272727
supp_p10,stable,reference,100,uncertainty,False,0,0,5,False,False,False,True,44,False,0.09090909090909091
supp_p10,stable,reference,130,uncertainty,False,0,0,5,False,False,False,True,44,False,0.18181818181818182
supp_p10,stable,reference,141,uncertainty,False,0,0,5,False,False,False,True,44,False,0.22727272727272727
supp_p10,stable,reference,53,uncertainty,False,0,0,5,False,False,False,False,44,False,0.0
supp_p10,stable,reference,73,uncertainty,False,0,0,5,False,False,False,True,44,False,0.22727272727272727
supp_p10,stable,reference,9,uncertainty,False,0,0,5,False,False,False,True,44,False,0.22727272727272727
supp_p10,stable,reference,6,uncertainty,False,0,0,5,False,False,False,True,44,False,0.36363636363636365
supp_p10,stable,reference,31,uncertainty,False,0,0,5,False,False,False,True,44,False,0.09090909090909091
supp_p10,stable,reference,94,uncertainty,False,0,0,5,False,False,False,True,44,False,0.18181818181818182
supp_p10,stable,reference,58,uncertainty,False,0,0,5,False,False,False,True,44,False,0.09090909090909091
supp_p10,stable,reference,177,uncertainty,False,0,0,5,False,False,False,True,44,False,0.09090909090909091
supp_p10,stable,reference,48,uncertainty,False,0,0,5,False,False,False,True,44,False,0.2727272727272727
supp_p10,stable,reference,164,uncertainty,False,0,0,5,False,False,False,True,44,False,0.18181818181818182
supp_p10,stable,reference,67,uncertainty,False,0,0,5,False,False,False,True,44,False,0.22727272727272727
supp_p10,stable,reference,118,uncertainty,False,0,0,5,True,False,True,True,44,False,0.4090909090909091
supp_p10,stable,reference,79,uncertainty,False,0,0,5,False,False,False,True,44,False,0.22727272727272727
supp_p10,stable,reference,122,uncertainty,False,0,0,5,False,False,False,True,44,False,0.09090909090909091
supp_p10,stable,reference,54,uncertainty,False,0,0,5,False,False,False,True,44,False,0.3181818181818182
supp_p10,stable,reference,151,uncertainty,False,0,0,5,False,False,False,True,44,False,0.09090909090909091
supp_p10,stable,reference,103,uncertainty,False,0,0,5,False,False,False,True,44,False,0.2727272727272727
supp_p10,stable,reference,137,uncertainty,False,0,0,5,False,False,False,False,44,False,0.0
supp_p10,stable,reference,132,uncertainty,False,0,0,5,False,False,False,True,44,False,0.3181818181818182
supp_p10,stable,reference,143,uncertainty,False,0,0,5,False,False,False,True,44,False,0.18181818181818182
supp_p10,stable,reference,107,uncertainty,False,0,0,5,False,False,False,True,44,False,0.18181818181818182
supp_p10,stable,reference,119,uncertainty,False,0,0,5,False,False,False,True,44,False,0.45454545454545453
supp_p10,stable,reference,109,uncertainty,False,0,0,5,False,False,False,True,44,False,0.3181818181818182
supp_p10,stable,reference,84,uncertainty,False,0,0,5,False,False,False,True,44,False,0.2727272727272727
supp_p10,stable,reference,135,uncertainty,False,0,0,5,False,False,False,True,44,False,0.09090909090909091
supp_p10,stable,reference,125,uncertainty,False,0,0,5,False,False,False,True,44,False,0.18181818181818182
supp_p10,stable,reference,161,uncertainty,False,0,0,5,False,False,False,True,44,False,0.13636363636363635
supp_p10,stable,reference,4,uncertainty,False,0,0,5,False,False,False,True,44,False,0.09090909090909091
supp_p10,stable,reference,72,uncertainty,False,0,0,5,False,False,False,True,44,False,0.5
supp_p10,stable,reference,68,uncertainty,False,0,0,5,False,False,False,True,44,False,0.09090909090909091
supp_p10,stable,reference,175,uncertainty,False,0,0,5,False,False,False,True,44,False,0.36363636363636365
supp_p10,stable,reference,182,uncertainty,False,0,0,5,False,False,False,True,44,False,0.5
supp_p10,stable,reference,134,uncertainty,False,0,0,5,False,False,False,False,44,False,0.0
supp_p10,stable,reference,105,uncertainty,False,0,0,5,False,False,False,True,44,False,0.22727272727272727
supp_p10,stable,reference,43,uncertainty,False,0,0,5,False,False,False,True,44,False,0.22727272727272727
supp_p10,stable,reference,139,uncertainty,False,0,0,5,False,False,False,True,44,False,0.045454545454545456
supp_p10,stable,reference,3,uncertainty,False,0,0,5,False,False,False,True,44,False,0.36363636363636365
supp_p10,stable,reference,62,uncertainty,False,0,0,5,False,False,False,True,44,False,0.4090909090909091
supp_p10,stable,reference,5,uncertainty,False,0,0,5,False,False,False,True,44,False,0.22727272727272727
supp_p10,stable,reference,66,uncertainty,False,0,0,5,False,False,False,True,44,False,0.22727272727272727
supp_p10,stable,reference,180,uncertainty,False,0,0,5,False,False,False,True,44,False,0.045454545454545456
supp_p10,stable,reference,30,uncertainty,False,0,0,5,False,False,False,True,44,False,0.36363636363636365
supp_p10,stable,reference,149,uncertainty,False,0,0,5,False,False,False,True,44,False,0.22727272727272727
supp_p10,stable,reference,110,uncertainty,False,0,0,5,False,False,False,True,44,False,0.2727272727272727
supp_p10,stable,reference,13,uncertainty,False,0,0,5,False,False,False,True,44,False,0.09090909090909091
supp_p10,stable,reference,7,uncertainty,False,0,0,5,False,False,False,True,44,False,0.13636363636363635
supp_p10,stable,reference,87,uncertainty,False,0,0,5,False,False,False,True,44,False,0.13636363636363635
supp_p10,stable,reference,150,uncertainty,False,0,0,5,False,False,False,True,44,False,0.2727272727272727
supp_p10,stable,reference,179,uncertainty,False,0,0,5,False,False,False,True,44,False,0.13636363636363635
supp_p10,stable,reference,181,uncertainty,False,0,0,5,False,False,False,True,44,False,0.36363636363636365
supp_p10,stable,reference,148,uncertainty,False,0,0,5,False,False,False,True,44,False,0.045454545454545456
supp_p10,stable,reference,162,uncertainty,False,0,0,5,False,False,False,True,44,False,0.09090909090909091
supp_p10,stable,reference,102,uncertainty,False,0,0,5,False,False,False,True,44,False,0.13636363636363635
supp_p10,stable,reference,56,uncertainty,False,0,0,5,False,False,False,True,44,False,0.3181818181818182
supp_p10,stable,reference,19,uncertainty,False,0,0,5,False,False,False,True,44,False,0.18181818181818182
supp_p10,stable,reference,112,uncertainty,False,0,0,5,False,False,False,True,44,False,0.3181818181818182
supp_p10,stable,reference,40,uncertainty,False,0,0,5,False,False,False,False,44,False,0.0
supp_p10,stable,reference,22,uncertainty,False,0,0,5,False,False,False,True,44,False,0.045454545454545456
supp_p10,stable,reference,88,uncertainty,False,0,0,5,False,False,False,True,44,False,0.18181818181818182
supp_p10,stable,reference,167,uncertainty,False,0,0,5,False,False,False,False,44,False,0.0
supp_p10,stable,reference,183,uncertainty,False,0,0,5,False,False,False,True,44,False,0.22727272727272727
supp_p10,stable,reference,24,uncertainty,False,0,0,5,False,False,False,True,44,False,0.18181818181818182
supp_p10,stable,reference,128,uncertainty,False,0,0,5,False,False,False,True,44,False,0.18181818181818182
supp_p10,stable,reference,120,uncertainty,False,0,0,5,False,False,False,True,44,False,0.36363636363636365
supp_p10,stable,reference,45,uncertainty,False,0,0,5,False,False,False,True,44,False,0.2727272727272727
supp_p10,stable,reference,86,uncertainty,False,0,0,5,False,False,False,True,44,False,0.18181818181818182
supp_p10,stable,reference,156,uncertainty,False,0,0,5,False,False,False,True,44,False,0.18181818181818182
supp_p10,stable,reference,98,uncertainty,False,0,0,5,False,False,False,True,44,False,0.13636363636363635
supp_p10,stable,reference,92,uncertainty,False,0,0,5,False,False,False,True,44,False,0.13636363636363635
supp_p10,stable,reference,95,uncertainty,False,0,0,5,False,False,False,True,44,False,0.18181818181818182
supp_p10,stable,reference,101,uncertainty,False,0,0,5,False,False,False,True,44,False,0.13636363636363635
supp_p10,stable,reference,47,uncertainty,False,0,0,5,False,False,False,True,44,False,0.22727272727272727
supp_p10,stable,reference,25,uncertainty,False,0,0,5,False,False,False,True,44,False,0.13636363636363635
supp_p10,stable,reference,121,uncertainty,False,0,0,5,False,False,False,True,44,False,0.22727272727272727
supp_p10,stable,reference,41,uncertainty,False,0,0,5,False,False,False,True,44,False,0.18181818181818182
supp_p10,stable,reference,99,uncertainty,False,0,0,5,False,False,False,True,44,False,0.2727272727272727
supp_p10,stable,reference,27,uncertainty,False,0,0,5,False,False,False,True,44,False,0.22727272727272727
supp_p10,stable,reference,140,uncertainty,False,0,0,5,False,False,False,True,44,False,0.13636363636363635
supp_p10,stable,reference,81,uncertainty,False,0,0,5,False,False,False,False,44,False,0.0
supp_p10,stable,reference,144,uncertainty,False,0,0,5,False,False,False,True,44,False,0.3181818181818182
supp_p10,stable,reference,108,uncertainty,False,0,0,5,False,False,False,True,44,False,0.22727272727272727
supp_p10,stable,reference,85,uncertainty,False,0,0,5,False,False,False,True,44,False,0.36363636363636365
supp_p10,stable,reference,152,uncertainty,False,0,0,5,False,False,False,False,44,False,0.0
supp_p10,stable,reference,15,uncertainty,False,0,0,5,False,False,False,True,44,False,0.2727272727272727
supp_p10,stable,reference,89,uncertainty,False,0,0,5,False,False,False,True,44,False,0.09090909090909091
supp_p10,stable,reference,116,uncertainty,False,0,0,5,False,False,False,True,44,False,0.09090909090909091
supp_p10,stable,reference,138,uncertainty,False,0,0,5,False,False,False,True,44,False,0.18181818181818182
supp_p10,stable,reference,154,uncertainty,False,0,0,5,False,False,False,True,44,False,0.2727272727272727
supp_p10,stable,reference,104,uncertainty,False,0,0,5,False,False,False,True,44,False,0.22727272727272727
supp_p10,stable,reference,131,uncertainty,False,0,0,5,False,False,False,True,44,False,0.045454545454545456
supp_p10,stable,reference,129,uncertainty,False,0,0,5,False,False,False,True,44,False,0.2727272727272727
supp_p10,stable,reference,96,uncertainty,False,0,0,5,False,False,False,True,44,False,0.3181818181818182
supp_p10,stable,reference,44,uncertainty,False,0,0,5,False,False,False,True,44,False,0.2727272727272727
supp_p10,stable,reference,46,uncertainty,False,0,0,5,False,False,False,True,44,False,0.045454545454545456
supp_p10,stable,reference,159,low_score,False,0,0,5,False,False,False,False,13,False,0.0
supp_p10,stable,reference,42,low_score,False,0,0,5,False,False,False,False,12,False,0.0
supp_p10,stable,reference,64,low_score,False,0,0,5,False,False,False,False,5,False,0.0
supp_p10,stable,reference,12,low_score,False,0,0,5,False,False,False,False,7,False,0.0
supp_p10,stable,reference,160,low_score,False,0,0,5,False,False,False,False,14,False,0.0
supp_p10,stable,reference,155,low_score,False,0,0,5,False,False,False,False,10,False,0.0
supp_p10,stable,reference,11,low_score,False,0,0,5,False,False,False,False,12,False,0.0
supp_p10,stable,reference,124,low_score,False,0,0,5,False,False,False,False,8,False,0.0
supp_p10,stable,reference,169,low_score,False,0,0,5,False,False,False,False,13,False,0.0
supp_p10,stable,reference,106,low_score,False,0,0,5,False,False,False,False,13,False,0.0
supp_p10,stable,reference,157,low_score,False,0,0,5,False,False,False,False,9,False,0.0
supp_p10,stable,reference,126,low_score,False,0,0,5,False,False,False,False,16,False,0.0
supp_p10,stable,reference,55,low_score,False,0,0,5,False,False,False,False,9,False,0.0
supp_p10,stable,reference,113,low_score,False,0,0,5,False,False,False,False,11,False,0.0
supp_p10,stable,reference,158,low_score,False,0,0,5,False,False,False,False,12,False,0.0
supp_p10,stable,reference,165,low_score,False,0,0,5,False,False,False,False,16,False,0.0
supp_p10,stable,reference,178,low_score,False,0,0,5,False,False,False,False,10,False,0.0
supp_p10,stable,reference,133,low_score,False,0,0,5,False,False,False,False,5,False,0.0
supp_p10,stable,reference,78,low_score,False,0,0,5,False,False,False,False,11,False,0.0
supp_p10,stable,reference,70,low_score,False,0,0,5,False,False,False,False,16,False,0.0
supp_p10,stable,reference,176,low_score,False,0,0,5,False,False,False,False,11,False,0.0
supp_p10,stable,reference,17,low_score,False,0,0,5,False,False,False,False,11,False,0.0
supp_p10,stable,reference,136,low_score,False,0,0,5,False,False,False,False,15,False,0.0
supp_p10,stable,reference,76,low_score,False,0,0,5,False,False,False,False,21,False,0.0
supp_p10,stable,reference,82,low_score,False,0,0,5,False,False,False,False,9,False,0.0
supp_p10,stable,reference,114,low_score,False,0,0,5,False,False,False,False,13,False,0.0
supp_p10,stable,reference,168,low_score,False,0,0,5,False,False,False,False,8,False,0.0
supp_p10,stable,reference,28,low_score,False,0,0,5,False,False,False,False,10,False,0.0
supp_p10,stable,reference,39,low_score,False,0,0,5,False,False,False,False,8,False,0.0
supp_p10,stable,reference,50,low_score,False,0,0,5,False,False,False,False,7,False,0.0
supp_p10,stable,reference,61,low_score,False,0,0,5,False,False,False,False,9,False,0.0
supp_p10,stable,reference,100,low_score,False,0,0,5,False,False,False,False,16,False,0.0
supp_p10,stable,reference,130,low_score,False,0,0,5,False,False,False,False,15,False,0.0
supp_p10,stable,reference,141,low_score,False,0,0,5,False,False,False,False,16,False,0.0
supp_p10,stable,reference,53,low_score,False,0,0,5,False,False,False,False,17,False,0.0
supp_p10,stable,reference,73,low_score,False,0,0,5,False,False,False,False,9,False,0.0
supp_p10,stable,reference,9,low_score,False,0,0,5,False,False,False,False,8,False,0.0
supp_p10,stable,reference,6,low_score,False,0,0,5,False,False,False,False,7,False,0.0
supp_p10,stable,reference,31,low_score,False,0,0,5,False,False,False,False,10,False,0.0
supp_p10,stable,reference,94,low_score,False,0,0,5,False,False,False,False,13,False,0.0
supp_p10,stable,reference,58,low_score,False,0,0,5,False,False,False,False,14,False,0.0
supp_p10,stable,reference,177,low_score,False,0,0,5,False,False,False,False,12,False,0.0
supp_p10,stable,reference,48,low_score,False,0,0,5,False,False,False,False,14,False,0.0
supp_p10,stable,reference,164,low_score,False,0,0,5,False,False,False,False,13,False,0.0
supp_p10,stable,reference,67,low_score,False,0,0,5,False,False,False,False,14,False,0.0
supp_p10,stable,reference,118,low_score,False,0,0,5,False,False,True,True,17,False,0.11764705882352941
supp_p10,stable,reference,79,low_score,False,0,0,5,False,False,False,False,5,False,0.0
supp_p10,stable,reference,122,low_score,False,0,0,5,False,False,False,False,17,False,0.0
supp_p10,stable,reference,54,low_score,False,0,0,5,False,False,False,False,8,False,0.0
supp_p10,stable,reference,151,low_score,False,0,0,5,False,False,False,False,16,False,0.0
supp_p10,stable,reference,103,low_score,False,0,0,5,False,False,False,False,11,False,0.0
supp_p10,stable,reference,137,low_score,False,0,0,5,False,False,False,False,15,False,0.0
supp_p10,stable,reference,132,low_score,False,0,0,5,False,False,False,False,11,False,0.0
supp_p10,stable,reference,143,low_score,False,0,0,5,False,False,False,False,17,False,0.0
supp_p10,stable,reference,107,low_score,False,0,0,5,False,False,False,False,12,False,0.0
supp_p10,stable,reference,119,low_score,False,0,0,5,False,False,False,False,9,False,0.0
supp_p10,stable,reference,109,low_score,False,0,0,5,False,False,False,False,11,False,0.0
supp_p10,stable,reference,84,low_score,False,0,0,5,False,False,False,False,5,False,0.0
supp_p10,stable,reference,135,low_score,False,0,0,5,False,False,False,False,13,False,0.0
supp_p10,stable,reference,125,low_score,False,0,0,5,False,False,False,False,13,False,0.0
supp_p10,stable,reference,161,low_score,False,0,0,5,False,False,False,False,15,False,0.0
supp_p10,stable,reference,4,low_score,False,0,0,5,False,False,False,False,15,False,0.0
supp_p10,stable,reference,72,low_score,False,0,0,4,False,False,False,False,4,False,0.0
supp_p10,stable,reference,68,low_score,False,0,0,5,False,False,False,False,12,False,0.0
supp_p10,stable,reference,175,low_score,False,0,0,5,False,False,False,False,14,False,0.0
supp_p10,stable,reference,182,low_score,False,0,0,5,False,False,False,False,9,False,0.0
supp_p10,stable,reference,134,low_score,False,0,0,5,False,False,False,False,15,False,0.0
supp_p10,stable,reference,105,low_score,False,0,0,5,False,False,False,False,10,False,0.0
supp_p10,stable,reference,43,low_score,False,0,0,5,False,False,False,False,10,False,0.0
supp_p10,stable,reference,139,low_score,False,0,0,5,False,False,False,False,14,False,0.0
supp_p10,stable,reference,3,low_score,False,0,0,5,False,False,False,False,9,False,0.0
supp_p10,stable,reference,62,low_score,False,0,0,5,False,False,False,False,9,False,0.0
supp_p10,stable,reference,5,low_score,False,0,0,5,False,False,False,False,9,False,0.0
supp_p10,stable,reference,66,low_score,False,0,0,5,False,False,False,False,7,False,0.0
supp_p10,stable,reference,180,low_score,False,0,0,5,False,False,False,False,17,False,0.0
supp_p10,stable,reference,30,low_score,False,0,0,5,False,False,False,False,6,False,0.0
supp_p10,stable,reference,149,low_score,False,0,0,5,False,False,False,False,12,False,0.0
supp_p10,stable,reference,110,low_score,False,0,0,5,False,False,False,False,9,False,0.0
supp_p10,stable,reference,13,low_score,False,0,0,5,False,False,False,False,15,False,0.0
supp_p10,stable,reference,7,low_score,False,0,0,5,False,False,False,False,15,False,0.0
supp_p10,stable,reference,87,low_score,False,0,0,5,False,False,False,False,10,False,0.0
supp_p10,stable,reference,150,low_score,False,0,0,5,False,False,False,False,15,False,0.0
supp_p10,stable,reference,179,low_score,False,0,0,5,False,False,False,False,18,False,0.0
supp_p10,stable,reference,181,low_score,False,0,0,5,False,False,False,False,11,False,0.0
supp_p10,stable,reference,148,low_score,False,0,0,5,False,False,False,False,15,False,0.0
supp_p10,stable,reference,162,low_score,False,0,0,5,False,False,False,False,20,False,0.0
supp_p10,stable,reference,102,low_score,False,0,0,5,False,False,False,False,11,False,0.0
supp_p10,stable,reference,56,low_score,False,0,0,5,False,False,False,False,5,False,0.0
supp_p10,stable,reference,19,low_score,False,0,0,5,False,False,False,False,11,False,0.0
supp_p10,stable,reference,112,low_score,False,0,0,5,False,False,False,False,11,False,0.0
supp_p10,stable,reference,40,low_score,False,0,0,5,False,False,False,False,6,False,0.0
supp_p10,stable,reference,22,low_score,False,0,0,5,False,False,False,False,16,False,0.0
supp_p10,stable,reference,88,low_score,False,0,0,5,False,False,False,False,10,False,0.0
supp_p10,stable,reference,167,low_score,False,0,0,5,False,False,False,False,12,False,0.0
supp_p10,stable,reference,183,low_score,False,0,0,5,False,False,False,False,15,False,0.0
supp_p10,stable,reference,24,low_score,False,0,0,5,False,False,False,False,9,False,0.0
supp_p10,stable,reference,128,low_score,False,0,0,5,False,False,False,False,13,False,0.0
supp_p10,stable,reference,120,low_score,False,0,0,5,False,False,False,False,10,False,0.0
supp_p10,stable,reference,45,low_score,False,0,0,5,False,False,False,False,8,False,0.0
supp_p10,stable,reference,86,low_score,False,0,0,5,False,False,False,False,17,False,0.0
supp_p10,stable,reference,156,low_score,False,0,0,5,False,False,False,False,16,False,0.0
supp_p10,stable,reference,98,low_score,False,0,0,5,False,False,False,False,11,False,0.0
supp_p10,stable,reference,92,low_score,False,0,0,5,False,False,False,False,12,False,0.0
supp_p10,stable,reference,95,low_score,False,0,0,5,False,False,False,False,14,False,0.0
supp_p10,stable,reference,101,low_score,False,0,0,5,False,False,False,False,15,False,0.0
supp_p10,stable,reference,47,low_score,False,0,0,5,False,False,False,False,8,False,0.0
supp_p10,stable,reference,25,low_score,False,0,0,5,False,False,False,False,11,False,0.0
supp_p10,stable,reference,121,low_score,False,0,0,5,False,False,False,False,12,False,0.0
supp_p10,stable,reference,41,low_score,False,0,0,5,False,False,False,False,9,False,0.0
supp_p10,stable,reference,99,low_score,False,0,0,5,False,False,False,False,8,False,0.0
supp_p10,stable,reference,27,low_score,False,0,0,5,False,False,False,False,13,False,0.0
supp_p10,stable,reference,140,low_score,False,0,0,5,False,False,False,False,17,False,0.0
supp_p10,stable,reference,81,low_score,False,0,0,3,False,False,False,False,3,False,0.0
supp_p10,stable,reference,144,low_score,False,0,0,5,False,False,False,False,8,False,0.0
supp_p10,stable,reference,108,low_score,False,0,0,5,False,False,False,False,12,False,0.0
supp_p10,stable,reference,85,low_score,False,0,0,5,False,False,False,False,6,False,0.0
supp_p10,stable,reference,152,low_score,False,0,0,5,False,False,False,False,17,False,0.0
supp_p10,stable,reference,15,low_score,False,0,0,5,False,False,False,False,11,False,0.0
supp_p10,stable,reference,89,low_score,False,0,0,5,False,False,False,False,13,False,0.0
supp_p10,stable,reference,116,low_score,False,0,0,5,False,False,False,False,10,False,0.0
supp_p10,stable,reference,138,low_score,False,0,0,5,False,False,False,False,14,False,0.0
supp_p10,stable,reference,154,low_score,False,0,0,5,False,False,False,False,8,False,0.0
supp_p10,stable,reference,104,low_score,False,0,0,5,False,False,False,False,14,False,0.0
supp_p10,stable,reference,131,low_score,False,0,0,5,False,False,False,False,18,False,0.0
supp_p10,stable,reference,129,low_score,False,0,0,5,False,False,False,False,7,False,0.0
supp_p10,stable,reference,96,low_score,False,0,0,5,False,False,False,False,10,False,0.0
supp_p10,stable,reference,44,low_score,False,0,0,5,False,False,False,False,7,False,0.0
supp_p10,stable,reference,46,low_score,False,0,0,5,False,False,False,False,12,False,0.0
supp_p10,app_quicksort,reference,159,uncertainty,False,0,0,5,False,False,False,True,44,False,0.13636363636363635
supp_p10,app_quicksort,reference,42,uncertainty,False,0,0,5,False,False,False,True,44,False,0.13636363636363635
supp_p10,app_quicksort,reference,64,uncertainty,False,0,0,5,False,False,False,True,44,False,0.4090909090909091
supp_p10,app_quicksort,reference,12,uncertainty,False,0,0,5,False,False,False,True,44,False,0.36363636363636365
supp_p10,app_quicksort,reference,160,uncertainty,False,0,0,5,False,False,False,True,44,False,0.18181818181818182
supp_p10,app_quicksort,reference,155,uncertainty,False,0,0,5,False,False,False,True,44,False,0.2727272727272727
supp_p10,app_quicksort,reference,11,uncertainty,False,0,0,5,False,False,False,False,44,False,0.0
supp_p10,app_quicksort,reference,124,uncertainty,False,0,0,5,False,False,False,True,44,False,0.36363636363636365
supp_p10,app_quicksort,reference,169,uncertainty,False,0,0,5,False,False,False,True,44,False,0.2727272727272727
supp_p10,app_quicksort,reference,106,uncertainty,False,0,0,5,False,False,False,True,44,False,0.13636363636363635
supp_p10,app_quicksort,reference,157,uncertainty,False,0,0,5,False,False,False,True,44,False,0.18181818181818182
supp_p10,app_quicksort,reference,126,uncertainty,False,0,0,5,False,False,False,True,44,False,0.09090909090909091
supp_p10,app_quicksort,reference,55,uncertainty,False,0,0,5,False,False,False,True,44,False,0.36363636363636365
supp_p10,app_quicksort,reference,113,uncertainty,False,0,0,5,False,False,False,True,44,False,0.22727272727272727
supp_p10,app_quicksort,reference,158,uncertainty,False,0,0,5,False,False,False,True,44,False,0.22727272727272727
supp_p10,app_quicksort,reference,165,uncertainty,False,0,0,5,False,False,False,True,44,False,0.2727272727272727
supp_p10,app_quicksort,reference,178,uncertainty,False,0,0,5,False,False,False,True,44,False,0.13636363636363635
supp_p10,app_quicksort,reference,133,uncertainty,False,0,0,5,False,False,False,True,44,False,0.13636363636363635
supp_p10,app_quicksort,reference,78,uncertainty,False,0,0,5,False,False,False,True,44,False,0.13636363636363635
supp_p10,app_quicksort,reference,70,uncertainty,False,0,0,5,False,False,False,False,44,False,0.0
supp_p10,app_quicksort,reference,176,uncertainty,False,0,0,5,False,False,False,True,44,False,0.2727272727272727
supp_p10,app_quicksort,reference,17,uncertainty,False,0,0,5,False,False,False,True,44,False,0.2727272727272727
supp_p10,app_quicksort,reference,136,uncertainty,False,0,0,5,False,False,False,True,44,False,0.18181818181818182
supp_p10,app_quicksort,reference,76,uncertainty,False,0,0,5,False,False,False,False,44,False,0.0
supp_p10,app_quicksort,reference,82,uncertainty,False,0,0,5,False,False,False,False,44,False,0.0
supp_p10,app_quicksort,reference,114,uncertainty,False,0,0,5,False,False,False,True,44,False,0.09090909090909091
supp_p10,app_quicksort,reference,168,uncertainty,False,0,0,5,False,False,False,True,44,False,0.22727272727272727
supp_p10,app_quicksort,reference,28,uncertainty,False,0,0,5,False,False,False,True,44,False,0.2727272727272727
supp_p10,app_quicksort,reference,39,uncertainty,False,0,0,5,False,False,False,True,44,False,0.3181818181818182
supp_p10,app_quicksort,reference,50,uncertainty,False,0,0,5,False,False,False,True,44,False,0.3181818181818182
supp_p10,app_quicksort,reference,61,uncertainty,False,0,0,5,False,False,False,True,44,False,0.2727272727272727
supp_p10,app_quicksort,reference,100,uncertainty,False,0,0,5,False,False,False,True,44,False,0.09090909090909091
supp_p10,app_quicksort,reference,130,uncertainty,False,0,0,5,False,False,False,True,44,False,0.18181818181818182
supp_p10,app_quicksort,reference,141,uncertainty,False,0,0,5,False,False,False,True,44,False,0.22727272727272727
supp_p10,app_quicksort,reference,53,uncertainty,False,0,0,5,False,False,False,False,44,False,0.0
supp_p10,app_quicksort,reference,73,uncertainty,False,0,0,5,False,False,False,True,44,False,0.22727272727272727
supp_p10,app_quicksort,reference,9,uncertainty,False,0,0,5,False,False,False,True,44,False,0.22727272727272727
supp_p10,app_quicksort,reference,6,uncertainty,False,0,0,5,False,False,False,True,44,False,0.36363636363636365
supp_p10,app_quicksort,reference,31,uncertainty,False,0,0,5,False,False,False,True,44,False,0.09090909090909091
supp_p10,app_quicksort,reference,94,uncertainty,False,0,0,5,False,False,False,True,44,False,0.18181818181818182
supp_p10,app_quicksort,reference,58,uncertainty,False,0,0,5,False,False,False,True,44,False,0.09090909090909091
supp_p10,app_quicksort,reference,177,uncertainty,False,0,0,5,False,False,False,True,44,False,0.09090909090909091
supp_p10,app_quicksort,reference,48,uncertainty,False,0,0,5,False,False,False,True,44,False,0.2727272727272727
supp_p10,app_quicksort,reference,164,uncertainty,False,0,0,5,False,False,False,True,44,False,0.18181818181818182
supp_p10,app_quicksort,reference,67,uncertainty,False,0,0,5,False,False,False,True,44,False,0.22727272727272727
supp_p10,app_quicksort,reference,118,uncertainty,False,0,0,5,True,False,True,True,44,False,0.4090909090909091
supp_p10,app_quicksort,reference,79,uncertainty,False,0,0,5,False,False,False,True,44,False,0.22727272727272727
supp_p10,app_quicksort,reference,122,uncertainty,False,0,0,5,False,False,False,True,44,False,0.09090909090909091
supp_p10,app_quicksort,reference,54,uncertainty,False,0,0,5,False,False,False,True,44,False,0.3181818181818182
supp_p10,app_quicksort,reference,151,uncertainty,False,0,0,5,False,False,False,True,44,False,0.09090909090909091
supp_p10,app_quicksort,reference,103,uncertainty,False,0,0,5,False,False,False,True,44,False,0.2727272727272727
supp_p10,app_quicksort,reference,137,uncertainty,False,0,0,5,False,False,False,False,44,False,0.0
supp_p10,app_quicksort,reference,132,uncertainty,False,0,0,5,False,False,False,True,44,False,0.3181818181818182
supp_p10,app_quicksort,reference,143,uncertainty,False,0,0,5,False,False,False,True,44,False,0.18181818181818182
supp_p10,app_quicksort,reference,107,uncertainty,False,0,0,5,False,False,False,True,44,False,0.18181818181818182
supp_p10,app_quicksort,reference,119,uncertainty,False,0,0,5,False,False,False,True,44,False,0.5909090909090909
supp_p10,app_quicksort,reference,109,uncertainty,False,0,0,5,False,False,False,True,44,False,0.3181818181818182
supp_p10,app_quicksort,reference,84,uncertainty,False,0,0,5,False,False,False,True,44,False,0.2727272727272727
supp_p10,app_quicksort,reference,135,uncertainty,False,0,0,5,False,False,False,True,44,False,0.09090909090909091
supp_p10,app_quicksort,reference,125,uncertainty,False,0,0,5,False,False,False,True,44,False,0.18181818181818182
supp_p10,app_quicksort,reference,161,uncertainty,False,0,0,5,False,False,False,True,44,False,0.13636363636363635
supp_p10,app_quicksort,reference,4,uncertainty,False,0,0,5,False,False,False,True,44,False,0.09090909090909091
supp_p10,app_quicksort,reference,72,uncertainty,False,0,0,5,False,False,False,True,44,False,0.5
supp_p10,app_quicksort,reference,68,uncertainty,False,0,0,5,False,False,False,True,44,False,0.09090909090909091
supp_p10,app_quicksort,reference,175,uncertainty,False,0,0,5,False,False,False,True,44,False,0.36363636363636365
supp_p10,app_quicksort,reference,182,uncertainty,False,0,0,5,False,False,False,True,44,False,0.5
supp_p10,app_quicksort,reference,134,uncertainty,False,0,0,5,False,False,False,False,44,False,0.0
supp_p10,app_quicksort,reference,105,uncertainty,False,0,0,5,False,False,False,True,44,False,0.22727272727272727
supp_p10,app_quicksort,reference,43,uncertainty,False,0,0,5,False,False,False,True,44,False,0.22727272727272727
supp_p10,app_quicksort,reference,139,uncertainty,False,0,0,5,False,False,False,True,44,False,0.045454545454545456
supp_p10,app_quicksort,reference,3,uncertainty,False,0,0,5,False,False,False,True,44,False,0.36363636363636365
supp_p10,app_quicksort,reference,62,uncertainty,False,0,0,5,False,False,False,True,44,False,0.4090909090909091
supp_p10,app_quicksort,reference,5,uncertainty,False,0,0,5,False,False,False,True,44,False,0.22727272727272727
supp_p10,app_quicksort,reference,66,uncertainty,False,0,0,5,False,False,False,True,44,False,0.22727272727272727
supp_p10,app_quicksort,reference,180,uncertainty,False,0,0,5,False,False,False,True,44,False,0.045454545454545456
supp_p10,app_quicksort,reference,30,uncertainty,False,0,0,5,False,False,False,True,44,False,0.36363636363636365
supp_p10,app_quicksort,reference,149,uncertainty,False,0,0,5,False,False,False,True,44,False,0.22727272727272727
supp_p10,app_quicksort,reference,110,uncertainty,False,0,0,5,False,False,False,True,44,False,0.2727272727272727
supp_p10,app_quicksort,reference,13,uncertainty,False,0,0,5,False,False,False,True,44,False,0.09090909090909091
supp_p10,app_quicksort,reference,7,uncertainty,False,0,0,5,False,False,False,True,44,False,0.13636363636363635
supp_p10,app_quicksort,reference,87,uncertainty,False,0,0,5,False,False,False,True,44,False,0.3181818181818182
supp_p10,app_quicksort,reference,150,uncertainty,False,0,0,5,False,False,False,True,44,False,0.2727272727272727
supp_p10,app_quicksort,reference,179,uncertainty,False,0,0,5,False,False,False,True,44,False,0.13636363636363635
supp_p10,app_quicksort,reference,181,uncertainty,False,0,0,5,False,False,False,True,44,False,0.36363636363636365
supp_p10,app_quicksort,reference,148,uncertainty,False,0,0,5,False,False,False,True,44,False,0.045454545454545456
supp_p10,app_quicksort,reference,162,uncertainty,False,0,0,5,False,False,False,True,44,False,0.09090909090909091
supp_p10,app_quicksort,reference,102,uncertainty,False,0,0,5,False,False,False,True,44,False,0.13636363636363635
supp_p10,app_quicksort,reference,56,uncertainty,False,0,0,5,False,False,False,True,44,False,0.3181818181818182
supp_p10,app_quicksort,reference,19,uncertainty,False,0,0,5,False,False,False,True,44,False,0.18181818181818182
supp_p10,app_quicksort,reference,112,uncertainty,False,0,0,5,False,False,False,True,44,False,0.3181818181818182
supp_p10,app_quicksort,reference,40,uncertainty,False,0,0,5,False,False,False,False,44,False,0.0
supp_p10,app_quicksort,reference,22,uncertainty,False,0,0,5,False,False,False,True,44,False,0.045454545454545456
supp_p10,app_quicksort,reference,88,uncertainty,False,0,0,5,False,False,False,True,44,False,0.18181818181818182
supp_p10,app_quicksort,reference,167,uncertainty,False,0,0,5,False,False,False,False,44,False,0.0
supp_p10,app_quicksort,reference,183,uncertainty,False,0,0,5,False,False,False,True,44,False,0.22727272727272727
supp_p10,app_quicksort,reference,24,uncertainty,False,0,0,5,False,False,False,True,44,False,0.18181818181818182
supp_p10,app_quicksort,reference,128,uncertainty,False,0,0,5,False,False,False,True,44,False,0.18181818181818182
supp_p10,app_quicksort,reference,120,uncertainty,False,0,0,5,False,False,False,True,44,False,0.36363636363636365
supp_p10,app_quicksort,reference,45,uncertainty,False,0,0,5,False,False,False,True,44,False,0.2727272727272727
supp_p10,app_quicksort,reference,86,uncertainty,False,0,0,5,False,False,False,True,44,False,0.18181818181818182
supp_p10,app_quicksort,reference,156,uncertainty,False,0,0,5,False,False,False,True,44,False,0.18181818181818182
supp_p10,app_quicksort,reference,98,uncertainty,False,0,0,5,False,False,False,True,44,False,0.13636363636363635
supp_p10,app_quicksort,reference,92,uncertainty,False,0,0,5,False,False,False,True,44,False,0.13636363636363635
supp_p10,app_quicksort,reference,95,uncertainty,False,0,0,5,False,False,False,True,44,False,0.18181818181818182
supp_p10,app_quicksort,reference,101,uncertainty,False,0,0,5,False,False,False,True,44,False,0.13636363636363635
supp_p10,app_quicksort,reference,47,uncertainty,False,0,0,5,False,False,False,True,44,False,0.22727272727272727
supp_p10,app_quicksort,reference,25,uncertainty,False,0,0,5,False,False,False,True,44,False,0.13636363636363635
supp_p10,app_quicksort,reference,121,uncertainty,False,0,0,5,False,False,False,True,44,False,0.22727272727272727
supp_p10,app_quicksort,reference,41,uncertainty,False,0,0,5,False,False,False,True,44,False,0.18181818181818182
supp_p10,app_quicksort,reference,99,uncertainty,False,0,0,5,False,False,False,True,44,False,0.2727272727272727
supp_p10,app_quicksort,reference,27,uncertainty,False,0,0,5,False,False,False,True,44,False,0.22727272727272727
supp_p10,app_quicksort,reference,140,uncertainty,False,0,0,5,False,False,False,True,44,False,0.13636363636363635
supp_p10,app_quicksort,reference,81,uncertainty,False,0,0,5,False,False,False,False,44,False,0.0
supp_p10,app_quicksort,reference,144,uncertainty,False,0,0,5,False,False,False,True,44,False,0.3181818181818182
supp_p10,app_quicksort,reference,108,uncertainty,False,0,0,5,False,False,False,True,44,False,0.22727272727272727
supp_p10,app_quicksort,reference,85,uncertainty,False,0,0,5,False,False,False,True,44,False,0.36363636363636365
supp_p10,app_quicksort,reference,152,uncertainty,False,0,0,5,False,False,False,False,44,False,0.0
supp_p10,app_quicksort,reference,15,uncertainty,False,0,0,5,False,False,False,True,44,False,0.2727272727272727
supp_p10,app_quicksort,reference,89,uncertainty,False,0,0,5,False,False,False,True,44,False,0.09090909090909091
supp_p10,app_quicksort,reference,116,uncertainty,False,0,0,5,False,False,False,True,44,False,0.09090909090909091
supp_p10,app_quicksort,reference,138,uncertainty,False,0,0,5,False,False,False,True,44,False,0.18181818181818182
supp_p10,app_quicksort,reference,154,uncertainty,False,0,0,5,False,False,False,True,44,False,0.2727272727272727
supp_p10,app_quicksort,reference,104,uncertainty,False,0,0,5,False,False,False,True,44,False,0.22727272727272727
supp_p10,app_quicksort,reference,131,uncertainty,False,0,0,5,False,False,False,True,44,False,0.045454545454545456
supp_p10,app_quicksort,reference,129,uncertainty,False,0,0,5,False,False,False,True,44,False,0.2727272727272727
supp_p10,app_quicksort,reference,96,uncertainty,False,0,0,5,False,False,False,True,44,False,0.3181818181818182
supp_p10,app_quicksort,reference,44,uncertainty,False,0,0,5,False,False,False,True,44,False,0.2727272727272727
supp_p10,app_quicksort,reference,46,uncertainty,False,0,0,5,False,False,False,True,44,False,0.045454545454545456
supp_p10,app_quicksort,reference,159,low_score,False,0,0,5,False,False,False,False,13,False,0.0
supp_p10,app_quicksort,reference,42,low_score,False,0,0,5,False,False,False,False,12,False,0.0
supp_p10,app_quicksort,reference,64,low_score,False,0,0,5,False,False,False,False,5,False,0.0
supp_p10,app_quicksort,reference,12,low_score,False,0,0,5,False,False,False,False,7,False,0.0
supp_p10,app_quicksort,reference,160,low_score,False,0,0,5,False,False,False,False,14,False,0.0
supp_p10,app_quicksort,reference,155,low_score,False,0,0,5,False,False,False,False,10,False,0.0
supp_p10,app_quicksort,reference,11,low_score,False,0,0,5,False,False,False,False,12,False,0.0
supp_p10,app_quicksort,reference,124,low_score,False,0,0,5,False,False,False,False,8,False,0.0
supp_p10,app_quicksort,reference,169,low_score,False,0,0,5,False,False,False,False,13,False,0.0
supp_p10,app_quicksort,reference,106,low_score,False,0,0,5,False,False,False,False,13,False,0.0
supp_p10,app_quicksort,reference,157,low_score,False,0,0,5,False,False,False,False,9,False,0.0
supp_p10,app_quicksort,reference,126,low_score,False,0,0,5,False,False,False,False,16,False,0.0
supp_p10,app_quicksort,reference,55,low_score,False,0,0,5,False,False,False,False,9,False,0.0
supp_p10,app_quicksort,reference,113,low_score,False,0,0,5,False,False,False,False,11,False,0.0
supp_p10,app_quicksort,reference,158,low_score,False,0,0,5,False,False,False,False,12,False,0.0
supp_p10,app_quicksort,reference,165,low_score,False,0,0,5,False,False,False,False,16,False,0.0
supp_p10,app_quicksort,reference,178,low_score,False,0,0,5,False,False,False,False,10,False,0.0
supp_p10,app_quicksort,reference,133,low_score,False,0,0,5,False,False,False,False,5,False,0.0
supp_p10,app_quicksort,reference,78,low_score,False,0,0,5,False,False,False,False,11,False,0.0
supp_p10,app_quicksort,reference,70,low_score,False,0,0,5,False,False,False,False,16,False,0.0
supp_p10,app_quicksort,reference,176,low_score,False,0,0,5,False,False,False,False,11,False,0.0
supp_p10,app_quicksort,reference,17,low_score,False,0,0,5,False,False,False,False,11,False,0.0
supp_p10,app_quicksort,reference,136,low_score,False,0,0,5,False,False,False,False,15,False,0.0
supp_p10,app_quicksort,reference,76,low_score,False,0,0,5,False,False,False,False,21,False,0.0
supp_p10,app_quicksort,reference,82,low_score,False,0,0,5,False,False,False,False,9,False,0.0
supp_p10,app_quicksort,reference,114,low_score,False,0,0,5,False,False,False,False,13,False,0.0
supp_p10,app_quicksort,reference,168,low_score,False,0,0,5,False,False,False,False,8,False,0.0
supp_p10,app_quicksort,reference,28,low_score,False,0,0,5,False,False,False,False,10,False,0.0
supp_p10,app_quicksort,reference,39,low_score,False,0,0,5,False,False,False,False,8,False,0.0
supp_p10,app_quicksort,reference,50,low_score,False,0,0,5,False,False,False,False,7,False,0.0
supp_p10,app_quicksort,reference,61,low_score,False,0,0,5,False,False,False,False,9,False,0.0
supp_p10,app_quicksort,reference,100,low_score,False,0,0,5,False,False,False,False,16,False,0.0
supp_p10,app_quicksort,reference,130,low_score,False,0,0,5,False,False,False,False,15,False,0.0
supp_p10,app_quicksort,reference,141,low_score,False,0,0,5,False,False,False,False,16,False,0.0
supp_p10,app_quicksort,reference,53,low_score,False,0,0,5,False,False,False,False,17,False,0.0
supp_p10,app_quicksort,reference,73,low_score,False,0,0,5,False,False,False,False,9,False,0.0
supp_p10,app_quicksort,reference,9,low_score,False,0,0,5,False,False,False,False,8,False,0.0
supp_p10,app_quicksort,reference,6,low_score,False,0,0,5,False,False,False,False,7,False,0.0
supp_p10,app_quicksort,reference,31,low_score,False,0,0,5,False,False,False,False,10,False,0.0
supp_p10,app_quicksort,reference,94,low_score,False,0,0,5,False,False,False,False,13,False,0.0
supp_p10,app_quicksort,reference,58,low_score,False,0,0,5,False,False,False,False,14,False,0.0
supp_p10,app_quicksort,reference,177,low_score,False,0,0,5,False,False,False,False,12,False,0.0
supp_p10,app_quicksort,reference,48,low_score,False,0,0,5,False,False,False,False,14,False,0.0
supp_p10,app_quicksort,reference,164,low_score,False,0,0,5,False,False,False,False,13,False,0.0
supp_p10,app_quicksort,reference,67,low_score,False,0,0,5,False,False,False,False,14,False,0.0
supp_p10,app_quicksort,reference,118,low_score,False,0,0,5,False,False,True,True,17,False,0.11764705882352941
supp_p10,app_quicksort,reference,79,low_score,False,0,0,5,False,False,False,False,5,False,0.0
supp_p10,app_quicksort,reference,122,low_score,False,0,0,5,False,False,False,False,17,False,0.0
supp_p10,app_quicksort,reference,54,low_score,False,0,0,5,False,False,False,False,8,False,0.0
supp_p10,app_quicksort,reference,151,low_score,False,0,0,5,False,False,False,False,16,False,0.0
supp_p10,app_quicksort,reference,103,low_score,False,0,0,5,False,False,False,False,11,False,0.0
supp_p10,app_quicksort,reference,137,low_score,False,0,0,5,False,False,False,False,15,False,0.0
supp_p10,app_quicksort,reference,132,low_score,False,0,0,5,False,False,False,False,11,False,0.0
supp_p10,app_quicksort,reference,143,low_score,False,0,0,5,False,False,False,False,17,False,0.0
supp_p10,app_quicksort,reference,107,low_score,False,0,0,5,False,False,False,False,12,False,0.0
supp_p10,app_quicksort,reference,119,low_score,False,0,0,5,False,False,False,False,9,False,0.0
supp_p10,app_quicksort,reference,109,low_score,False,0,0,5,False,False,False,False,11,False,0.0
supp_p10,app_quicksort,reference,84,low_score,False,0,0,5,False,False,False,False,5,False,0.0
supp_p10,app_quicksort,reference,135,low_score,False,0,0,5,False,False,False,False,13,False,0.0
supp_p10,app_quicksort,reference,125,low_score,False,0,0,5,False,False,False,False,13,False,0.0
supp_p10,app_quicksort,reference,161,low_score,False,0,0,5,False,False,False,False,15,False,0.0
supp_p10,app_quicksort,reference,4,low_score,False,0,0,5,False,False,False,False,15,False,0.0
supp_p10,app_quicksort,reference,72,low_score,False,0,0,4,False,False,False,False,4,False,0.0
supp_p10,app_quicksort,reference,68,low_score,False,0,0,5,False,False,False,False,12,False,0.0
supp_p10,app_quicksort,reference,175,low_score,False,0,0,5,False,False,False,False,14,False,0.0
supp_p10,app_quicksort,reference,182,low_score,False,0,0,5,False,False,False,False,9,False,0.0
supp_p10,app_quicksort,reference,134,low_score,False,0,0,5,False,False,False,False,15,False,0.0
supp_p10,app_quicksort,reference,105,low_score,False,0,0,5,False,False,False,False,10,False,0.0
supp_p10,app_quicksort,reference,43,low_score,False,0,0,5,False,False,False,False,10,False,0.0
supp_p10,app_quicksort,reference,139,low_score,False,0,0,5,False,False,False,False,14,False,0.0
supp_p10,app_quicksort,reference,3,low_score,False,0,0,5,False,False,False,False,9,False,0.0
supp_p10,app_quicksort,reference,62,low_score,False,0,0,5,False,False,False,False,9,False,0.0
supp_p10,app_quicksort,reference,5,low_score,False,0,0,5,False,False,False,False,9,False,0.0
supp_p10,app_quicksort,reference,66,low_score,False,0,0,5,False,False,False,False,7,False,0.0
supp_p10,app_quicksort,reference,180,low_score,False,0,0,5,False,False,False,False,17,False,0.0
supp_p10,app_quicksort,reference,30,low_score,False,0,0,5,False,False,False,False,6,False,0.0
supp_p10,app_quicksort,reference,149,low_score,False,0,0,5,False,False,False,False,12,False,0.0
supp_p10,app_quicksort,reference,110,low_score,False,0,0,5,False,False,False,False,9,False,0.0
supp_p10,app_quicksort,reference,13,low_score,False,0,0,5,False,False,False,False,15,False,0.0
supp_p10,app_quicksort,reference,7,low_score,False,0,0,5,False,False,False,False,15,False,0.0
supp_p10,app_quicksort,reference,87,low_score,False,0,0,5,False,False,False,False,10,False,0.0
supp_p10,app_quicksort,reference,150,low_score,False,0,0,5,False,False,False,False,15,False,0.0
supp_p10,app_quicksort,reference,179,low_score,False,0,0,5,False,False,False,False,18,False,0.0
supp_p10,app_quicksort,reference,181,low_score,False,0,0,5,False,False,False,False,11,False,0.0
supp_p10,app_quicksort,reference,148,low_score,False,0,0,5,False,False,False,False,15,False,0.0
supp_p10,app_quicksort,reference,162,low_score,False,0,0,5,False,False,False,False,20,False,0.0
supp_p10,app_quicksort,reference,102,low_score,False,0,0,5,False,False,False,False,11,False,0.0
supp_p10,app_quicksort,reference,56,low_score,False,0,0,5,False,False,False,False,5,False,0.0
supp_p10,app_quicksort,reference,19,low_score,False,0,0,5,False,False,False,False,11,False,0.0
supp_p10,app_quicksort,reference,112,low_score,False,0,0,5,False,False,False,False,11,False,0.0
supp_p10,app_quicksort,reference,40,low_score,False,0,0,5,False,False,False,False,6,False,0.0
supp_p10,app_quicksort,reference,22,low_score,False,0,0,5,False,False,False,False,16,False,0.0
supp_p10,app_quicksort,reference,88,low_score,False,0,0,5,False,False,False,False,10,False,0.0
supp_p10,app_quicksort,reference,167,low_score,False,0,0,5,False,False,False,False,12,False,0.0
supp_p10,app_quicksort,reference,183,low_score,False,0,0,5,False,False,False,False,15,False,0.0
supp_p10,app_quicksort,reference,24,low_score,False,0,0,5,False,False,False,False,9,False,0.0
supp_p10,app_quicksort,reference,128,low_score,False,0,0,5,False,False,False,False,13,False,0.0
supp_p10,app_quicksort,reference,120,low_score,False,0,0,5,False,False,False,False,10,False,0.0
supp_p10,app_quicksort,reference,45,low_score,False,0,0,5,False,False,False,False,8,False,0.0
supp_p10,app_quicksort,reference,86,low_score,False,0,0,5,False,False,False,False,17,False,0.0
supp_p10,app_quicksort,reference,156,low_score,False,0,0,5,False,False,False,False,16,False,0.0
supp_p10,app_quicksort,reference,98,low_score,False,0,0,5,False,False,False,False,11,False,0.0
supp_p10,app_quicksort,reference,92,low_score,False,0,0,5,False,False,False,False,12,False,0.0
supp_p10,app_quicksort,reference,95,low_score,False,0,0,5,False,False,False,False,14,False,0.0
supp_p10,app_quicksort,reference,101,low_score,False,0,0,5,False,False,False,False,15,False,0.0
supp_p10,app_quicksort,reference,47,low_score,False,0,0,5,False,False,False,False,8,False,0.0
supp_p10,app_quicksort,reference,25,low_score,False,0,0,5,False,False,False,False,11,False,0.0
supp_p10,app_quicksort,reference,121,low_score,False,0,0,5,False,False,False,False,12,False,0.0
supp_p10,app_quicksort,reference,41,low_score,False,0,0,5,False,False,False,False,9,False,0.0
supp_p10,app_quicksort,reference,99,low_score,False,0,0,5,False,False,False,False,8,False,0.0
supp_p10,app_quicksort,reference,27,low_score,False,0,0,5,False,False,False,False,13,False,0.0
supp_p10,app_quicksort,reference,140,low_score,False,0,0,5,False,False,False,False,17,False,0.0
supp_p10,app_quicksort,reference,81,low_score,False,0,0,3,False,False,False,False,3,False,0.0
supp_p10,app_quicksort,reference,144,low_score,False,0,0,5,False,False,False,False,8,False,0.0
supp_p10,app_quicksort,reference,108,low_score,False,0,0,5,False,False,False,False,12,False,0.0
supp_p10,app_quicksort,reference,85,low_score,False,0,0,5,False,False,False,False,6,False,0.0
supp_p10,app_quicksort,reference,152,low_score,False,0,0,5,False,False,False,False,17,False,0.0
supp_p10,app_quicksort,reference,15,low_score,False,0,0,5,False,False,False,False,11,False,0.0
supp_p10,app_quicksort,reference,89,low_score,False,0,0,5,False,False,False,False,13,False,0.0
supp_p10,app_quicksort,reference,116,low_score,False,0,0,5,False,False,False,False,10,False,0.0
supp_p10,app_quicksort,reference,138,low_score,False,0,0,5,False,False,False,False,14,False,0.0
supp_p10,app_quicksort,reference,154,low_score,False,0,0,5,False,False,False,False,8,False,0.0
supp_p10,app_quicksort,reference,104,low_score,False,0,0,5,False,False,False,False,14,False,0.0
supp_p10,app_quicksort,reference,131,low_score,False,0,0,5,False,False,False,False,18,False,0.0
supp_p10,app_quicksort,reference,129,low_score,False,0,0,5,False,False,False,False,7,False,0.0
supp_p10,app_quicksort,reference,96,low_score,False,0,0,5,False,False,False,False,10,False,0.0
supp_p10,app_quicksort,reference,44,low_score,False,0,0,5,False,False,False,False,7,False,0.0
supp_p10,app_quicksort,reference,46,low_score,False,0,0,5,False,False,False,False,12,False,0.0
supp_p10,stable,complete_cohort,2,uncertainty,False,0,0,5,False,False,False,True,44,False,0.4090909090909091
supp_p10,stable,complete_cohort,3,uncertainty,False,0,0,5,False,False,False,True,44,False,0.36363636363636365
supp_p10,stable,complete_cohort,4,uncertainty,False,0,0,5,False,False,False,True,44,False,0.09090909090909091
supp_p10,stable,complete_cohort,5,uncertainty,False,0,0,5,False,False,False,True,44,False,0.22727272727272727
supp_p10,stable,complete_cohort,6,uncertainty,False,0,0,5,False,False,False,True,44,False,0.36363636363636365
supp_p10,stable,complete_cohort,7,uncertainty,False,0,0,5,False,False,False,True,44,False,0.13636363636363635
supp_p10,stable,complete_cohort,9,uncertainty,False,0,0,5,False,False,False,True,44,False,0.22727272727272727
supp_p10,stable,complete_cohort,11,uncertainty,False,0,0,5,False,False,False,False,44,False,0.0
supp_p10,stable,complete_cohort,12,uncertainty,False,0,0,5,False,False,False,True,44,False,0.36363636363636365
supp_p10,stable,complete_cohort,13,uncertainty,False,0,0,5,False,False,False,True,44,False,0.09090909090909091
supp_p10,stable,complete_cohort,14,uncertainty,False,0,0,5,False,False,False,True,44,False,0.13636363636363635
supp_p10,stable,complete_cohort,15,uncertainty,False,0,0,5,False,False,False,True,44,False,0.2727272727272727
supp_p10,stable,complete_cohort,17,uncertainty,False,0,0,5,False,False,False,True,44,False,0.2727272727272727
supp_p10,stable,complete_cohort,19,uncertainty,False,0,0,5,False,False,False,True,44,False,0.18181818181818182
supp_p10,stable,complete_cohort,20,uncertainty,False,0,0,5,False,False,False,True,44,False,0.45454545454545453
supp_p10,stable,complete_cohort,21,uncertainty,False,0,0,5,False,False,False,True,44,False,0.09090909090909091
supp_p10,stable,complete_cohort,22,uncertainty,False,0,0,5,False,False,False,True,44,False,0.045454545454545456
supp_p10,stable,complete_cohort,23,uncertainty,False,0,0,5,False,False,False,True,44,False,0.3181818181818182
supp_p10,stable,complete_cohort,24,uncertainty,False,0,0,5,False,False,False,True,44,False,0.18181818181818182
supp_p10,stable,complete_cohort,25,uncertainty,False,0,0,5,False,False,False,True,44,False,0.13636363636363635
supp_p10,stable,complete_cohort,27,uncertainty,False,0,0,5,False,False,False,True,44,False,0.22727272727272727
supp_p10,stable,complete_cohort,28,uncertainty,False,0,0,5,False,False,False,True,44,False,0.2727272727272727
supp_p10,stable,complete_cohort,29,uncertainty,False,0,0,5,False,False,False,True,44,False,0.18181818181818182
supp_p10,stable,complete_cohort,30,uncertainty,False,0,0,5,False,False,False,True,44,False,0.36363636363636365
supp_p10,stable,complete_cohort,31,uncertainty,False,0,0,5,False,False,False,True,44,False,0.09090909090909091
supp_p10,stable,complete_cohort,39,uncertainty,False,0,0,5,False,False,False,True,44,False,0.3181818181818182
supp_p10,stable,complete_cohort,40,uncertainty,False,0,0,5,False,False,False,False,44,False,0.0
supp_p10,stable,complete_cohort,41,uncertainty,False,0,0,5,False,False,False,True,44,False,0.18181818181818182
supp_p10,stable,complete_cohort,42,uncertainty,False,0,0,5,False,False,False,True,44,False,0.13636363636363635
supp_p10,stable,complete_cohort,43,uncertainty,False,0,0,5,False,False,False,True,44,False,0.22727272727272727
supp_p10,stable,complete_cohort,44,uncertainty,False,0,0,5,False,False,False,True,44,False,0.2727272727272727
supp_p10,stable,complete_cohort,45,uncertainty,False,0,0,5,False,False,False,True,44,False,0.2727272727272727
supp_p10,stable,complete_cohort,46,uncertainty,False,0,0,5,False,False,False,True,44,False,0.045454545454545456
supp_p10,stable,complete_cohort,47,uncertainty,False,0,0,5,False,False,False,True,44,False,0.22727272727272727
supp_p10,stable,complete_cohort,48,uncertainty,False,0,0,5,False,False,False,True,44,False,0.2727272727272727
supp_p10,stable,complete_cohort,50,uncertainty,False,0,0,5,False,False,False,True,44,False,0.3181818181818182
supp_p10,stable,complete_cohort,51,uncertainty,False,0,0,5,False,False,False,True,44,False,0.09090909090909091
supp_p10,stable,complete_cohort,52,uncertainty,False,0,0,5,False,False,False,True,44,False,0.2727272727272727
supp_p10,stable,complete_cohort,53,uncertainty,False,0,0,5,False,False,False,False,44,False,0.0
supp_p10,stable,complete_cohort,54,uncertainty,False,0,0,5,False,False,False,True,44,False,0.3181818181818182
supp_p10,stable,complete_cohort,55,uncertainty,False,0,0,5,False,False,False,True,44,False,0.36363636363636365
supp_p10,stable,complete_cohort,56,uncertainty,False,0,0,5,False,False,False,True,44,False,0.3181818181818182
supp_p10,stable,complete_cohort,58,uncertainty,False,0,0,5,False,False,False,True,44,False,0.09090909090909091
supp_p10,stable,complete_cohort,59,uncertainty,False,0,0,5,False,False,False,True,44,False,0.36363636363636365
supp_p10,stable,complete_cohort,61,uncertainty,False,0,0,5,False,False,False,True,44,False,0.2727272727272727
supp_p10,stable,complete_cohort,62,uncertainty,False,0,0,5,False,False,False,True,44,False,0.4090909090909091
supp_p10,stable,complete_cohort,63,uncertainty,False,0,0,5,False,False,False,True,44,False,0.4090909090909091
supp_p10,stable,complete_cohort,64,uncertainty,False,0,0,5,False,False,False,True,44,False,0.4090909090909091
supp_p10,stable,complete_cohort,66,uncertainty,False,0,0,5,False,False,False,True,44,False,0.22727272727272727
supp_p10,stable,complete_cohort,67,uncertainty,False,0,0,5,False,False,False,True,44,False,0.22727272727272727
supp_p10,stable,complete_cohort,68,uncertainty,False,0,0,5,False,False,False,True,44,False,0.09090909090909091
supp_p10,stable,complete_cohort,70,uncertainty,False,0,0,5,False,False,False,False,44,False,0.0
supp_p10,stable,complete_cohort,71,uncertainty,False,0,0,5,False,False,False,True,44,False,0.2727272727272727
supp_p10,stable,complete_cohort,72,uncertainty,False,0,0,5,False,False,False,True,44,False,0.5
supp_p10,stable,complete_cohort,73,uncertainty,False,0,0,5,False,False,False,True,44,False,0.22727272727272727
supp_p10,stable,complete_cohort,74,uncertainty,False,0,0,5,False,False,False,False,44,False,0.0
supp_p10,stable,complete_cohort,76,uncertainty,False,0,0,5,False,False,False,False,44,False,0.0
supp_p10,stable,complete_cohort,77,uncertainty,False,0,0,5,False,False,False,True,44,False,0.3181818181818182
supp_p10,stable,complete_cohort,78,uncertainty,False,0,0,5,False,False,False,True,44,False,0.13636363636363635
supp_p10,stable,complete_cohort,79,uncertainty,False,0,0,5,False,False,False,True,44,False,0.22727272727272727
supp_p10,stable,complete_cohort,80,uncertainty,False,0,0,5,False,False,False,True,44,False,0.045454545454545456
supp_p10,stable,complete_cohort,81,uncertainty,False,0,0,5,False,False,False,False,44,False,0.0
supp_p10,stable,complete_cohort,82,uncertainty,False,0,0,5,False,False,False,False,44,False,0.0
supp_p10,stable,complete_cohort,83,uncertainty,False,0,0,5,False,False,False,True,44,False,0.5
supp_p10,stable,complete_cohort,84,uncertainty,False,0,0,5,False,False,False,True,44,False,0.2727272727272727
supp_p10,stable,complete_cohort,85,uncertainty,False,0,0,5,False,False,False,True,44,False,0.36363636363636365
supp_p10,stable,complete_cohort,86,uncertainty,False,0,0,5,False,False,False,True,44,False,0.18181818181818182
supp_p10,stable,complete_cohort,87,uncertainty,False,0,0,5,False,False,False,True,44,False,0.13636363636363635
supp_p10,stable,complete_cohort,88,uncertainty,False,0,0,5,False,False,False,True,44,False,0.18181818181818182
supp_p10,stable,complete_cohort,89,uncertainty,False,0,0,5,False,False,False,True,44,False,0.09090909090909091
supp_p10,stable,complete_cohort,90,uncertainty,False,0,0,5,False,False,False,True,44,False,0.045454545454545456
supp_p10,stable,complete_cohort,91,uncertainty,False,0,0,5,False,False,False,True,44,False,0.18181818181818182
supp_p10,stable,complete_cohort,92,uncertainty,False,0,0,5,False,False,False,True,44,False,0.13636363636363635
supp_p10,stable,complete_cohort,93,uncertainty,False,0,0,5,False,False,False,True,44,False,0.3181818181818182
supp_p10,stable,complete_cohort,94,uncertainty,False,0,0,5,False,False,False,True,44,False,0.18181818181818182
supp_p10,stable,complete_cohort,95,uncertainty,False,0,0,5,False,False,False,True,44,False,0.18181818181818182
supp_p10,stable,complete_cohort,96,uncertainty,False,0,0,5,False,False,False,True,44,False,0.3181818181818182
supp_p10,stable,complete_cohort,97,uncertainty,False,0,0,5,False,False,False,True,44,False,0.09090909090909091
supp_p10,stable,complete_cohort,98,uncertainty,False,0,0,5,False,False,False,True,44,False,0.13636363636363635
supp_p10,stable,complete_cohort,99,uncertainty,False,0,0,5,False,False,False,True,44,False,0.2727272727272727
supp_p10,stable,complete_cohort,100,uncertainty,False,0,0,5,False,False,False,True,44,False,0.09090909090909091
supp_p10,stable,complete_cohort,101,uncertainty,False,0,0,5,False,False,False,True,44,False,0.13636363636363635
supp_p10,stable,complete_cohort,102,uncertainty,False,0,0,5,False,False,False,True,44,False,0.13636363636363635
supp_p10,stable,complete_cohort,103,uncertainty,False,0,0,5,False,False,False,True,44,False,0.2727272727272727
supp_p10,stable,complete_cohort,104,uncertainty,False,0,0,5,False,False,False,True,44,False,0.22727272727272727
supp_p10,stable,complete_cohort,105,uncertainty,False,0,0,5,False,False,False,True,44,False,0.22727272727272727
supp_p10,stable,complete_cohort,106,uncertainty,False,0,0,5,False,False,False,True,44,False,0.13636363636363635
supp_p10,stable,complete_cohort,107,uncertainty,False,0,0,5,False,False,False,True,44,False,0.18181818181818182
supp_p10,stable,complete_cohort,108,uncertainty,False,0,0,5,False,False,False,True,44,False,0.22727272727272727
supp_p10,stable,complete_cohort,109,uncertainty,False,0,0,5,False,False,False,True,44,False,0.3181818181818182
supp_p10,stable,complete_cohort,110,uncertainty,False,0,0,5,False,False,False,True,44,False,0.2727272727272727
supp_p10,stable,complete_cohort,111,uncertainty,False,0,0,5,False,False,False,True,44,False,0.2727272727272727
supp_p10,stable,complete_cohort,112,uncertainty,False,0,0,5,False,False,False,True,44,False,0.3181818181818182
supp_p10,stable,complete_cohort,113,uncertainty,False,0,0,5,False,False,False,True,44,False,0.22727272727272727
supp_p10,stable,complete_cohort,114,uncertainty,False,0,0,5,False,False,False,True,44,False,0.09090909090909091
supp_p10,stable,complete_cohort,115,uncertainty,False,0,0,5,False,False,False,True,44,False,0.09090909090909091
supp_p10,stable,complete_cohort,116,uncertainty,False,0,0,5,False,False,False,True,44,False,0.09090909090909091
supp_p10,stable,complete_cohort,117,uncertainty,False,0,0,5,False,False,False,True,44,False,0.13636363636363635
supp_p10,stable,complete_cohort,118,uncertainty,False,0,0,5,True,False,True,True,44,False,0.4090909090909091
supp_p10,stable,complete_cohort,119,uncertainty,False,0,0,5,False,False,False,True,44,False,0.45454545454545453
supp_p10,stable,complete_cohort,120,uncertainty,False,0,0,5,False,False,False,True,44,False,0.36363636363636365
supp_p10,stable,complete_cohort,121,uncertainty,False,0,0,5,False,False,False,True,44,False,0.22727272727272727
supp_p10,stable,complete_cohort,122,uncertainty,False,0,0,5,False,False,False,True,44,False,0.09090909090909091
supp_p10,stable,complete_cohort,123,uncertainty,False,0,0,5,False,False,False,True,44,False,0.22727272727272727
supp_p10,stable,complete_cohort,124,uncertainty,False,0,0,5,False,False,False,True,44,False,0.36363636363636365
supp_p10,stable,complete_cohort,125,uncertainty,False,0,0,5,False,False,False,True,44,False,0.18181818181818182
supp_p10,stable,complete_cohort,126,uncertainty,False,0,0,5,False,False,False,True,44,False,0.09090909090909091
supp_p10,stable,complete_cohort,127,uncertainty,False,0,0,5,False,False,False,True,44,False,0.09090909090909091
supp_p10,stable,complete_cohort,128,uncertainty,False,0,0,5,False,False,False,True,44,False,0.18181818181818182
supp_p10,stable,complete_cohort,129,uncertainty,False,0,0,5,False,False,False,True,44,False,0.2727272727272727
supp_p10,stable,complete_cohort,130,uncertainty,False,0,0,5,False,False,False,True,44,False,0.18181818181818182
supp_p10,stable,complete_cohort,131,uncertainty,False,0,0,5,False,False,False,True,44,False,0.045454545454545456
supp_p10,stable,complete_cohort,132,uncertainty,False,0,0,5,False,False,False,True,44,False,0.3181818181818182
supp_p10,stable,complete_cohort,133,uncertainty,False,0,0,5,False,False,False,True,44,False,0.13636363636363635
supp_p10,stable,complete_cohort,134,uncertainty,False,0,0,5,False,False,False,False,44,False,0.0
supp_p10,stable,complete_cohort,135,uncertainty,False,0,0,5,False,False,False,True,44,False,0.09090909090909091
supp_p10,stable,complete_cohort,136,uncertainty,False,0,0,5,False,False,False,True,44,False,0.18181818181818182
supp_p10,stable,complete_cohort,137,uncertainty,False,0,0,5,False,False,False,False,44,False,0.0
supp_p10,stable,complete_cohort,138,uncertainty,False,0,0,5,False,False,False,True,44,False,0.18181818181818182
supp_p10,stable,complete_cohort,139,uncertainty,False,0,0,5,False,False,False,True,44,False,0.045454545454545456
supp_p10,stable,complete_cohort,140,uncertainty,False,0,0,5,False,False,False,True,44,False,0.13636363636363635
supp_p10,stable,complete_cohort,141,uncertainty,False,0,0,5,False,False,False,True,44,False,0.22727272727272727
supp_p10,stable,complete_cohort,142,uncertainty,False,0,0,5,True,False,True,True,44,False,0.045454545454545456
supp_p10,stable,complete_cohort,143,uncertainty,False,0,0,5,False,False,False,True,44,False,0.18181818181818182
supp_p10,stable,complete_cohort,144,uncertainty,False,0,0,5,False,False,False,True,44,False,0.3181818181818182
supp_p10,stable,complete_cohort,147,uncertainty,False,0,0,5,False,False,False,True,44,False,0.22727272727272727
supp_p10,stable,complete_cohort,148,uncertainty,False,0,0,5,False,False,False,True,44,False,0.045454545454545456
supp_p10,stable,complete_cohort,149,uncertainty,False,0,0,5,False,False,False,True,44,False,0.22727272727272727
supp_p10,stable,complete_cohort,150,uncertainty,False,0,0,5,False,False,False,True,44,False,0.2727272727272727
supp_p10,stable,complete_cohort,151,uncertainty,False,0,0,5,False,False,False,True,44,False,0.09090909090909091
supp_p10,stable,complete_cohort,152,uncertainty,False,0,0,5,False,False,False,False,44,False,0.0
supp_p10,stable,complete_cohort,153,uncertainty,False,0,0,5,False,False,False,True,44,False,0.4090909090909091
supp_p10,stable,complete_cohort,154,uncertainty,False,0,0,5,False,False,False,True,44,False,0.2727272727272727
supp_p10,stable,complete_cohort,155,uncertainty,False,0,0,5,False,False,False,True,44,False,0.2727272727272727
supp_p10,stable,complete_cohort,156,uncertainty,False,0,0,5,False,False,False,True,44,False,0.18181818181818182
supp_p10,stable,complete_cohort,157,uncertainty,False,0,0,5,False,False,False,True,44,False,0.18181818181818182
supp_p10,stable,complete_cohort,158,uncertainty,False,0,0,5,False,False,False,True,44,False,0.22727272727272727
supp_p10,stable,complete_cohort,159,uncertainty,False,0,0,5,False,False,False,True,44,False,0.13636363636363635
supp_p10,stable,complete_cohort,160,uncertainty,False,0,0,5,False,False,False,True,44,False,0.18181818181818182
supp_p10,stable,complete_cohort,161,uncertainty,False,0,0,5,False,False,False,True,44,False,0.13636363636363635
supp_p10,stable,complete_cohort,162,uncertainty,False,0,0,5,False,False,False,True,44,False,0.09090909090909091
supp_p10,stable,complete_cohort,163,uncertainty,False,0,0,5,False,False,False,True,44,False,0.18181818181818182
supp_p10,stable,complete_cohort,164,uncertainty,False,0,0,5,False,False,False,True,44,False,0.18181818181818182
supp_p10,stable,complete_cohort,165,uncertainty,False,0,0,5,False,False,False,True,44,False,0.2727272727272727
supp_p10,stable,complete_cohort,166,uncertainty,False,0,0,5,False,False,False,True,44,False,0.18181818181818182
supp_p10,stable,complete_cohort,167,uncertainty,False,0,0,5,False,False,False,False,44,False,0.0
supp_p10,stable,complete_cohort,168,uncertainty,False,0,0,5,False,False,False,True,44,False,0.22727272727272727
supp_p10,stable,complete_cohort,169,uncertainty,False,0,0,5,False,False,False,True,44,False,0.2727272727272727
supp_p10,stable,complete_cohort,170,uncertainty,False,0,0,5,False,False,False,True,44,False,0.22727272727272727
supp_p10,stable,complete_cohort,172,uncertainty,False,0,0,5,False,False,False,True,44,False,0.18181818181818182
supp_p10,stable,complete_cohort,174,uncertainty,False,0,0,5,False,False,False,True,44,False,0.13636363636363635
supp_p10,stable,complete_cohort,175,uncertainty,False,0,0,5,False,False,False,True,44,False,0.36363636363636365
supp_p10,stable,complete_cohort,176,uncertainty,False,0,0,5,False,False,False,True,44,False,0.2727272727272727
supp_p10,stable,complete_cohort,177,uncertainty,False,0,0,5,False,False,False,True,44,False,0.09090909090909091
supp_p10,stable,complete_cohort,178,uncertainty,False,0,0,5,False,False,False,True,44,False,0.13636363636363635
supp_p10,stable,complete_cohort,179,uncertainty,False,0,0,5,False,False,False,True,44,False,0.13636363636363635
supp_p10,stable,complete_cohort,180,uncertainty,False,0,0,5,False,False,False,True,44,False,0.045454545454545456
supp_p10,stable,complete_cohort,181,uncertainty,False,0,0,5,False,False,False,True,44,False,0.36363636363636365
supp_p10,stable,complete_cohort,182,uncertainty,False,0,0,5,False,False,False,True,44,False,0.5
supp_p10,stable,complete_cohort,183,uncertainty,False,0,0,5,False,False,False,True,44,False,0.22727272727272727
supp_p10,stable,complete_cohort,2,low_score,False,0,0,5,False,False,False,False,5,False,0.0
supp_p10,stable,complete_cohort,3,low_score,False,0,0,5,False,False,False,False,9,False,0.0
supp_p10,stable,complete_cohort,4,low_score,False,0,0,5,False,False,False,False,15,False,0.0
supp_p10,stable,complete_cohort,5,low_score,False,0,0,5,False,False,False,False,9,False,0.0
supp_p10,stable,complete_cohort,6,low_score,False,0,0,5,False,False,False,False,7,False,0.0
supp_p10,stable,complete_cohort,7,low_score,False,0,0,5,False,False,False,False,15,False,0.0
supp_p10,stable,complete_cohort,9,low_score,False,0,0,5,False,False,False,False,8,False,0.0
supp_p10,stable,complete_cohort,11,low_score,False,0,0,5,False,False,False,False,12,False,0.0
supp_p10,stable,complete_cohort,12,low_score,False,0,0,5,False,False,False,False,7,False,0.0
supp_p10,stable,complete_cohort,13,low_score,False,0,0,5,False,False,False,False,15,False,0.0
supp_p10,stable,complete_cohort,14,low_score,False,0,0,5,False,False,False,False,16,False,0.0
supp_p10,stable,complete_cohort,15,low_score,False,0,0,5,False,False,False,False,11,False,0.0
supp_p10,stable,complete_cohort,17,low_score,False,0,0,5,False,False,False,False,11,False,0.0
supp_p10,stable,complete_cohort,19,low_score,False,0,0,5,False,False,False,False,11,False,0.0
supp_p10,stable,complete_cohort,20,low_score,False,0,0,5,False,False,False,False,6,False,0.0
supp_p10,stable,complete_cohort,21,low_score,False,0,0,5,False,False,False,False,15,False,0.0
supp_p10,stable,complete_cohort,22,low_score,False,0,0,5,False,False,False,False,16,False,0.0
supp_p10,stable,complete_cohort,23,low_score,False,0,0,5,False,False,False,False,12,False,0.0
supp_p10,stable,complete_cohort,24,low_score,False,0,0,5,False,False,False,False,9,False,0.0
supp_p10,stable,complete_cohort,25,low_score,False,0,0,5,False,False,False,False,11,False,0.0
supp_p10,stable,complete_cohort,27,low_score,False,0,0,5,False,False,False,False,13,False,0.0
supp_p10,stable,complete_cohort,28,low_score,False,0,0,5,False,False,False,False,10,False,0.0
supp_p10,stable,complete_cohort,29,low_score,False,0,0,5,False,False,False,False,9,False,0.0
supp_p10,stable,complete_cohort,30,low_score,False,0,0,5,False,False,False,False,6,False,0.0
supp_p10,stable,complete_cohort,31,low_score,False,0,0,5,False,False,False,False,10,False,0.0
supp_p10,stable,complete_cohort,39,low_score,False,0,0,5,False,False,False,False,8,False,0.0
supp_p10,stable,complete_cohort,40,low_score,False,0,0,5,False,False,False,False,6,False,0.0
supp_p10,stable,complete_cohort,41,low_score,False,0,0,5,False,False,False,False,9,False,0.0
supp_p10,stable,complete_cohort,42,low_score,False,0,0,5,False,False,False,False,12,False,0.0
supp_p10,stable,complete_cohort,43,low_score,False,0,0,5,False,False,False,False,10,False,0.0
supp_p10,stable,complete_cohort,44,low_score,False,0,0,5,False,False,False,False,7,False,0.0
supp_p10,stable,complete_cohort,45,low_score,False,0,0,5,False,False,False,False,8,False,0.0
supp_p10,stable,complete_cohort,46,low_score,False,0,0,5,False,False,False,False,12,False,0.0
supp_p10,stable,complete_cohort,47,low_score,False,0,0,5,False,False,False,False,8,False,0.0
supp_p10,stable,complete_cohort,48,low_score,False,0,0,5,False,False,False,False,14,False,0.0
supp_p10,stable,complete_cohort,50,low_score,False,0,0,5,False,False,False,False,7,False,0.0
supp_p10,stable,complete_cohort,51,low_score,False,0,0,5,False,False,False,False,17,False,0.0
supp_p10,stable,complete_cohort,52,low_score,False,0,0,5,False,False,False,False,15,False,0.0
supp_p10,stable,complete_cohort,53,low_score,False,0,0,5,False,False,False,False,17,False,0.0
supp_p10,stable,complete_cohort,54,low_score,False,0,0,5,False,False,False,False,8,False,0.0
supp_p10,stable,complete_cohort,55,low_score,False,0,0,5,False,False,False,False,9,False,0.0
supp_p10,stable,complete_cohort,56,low_score,False,0,0,5,False,False,False,False,5,False,0.0
supp_p10,stable,complete_cohort,58,low_score,False,0,0,5,False,False,False,False,14,False,0.0
supp_p10,stable,complete_cohort,59,low_score,False,0,0,5,False,False,False,False,6,False,0.0
supp_p10,stable,complete_cohort,61,low_score,False,0,0,5,False,False,False,False,9,False,0.0
supp_p10,stable,complete_cohort,62,low_score,False,0,0,5,False,False,False,False,9,False,0.0
supp_p10,stable,complete_cohort,63,low_score,False,0,0,5,False,False,False,False,6,False,0.0
supp_p10,stable,complete_cohort,64,low_score,False,0,0,5,False,False,False,False,5,False,0.0
supp_p10,stable,complete_cohort,66,low_score,False,0,0,5,False,False,False,False,7,False,0.0
supp_p10,stable,complete_cohort,67,low_score,False,0,0,5,False,False,False,False,14,False,0.0
supp_p10,stable,complete_cohort,68,low_score,False,0,0,5,False,False,False,False,12,False,0.0
supp_p10,stable,complete_cohort,70,low_score,False,0,0,5,False,False,False,False,16,False,0.0
supp_p10,stable,complete_cohort,71,low_score,False,0,0,5,False,False,False,False,11,False,0.0
supp_p10,stable,complete_cohort,72,low_score,False,0,0,4,False,False,False,False,4,False,0.0
supp_p10,stable,complete_cohort,73,low_score,False,0,0,5,False,False,False,False,9,False,0.0
supp_p10,stable,complete_cohort,74,low_score,False,0,0,5,False,False,False,False,15,False,0.0
supp_p10,stable,complete_cohort,76,low_score,False,0,0,5,False,False,False,False,21,False,0.0
supp_p10,stable,complete_cohort,77,low_score,False,0,0,5,False,False,False,False,12,False,0.0
supp_p10,stable,complete_cohort,78,low_score,False,0,0,5,False,False,False,False,11,False,0.0
supp_p10,stable,complete_cohort,79,low_score,False,0,0,5,False,False,False,False,5,False,0.0
supp_p10,stable,complete_cohort,80,low_score,False,0,0,5,False,False,False,False,18,False,0.0
supp_p10,stable,complete_cohort,81,low_score,False,0,0,3,False,False,False,False,3,False,0.0
supp_p10,stable,complete_cohort,82,low_score,False,0,0,5,False,False,False,False,9,False,0.0
supp_p10,stable,complete_cohort,83,low_score,False,0,0,5,False,False,False,False,5,False,0.0
supp_p10,stable,complete_cohort,84,low_score,False,0,0,5,False,False,False,False,5,False,0.0
supp_p10,stable,complete_cohort,85,low_score,False,0,0,5,False,False,False,False,6,False,0.0
supp_p10,stable,complete_cohort,86,low_score,False,0,0,5,False,False,False,False,17,False,0.0
supp_p10,stable,complete_cohort,87,low_score,False,0,0,5,False,False,False,False,10,False,0.0
supp_p10,stable,complete_cohort,88,low_score,False,0,0,5,False,False,False,False,10,False,0.0
supp_p10,stable,complete_cohort,89,low_score,False,0,0,5,False,False,False,False,13,False,0.0
supp_p10,stable,complete_cohort,90,low_score,False,0,0,5,False,False,False,False,19,False,0.0
supp_p10,stable,complete_cohort,91,low_score,False,0,0,5,False,False,False,False,19,False,0.0
supp_p10,stable,complete_cohort,92,low_score,False,0,0,5,False,False,False,False,12,False,0.0
supp_p10,stable,complete_cohort,93,low_score,False,0,0,5,False,False,False,False,9,False,0.0
supp_p10,stable,complete_cohort,94,low_score,False,0,0,5,False,False,False,False,13,False,0.0
supp_p10,stable,complete_cohort,95,low_score,False,0,0,5,False,False,False,False,14,False,0.0
supp_p10,stable,complete_cohort,96,low_score,False,0,0,5,False,False,False,False,10,False,0.0
supp_p10,stable,complete_cohort,97,low_score,False,0,0,5,False,False,False,False,9,False,0.0
supp_p10,stable,complete_cohort,98,low_score,False,0,0,5,False,False,False,False,11,False,0.0
supp_p10,stable,complete_cohort,99,low_score,False,0,0,5,False,False,False,False,8,False,0.0
supp_p10,stable,complete_cohort,100,low_score,False,0,0,5,False,False,False,False,16,False,0.0
supp_p10,stable,complete_cohort,101,low_score,False,0,0,5,False,False,False,False,15,False,0.0
supp_p10,stable,complete_cohort,102,low_score,False,0,0,5,False,False,False,False,11,False,0.0
supp_p10,stable,complete_cohort,103,low_score,False,0,0,5,False,False,False,False,11,False,0.0
supp_p10,stable,complete_cohort,104,low_score,False,0,0,5,False,False,False,False,14,False,0.0
supp_p10,stable,complete_cohort,105,low_score,False,0,0,5,False,False,False,False,10,False,0.0
supp_p10,stable,complete_cohort,106,low_score,False,0,0,5,False,False,False,False,13,False,0.0
supp_p10,stable,complete_cohort,107,low_score,False,0,0,5,False,False,False,False,12,False,0.0
supp_p10,stable,complete_cohort,108,low_score,False,0,0,5,False,False,False,False,12,False,0.0
supp_p10,stable,complete_cohort,109,low_score,False,0,0,5,False,False,False,False,11,False,0.0
supp_p10,stable,complete_cohort,110,low_score,False,0,0,5,False,False,False,False,9,False,0.0
supp_p10,stable,complete_cohort,111,low_score,False,0,0,5,False,False,False,False,9,False,0.0
supp_p10,stable,complete_cohort,112,low_score,False,0,0,5,False,False,False,False,11,False,0.0
supp_p10,stable,complete_cohort,113,low_score,False,0,0,5,False,False,False,False,11,False,0.0
supp_p10,stable,complete_cohort,114,low_score,False,0,0,5,False,False,False,False,13,False,0.0
supp_p10,stable,complete_cohort,115,low_score,False,0,0,5,False,False,False,False,10,False,0.0
supp_p10,stable,complete_cohort,116,low_score,False,0,0,5,False,False,False,False,10,False,0.0
supp_p10,stable,complete_cohort,117,low_score,False,0,0,5,False,False,False,False,11,False,0.0
supp_p10,stable,complete_cohort,118,low_score,False,0,0,5,False,False,True,True,17,False,0.11764705882352941
supp_p10,stable,complete_cohort,119,low_score,False,0,0,5,False,False,False,False,9,False,0.0
supp_p10,stable,complete_cohort,120,low_score,False,0,0,5,False,False,False,False,10,False,0.0
supp_p10,stable,complete_cohort,121,low_score,False,0,0,5,False,False,False,False,12,False,0.0
supp_p10,stable,complete_cohort,122,low_score,False,0,0,5,False,False,False,False,17,False,0.0
supp_p10,stable,complete_cohort,123,low_score,False,0,0,5,False,False,False,False,11,False,0.0
supp_p10,stable,complete_cohort,124,low_score,False,0,0,5,False,False,False,False,8,False,0.0
supp_p10,stable,complete_cohort,125,low_score,False,0,0,5,False,False,False,False,13,False,0.0
supp_p10,stable,complete_cohort,126,low_score,False,0,0,5,False,False,False,False,16,False,0.0
supp_p10,stable,complete_cohort,127,low_score,False,0,0,5,False,False,False,False,15,False,0.0
supp_p10,stable,complete_cohort,128,low_score,False,0,0,5,False,False,False,False,13,False,0.0
supp_p10,stable,complete_cohort,129,low_score,False,0,0,5,False,False,False,False,7,False,0.0
supp_p10,stable,complete_cohort,130,low_score,False,0,0,5,False,False,False,False,15,False,0.0
supp_p10,stable,complete_cohort,131,low_score,False,0,0,5,False,False,False,False,18,False,0.0
supp_p10,stable,complete_cohort,132,low_score,False,0,0,5,False,False,False,False,11,False,0.0
supp_p10,stable,complete_cohort,133,low_score,False,0,0,5,False,False,False,False,5,False,0.0
supp_p10,stable,complete_cohort,134,low_score,False,0,0,5,False,False,False,False,15,False,0.0
supp_p10,stable,complete_cohort,135,low_score,False,0,0,5,False,False,False,False,13,False,0.0
supp_p10,stable,complete_cohort,136,low_score,False,0,0,5,False,False,False,False,15,False,0.0
supp_p10,stable,complete_cohort,137,low_score,False,0,0,5,False,False,False,False,15,False,0.0
supp_p10,stable,complete_cohort,138,low_score,False,0,0,5,False,False,False,False,14,False,0.0
supp_p10,stable,complete_cohort,139,low_score,False,0,0,5,False,False,False,False,14,False,0.0
supp_p10,stable,complete_cohort,140,low_score,False,0,0,5,False,False,False,False,17,False,0.0
supp_p10,stable,complete_cohort,141,low_score,False,0,0,5,False,False,False,False,16,False,0.0
supp_p10,stable,complete_cohort,142,low_score,False,0,0,5,False,False,True,True,17,False,0.11764705882352941
supp_p10,stable,complete_cohort,143,low_score,False,0,0,5,False,False,False,False,17,False,0.0
supp_p10,stable,complete_cohort,144,low_score,False,0,0,5,False,False,False,False,8,False,0.0
supp_p10,stable,complete_cohort,147,low_score,False,0,0,5,False,False,False,False,14,False,0.0
supp_p10,stable,complete_cohort,148,low_score,False,0,0,5,False,False,False,False,15,False,0.0
supp_p10,stable,complete_cohort,149,low_score,False,0,0,5,False,False,False,False,12,False,0.0
supp_p10,stable,complete_cohort,150,low_score,False,0,0,5,False,False,False,False,15,False,0.0
supp_p10,stable,complete_cohort,151,low_score,False,0,0,5,False,False,False,False,16,False,0.0
supp_p10,stable,complete_cohort,152,low_score,False,0,0,5,False,False,False,False,17,False,0.0
supp_p10,stable,complete_cohort,153,low_score,False,0,0,5,False,False,False,False,14,False,0.0
supp_p10,stable,complete_cohort,154,low_score,False,0,0,5,False,False,False,False,8,False,0.0
supp_p10,stable,complete_cohort,155,low_score,False,0,0,5,False,False,False,False,10,False,0.0
supp_p10,stable,complete_cohort,156,low_score,False,0,0,5,False,False,False,False,16,False,0.0
supp_p10,stable,complete_cohort,157,low_score,False,0,0,5,False,False,False,False,9,False,0.0
supp_p10,stable,complete_cohort,158,low_score,False,0,0,5,False,False,False,False,12,False,0.0
supp_p10,stable,complete_cohort,159,low_score,False,0,0,5,False,False,False,False,13,False,0.0
supp_p10,stable,complete_cohort,160,low_score,False,0,0,5,False,False,False,False,14,False,0.0
supp_p10,stable,complete_cohort,161,low_score,False,0,0,5,False,False,False,False,15,False,0.0
supp_p10,stable,complete_cohort,162,low_score,False,0,0,5,False,False,False,False,20,False,0.0
supp_p10,stable,complete_cohort,163,low_score,False,0,0,5,False,False,False,False,18,False,0.0
supp_p10,stable,complete_cohort,164,low_score,False,0,0,5,False,False,False,False,13,False,0.0
supp_p10,stable,complete_cohort,165,low_score,False,0,0,5,False,False,False,False,16,False,0.0
supp_p10,stable,complete_cohort,166,low_score,False,0,0,5,False,False,False,False,18,False,0.0
supp_p10,stable,complete_cohort,167,low_score,False,0,0,5,False,False,False,False,12,False,0.0
supp_p10,stable,complete_cohort,168,low_score,False,0,0,5,False,False,False,False,8,False,0.0
supp_p10,stable,complete_cohort,169,low_score,False,0,0,5,False,False,False,False,13,False,0.0
supp_p10,stable,complete_cohort,170,low_score,False,0,0,5,False,False,False,False,12,False,0.0
supp_p10,stable,complete_cohort,172,low_score,False,0,0,5,False,False,False,False,12,False,0.0
supp_p10,stable,complete_cohort,174,low_score,False,0,0,5,False,False,False,False,15,False,0.0
supp_p10,stable,complete_cohort,175,low_score,False,0,0,5,False,False,False,False,14,False,0.0
supp_p10,stable,complete_cohort,176,low_score,False,0,0,5,False,False,False,False,11,False,0.0
supp_p10,stable,complete_cohort,177,low_score,False,0,0,5,False,False,False,False,12,False,0.0
supp_p10,stable,complete_cohort,178,low_score,False,0,0,5,False,False,False,False,10,False,0.0
supp_p10,stable,complete_cohort,179,low_score,False,0,0,5,False,False,False,False,18,False,0.0
supp_p10,stable,complete_cohort,180,low_score,False,0,0,5,False,False,False,False,17,False,0.0
supp_p10,stable,complete_cohort,181,low_score,False,0,0,5,False,False,False,False,11,False,0.0
supp_p10,stable,complete_cohort,182,low_score,False,0,0,5,False,False,False,False,9,False,0.0
supp_p10,stable,complete_cohort,183,low_score,False,0,0,5,False,False,False,False,15,False,0.0
supp_p10,app_quicksort,complete_cohort,2,uncertainty,False,0,0,5,False,False,False,True,44,False,0.4090909090909091
supp_p10,app_quicksort,complete_cohort,3,uncertainty,False,0,0,5,False,False,False,True,44,False,0.36363636363636365
supp_p10,app_quicksort,complete_cohort,4,uncertainty,False,0,0,5,False,False,False,True,44,False,0.09090909090909091
supp_p10,app_quicksort,complete_cohort,5,uncertainty,False,0,0,5,False,False,False,True,44,False,0.22727272727272727
supp_p10,app_quicksort,complete_cohort,6,uncertainty,False,0,0,5,False,False,False,True,44,False,0.36363636363636365
supp_p10,app_quicksort,complete_cohort,7,uncertainty,False,0,0,5,False,False,False,True,44,False,0.13636363636363635
supp_p10,app_quicksort,complete_cohort,9,uncertainty,False,0,0,5,False,False,False,True,44,False,0.22727272727272727
supp_p10,app_quicksort,complete_cohort,11,uncertainty,False,0,0,5,False,False,False,False,44,False,0.0
supp_p10,app_quicksort,complete_cohort,12,uncertainty,False,0,0,5,False,False,False,True,44,False,0.36363636363636365
supp_p10,app_quicksort,complete_cohort,13,uncertainty,False,0,0,5,False,False,False,True,44,False,0.09090909090909091
supp_p10,app_quicksort,complete_cohort,14,uncertainty,False,0,0,5,False,False,False,True,44,False,0.13636363636363635
supp_p10,app_quicksort,complete_cohort,15,uncertainty,False,0,0,5,False,False,False,True,44,False,0.2727272727272727
supp_p10,app_quicksort,complete_cohort,17,uncertainty,False,0,0,5,False,False,False,True,44,False,0.2727272727272727
supp_p10,app_quicksort,complete_cohort,19,uncertainty,False,0,0,5,False,False,False,True,44,False,0.18181818181818182
supp_p10,app_quicksort,complete_cohort,20,uncertainty,False,0,0,5,False,False,False,True,44,False,0.45454545454545453
supp_p10,app_quicksort,complete_cohort,21,uncertainty,False,0,0,5,False,False,False,True,44,False,0.09090909090909091
supp_p10,app_quicksort,complete_cohort,22,uncertainty,False,0,0,5,False,False,False,True,44,False,0.045454545454545456
supp_p10,app_quicksort,complete_cohort,23,uncertainty,False,0,0,5,False,False,False,True,44,False,0.3181818181818182
supp_p10,app_quicksort,complete_cohort,24,uncertainty,False,0,0,5,False,False,False,True,44,False,0.18181818181818182
supp_p10,app_quicksort,complete_cohort,25,uncertainty,False,0,0,5,False,False,False,True,44,False,0.13636363636363635
supp_p10,app_quicksort,complete_cohort,27,uncertainty,False,0,0,5,False,False,False,True,44,False,0.22727272727272727
supp_p10,app_quicksort,complete_cohort,28,uncertainty,False,0,0,5,False,False,False,True,44,False,0.2727272727272727
supp_p10,app_quicksort,complete_cohort,29,uncertainty,False,0,0,5,False,False,False,True,44,False,0.18181818181818182
supp_p10,app_quicksort,complete_cohort,30,uncertainty,False,0,0,5,False,False,False,True,44,False,0.36363636363636365
supp_p10,app_quicksort,complete_cohort,31,uncertainty,False,0,0,5,False,False,False,True,44,False,0.09090909090909091
supp_p10,app_quicksort,complete_cohort,39,uncertainty,False,0,0,5,False,False,False,True,44,False,0.3181818181818182
supp_p10,app_quicksort,complete_cohort,40,uncertainty,False,0,0,5,False,False,False,False,44,False,0.0
supp_p10,app_quicksort,complete_cohort,41,uncertainty,False,0,0,5,False,False,False,True,44,False,0.18181818181818182
supp_p10,app_quicksort,complete_cohort,42,uncertainty,False,0,0,5,False,False,False,True,44,False,0.13636363636363635
supp_p10,app_quicksort,complete_cohort,43,uncertainty,False,0,0,5,False,False,False,True,44,False,0.22727272727272727
supp_p10,app_quicksort,complete_cohort,44,uncertainty,False,0,0,5,False,False,False,True,44,False,0.2727272727272727
supp_p10,app_quicksort,complete_cohort,45,uncertainty,False,0,0,5,False,False,False,True,44,False,0.2727272727272727
supp_p10,app_quicksort,complete_cohort,46,uncertainty,False,0,0,5,False,False,False,True,44,False,0.045454545454545456
supp_p10,app_quicksort,complete_cohort,47,uncertainty,False,0,0,5,False,False,False,True,44,False,0.22727272727272727
supp_p10,app_quicksort,complete_cohort,48,uncertainty,False,0,0,5,False,False,False,True,44,False,0.2727272727272727
supp_p10,app_quicksort,complete_cohort,50,uncertainty,False,0,0,5,False,False,False,True,44,False,0.3181818181818182
supp_p10,app_quicksort,complete_cohort,51,uncertainty,False,0,0,5,False,False,False,True,44,False,0.09090909090909091
supp_p10,app_quicksort,complete_cohort,52,uncertainty,False,0,0,5,False,False,False,True,44,False,0.8181818181818182
supp_p10,app_quicksort,complete_cohort,53,uncertainty,False,0,0,5,False,False,False,False,44,False,0.0
supp_p10,app_quicksort,complete_cohort,54,uncertainty,False,0,0,5,False,False,False,True,44,False,0.3181818181818182
supp_p10,app_quicksort,complete_cohort,55,uncertainty,False,0,0,5,False,False,False,True,44,False,0.36363636363636365
supp_p10,app_quicksort,complete_cohort,56,uncertainty,False,0,0,5,False,False,False,True,44,False,0.3181818181818182
supp_p10,app_quicksort,complete_cohort,58,uncertainty,False,0,0,5,False,False,False,True,44,False,0.09090909090909091
supp_p10,app_quicksort,complete_cohort,59,uncertainty,False,0,0,5,False,False,False,True,44,False,0.36363636363636365
supp_p10,app_quicksort,complete_cohort,61,uncertainty,False,0,0,5,False,False,False,True,44,False,0.2727272727272727
supp_p10,app_quicksort,complete_cohort,62,uncertainty,False,0,0,5,False,False,False,True,44,False,0.4090909090909091
supp_p10,app_quicksort,complete_cohort,63,uncertainty,False,0,0,5,False,False,False,True,44,False,0.4090909090909091
supp_p10,app_quicksort,complete_cohort,64,uncertainty,False,0,0,5,False,False,False,True,44,False,0.4090909090909091
supp_p10,app_quicksort,complete_cohort,66,uncertainty,False,0,0,5,False,False,False,True,44,False,0.22727272727272727
supp_p10,app_quicksort,complete_cohort,67,uncertainty,False,0,0,5,False,False,False,True,44,False,0.22727272727272727
supp_p10,app_quicksort,complete_cohort,68,uncertainty,False,0,0,5,False,False,False,True,44,False,0.09090909090909091
supp_p10,app_quicksort,complete_cohort,70,uncertainty,False,0,0,5,False,False,False,False,44,False,0.0
supp_p10,app_quicksort,complete_cohort,71,uncertainty,False,0,0,5,False,False,False,True,44,False,0.2727272727272727
supp_p10,app_quicksort,complete_cohort,72,uncertainty,False,0,0,5,False,False,False,True,44,False,0.5
supp_p10,app_quicksort,complete_cohort,73,uncertainty,False,0,0,5,False,False,False,True,44,False,0.22727272727272727
supp_p10,app_quicksort,complete_cohort,74,uncertainty,False,0,0,5,False,False,False,False,44,False,0.0
supp_p10,app_quicksort,complete_cohort,76,uncertainty,False,0,0,5,False,False,False,False,44,False,0.0
supp_p10,app_quicksort,complete_cohort,77,uncertainty,False,0,0,5,False,False,False,True,44,False,0.3181818181818182
supp_p10,app_quicksort,complete_cohort,78,uncertainty,False,0,0,5,False,False,False,True,44,False,0.13636363636363635
supp_p10,app_quicksort,complete_cohort,79,uncertainty,False,0,0,5,False,False,False,True,44,False,0.22727272727272727
supp_p10,app_quicksort,complete_cohort,80,uncertainty,False,0,0,5,False,False,False,True,44,False,0.045454545454545456
supp_p10,app_quicksort,complete_cohort,81,uncertainty,False,0,0,5,False,False,False,False,44,False,0.0
supp_p10,app_quicksort,complete_cohort,82,uncertainty,False,0,0,5,False,False,False,False,44,False,0.0
supp_p10,app_quicksort,complete_cohort,83,uncertainty,False,0,0,5,False,False,False,True,44,False,0.5
supp_p10,app_quicksort,complete_cohort,84,uncertainty,False,0,0,5,False,False,False,True,44,False,0.2727272727272727
supp_p10,app_quicksort,complete_cohort,85,uncertainty,False,0,0,5,False,False,False,True,44,False,0.36363636363636365
supp_p10,app_quicksort,complete_cohort,86,uncertainty,False,0,0,5,False,False,False,True,44,False,0.18181818181818182
supp_p10,app_quicksort,complete_cohort,87,uncertainty,False,0,0,5,False,False,False,True,44,False,0.3181818181818182
supp_p10,app_quicksort,complete_cohort,88,uncertainty,False,0,0,5,False,False,False,True,44,False,0.18181818181818182
supp_p10,app_quicksort,complete_cohort,89,uncertainty,False,0,0,5,False,False,False,True,44,False,0.09090909090909091
supp_p10,app_quicksort,complete_cohort,90,uncertainty,False,0,0,5,False,False,False,True,44,False,0.045454545454545456
supp_p10,app_quicksort,complete_cohort,91,uncertainty,False,0,0,5,False,False,False,True,44,False,0.18181818181818182
supp_p10,app_quicksort,complete_cohort,92,uncertainty,False,0,0,5,False,False,False,True,44,False,0.13636363636363635
supp_p10,app_quicksort,complete_cohort,93,uncertainty,False,0,0,5,False,False,False,True,44,False,0.3181818181818182
supp_p10,app_quicksort,complete_cohort,94,uncertainty,False,0,0,5,False,False,False,True,44,False,0.18181818181818182
supp_p10,app_quicksort,complete_cohort,95,uncertainty,False,0,0,5,False,False,False,True,44,False,0.18181818181818182
supp_p10,app_quicksort,complete_cohort,96,uncertainty,False,0,0,5,False,False,False,True,44,False,0.3181818181818182
supp_p10,app_quicksort,complete_cohort,97,uncertainty,False,0,0,5,False,False,False,True,44,False,0.09090909090909091
supp_p10,app_quicksort,complete_cohort,98,uncertainty,False,0,0,5,False,False,False,True,44,False,0.13636363636363635
supp_p10,app_quicksort,complete_cohort,99,uncertainty,False,0,0,5,False,False,False,True,44,False,0.2727272727272727
supp_p10,app_quicksort,complete_cohort,100,uncertainty,False,0,0,5,False,False,False,True,44,False,0.09090909090909091
supp_p10,app_quicksort,complete_cohort,101,uncertainty,False,0,0,5,False,False,False,True,44,False,0.13636363636363635
supp_p10,app_quicksort,complete_cohort,102,uncertainty,False,0,0,5,False,False,False,True,44,False,0.13636363636363635
supp_p10,app_quicksort,complete_cohort,103,uncertainty,False,0,0,5,False,False,False,True,44,False,0.2727272727272727
supp_p10,app_quicksort,complete_cohort,104,uncertainty,False,0,0,5,False,False,False,True,44,False,0.22727272727272727
supp_p10,app_quicksort,complete_cohort,105,uncertainty,False,0,0,5,False,False,False,True,44,False,0.22727272727272727
supp_p10,app_quicksort,complete_cohort,106,uncertainty,False,0,0,5,False,False,False,True,44,False,0.13636363636363635
supp_p10,app_quicksort,complete_cohort,107,uncertainty,False,0,0,5,False,False,False,True,44,False,0.18181818181818182
supp_p10,app_quicksort,complete_cohort,108,uncertainty,False,0,0,5,False,False,False,True,44,False,0.22727272727272727
supp_p10,app_quicksort,complete_cohort,109,uncertainty,False,0,0,5,False,False,False,True,44,False,0.3181818181818182
supp_p10,app_quicksort,complete_cohort,110,uncertainty,False,0,0,5,False,False,False,True,44,False,0.2727272727272727
supp_p10,app_quicksort,complete_cohort,111,uncertainty,False,0,0,5,False,False,False,True,44,False,0.2727272727272727
supp_p10,app_quicksort,complete_cohort,112,uncertainty,False,0,0,5,False,False,False,True,44,False,0.3181818181818182
supp_p10,app_quicksort,complete_cohort,113,uncertainty,False,0,0,5,False,False,False,True,44,False,0.22727272727272727
supp_p10,app_quicksort,complete_cohort,114,uncertainty,False,0,0,5,False,False,False,True,44,False,0.09090909090909091
supp_p10,app_quicksort,complete_cohort,115,uncertainty,False,0,0,5,False,False,False,True,44,False,0.09090909090909091
supp_p10,app_quicksort,complete_cohort,116,uncertainty,False,0,0,5,False,False,False,True,44,False,0.09090909090909091
supp_p10,app_quicksort,complete_cohort,117,uncertainty,False,0,0,5,False,False,False,True,44,False,0.13636363636363635
supp_p10,app_quicksort,complete_cohort,118,uncertainty,False,0,0,5,True,False,True,True,44,False,0.4090909090909091
supp_p10,app_quicksort,complete_cohort,119,uncertainty,False,0,0,5,False,False,False,True,44,False,0.5909090909090909
supp_p10,app_quicksort,complete_cohort,120,uncertainty,False,0,0,5,False,False,False,True,44,False,0.36363636363636365
supp_p10,app_quicksort,complete_cohort,121,uncertainty,False,0,0,5,False,False,False,True,44,False,0.22727272727272727
supp_p10,app_quicksort,complete_cohort,122,uncertainty,False,0,0,5,False,False,False,True,44,False,0.09090909090909091
supp_p10,app_quicksort,complete_cohort,123,uncertainty,False,0,0,5,False,False,False,True,44,False,0.22727272727272727
supp_p10,app_quicksort,complete_cohort,124,uncertainty,False,0,0,5,False,False,False,True,44,False,0.36363636363636365
supp_p10,app_quicksort,complete_cohort,125,uncertainty,False,0,0,5,False,False,False,True,44,False,0.18181818181818182
supp_p10,app_quicksort,complete_cohort,126,uncertainty,False,0,0,5,False,False,False,True,44,False,0.09090909090909091
supp_p10,app_quicksort,complete_cohort,127,uncertainty,False,0,0,5,False,False,False,True,44,False,0.09090909090909091
supp_p10,app_quicksort,complete_cohort,128,uncertainty,False,0,0,5,False,False,False,True,44,False,0.18181818181818182
supp_p10,app_quicksort,complete_cohort,129,uncertainty,False,0,0,5,False,False,False,True,44,False,0.2727272727272727
supp_p10,app_quicksort,complete_cohort,130,uncertainty,False,0,0,5,False,False,False,True,44,False,0.18181818181818182
supp_p10,app_quicksort,complete_cohort,131,uncertainty,False,0,0,5,False,False,False,True,44,False,0.045454545454545456
supp_p10,app_quicksort,complete_cohort,132,uncertainty,False,0,0,5,False,False,False,True,44,False,0.3181818181818182
supp_p10,app_quicksort,complete_cohort,133,uncertainty,False,0,0,5,False,False,False,True,44,False,0.13636363636363635
supp_p10,app_quicksort,complete_cohort,134,uncertainty,False,0,0,5,False,False,False,False,44,False,0.0
supp_p10,app_quicksort,complete_cohort,135,uncertainty,False,0,0,5,False,False,False,True,44,False,0.09090909090909091
supp_p10,app_quicksort,complete_cohort,136,uncertainty,False,0,0,5,False,False,False,True,44,False,0.18181818181818182
supp_p10,app_quicksort,complete_cohort,137,uncertainty,False,0,0,5,False,False,False,False,44,False,0.0
supp_p10,app_quicksort,complete_cohort,138,uncertainty,False,0,0,5,False,False,False,True,44,False,0.18181818181818182
supp_p10,app_quicksort,complete_cohort,139,uncertainty,False,0,0,5,False,False,False,True,44,False,0.045454545454545456
supp_p10,app_quicksort,complete_cohort,140,uncertainty,False,0,0,5,False,False,False,True,44,False,0.13636363636363635
supp_p10,app_quicksort,complete_cohort,141,uncertainty,False,0,0,5,False,False,False,True,44,False,0.22727272727272727
supp_p10,app_quicksort,complete_cohort,142,uncertainty,False,0,0,5,True,False,True,True,44,False,0.045454545454545456
supp_p10,app_quicksort,complete_cohort,143,uncertainty,False,0,0,5,False,False,False,True,44,False,0.18181818181818182
supp_p10,app_quicksort,complete_cohort,144,uncertainty,False,0,0,5,False,False,False,True,44,False,0.3181818181818182
supp_p10,app_quicksort,complete_cohort,147,uncertainty,False,0,0,5,False,False,False,True,44,False,0.4090909090909091
supp_p10,app_quicksort,complete_cohort,148,uncertainty,False,0,0,5,False,False,False,True,44,False,0.045454545454545456
supp_p10,app_quicksort,complete_cohort,149,uncertainty,False,0,0,5,False,False,False,True,44,False,0.22727272727272727
supp_p10,app_quicksort,complete_cohort,150,uncertainty,False,0,0,5,False,False,False,True,44,False,0.2727272727272727
supp_p10,app_quicksort,complete_cohort,151,uncertainty,False,0,0,5,False,False,False,True,44,False,0.09090909090909091
supp_p10,app_quicksort,complete_cohort,152,uncertainty,False,0,0,5,False,False,False,False,44,False,0.0
supp_p10,app_quicksort,complete_cohort,153,uncertainty,False,0,0,5,False,False,False,True,44,False,0.4090909090909091
supp_p10,app_quicksort,complete_cohort,154,uncertainty,False,0,0,5,False,False,False,True,44,False,0.2727272727272727
supp_p10,app_quicksort,complete_cohort,155,uncertainty,False,0,0,5,False,False,False,True,44,False,0.2727272727272727
supp_p10,app_quicksort,complete_cohort,156,uncertainty,False,0,0,5,False,False,False,True,44,False,0.18181818181818182
supp_p10,app_quicksort,complete_cohort,157,uncertainty,False,0,0,5,False,False,False,True,44,False,0.18181818181818182
supp_p10,app_quicksort,complete_cohort,158,uncertainty,False,0,0,5,False,False,False,True,44,False,0.22727272727272727
supp_p10,app_quicksort,complete_cohort,159,uncertainty,False,0,0,5,False,False,False,True,44,False,0.13636363636363635
supp_p10,app_quicksort,complete_cohort,160,uncertainty,False,0,0,5,False,False,False,True,44,False,0.18181818181818182
supp_p10,app_quicksort,complete_cohort,161,uncertainty,False,0,0,5,False,False,False,True,44,False,0.13636363636363635
supp_p10,app_quicksort,complete_cohort,162,uncertainty,False,0,0,5,False,False,False,True,44,False,0.09090909090909091
supp_p10,app_quicksort,complete_cohort,163,uncertainty,False,0,0,5,False,False,False,True,44,False,0.18181818181818182
supp_p10,app_quicksort,complete_cohort,164,uncertainty,False,0,0,5,False,False,False,True,44,False,0.18181818181818182
supp_p10,app_quicksort,complete_cohort,165,uncertainty,False,0,0,5,False,False,False,True,44,False,0.2727272727272727
supp_p10,app_quicksort,complete_cohort,166,uncertainty,False,0,0,5,False,False,False,True,44,False,0.18181818181818182
supp_p10,app_quicksort,complete_cohort,167,uncertainty,False,0,0,5,False,False,False,False,44,False,0.0
supp_p10,app_quicksort,complete_cohort,168,uncertainty,False,0,0,5,False,False,False,True,44,False,0.22727272727272727
supp_p10,app_quicksort,complete_cohort,169,uncertainty,False,0,0,5,False,False,False,True,44,False,0.2727272727272727
supp_p10,app_quicksort,complete_cohort,170,uncertainty,False,0,0,5,False,False,False,True,44,False,0.22727272727272727
supp_p10,app_quicksort,complete_cohort,172,uncertainty,False,0,0,5,False,False,False,True,44,False,0.18181818181818182
supp_p10,app_quicksort,complete_cohort,174,uncertainty,False,0,0,5,False,False,False,True,44,False,0.13636363636363635
supp_p10,app_quicksort,complete_cohort,175,uncertainty,False,0,0,5,False,False,False,True,44,False,0.36363636363636365
supp_p10,app_quicksort,complete_cohort,176,uncertainty,False,0,0,5,False,False,False,True,44,False,0.2727272727272727
supp_p10,app_quicksort,complete_cohort,177,uncertainty,False,0,0,5,False,False,False,True,44,False,0.09090909090909091
supp_p10,app_quicksort,complete_cohort,178,uncertainty,False,0,0,5,False,False,False,True,44,False,0.13636363636363635
supp_p10,app_quicksort,complete_cohort,179,uncertainty,False,0,0,5,False,False,False,True,44,False,0.13636363636363635
supp_p10,app_quicksort,complete_cohort,180,uncertainty,False,0,0,5,False,False,False,True,44,False,0.045454545454545456
supp_p10,app_quicksort,complete_cohort,181,uncertainty,False,0,0,5,False,False,False,True,44,False,0.36363636363636365
supp_p10,app_quicksort,complete_cohort,182,uncertainty,False,0,0,5,False,False,False,True,44,False,0.5
supp_p10,app_quicksort,complete_cohort,183,uncertainty,False,0,0,5,False,False,False,True,44,False,0.22727272727272727
supp_p10,app_quicksort,complete_cohort,2,low_score,False,0,0,5,False,False,False,False,5,False,0.0
supp_p10,app_quicksort,complete_cohort,3,low_score,False,0,0,5,False,False,False,False,9,False,0.0
supp_p10,app_quicksort,complete_cohort,4,low_score,False,0,0,5,False,False,False,False,15,False,0.0
supp_p10,app_quicksort,complete_cohort,5,low_score,False,0,0,5,False,False,False,False,9,False,0.0
supp_p10,app_quicksort,complete_cohort,6,low_score,False,0,0,5,False,False,False,False,7,False,0.0
supp_p10,app_quicksort,complete_cohort,7,low_score,False,0,0,5,False,False,False,False,15,False,0.0
supp_p10,app_quicksort,complete_cohort,9,low_score,False,0,0,5,False,False,False,False,8,False,0.0
supp_p10,app_quicksort,complete_cohort,11,low_score,False,0,0,5,False,False,False,False,12,False,0.0
supp_p10,app_quicksort,complete_cohort,12,low_score,False,0,0,5,False,False,False,False,7,False,0.0
supp_p10,app_quicksort,complete_cohort,13,low_score,False,0,0,5,False,False,False,False,15,False,0.0
supp_p10,app_quicksort,complete_cohort,14,low_score,False,0,0,5,False,False,False,False,16,False,0.0
supp_p10,app_quicksort,complete_cohort,15,low_score,False,0,0,5,False,False,False,False,11,False,0.0
supp_p10,app_quicksort,complete_cohort,17,low_score,False,0,0,5,False,False,False,False,11,False,0.0
supp_p10,app_quicksort,complete_cohort,19,low_score,False,0,0,5,False,False,False,False,11,False,0.0
supp_p10,app_quicksort,complete_cohort,20,low_score,False,0,0,5,False,False,False,False,6,False,0.0
supp_p10,app_quicksort,complete_cohort,21,low_score,False,0,0,5,False,False,False,False,15,False,0.0
supp_p10,app_quicksort,complete_cohort,22,low_score,False,0,0,5,False,False,False,False,16,False,0.0
supp_p10,app_quicksort,complete_cohort,23,low_score,False,0,0,5,False,False,False,False,12,False,0.0
supp_p10,app_quicksort,complete_cohort,24,low_score,False,0,0,5,False,False,False,False,9,False,0.0
supp_p10,app_quicksort,complete_cohort,25,low_score,False,0,0,5,False,False,False,False,11,False,0.0
supp_p10,app_quicksort,complete_cohort,27,low_score,False,0,0,5,False,False,False,False,13,False,0.0
supp_p10,app_quicksort,complete_cohort,28,low_score,False,0,0,5,False,False,False,False,10,False,0.0
supp_p10,app_quicksort,complete_cohort,29,low_score,False,0,0,5,False,False,False,False,9,False,0.0
supp_p10,app_quicksort,complete_cohort,30,low_score,False,0,0,5,False,False,False,False,6,False,0.0
supp_p10,app_quicksort,complete_cohort,31,low_score,False,0,0,5,False,False,False,False,10,False,0.0
supp_p10,app_quicksort,complete_cohort,39,low_score,False,0,0,5,False,False,False,False,8,False,0.0
supp_p10,app_quicksort,complete_cohort,40,low_score,False,0,0,5,False,False,False,False,6,False,0.0
supp_p10,app_quicksort,complete_cohort,41,low_score,False,0,0,5,False,False,False,False,9,False,0.0
supp_p10,app_quicksort,complete_cohort,42,low_score,False,0,0,5,False,False,False,False,12,False,0.0
supp_p10,app_quicksort,complete_cohort,43,low_score,False,0,0,5,False,False,False,False,10,False,0.0
supp_p10,app_quicksort,complete_cohort,44,low_score,False,0,0,5,False,False,False,False,7,False,0.0
supp_p10,app_quicksort,complete_cohort,45,low_score,False,0,0,5,False,False,False,False,8,False,0.0
supp_p10,app_quicksort,complete_cohort,46,low_score,False,0,0,5,False,False,False,False,12,False,0.0
supp_p10,app_quicksort,complete_cohort,47,low_score,False,0,0,5,False,False,False,False,8,False,0.0
supp_p10,app_quicksort,complete_cohort,48,low_score,False,0,0,5,False,False,False,False,14,False,0.0
supp_p10,app_quicksort,complete_cohort,50,low_score,False,0,0,5,False,False,False,False,7,False,0.0
supp_p10,app_quicksort,complete_cohort,51,low_score,False,0,0,5,False,False,False,False,17,False,0.0
supp_p10,app_quicksort,complete_cohort,52,low_score,False,0,0,5,False,False,False,False,15,False,0.0
supp_p10,app_quicksort,complete_cohort,53,low_score,False,0,0,5,False,False,False,False,17,False,0.0
supp_p10,app_quicksort,complete_cohort,54,low_score,False,0,0,5,False,False,False,False,8,False,0.0
supp_p10,app_quicksort,complete_cohort,55,low_score,False,0,0,5,False,False,False,False,9,False,0.0
supp_p10,app_quicksort,complete_cohort,56,low_score,False,0,0,5,False,False,False,False,5,False,0.0
supp_p10,app_quicksort,complete_cohort,58,low_score,False,0,0,5,False,False,False,False,14,False,0.0
supp_p10,app_quicksort,complete_cohort,59,low_score,False,0,0,5,False,False,False,False,6,False,0.0
supp_p10,app_quicksort,complete_cohort,61,low_score,False,0,0,5,False,False,False,False,9,False,0.0
supp_p10,app_quicksort,complete_cohort,62,low_score,False,0,0,5,False,False,False,False,9,False,0.0
supp_p10,app_quicksort,complete_cohort,63,low_score,False,0,0,5,False,False,False,False,6,False,0.0
supp_p10,app_quicksort,complete_cohort,64,low_score,False,0,0,5,False,False,False,False,5,False,0.0
supp_p10,app_quicksort,complete_cohort,66,low_score,False,0,0,5,False,False,False,False,7,False,0.0
supp_p10,app_quicksort,complete_cohort,67,low_score,False,0,0,5,False,False,False,False,14,False,0.0
supp_p10,app_quicksort,complete_cohort,68,low_score,False,0,0,5,False,False,False,False,12,False,0.0
supp_p10,app_quicksort,complete_cohort,70,low_score,False,0,0,5,False,False,False,False,16,False,0.0
supp_p10,app_quicksort,complete_cohort,71,low_score,False,0,0,5,False,False,False,False,11,False,0.0
supp_p10,app_quicksort,complete_cohort,72,low_score,False,0,0,4,False,False,False,False,4,False,0.0
supp_p10,app_quicksort,complete_cohort,73,low_score,False,0,0,5,False,False,False,False,9,False,0.0
supp_p10,app_quicksort,complete_cohort,74,low_score,False,0,0,5,False,False,False,False,15,False,0.0
supp_p10,app_quicksort,complete_cohort,76,low_score,False,0,0,5,False,False,False,False,21,False,0.0
supp_p10,app_quicksort,complete_cohort,77,low_score,False,0,0,5,False,False,False,False,12,False,0.0
supp_p10,app_quicksort,complete_cohort,78,low_score,False,0,0,5,False,False,False,False,11,False,0.0
supp_p10,app_quicksort,complete_cohort,79,low_score,False,0,0,5,False,False,False,False,5,False,0.0
supp_p10,app_quicksort,complete_cohort,80,low_score,False,0,0,5,False,False,False,False,18,False,0.0
supp_p10,app_quicksort,complete_cohort,81,low_score,False,0,0,3,False,False,False,False,3,False,0.0
supp_p10,app_quicksort,complete_cohort,82,low_score,False,0,0,5,False,False,False,False,9,False,0.0
supp_p10,app_quicksort,complete_cohort,83,low_score,False,0,0,5,False,False,False,False,5,False,0.0
supp_p10,app_quicksort,complete_cohort,84,low_score,False,0,0,5,False,False,False,False,5,False,0.0
supp_p10,app_quicksort,complete_cohort,85,low_score,False,0,0,5,False,False,False,False,6,False,0.0
supp_p10,app_quicksort,complete_cohort,86,low_score,False,0,0,5,False,False,False,False,17,False,0.0
supp_p10,app_quicksort,complete_cohort,87,low_score,False,0,0,5,False,False,False,False,10,False,0.0
supp_p10,app_quicksort,complete_cohort,88,low_score,False,0,0,5,False,False,False,False,10,False,0.0
supp_p10,app_quicksort,complete_cohort,89,low_score,False,0,0,5,False,False,False,False,13,False,0.0
supp_p10,app_quicksort,complete_cohort,90,low_score,False,0,0,5,False,False,False,False,19,False,0.0
supp_p10,app_quicksort,complete_cohort,91,low_score,False,0,0,5,False,False,False,False,19,False,0.0
supp_p10,app_quicksort,complete_cohort,92,low_score,False,0,0,5,False,False,False,False,12,False,0.0
supp_p10,app_quicksort,complete_cohort,93,low_score,False,0,0,5,False,False,False,False,9,False,0.0
supp_p10,app_quicksort,complete_cohort,94,low_score,False,0,0,5,False,False,False,False,13,False,0.0
supp_p10,app_quicksort,complete_cohort,95,low_score,False,0,0,5,False,False,False,False,14,False,0.0
supp_p10,app_quicksort,complete_cohort,96,low_score,False,0,0,5,False,False,False,False,10,False,0.0
supp_p10,app_quicksort,complete_cohort,97,low_score,False,0,0,5,False,False,False,False,9,False,0.0
supp_p10,app_quicksort,complete_cohort,98,low_score,False,0,0,5,False,False,False,False,11,False,0.0
supp_p10,app_quicksort,complete_cohort,99,low_score,False,0,0,5,False,False,False,False,8,False,0.0
supp_p10,app_quicksort,complete_cohort,100,low_score,False,0,0,5,False,False,False,False,16,False,0.0
supp_p10,app_quicksort,complete_cohort,101,low_score,False,0,0,5,False,False,False,False,15,False,0.0
supp_p10,app_quicksort,complete_cohort,102,low_score,False,0,0,5,False,False,False,False,11,False,0.0
supp_p10,app_quicksort,complete_cohort,103,low_score,False,0,0,5,False,False,False,False,11,False,0.0
supp_p10,app_quicksort,complete_cohort,104,low_score,False,0,0,5,False,False,False,False,14,False,0.0
supp_p10,app_quicksort,complete_cohort,105,low_score,False,0,0,5,False,False,False,False,10,False,0.0
supp_p10,app_quicksort,complete_cohort,106,low_score,False,0,0,5,False,False,False,False,13,False,0.0
supp_p10,app_quicksort,complete_cohort,107,low_score,False,0,0,5,False,False,False,False,12,False,0.0
supp_p10,app_quicksort,complete_cohort,108,low_score,False,0,0,5,False,False,False,False,12,False,0.0
supp_p10,app_quicksort,complete_cohort,109,low_score,False,0,0,5,False,False,False,False,11,False,0.0
supp_p10,app_quicksort,complete_cohort,110,low_score,False,0,0,5,False,False,False,False,9,False,0.0
supp_p10,app_quicksort,complete_cohort,111,low_score,False,0,0,5,False,False,False,False,9,False,0.0
supp_p10,app_quicksort,complete_cohort,112,low_score,False,0,0,5,False,False,False,False,11,False,0.0
supp_p10,app_quicksort,complete_cohort,113,low_score,False,0,0,5,False,False,False,False,11,False,0.0
supp_p10,app_quicksort,complete_cohort,114,low_score,False,0,0,5,False,False,False,False,13,False,0.0
supp_p10,app_quicksort,complete_cohort,115,low_score,False,0,0,5,False,False,False,False,10,False,0.0
supp_p10,app_quicksort,complete_cohort,116,low_score,False,0,0,5,False,False,False,False,10,False,0.0
supp_p10,app_quicksort,complete_cohort,117,low_score,False,0,0,5,False,False,False,False,11,False,0.0
supp_p10,app_quicksort,complete_cohort,118,low_score,False,0,0,5,False,False,True,True,17,False,0.11764705882352941
supp_p10,app_quicksort,complete_cohort,119,low_score,False,0,0,5,False,False,False,False,9,False,0.0
supp_p10,app_quicksort,complete_cohort,120,low_score,False,0,0,5,False,False,False,False,10,False,0.0
supp_p10,app_quicksort,complete_cohort,121,low_score,False,0,0,5,False,False,False,False,12,False,0.0
supp_p10,app_quicksort,complete_cohort,122,low_score,False,0,0,5,False,False,False,False,17,False,0.0
supp_p10,app_quicksort,complete_cohort,123,low_score,False,0,0,5,False,False,False,False,11,False,0.0
supp_p10,app_quicksort,complete_cohort,124,low_score,False,0,0,5,False,False,False,False,8,False,0.0
supp_p10,app_quicksort,complete_cohort,125,low_score,False,0,0,5,False,False,False,False,13,False,0.0
supp_p10,app_quicksort,complete_cohort,126,low_score,False,0,0,5,False,False,False,False,16,False,0.0
supp_p10,app_quicksort,complete_cohort,127,low_score,False,0,0,5,False,False,False,False,15,False,0.0
supp_p10,app_quicksort,complete_cohort,128,low_score,False,0,0,5,False,False,False,False,13,False,0.0
supp_p10,app_quicksort,complete_cohort,129,low_score,False,0,0,5,False,False,False,False,7,False,0.0
supp_p10,app_quicksort,complete_cohort,130,low_score,False,0,0,5,False,False,False,False,15,False,0.0
supp_p10,app_quicksort,complete_cohort,131,low_score,False,0,0,5,False,False,False,False,18,False,0.0
supp_p10,app_quicksort,complete_cohort,132,low_score,False,0,0,5,False,False,False,False,11,False,0.0
supp_p10,app_quicksort,complete_cohort,133,low_score,False,0,0,5,False,False,False,False,5,False,0.0
supp_p10,app_quicksort,complete_cohort,134,low_score,False,0,0,5,False,False,False,False,15,False,0.0
supp_p10,app_quicksort,complete_cohort,135,low_score,False,0,0,5,False,False,False,False,13,False,0.0
supp_p10,app_quicksort,complete_cohort,136,low_score,False,0,0,5,False,False,False,False,15,False,0.0
supp_p10,app_quicksort,complete_cohort,137,low_score,False,0,0,5,False,False,False,False,15,False,0.0
supp_p10,app_quicksort,complete_cohort,138,low_score,False,0,0,5,False,False,False,False,14,False,0.0
supp_p10,app_quicksort,complete_cohort,139,low_score,False,0,0,5,False,False,False,False,14,False,0.0
supp_p10,app_quicksort,complete_cohort,140,low_score,False,0,0,5,False,False,False,False,17,False,0.0
supp_p10,app_quicksort,complete_cohort,141,low_score,False,0,0,5,False,False,False,False,16,False,0.0
supp_p10,app_quicksort,complete_cohort,142,low_score,False,0,0,5,False,False,True,True,17,False,0.11764705882352941
supp_p10,app_quicksort,complete_cohort,143,low_score,False,0,0,5,False,False,False,False,17,False,0.0
supp_p10,app_quicksort,complete_cohort,144,low_score,False,0,0,5,False,False,False,False,8,False,0.0
supp_p10,app_quicksort,complete_cohort,147,low_score,False,0,0,5,False,False,False,False,14,False,0.0
supp_p10,app_quicksort,complete_cohort,148,low_score,False,0,0,5,False,False,False,False,15,False,0.0
supp_p10,app_quicksort,complete_cohort,149,low_score,False,0,0,5,False,False,False,False,12,False,0.0
supp_p10,app_quicksort,complete_cohort,150,low_score,False,0,0,5,False,False,False,False,15,False,0.0
supp_p10,app_quicksort,complete_cohort,151,low_score,False,0,0,5,False,False,False,False,16,False,0.0
supp_p10,app_quicksort,complete_cohort,152,low_score,False,0,0,5,False,False,False,False,17,False,0.0
supp_p10,app_quicksort,complete_cohort,153,low_score,False,0,0,5,False,False,False,False,14,False,0.0
supp_p10,app_quicksort,complete_cohort,154,low_score,False,0,0,5,False,False,False,False,8,False,0.0
supp_p10,app_quicksort,complete_cohort,155,low_score,False,0,0,5,False,False,False,False,10,False,0.0
supp_p10,app_quicksort,complete_cohort,156,low_score,False,0,0,5,False,False,False,False,16,False,0.0
supp_p10,app_quicksort,complete_cohort,157,low_score,False,0,0,5,False,False,False,False,9,False,0.0
supp_p10,app_quicksort,complete_cohort,158,low_score,False,0,0,5,False,False,False,False,12,False,0.0
supp_p10,app_quicksort,complete_cohort,159,low_score,False,0,0,5,False,False,False,False,13,False,0.0
supp_p10,app_quicksort,complete_cohort,160,low_score,False,0,0,5,False,False,False,False,14,False,0.0
supp_p10,app_quicksort,complete_cohort,161,low_score,False,0,0,5,False,False,False,False,15,False,0.0
supp_p10,app_quicksort,complete_cohort,162,low_score,False,0,0,5,False,False,False,False,20,False,0.0
supp_p10,app_quicksort,complete_cohort,163,low_score,False,0,0,5,False,False,False,False,18,False,0.0
supp_p10,app_quicksort,complete_cohort,164,low_score,False,0,0,5,False,False,False,False,13,False,0.0
supp_p10,app_quicksort,complete_cohort,165,low_score,False,0,0,5,False,False,False,False,16,False,0.0
supp_p10,app_quicksort,complete_cohort,166,low_score,False,0,0,5,False,False,False,False,18,False,0.0
supp_p10,app_quicksort,complete_cohort,167,low_score,False,0,0,5,False,False,False,False,12,False,0.0
supp_p10,app_quicksort,complete_cohort,168,low_score,False,0,0,5,False,False,False,False,8,False,0.0
supp_p10,app_quicksort,complete_cohort,169,low_score,False,0,0,5,False,False,False,False,13,False,0.0
supp_p10,app_quicksort,complete_cohort,170,low_score,False,0,0,5,False,False,False,False,12,False,0.0
supp_p10,app_quicksort,complete_cohort,172,low_score,False,0,0,5,False,False,False,False,12,False,0.0
supp_p10,app_quicksort,complete_cohort,174,low_score,False,0,0,5,False,False,False,False,15,False,0.0
supp_p10,app_quicksort,complete_cohort,175,low_score,False,0,0,5,False,False,False,False,14,False,0.0
supp_p10,app_quicksort,complete_cohort,176,low_score,False,0,0,5,False,False,False,False,11,False,0.0
supp_p10,app_quicksort,complete_cohort,177,low_score,False,0,0,5,False,False,False,False,12,False,0.0
supp_p10,app_quicksort,complete_cohort,178,low_score,False,0,0,5,False,False,False,False,10,False,0.0
supp_p10,app_quicksort,complete_cohort,179,low_score,False,0,0,5,False,False,False,False,18,False,0.0
supp_p10,app_quicksort,complete_cohort,180,low_score,False,0,0,5,False,False,False,False,17,False,0.0
supp_p10,app_quicksort,complete_cohort,181,low_score,False,0,0,5,False,False,False,False,11,False,0.0
supp_p10,app_quicksort,complete_cohort,182,low_score,False,0,0,5,False,False,False,False,9,False,0.0
supp_p10,app_quicksort,complete_cohort,183,low_score,False,0,0,5,False,False,False,False,15,False,0.0
supp_p20,stable,demonstration,1,uncertainty,False,0,0,5,False,False,False,True,44,False,0.5909090909090909
supp_p20,stable,demonstration,2,uncertainty,False,0,0,5,True,False,True,True,44,False,0.5909090909090909
supp_p20,stable,demonstration,3,uncertainty,False,0,0,5,True,False,True,True,44,False,0.3181818181818182
supp_p20,stable,demonstration,4,uncertainty,False,0,0,5,False,False,False,True,44,False,0.6818181818181818
supp_p20,stable,demonstration,5,uncertainty,False,0,0,5,False,False,False,True,44,False,0.5454545454545454
supp_p20,stable,demonstration,6,uncertainty,False,0,0,5,True,False,True,True,44,False,0.45454545454545453
supp_p20,stable,demonstration,7,uncertainty,False,0,0,5,True,False,True,True,44,False,0.2727272727272727
supp_p20,stable,demonstration,8,uncertainty,True,1,1,4,True,False,True,True,44,False,0.22727272727272727
supp_p20,stable,demonstration,9,uncertainty,False,0,0,5,False,False,False,True,44,False,0.5909090909090909
supp_p20,stable,demonstration,10,uncertainty,False,0,0,5,False,False,False,True,44,False,0.4090909090909091
supp_p20,stable,demonstration,1,low_score,False,0,0,5,False,False,False,False,5,False,0.0
supp_p20,stable,demonstration,2,low_score,False,0,0,5,False,False,True,True,9,False,0.2222222222222222
supp_p20,stable,demonstration,3,low_score,False,0,0,5,False,False,True,True,15,False,0.13333333333333333
supp_p20,stable,demonstration,4,low_score,False,0,0,5,False,False,False,False,7,False,0.0
supp_p20,stable,demonstration,5,low_score,False,0,0,5,False,False,False,False,8,False,0.0
supp_p20,stable,demonstration,6,low_score,False,0,0,5,False,False,True,True,10,False,0.4
supp_p20,stable,demonstration,7,low_score,False,0,0,5,False,False,True,True,17,False,0.11764705882352941
supp_p20,stable,demonstration,8,low_score,False,0,0,5,False,False,True,True,19,False,0.3157894736842105
supp_p20,stable,demonstration,9,low_score,False,0,0,5,False,False,False,False,5,False,0.0
supp_p20,stable,demonstration,10,low_score,False,0,0,5,False,False,False,False,12,False,0.0
supp_p20,app_quicksort,demonstration,1,uncertainty,False,0,0,5,False,False,False,True,44,False,0.5909090909090909
supp_p20,app_quicksort,demonstration,2,uncertainty,False,0,0,5,True,False,True,True,44,False,0.5909090909090909
supp_p20,app_quicksort,demonstration,3,uncertainty,False,0,0,5,True,False,True,True,44,False,0.3181818181818182
supp_p20,app_quicksort,demonstration,4,uncertainty,False,0,0,5,False,True,True,True,44,False,1.3636363636363635
supp_p20,app_quicksort,demonstration,5,uncertainty,False,0,0,5,False,False,False,True,44,False,0.5454545454545454
supp_p20,app_quicksort,demonstration,6,uncertainty,False,0,0,5,True,False,True,True,44,False,0.6363636363636364
supp_p20,app_quicksort,demonstration,7,uncertainty,False,0,0,5,True,False,True,True,44,False,0.2727272727272727
supp_p20,app_quicksort,demonstration,8,uncertainty,True,1,1,4,True,False,True,True,44,False,0.22727272727272727
supp_p20,app_quicksort,demonstration,9,uncertainty,False,0,0,5,False,False,False,True,44,False,0.5909090909090909
supp_p20,app_quicksort,demonstration,10,uncertainty,False,0,0,5,False,False,False,True,44,False,0.4090909090909091
supp_p20,app_quicksort,demonstration,1,low_score,False,0,0,5,False,False,False,False,5,False,0.0
supp_p20,app_quicksort,demonstration,2,low_score,False,0,0,5,False,False,True,True,9,False,0.2222222222222222
supp_p20,app_quicksort,demonstration,3,low_score,False,0,0,5,False,False,True,True,15,False,0.13333333333333333
supp_p20,app_quicksort,demonstration,4,low_score,False,0,0,5,False,False,False,False,7,False,0.0
supp_p20,app_quicksort,demonstration,5,low_score,False,0,0,5,False,False,False,False,8,False,0.0
supp_p20,app_quicksort,demonstration,6,low_score,False,0,0,5,False,False,True,True,10,False,0.4
supp_p20,app_quicksort,demonstration,7,low_score,False,0,0,5,False,False,True,True,17,False,0.11764705882352941
supp_p20,app_quicksort,demonstration,8,low_score,False,0,0,5,False,False,True,True,19,False,0.3157894736842105
supp_p20,app_quicksort,demonstration,9,low_score,False,0,0,5,False,False,False,False,5,False,0.0
supp_p20,app_quicksort,demonstration,10,low_score,False,0,0,5,False,False,False,False,12,False,0.0
supp_p20,stable,reference,159,uncertainty,True,1,1,4,True,False,True,True,44,False,0.5454545454545454
supp_p20,stable,reference,42,uncertainty,False,0,0,5,False,False,False,True,44,False,0.2727272727272727
supp_p20,stable,reference,64,uncertainty,False,0,0,5,False,False,False,True,44,False,0.6818181818181818
supp_p20,stable,reference,12,uncertainty,False,0,0,5,False,False,False,True,44,False,0.6818181818181818
supp_p20,stable,reference,160,uncertainty,False,0,0,5,True,False,True,True,44,False,0.36363636363636365
supp_p20,stable,reference,155,uncertainty,False,0,0,5,False,False,False,True,44,False,0.5454545454545454
supp_p20,stable,reference,11,uncertainty,False,0,0,5,True,False,True,True,44,False,0.045454545454545456
supp_p20,stable,reference,124,uncertainty,False,0,0,5,False,False,False,True,44,False,0.5909090909090909
supp_p20,stable,reference,169,uncertainty,True,1,1,4,True,False,True,True,44,False,0.6818181818181818
supp_p20,stable,reference,106,uncertainty,False,0,0,5,False,False,False,True,44,False,0.3181818181818182
supp_p20,stable,reference,157,uncertainty,False,0,0,5,False,False,False,True,44,False,0.4090909090909091
supp_p20,stable,reference,126,uncertainty,False,0,0,5,True,False,True,True,44,False,0.3181818181818182
supp_p20,stable,reference,55,uncertainty,False,0,0,5,False,False,False,True,44,False,0.5909090909090909
supp_p20,stable,reference,113,uncertainty,False,0,0,5,True,False,True,True,44,False,0.5
supp_p20,stable,reference,158,uncertainty,False,0,0,5,False,False,False,True,44,False,0.3181818181818182
supp_p20,stable,reference,165,uncertainty,False,0,0,5,False,False,True,True,44,False,0.5
supp_p20,stable,reference,178,uncertainty,False,0,0,5,False,False,False,True,44,False,0.36363636363636365
supp_p20,stable,reference,133,uncertainty,False,0,0,5,False,False,False,True,44,False,0.4090909090909091
supp_p20,stable,reference,78,uncertainty,False,0,0,5,True,False,True,True,44,False,0.4090909090909091
supp_p20,stable,reference,70,uncertainty,False,0,0,5,False,False,True,True,44,False,0.2727272727272727
supp_p20,stable,reference,176,uncertainty,False,0,0,5,False,False,False,True,44,False,0.36363636363636365
supp_p20,stable,reference,17,uncertainty,False,0,0,5,False,False,False,True,44,False,0.5
supp_p20,stable,reference,136,uncertainty,True,1,1,4,True,False,True,True,44,False,0.45454545454545453
supp_p20,stable,reference,76,uncertainty,False,0,0,5,False,False,False,True,44,False,0.045454545454545456
supp_p20,stable,reference,82,uncertainty,False,0,0,5,False,False,False,True,44,False,0.09090909090909091
supp_p20,stable,reference,114,uncertainty,True,1,1,4,True,False,True,True,44,False,0.4090909090909091
supp_p20,stable,reference,168,uncertainty,False,0,0,5,False,False,False,True,44,False,0.4090909090909091
supp_p20,stable,reference,28,uncertainty,True,1,1,4,True,False,True,True,44,False,0.5454545454545454
supp_p20,stable,reference,39,uncertainty,False,0,0,5,True,False,True,True,44,False,0.45454545454545453
supp_p20,stable,reference,50,uncertainty,False,0,0,5,False,False,False,True,44,False,0.5
supp_p20,stable,reference,61,uncertainty,False,0,0,5,True,False,True,True,44,False,0.5454545454545454
supp_p20,stable,reference,100,uncertainty,True,1,1,4,True,False,True,True,44,False,0.4090909090909091
supp_p20,stable,reference,130,uncertainty,False,0,0,5,False,False,False,True,44,False,0.22727272727272727
supp_p20,stable,reference,141,uncertainty,False,0,0,5,False,False,False,True,44,False,0.36363636363636365
supp_p20,stable,reference,53,uncertainty,False,0,0,5,False,False,True,True,44,False,0.22727272727272727
supp_p20,stable,reference,73,uncertainty,False,0,0,5,True,False,True,True,44,False,0.5909090909090909
supp_p20,stable,reference,9,uncertainty,False,0,0,5,False,False,False,True,44,False,0.5454545454545454
supp_p20,stable,reference,6,uncertainty,False,0,0,5,True,False,True,True,44,False,0.5
supp_p20,stable,reference,31,uncertainty,False,0,0,5,False,False,False,True,44,False,0.3181818181818182
supp_p20,stable,reference,94,uncertainty,False,0,0,5,True,False,True,True,44,False,0.5454545454545454
supp_p20,stable,reference,58,uncertainty,False,0,0,5,True,False,True,True,44,False,0.36363636363636365
supp_p20,stable,reference,177,uncertainty,False,0,0,5,True,False,True,True,44,False,0.4090909090909091
supp_p20,stable,reference,48,uncertainty,False,0,0,5,True,False,True,True,44,False,0.45454545454545453
supp_p20,stable,reference,164,uncertainty,False,0,0,5,False,False,False,True,44,False,0.2727272727272727
supp_p20,stable,reference,67,uncertainty,False,0,0,5,False,False,False,True,44,False,0.2727272727272727
supp_p20,stable,reference,118,uncertainty,False,0,0,5,True,False,True,True,44,False,0.8636363636363636
supp_p20,stable,reference,79,uncertainty,False,0,0,5,False,False,False,True,44,False,0.6818181818181818
supp_p20,stable,reference,122,uncertainty,False,0,0,5,True,False,True,True,44,False,0.3181818181818182
supp_p20,stable,reference,54,uncertainty,False,0,0,5,False,False,False,True,44,False,0.45454545454545453
supp_p20,stable,reference,151,uncertainty,False,0,0,5,True,False,True,True,44,False,0.4090909090909091
supp_p20,stable,reference,103,uncertainty,False,0,0,5,True,False,True,True,44,False,0.5
supp_p20,stable,reference,137,uncertainty,False,0,0,5,True,False,True,True,44,False,0.045454545454545456
supp_p20,stable,reference,132,uncertainty,False,0,0,5,True,False,True,True,44,False,0.5454545454545454
supp_p20,stable,reference,143,uncertainty,True,1,1,4,True,False,True,True,44,False,0.36363636363636365
supp_p20,stable,reference,107,uncertainty,False,0,0,5,True,False,True,True,44,False,0.3181818181818182
supp_p20,stable,reference,119,uncertainty,False,0,0,5,False,False,False,True,44,False,0.5
supp_p20,stable,reference,109,uncertainty,False,0,0,5,False,False,False,True,44,False,0.36363636363636365
supp_p20,stable,reference,84,uncertainty,False,0,0,5,False,False,False,True,44,False,0.5
supp_p20,stable,reference,135,uncertainty,False,0,0,5,True,False,True,True,44,False,0.45454545454545453
supp_p20,stable,reference,125,uncertainty,False,0,0,5,True,False,True,True,44,False,0.36363636363636365
supp_p20,stable,reference,161,uncertainty,False,0,0,5,False,False,False,True,44,False,0.2727272727272727
supp_p20,stable,reference,4,uncertainty,False,0,0,5,True,False,True,True,44,False,0.36363636363636365
supp_p20,stable,reference,72,uncertainty,False,0,0,5,False,False,False,True,44,False,0.5909090909090909
supp_p20,stable,reference,68,uncertainty,False,0,0,5,True,False,True,True,44,False,0.36363636363636365
supp_p20,stable,reference,175,uncertainty,True,1,1,4,True,False,True,True,44,False,0.6363636363636364
supp_p20,stable,reference,182,uncertainty,False,0,0,5,False,False,False,True,44,False,0.6818181818181818
supp_p20,stable,reference,134,uncertainty,False,0,0,5,False,False,False,True,44,False,0.045454545454545456
supp_p20,stable,reference,105,uncertainty,False,0,0,5,True,False,True,True,44,False,0.6363636363636364
supp_p20,stable,reference,43,uncertainty,False,0,0,5,True,False,True,True,44,False,0.5
supp_p20,stable,reference,139,uncertainty,True,1,1,4,True,False,True,True,44,False,0.4090909090909091
supp_p20,stable,reference,3,uncertainty,False,0,0,5,False,False,False,True,44,False,0.5454545454545454
supp_p20,stable,reference,62,uncertainty,False,0,0,5,False,False,False,True,44,False,0.5
supp_p20,stable,reference,5,uncertainty,False,0,0,5,True,False,True,True,44,False,0.5909090909090909
supp_p20,stable,reference,66,uncertainty,False,0,0,5,True,False,True,True,44,False,0.7272727272727273
supp_p20,stable,reference,180,uncertainty,True,1,1,4,True,False,True,True,44,False,0.3181818181818182
supp_p20,stable,reference,30,uncertainty,False,0,0,5,False,False,False,True,44,False,0.5
supp_p20,stable,reference,149,uncertainty,False,0,0,5,True,False,True,True,44,False,0.5454545454545454
supp_p20,stable,reference,110,uncertainty,False,0,0,5,True,False,True,True,44,False,0.45454545454545453
supp_p20,stable,reference,13,uncertainty,True,1,1,4,True,False,True,True,44,False,0.2727272727272727
supp_p20,stable,reference,7,uncertainty,False,0,0,5,True,False,True,True,44,False,0.3181818181818182
supp_p20,stable,reference,87,uncertainty,False,0,0,5,True,False,True,True,44,False,0.45454545454545453
supp_p20,stable,reference,150,uncertainty,False,0,0,5,True,False,True,True,44,False,0.4090909090909091
supp_p20,stable,reference,179,uncertainty,True,1,1,4,True,False,True,True,44,False,0.5454545454545454
supp_p20,stable,reference,181,uncertainty,False,0,0,5,True,False,True,True,44,False,0.5
supp_p20,stable,reference,148,uncertainty,False,0,0,5,True,False,True,True,44,False,0.4090909090909091
supp_p20,stable,reference,162,uncertainty,True,1,1,4,True,False,True,True,44,False,0.4090909090909091
supp_p20,stable,reference,102,uncertainty,False,0,0,5,True,False,True,True,44,False,0.5
supp_p20,stable,reference,56,uncertainty,False,0,0,5,False,False,False,True,44,False,0.5454545454545454
supp_p20,stable,reference,19,uncertainty,False,0,0,5,False,False,False,True,44,False,0.4090909090909091
supp_p20,stable,reference,112,uncertainty,False,0,0,5,True,False,True,True,44,False,0.6363636363636364
supp_p20,stable,reference,40,uncertainty,False,0,0,5,False,False,False,True,44,False,0.09090909090909091
supp_p20,stable,reference,22,uncertainty,False,0,0,5,False,False,False,True,44,False,0.2727272727272727
supp_p20,stable,reference,88,uncertainty,False,0,0,5,True,False,True,True,44,False,0.5909090909090909
supp_p20,stable,reference,167,uncertainty,False,0,0,5,False,False,False,True,44,False,0.045454545454545456
supp_p20,stable,reference,183,uncertainty,False,0,0,5,True,False,True,True,44,False,0.45454545454545453
supp_p20,stable,reference,24,uncertainty,False,0,0,5,True,False,True,True,44,False,0.45454545454545453
supp_p20,stable,reference,128,uncertainty,False,0,0,5,False,False,False,True,44,False,0.45454545454545453
supp_p20,stable,reference,120,uncertainty,False,0,0,5,True,False,True,True,44,False,0.6818181818181818
supp_p20,stable,reference,45,uncertainty,False,0,0,5,False,False,False,True,44,False,0.5909090909090909
supp_p20,stable,reference,86,uncertainty,False,0,0,5,True,False,True,True,44,False,0.2727272727272727
supp_p20,stable,reference,156,uncertainty,True,1,1,4,True,False,True,True,44,False,0.45454545454545453
supp_p20,stable,reference,98,uncertainty,False,0,0,5,True,False,True,True,44,False,0.45454545454545453
supp_p20,stable,reference,92,uncertainty,False,0,0,5,False,False,False,True,44,False,0.4090909090909091
supp_p20,stable,reference,95,uncertainty,False,0,0,5,True,False,True,True,44,False,0.3181818181818182
supp_p20,stable,reference,101,uncertainty,False,0,0,5,True,False,True,True,44,False,0.2727272727272727
supp_p20,stable,reference,47,uncertainty,False,0,0,5,False,False,False,True,44,False,0.5
supp_p20,stable,reference,25,uncertainty,False,0,0,5,True,False,True,True,44,False,0.5454545454545454
supp_p20,stable,reference,121,uncertainty,True,1,1,4,True,False,True,True,44,False,0.5454545454545454
supp_p20,stable,reference,41,uncertainty,False,0,0,5,False,False,False,True,44,False,0.4090909090909091
supp_p20,stable,reference,99,uncertainty,False,0,0,5,True,False,True,True,44,False,0.5909090909090909
supp_p20,stable,reference,27,uncertainty,False,0,0,5,True,False,True,True,44,False,0.4090909090909091
supp_p20,stable,reference,140,uncertainty,False,0,0,5,False,False,True,True,44,False,0.4090909090909091
supp_p20,stable,reference,81,uncertainty,False,0,0,5,False,False,False,True,44,False,0.045454545454545456
supp_p20,stable,reference,144,uncertainty,False,0,0,5,False,False,False,True,44,False,0.5909090909090909
supp_p20,stable,reference,108,uncertainty,False,0,0,5,True,False,True,True,44,False,0.45454545454545453
supp_p20,stable,reference,85,uncertainty,False,0,0,5,False,False,False,True,44,False,0.5
supp_p20,stable,reference,152,uncertainty,False,0,0,5,False,False,False,True,44,False,0.045454545454545456
supp_p20,stable,reference,15,uncertainty,False,0,0,5,True,False,True,True,44,False,0.4090909090909091
supp_p20,stable,reference,89,uncertainty,False,0,0,5,True,False,True,True,44,False,0.3181818181818182
supp_p20,stable,reference,116,uncertainty,False,0,0,5,True,False,True,True,44,False,0.5
supp_p20,stable,reference,138,uncertainty,True,1,1,4,True,False,True,True,44,False,0.6818181818181818
supp_p20,stable,reference,154,uncertainty,False,0,0,5,False,False,False,True,44,False,0.4090909090909091
supp_p20,stable,reference,104,uncertainty,False,0,0,5,True,False,True,True,44,False,0.5909090909090909
supp_p20,stable,reference,131,uncertainty,False,0,0,5,True,False,True,True,44,False,0.2727272727272727
supp_p20,stable,reference,129,uncertainty,False,0,0,5,False,False,False,True,44,False,0.5909090909090909
supp_p20,stable,reference,96,uncertainty,False,0,0,5,False,False,False,True,44,False,0.36363636363636365
supp_p20,stable,reference,44,uncertainty,False,0,0,5,True,False,True,True,44,False,0.5
supp_p20,stable,reference,46,uncertainty,False,0,0,5,True,False,True,True,44,False,0.2727272727272727
supp_p20,stable,reference,159,low_score,False,0,0,5,False,False,True,True,13,False,0.3076923076923077
supp_p20,stable,reference,42,low_score,False,0,0,5,False,False,False,False,12,False,0.0
supp_p20,stable,reference,64,low_score,False,0,0,5,False,False,False,False,5,False,0.0
supp_p20,stable,reference,12,low_score,False,0,0,5,False,False,False,False,7,False,0.0
supp_p20,stable,reference,160,low_score,False,0,0,5,False,False,True,True,14,False,0.14285714285714285
supp_p20,stable,reference,155,low_score,False,0,0,5,False,False,False,False,10,False,0.0
supp_p20,stable,reference,11,low_score,False,0,0,5,False,False,True,True,12,False,0.16666666666666666
supp_p20,stable,reference,124,low_score,False,0,0,5,False,False,False,False,8,False,0.0
supp_p20,stable,reference,169,low_score,True,1,1,4,True,False,True,True,13,False,0.7692307692307693
supp_p20,stable,reference,106,low_score,False,0,0,5,False,False,False,False,13,False,0.0
supp_p20,stable,reference,157,low_score,False,0,0,5,False,False,False,False,9,False,0.0
supp_p20,stable,reference,126,low_score,False,0,0,5,False,False,True,True,16,False,0.125
supp_p20,stable,reference,55,low_score,False,0,0,5,False,False,False,False,9,False,0.0
supp_p20,stable,reference,113,low_score,False,0,0,5,False,False,True,True,11,False,0.18181818181818182
supp_p20,stable,reference,158,low_score,False,0,0,5,False,False,False,False,12,False,0.0
supp_p20,stable,reference,165,low_score,False,0,0,5,False,False,True,True,16,False,0.375
supp_p20,stable,reference,178,low_score,False,0,0,5,False,False,False,False,10,False,0.0
supp_p20,stable,reference,133,low_score,False,0,0,5,False,False,False,False,5,False,0.0
supp_p20,stable,reference,78,low_score,False,0,0,5,False,False,True,True,11,False,0.36363636363636365
supp_p20,stable,reference,70,low_score,False,0,0,5,False,False,True,True,16,False,0.25
supp_p20,stable,reference,176,low_score,False,0,0,5,False,False,False,False,11,False,0.0
supp_p20,stable,reference,17,low_score,False,0,0,5,False,False,False,False,11,False,0.0
supp_p20,stable,reference,136,low_score,False,0,0,5,False,False,True,True,15,False,0.4
supp_p20,stable,reference,76,low_score,False,0,0,5,False,False,False,False,21,False,0.0
supp_p20,stable,reference,82,low_score,False,0,0,5,False,False,False,False,9,False,0.0
supp_p20,stable,reference,114,low_score,False,0,0,5,False,False,True,True,13,False,0.3076923076923077
supp_p20,stable,reference,168,low_score,False,0,0,5,False,False,False,False,8,False,0.0
supp_p20,stable,reference,28,low_score,True,1,1,4,True,False,True,True,10,False,0.2
supp_p20,stable,reference,39,low_score,False,0,0,5,False,False,True,True,8,False,0.25
supp_p20,stable,reference,50,low_score,False,0,0,5,False,False,False,False,7,False,0.0
supp_p20,stable,reference,61,low_score,False,0,0,5,False,False,True,True,9,False,0.2222222222222222
supp_p20,stable,reference,100,low_score,False,0,0,5,False,False,True,True,16,False,0.5
supp_p20,stable,reference,130,low_score,False,0,0,5,False,False,False,False,15,False,0.0
supp_p20,stable,reference,141,low_score,False,0,0,5,False,False,False,False,16,False,0.0
supp_p20,stable,reference,53,low_score,False,0,0,5,False,False,True,True,17,False,0.23529411764705882
supp_p20,stable,reference,73,low_score,False,0,0,5,False,False,True,True,9,False,0.2222222222222222
supp_p20,stable,reference,9,low_score,False,0,0,5,False,False,False,False,8,False,0.0
supp_p20,stable,reference,6,low_score,False,0,0,5,False,False,True,True,7,False,0.2857142857142857
supp_p20,stable,reference,31,low_score,False,0,0,5,False,False,False,False,10,False,0.0
supp_p20,stable,reference,94,low_score,False,0,0,5,False,False,True,True,13,False,0.6153846153846154
supp_p20,stable,reference,58,low_score,False,0,0,5,False,False,True,True,14,False,0.2857142857142857
supp_p20,stable,reference,177,low_score,False,0,0,5,False,False,True,True,12,False,0.16666666666666666
supp_p20,stable,reference,48,low_score,False,0,0,5,False,False,True,True,14,False,0.2857142857142857
supp_p20,stable,reference,164,low_score,False,0,0,5,False,False,False,False,13,False,0.0
supp_p20,stable,reference,67,low_score,False,0,0,5,False,False,False,False,14,False,0.0
supp_p20,stable,reference,118,low_score,False,0,0,5,False,False,True,True,17,False,0.9411764705882353
supp_p20,stable,reference,79,low_score,False,0,0,5,False,False,False,False,5,False,0.0
supp_p20,stable,reference,122,low_score,False,0,0,5,False,False,True,True,17,False,0.23529411764705882
supp_p20,stable,reference,54,low_score,False,0,0,5,False,False,False,False,8,False,0.0
supp_p20,stable,reference,151,low_score,False,0,0,5,False,False,True,True,16,False,0.375
supp_p20,stable,reference,103,low_score,False,0,0,5,False,False,True,True,11,False,0.18181818181818182
supp_p20,stable,reference,137,low_score,False,0,0,5,False,False,True,True,15,False,0.13333333333333333
supp_p20,stable,reference,132,low_score,False,0,0,5,False,False,True,True,11,False,0.18181818181818182
supp_p20,stable,reference,143,low_score,False,0,0,5,False,False,True,True,17,False,0.35294117647058826
supp_p20,stable,reference,107,low_score,False,0,0,5,False,False,True,True,12,False,0.16666666666666666
supp_p20,stable,reference,119,low_score,False,0,0,5,False,False,False,False,9,False,0.0
supp_p20,stable,reference,109,low_score,False,0,0,5,False,False,False,False,11,False,0.0
supp_p20,stable,reference,84,low_score,False,0,0,5,False,False,False,False,5,False,0.0
supp_p20,stable,reference,135,low_score,False,0,0,5,False,False,True,True,13,False,0.15384615384615385
supp_p20,stable,reference,125,low_score,False,0,0,5,False,False,True,True,13,False,0.3076923076923077
supp_p20,stable,reference,161,low_score,False,0,0,5,False,False,False,False,15,False,0.0
supp_p20,stable,reference,4,low_score,False,0,0,5,False,False,True,True,15,False,0.26666666666666666
supp_p20,stable,reference,72,low_score,False,0,0,4,False,False,False,False,4,False,0.0
supp_p20,stable,reference,68,low_score,False,0,0,5,False,False,True,True,12,False,0.16666666666666666
supp_p20,stable,reference,175,low_score,False,0,0,5,False,False,True,True,14,False,0.2857142857142857
supp_p20,stable,reference,182,low_score,False,0,0,5,False,False,False,False,9,False,0.0
supp_p20,stable,reference,134,low_score,False,0,0,5,False,False,False,False,15,False,0.0
supp_p20,stable,reference,105,low_score,False,0,0,5,False,False,True,True,10,False,0.4
supp_p20,stable,reference,43,low_score,False,0,0,5,False,False,True,True,10,False,0.2
supp_p20,stable,reference,139,low_score,False,0,0,5,False,False,True,True,14,False,0.5714285714285714
supp_p20,stable,reference,3,low_score,False,0,0,5,False,False,False,False,9,False,0.0
supp_p20,stable,reference,62,low_score,False,0,0,5,False,False,False,False,9,False,0.0
supp_p20,stable,reference,5,low_score,False,0,0,5,False,False,True,True,9,False,0.2222222222222222
supp_p20,stable,reference,66,low_score,True,1,1,4,True,False,True,True,7,False,0.5714285714285714
supp_p20,stable,reference,180,low_score,False,0,0,5,False,False,True,True,17,False,0.47058823529411764
supp_p20,stable,reference,30,low_score,False,0,0,5,False,False,False,False,6,False,0.0
supp_p20,stable,reference,149,low_score,False,0,0,5,False,False,True,True,12,False,0.3333333333333333
supp_p20,stable,reference,110,low_score,False,0,0,5,False,False,True,True,9,False,0.2222222222222222
supp_p20,stable,reference,13,low_score,False,0,0,5,False,False,True,True,15,False,0.26666666666666666
supp_p20,stable,reference,7,low_score,False,0,0,5,False,False,True,True,15,False,0.13333333333333333
supp_p20,stable,reference,87,low_score,False,0,0,5,False,False,True,True,10,False,0.4
supp_p20,stable,reference,150,low_score,False,0,0,5,False,False,True,True,15,False,0.26666666666666666
supp_p20,stable,reference,179,low_score,False,0,0,5,False,False,True,True,18,False,0.4444444444444444
supp_p20,stable,reference,181,low_score,False,0,0,5,False,False,True,True,11,False,0.18181818181818182
supp_p20,stable,reference,148,low_score,False,0,0,5,False,False,True,True,15,False,0.4
supp_p20,stable,reference,162,low_score,False,0,0,5,False,False,True,True,20,False,0.4
supp_p20,stable,reference,102,low_score,False,0,0,5,False,False,True,True,11,False,0.36363636363636365
supp_p20,stable,reference,56,low_score,False,0,0,5,False,False,False,False,5,False,0.0
supp_p20,stable,reference,19,low_score,False,0,0,5,False,False,False,False,11,False,0.0
supp_p20,stable,reference,112,low_score,False,0,0,5,False,False,True,True,11,False,0.36363636363636365
supp_p20,stable,reference,40,low_score,False,0,0,5,False,False,False,False,6,False,0.0
supp_p20,stable,reference,22,low_score,False,0,0,5,False,False,False,False,16,False,0.0
supp_p20,stable,reference,88,low_score,False,0,0,5,False,False,True,True,10,False,0.6
supp_p20,stable,reference,167,low_score,False,0,0,5,False,False,False,False,12,False,0.0
supp_p20,stable,reference,183,low_score,False,0,0,5,False,False,True,True,15,False,0.26666666666666666
supp_p20,stable,reference,24,low_score,False,0,0,5,False,False,True,True,9,False,0.2222222222222222
supp_p20,stable,reference,128,low_score,False,0,0,5,False,False,False,False,13,False,0.0
supp_p20,stable,reference,120,low_score,False,0,0,5,False,False,True,True,10,False,0.4
supp_p20,stable,reference,45,low_score,False,0,0,5,False,False,False,False,8,False,0.0
supp_p20,stable,reference,86,low_score,False,0,0,5,False,False,True,True,17,False,0.11764705882352941
supp_p20,stable,reference,156,low_score,False,0,0,5,False,False,True,True,16,False,0.5
supp_p20,stable,reference,98,low_score,False,0,0,5,False,False,True,True,11,False,0.18181818181818182
supp_p20,stable,reference,92,low_score,False,0,0,5,False,False,False,False,12,False,0.0
supp_p20,stable,reference,95,low_score,False,0,0,5,False,False,True,True,14,False,0.14285714285714285
supp_p20,stable,reference,101,low_score,False,0,0,5,False,False,True,True,15,False,0.13333333333333333
supp_p20,stable,reference,47,low_score,False,0,0,5,False,False,False,False,8,False,0.0
supp_p20,stable,reference,25,low_score,False,0,0,5,False,False,True,True,11,False,0.18181818181818182
supp_p20,stable,reference,121,low_score,False,0,0,5,False,False,True,True,12,False,0.3333333333333333
supp_p20,stable,reference,41,low_score,False,0,0,5,False,False,False,False,9,False,0.0
supp_p20,stable,reference,99,low_score,False,0,0,5,False,False,True,True,8,False,0.25
supp_p20,stable,reference,27,low_score,False,0,0,5,False,False,True,True,13,False,0.46153846153846156
supp_p20,stable,reference,140,low_score,False,0,0,5,False,False,True,True,17,False,0.23529411764705882
supp_p20,stable,reference,81,low_score,False,0,0,3,False,False,False,False,3,False,0.0
supp_p20,stable,reference,144,low_score,False,0,0,5,False,False,False,False,8,False,0.0
supp_p20,stable,reference,108,low_score,False,0,0,5,False,False,True,True,12,False,0.3333333333333333
supp_p20,stable,reference,85,low_score,False,0,0,5,False,False,False,False,6,False,0.0
supp_p20,stable,reference,152,low_score,False,0,0,5,False,False,False,False,17,False,0.0
supp_p20,stable,reference,15,low_score,False,0,0,5,False,False,True,True,11,False,0.18181818181818182
supp_p20,stable,reference,89,low_score,False,0,0,5,False,False,True,True,13,False,0.15384615384615385
supp_p20,stable,reference,116,low_score,False,0,0,5,False,False,True,True,10,False,0.4
supp_p20,stable,reference,138,low_score,False,0,0,5,False,False,True,True,14,False,0.7142857142857143
supp_p20,stable,reference,154,low_score,False,0,0,5,False,False,False,False,8,False,0.0
supp_p20,stable,reference,104,low_score,False,0,0,5,False,False,True,True,14,False,0.5714285714285714
supp_p20,stable,reference,131,low_score,False,0,0,5,False,False,True,True,18,False,0.2222222222222222
supp_p20,stable,reference,129,low_score,False,0,0,5,False,False,False,False,7,False,0.0
supp_p20,stable,reference,96,low_score,False,0,0,5,False,False,False,False,10,False,0.0
supp_p20,stable,reference,44,low_score,False,0,0,5,False,False,True,True,7,False,0.2857142857142857
supp_p20,stable,reference,46,low_score,False,0,0,5,False,False,True,True,12,False,0.16666666666666666
supp_p20,app_quicksort,reference,159,uncertainty,True,1,1,4,True,False,True,True,44,False,0.5454545454545454
supp_p20,app_quicksort,reference,42,uncertainty,False,0,0,5,False,False,False,True,44,False,0.2727272727272727
supp_p20,app_quicksort,reference,64,uncertainty,False,0,0,5,False,False,False,True,44,False,0.6818181818181818
supp_p20,app_quicksort,reference,12,uncertainty,False,0,0,5,False,True,True,True,44,False,1.3636363636363635
supp_p20,app_quicksort,reference,160,uncertainty,False,0,0,5,True,False,True,True,44,False,0.36363636363636365
supp_p20,app_quicksort,reference,155,uncertainty,False,0,0,5,False,False,False,True,44,False,0.5454545454545454
supp_p20,app_quicksort,reference,11,uncertainty,False,0,0,5,True,False,True,True,44,False,0.045454545454545456
supp_p20,app_quicksort,reference,124,uncertainty,False,0,0,5,False,False,False,True,44,False,0.5909090909090909
supp_p20,app_quicksort,reference,169,uncertainty,True,1,1,4,True,False,True,True,44,False,0.6818181818181818
supp_p20,app_quicksort,reference,106,uncertainty,False,0,0,5,False,False,False,True,44,False,0.3181818181818182
supp_p20,app_quicksort,reference,157,uncertainty,False,0,0,5,False,False,False,True,44,False,0.4090909090909091
supp_p20,app_quicksort,reference,126,uncertainty,False,0,0,5,True,False,True,True,44,False,1.0
supp_p20,app_quicksort,reference,55,uncertainty,False,0,0,5,False,True,True,True,44,False,0.9090909090909091
supp_p20,app_quicksort,reference,113,uncertainty,False,0,0,5,True,True,True,True,44,False,0.9545454545454546
supp_p20,app_quicksort,reference,158,uncertainty,False,0,0,5,False,False,False,True,44,False,0.3181818181818182
supp_p20,app_quicksort,reference,165,uncertainty,False,0,0,5,False,False,True,True,44,False,0.5
supp_p20,app_quicksort,reference,178,uncertainty,False,0,0,5,False,True,True,True,44,False,0.6818181818181818
supp_p20,app_quicksort,reference,133,uncertainty,False,0,0,5,False,False,False,True,44,False,0.4090909090909091
supp_p20,app_quicksort,reference,78,uncertainty,False,0,0,5,True,False,True,True,44,False,0.4090909090909091
supp_p20,app_quicksort,reference,70,uncertainty,False,0,0,5,False,False,True,True,44,False,0.7727272727272727
supp_p20,app_quicksort,reference,176,uncertainty,False,0,0,5,False,False,False,True,44,False,0.36363636363636365
supp_p20,app_quicksort,reference,17,uncertainty,False,0,0,5,False,False,False,True,44,False,0.5
supp_p20,app_quicksort,reference,136,uncertainty,True,1,1,4,True,False,True,True,44,False,1.0909090909090908
supp_p20,app_quicksort,reference,76,uncertainty,False,0,0,5,False,False,False,True,44,False,0.045454545454545456
supp_p20,app_quicksort,reference,82,uncertainty,False,0,0,5,False,False,False,True,44,False,0.09090909090909091
supp_p20,app_quicksort,reference,114,uncertainty,True,1,1,4,True,True,True,True,44,False,1.2272727272727273
supp_p20,app_quicksort,reference,168,uncertainty,False,0,0,5,False,False,False,True,44,False,0.4090909090909091
supp_p20,app_quicksort,reference,28,uncertainty,True,1,1,4,True,True,True,True,44,False,1.4545454545454546
supp_p20,app_quicksort,reference,39,uncertainty,False,0,0,5,True,False,True,True,44,False,0.45454545454545453
supp_p20,app_quicksort,reference,50,uncertainty,False,0,0,5,False,False,False,True,44,False,0.5
supp_p20,app_quicksort,reference,61,uncertainty,False,0,0,5,True,False,True,True,44,False,0.5454545454545454
supp_p20,app_quicksort,reference,100,uncertainty,True,1,1,4,True,False,True,True,44,False,0.4090909090909091
supp_p20,app_quicksort,reference,130,uncertainty,False,0,0,5,False,False,False,True,44,False,0.22727272727272727
supp_p20,app_quicksort,reference,141,uncertainty,False,0,0,5,False,False,False,True,44,False,0.7727272727272727
supp_p20,app_quicksort,reference,53,uncertainty,False,0,0,5,False,False,True,True,44,False,0.22727272727272727
supp_p20,app_quicksort,reference,73,uncertainty,False,0,0,5,True,True,True,True,44,False,0.9545454545454546
supp_p20,app_quicksort,reference,9,uncertainty,False,0,0,5,False,False,False,True,44,False,0.5454545454545454
supp_p20,app_quicksort,reference,6,uncertainty,False,0,0,5,True,False,True,True,44,False,0.5
supp_p20,app_quicksort,reference,31,uncertainty,False,0,0,5,False,True,True,True,44,False,1.1818181818181819
supp_p20,app_quicksort,reference,94,uncertainty,False,0,0,5,True,False,True,True,44,False,0.5454545454545454
supp_p20,app_quicksort,reference,58,uncertainty,False,0,0,5,True,True,True,True,44,False,0.8181818181818182
supp_p20,app_quicksort,reference,177,uncertainty,False,0,0,5,True,False,True,True,44,False,0.4090909090909091
supp_p20,app_quicksort,reference,48,uncertainty,False,0,0,5,True,False,True,True,44,False,0.45454545454545453
supp_p20,app_quicksort,reference,164,uncertainty,False,0,0,5,False,False,False,True,44,False,0.2727272727272727
supp_p20,app_quicksort,reference,67,uncertainty,False,0,0,5,False,False,False,True,44,False,0.2727272727272727
supp_p20,app_quicksort,reference,118,uncertainty,False,0,0,5,True,False,True,True,44,False,1.1818181818181819
supp_p20,app_quicksort,reference,79,uncertainty,False,0,0,5,False,False,False,True,44,False,0.6818181818181818
supp_p20,app_quicksort,reference,122,uncertainty,False,0,0,5,True,False,True,True,44,False,0.3181818181818182
supp_p20,app_quicksort,reference,54,uncertainty,False,0,0,5,False,False,False,True,44,False,0.45454545454545453
supp_p20,app_quicksort,reference,151,uncertainty,False,0,0,5,True,False,True,True,44,False,0.4090909090909091
supp_p20,app_quicksort,reference,103,uncertainty,False,0,0,5,True,True,True,True,44,False,0.8636363636363636
supp_p20,app_quicksort,reference,137,uncertainty,False,0,0,5,True,False,True,True,44,False,0.045454545454545456
supp_p20,app_quicksort,reference,132,uncertainty,False,0,0,5,True,False,True,True,44,False,0.5454545454545454
supp_p20,app_quicksort,reference,143,uncertainty,True,1,1,4,True,False,True,True,44,False,0.36363636363636365
supp_p20,app_quicksort,reference,107,uncertainty,False,0,0,5,True,False,True,True,44,False,0.3181818181818182
supp_p20,app_quicksort,reference,119,uncertainty,False,0,0,5,False,False,False,True,44,False,0.6363636363636364
supp_p20,app_quicksort,reference,109,uncertainty,False,0,0,5,False,True,True,True,44,False,2.1818181818181817
supp_p20,app_quicksort,reference,84,uncertainty,False,0,0,5,False,False,False,True,44,False,0.5
supp_p20,app_quicksort,reference,135,uncertainty,False,0,0,5,True,False,True,True,44,False,0.45454545454545453
supp_p20,app_quicksort,reference,125,uncertainty,False,0,0,5,True,True,True,True,44,False,0.7727272727272727
supp_p20,app_quicksort,reference,161,uncertainty,False,0,0,5,False,False,False,True,44,False,0.9545454545454546
supp_p20,app_quicksort,reference,4,uncertainty,False,0,0,5,True,True,True,True,44,False,0.9090909090909091
supp_p20,app_quicksort,reference,72,uncertainty,False,0,0,5,False,False,False,True,44,False,0.5909090909090909
supp_p20,app_quicksort,reference,68,uncertainty,False,0,0,5,True,False,True,True,44,False,0.36363636363636365
supp_p20,app_quicksort,reference,175,uncertainty,True,1,1,4,True,False,True,True,44,False,0.7272727272727273
supp_p20,app_quicksort,reference,182,uncertainty,False,0,0,5,False,False,False,True,44,False,0.6818181818181818
supp_p20,app_quicksort,reference,134,uncertainty,False,0,0,5,False,False,False,True,44,False,0.045454545454545456
supp_p20,app_quicksort,reference,105,uncertainty,False,0,0,5,True,False,True,True,44,False,0.6363636363636364
supp_p20,app_quicksort,reference,43,uncertainty,False,0,0,5,True,True,True,True,44,False,0.8636363636363636
supp_p20,app_quicksort,reference,139,uncertainty,True,1,1,4,True,False,True,True,44,False,0.4090909090909091
supp_p20,app_quicksort,reference,3,uncertainty,False,0,0,5,False,False,False,True,44,False,0.5909090909090909
supp_p20,app_quicksort,reference,62,uncertainty,False,0,0,5,False,False,False,True,44,False,0.5
supp_p20,app_quicksort,reference,5,uncertainty,False,0,0,5,True,False,True,True,44,False,0.5909090909090909
supp_p20,app_quicksort,reference,66,uncertainty,False,0,0,5,True,False,True,True,44,False,0.7272727272727273
supp_p20,app_quicksort,reference,180,uncertainty,True,1,1,4,True,False,True,True,44,False,0.3181818181818182
supp_p20,app_quicksort,reference,30,uncertainty,False,0,0,5,False,False,False,True,44,False,0.5454545454545454
supp_p20,app_quicksort,reference,149,uncertainty,False,0,0,5,True,False,True,True,44,False,0.5909090909090909
supp_p20,app_quicksort,reference,110,uncertainty,False,0,0,5,True,False,True,True,44,False,0.45454545454545453
supp_p20,app_quicksort,reference,13,uncertainty,True,1,1,4,True,False,True,True,44,False,0.2727272727272727
supp_p20,app_quicksort,reference,7,uncertainty,False,0,0,5,True,False,True,True,44,False,0.3181818181818182
supp_p20,app_quicksort,reference,87,uncertainty,False,0,0,5,True,False,True,True,44,False,0.6363636363636364
supp_p20,app_quicksort,reference,150,uncertainty,False,0,0,5,True,False,True,True,44,False,0.4090909090909091
supp_p20,app_quicksort,reference,179,uncertainty,True,1,1,4,True,False,True,True,44,False,0.5454545454545454
supp_p20,app_quicksort,reference,181,uncertainty,False,0,0,5,True,True,True,True,44,False,1.4090909090909092
supp_p20,app_quicksort,reference,148,uncertainty,False,0,0,5,True,False,True,True,44,False,0.4090909090909091
supp_p20,app_quicksort,reference,162,uncertainty,True,1,1,4,True,False,True,True,44,False,0.4090909090909091
supp_p20,app_quicksort,reference,102,uncertainty,False,0,0,5,True,True,True,True,44,False,0.8181818181818182
supp_p20,app_quicksort,reference,56,uncertainty,False,0,0,5,False,True,True,True,44,False,1.0
supp_p20,app_quicksort,reference,19,uncertainty,False,0,0,5,False,False,False,True,44,False,0.4090909090909091
supp_p20,app_quicksort,reference,112,uncertainty,False,0,0,5,True,False,True,True,44,False,0.6363636363636364
supp_p20,app_quicksort,reference,40,uncertainty,False,0,0,5,False,True,True,True,44,False,1.3636363636363635
supp_p20,app_quicksort,reference,22,uncertainty,False,0,0,5,False,False,False,True,44,False,0.2727272727272727
supp_p20,app_quicksort,reference,88,uncertainty,False,0,0,5,True,False,True,True,44,False,0.5909090909090909
supp_p20,app_quicksort,reference,167,uncertainty,False,0,0,5,False,True,True,True,44,False,0.4090909090909091
supp_p20,app_quicksort,reference,183,uncertainty,False,0,0,5,True,False,True,True,44,False,0.45454545454545453
supp_p20,app_quicksort,reference,24,uncertainty,False,0,0,5,True,False,True,True,44,False,0.45454545454545453
supp_p20,app_quicksort,reference,128,uncertainty,False,0,0,5,False,False,False,True,44,False,0.45454545454545453
supp_p20,app_quicksort,reference,120,uncertainty,False,0,0,5,True,True,True,True,44,False,1.0454545454545454
supp_p20,app_quicksort,reference,45,uncertainty,False,0,0,5,False,False,False,True,44,False,0.5909090909090909
supp_p20,app_quicksort,reference,86,uncertainty,False,0,0,5,True,False,True,True,44,False,0.2727272727272727
supp_p20,app_quicksort,reference,156,uncertainty,True,1,1,4,True,False,True,True,44,False,0.45454545454545453
supp_p20,app_quicksort,reference,98,uncertainty,False,0,0,5,True,False,True,True,44,False,0.45454545454545453
supp_p20,app_quicksort,reference,92,uncertainty,False,0,0,5,False,False,False,True,44,False,0.4090909090909091
supp_p20,app_quicksort,reference,95,uncertainty,False,0,0,5,True,False,True,True,44,False,0.3181818181818182
supp_p20,app_quicksort,reference,101,uncertainty,False,0,0,5,True,False,True,True,44,False,0.2727272727272727
supp_p20,app_quicksort,reference,47,uncertainty,False,0,0,5,False,False,False,True,44,False,0.5
supp_p20,app_quicksort,reference,25,uncertainty,False,0,0,5,True,True,True,True,44,False,2.409090909090909
supp_p20,app_quicksort,reference,121,uncertainty,True,1,1,4,True,True,True,True,44,False,2.590909090909091
supp_p20,app_quicksort,reference,41,uncertainty,False,0,0,5,False,False,False,True,44,False,0.5
supp_p20,app_quicksort,reference,99,uncertainty,False,0,0,5,True,False,True,True,44,False,0.5909090909090909
supp_p20,app_quicksort,reference,27,uncertainty,False,0,0,5,True,False,True,True,44,False,0.4090909090909091
supp_p20,app_quicksort,reference,140,uncertainty,False,0,0,5,False,False,True,True,44,False,0.4090909090909091
supp_p20,app_quicksort,reference,81,uncertainty,False,0,0,5,False,False,True,True,44,False,0.13636363636363635
supp_p20,app_quicksort,reference,144,uncertainty,False,0,0,5,False,True,True,True,44,False,1.0
supp_p20,app_quicksort,reference,108,uncertainty,False,0,0,5,True,True,True,True,44,False,0.8181818181818182
supp_p20,app_quicksort,reference,85,uncertainty,False,0,0,5,False,False,False,True,44,False,0.5
supp_p20,app_quicksort,reference,152,uncertainty,False,0,0,5,False,False,False,True,44,False,0.045454545454545456
supp_p20,app_quicksort,reference,15,uncertainty,False,0,0,5,True,False,True,True,44,False,0.4090909090909091
supp_p20,app_quicksort,reference,89,uncertainty,False,0,0,5,True,False,True,True,44,False,0.3181818181818182
supp_p20,app_quicksort,reference,116,uncertainty,False,0,0,5,True,False,True,True,44,False,0.5
supp_p20,app_quicksort,reference,138,uncertainty,True,1,1,4,True,False,True,True,44,False,0.6818181818181818
supp_p20,app_quicksort,reference,154,uncertainty,False,0,0,5,False,False,False,True,44,False,0.4090909090909091
supp_p20,app_quicksort,reference,104,uncertainty,False,0,0,5,True,False,True,True,44,False,0.5909090909090909
supp_p20,app_quicksort,reference,131,uncertainty,False,0,0,5,True,False,True,True,44,False,0.2727272727272727
supp_p20,app_quicksort,reference,129,uncertainty,False,0,0,5,False,True,True,True,44,False,1.2727272727272727
supp_p20,app_quicksort,reference,96,uncertainty,False,0,0,5,False,False,False,True,44,False,0.36363636363636365
supp_p20,app_quicksort,reference,44,uncertainty,False,0,0,5,True,False,True,True,44,False,0.5
supp_p20,app_quicksort,reference,46,uncertainty,False,0,0,5,True,False,True,True,44,False,0.2727272727272727
supp_p20,app_quicksort,reference,159,low_score,False,0,0,5,False,False,True,True,13,False,0.3076923076923077
supp_p20,app_quicksort,reference,42,low_score,False,0,0,5,False,False,False,False,12,False,0.0
supp_p20,app_quicksort,reference,64,low_score,False,0,0,5,False,False,False,False,5,False,0.0
supp_p20,app_quicksort,reference,12,low_score,False,0,0,5,False,False,False,False,7,False,0.0
supp_p20,app_quicksort,reference,160,low_score,False,0,0,5,False,False,True,True,14,False,0.14285714285714285
supp_p20,app_quicksort,reference,155,low_score,False,0,0,5,False,False,False,False,10,False,0.0
supp_p20,app_quicksort,reference,11,low_score,False,0,0,5,False,False,True,True,12,False,0.16666666666666666
supp_p20,app_quicksort,reference,124,low_score,False,0,0,5,False,False,False,False,8,False,0.0
supp_p20,app_quicksort,reference,169,low_score,True,1,1,4,True,False,True,True,13,False,0.7692307692307693
supp_p20,app_quicksort,reference,106,low_score,False,0,0,5,False,False,False,False,13,False,0.0
supp_p20,app_quicksort,reference,157,low_score,False,0,0,5,False,False,False,False,9,False,0.0
supp_p20,app_quicksort,reference,126,low_score,False,0,0,5,False,False,True,True,16,False,0.125
supp_p20,app_quicksort,reference,55,low_score,False,0,0,5,False,False,False,False,9,False,0.0
supp_p20,app_quicksort,reference,113,low_score,False,0,0,5,False,False,True,True,11,False,0.18181818181818182
supp_p20,app_quicksort,reference,158,low_score,False,0,0,5,False,False,False,False,12,False,0.0
supp_p20,app_quicksort,reference,165,low_score,False,0,0,5,False,False,True,True,16,False,0.375
supp_p20,app_quicksort,reference,178,low_score,False,0,0,5,False,False,False,False,10,False,0.0
supp_p20,app_quicksort,reference,133,low_score,False,0,0,5,False,False,False,False,5,False,0.0
supp_p20,app_quicksort,reference,78,low_score,False,0,0,5,False,False,True,True,11,False,0.36363636363636365
supp_p20,app_quicksort,reference,70,low_score,False,0,0,5,False,False,True,True,16,False,0.25
supp_p20,app_quicksort,reference,176,low_score,False,0,0,5,False,False,False,False,11,False,0.0
supp_p20,app_quicksort,reference,17,low_score,False,0,0,5,False,False,False,False,11,False,0.0
supp_p20,app_quicksort,reference,136,low_score,False,0,0,5,False,False,True,True,15,False,0.4
supp_p20,app_quicksort,reference,76,low_score,False,0,0,5,False,False,False,False,21,False,0.0
supp_p20,app_quicksort,reference,82,low_score,False,0,0,5,False,False,False,False,9,False,0.0
supp_p20,app_quicksort,reference,114,low_score,False,0,0,5,False,False,True,True,13,False,0.3076923076923077
supp_p20,app_quicksort,reference,168,low_score,False,0,0,5,False,False,False,False,8,False,0.0
supp_p20,app_quicksort,reference,28,low_score,True,1,1,4,True,False,True,True,10,False,0.2
supp_p20,app_quicksort,reference,39,low_score,False,0,0,5,False,False,True,True,8,False,0.25
supp_p20,app_quicksort,reference,50,low_score,False,0,0,5,False,False,False,False,7,False,0.0
supp_p20,app_quicksort,reference,61,low_score,False,0,0,5,False,False,True,True,9,False,0.2222222222222222
supp_p20,app_quicksort,reference,100,low_score,False,0,0,5,False,False,True,True,16,False,0.5
supp_p20,app_quicksort,reference,130,low_score,False,0,0,5,False,False,False,False,15,False,0.0
supp_p20,app_quicksort,reference,141,low_score,False,0,0,5,False,False,False,False,16,False,0.0
supp_p20,app_quicksort,reference,53,low_score,False,0,0,5,False,False,True,True,17,False,0.23529411764705882
supp_p20,app_quicksort,reference,73,low_score,False,0,0,5,False,False,True,True,9,False,0.2222222222222222
supp_p20,app_quicksort,reference,9,low_score,False,0,0,5,False,False,False,False,8,False,0.0
supp_p20,app_quicksort,reference,6,low_score,False,0,0,5,False,False,True,True,7,False,0.2857142857142857
supp_p20,app_quicksort,reference,31,low_score,False,0,0,5,False,False,False,False,10,False,0.0
supp_p20,app_quicksort,reference,94,low_score,False,0,0,5,False,False,True,True,13,False,0.6153846153846154
supp_p20,app_quicksort,reference,58,low_score,False,0,0,5,False,False,True,True,14,False,0.2857142857142857
supp_p20,app_quicksort,reference,177,low_score,False,0,0,5,False,False,True,True,12,False,0.16666666666666666
supp_p20,app_quicksort,reference,48,low_score,False,0,0,5,False,False,True,True,14,False,0.2857142857142857
supp_p20,app_quicksort,reference,164,low_score,False,0,0,5,False,False,False,False,13,False,0.0
supp_p20,app_quicksort,reference,67,low_score,False,0,0,5,False,False,False,False,14,False,0.0
supp_p20,app_quicksort,reference,118,low_score,False,0,0,5,False,False,True,True,17,False,0.9411764705882353
supp_p20,app_quicksort,reference,79,low_score,False,0,0,5,False,False,False,False,5,False,0.0
supp_p20,app_quicksort,reference,122,low_score,False,0,0,5,False,False,True,True,17,False,0.23529411764705882
supp_p20,app_quicksort,reference,54,low_score,False,0,0,5,False,False,False,False,8,False,0.0
supp_p20,app_quicksort,reference,151,low_score,False,0,0,5,False,False,True,True,16,False,0.375
supp_p20,app_quicksort,reference,103,low_score,False,0,0,5,False,False,True,True,11,False,0.18181818181818182
supp_p20,app_quicksort,reference,137,low_score,False,0,0,5,False,False,True,True,15,False,0.13333333333333333
supp_p20,app_quicksort,reference,132,low_score,False,0,0,5,False,False,True,True,11,False,0.18181818181818182
supp_p20,app_quicksort,reference,143,low_score,False,0,0,5,False,False,True,True,17,False,0.35294117647058826
supp_p20,app_quicksort,reference,107,low_score,False,0,0,5,False,False,True,True,12,False,0.16666666666666666
supp_p20,app_quicksort,reference,119,low_score,False,0,0,5,False,False,False,False,9,False,0.0
supp_p20,app_quicksort,reference,109,low_score,False,0,0,5,False,False,False,False,11,False,0.0
supp_p20,app_quicksort,reference,84,low_score,False,0,0,5,False,False,False,False,5,False,0.0
supp_p20,app_quicksort,reference,135,low_score,False,0,0,5,False,False,True,True,13,False,0.15384615384615385
supp_p20,app_quicksort,reference,125,low_score,False,0,0,5,False,False,True,True,13,False,0.3076923076923077
supp_p20,app_quicksort,reference,161,low_score,False,0,0,5,False,False,False,False,15,False,0.0
supp_p20,app_quicksort,reference,4,low_score,False,0,0,5,False,False,True,True,15,False,0.26666666666666666
supp_p20,app_quicksort,reference,72,low_score,False,0,0,4,False,False,False,False,4,False,0.0
supp_p20,app_quicksort,reference,68,low_score,False,0,0,5,False,False,True,True,12,False,0.16666666666666666
supp_p20,app_quicksort,reference,175,low_score,False,0,0,5,False,False,True,True,14,False,0.2857142857142857
supp_p20,app_quicksort,reference,182,low_score,False,0,0,5,False,False,False,False,9,False,0.0
supp_p20,app_quicksort,reference,134,low_score,False,0,0,5,False,False,False,False,15,False,0.0
supp_p20,app_quicksort,reference,105,low_score,False,0,0,5,False,False,True,True,10,False,0.4
supp_p20,app_quicksort,reference,43,low_score,False,0,0,5,False,False,True,True,10,False,0.2
supp_p20,app_quicksort,reference,139,low_score,False,0,0,5,False,False,True,True,14,False,0.5714285714285714
supp_p20,app_quicksort,reference,3,low_score,False,0,0,5,False,False,False,False,9,False,0.0
supp_p20,app_quicksort,reference,62,low_score,False,0,0,5,False,False,False,False,9,False,0.0
supp_p20,app_quicksort,reference,5,low_score,False,0,0,5,False,False,True,True,9,False,0.2222222222222222
supp_p20,app_quicksort,reference,66,low_score,True,1,1,4,True,False,True,True,7,False,0.5714285714285714
supp_p20,app_quicksort,reference,180,low_score,False,0,0,5,False,False,True,True,17,False,0.47058823529411764
supp_p20,app_quicksort,reference,30,low_score,False,0,0,5,False,False,False,False,6,False,0.0
supp_p20,app_quicksort,reference,149,low_score,False,0,0,5,False,False,True,True,12,False,0.3333333333333333
supp_p20,app_quicksort,reference,110,low_score,False,0,0,5,False,False,True,True,9,False,0.2222222222222222
supp_p20,app_quicksort,reference,13,low_score,False,0,0,5,False,False,True,True,15,False,0.26666666666666666
supp_p20,app_quicksort,reference,7,low_score,False,0,0,5,False,False,True,True,15,False,0.13333333333333333
supp_p20,app_quicksort,reference,87,low_score,False,0,0,5,False,False,True,True,10,False,0.4
supp_p20,app_quicksort,reference,150,low_score,False,0,0,5,False,False,True,True,15,False,0.26666666666666666
supp_p20,app_quicksort,reference,179,low_score,False,0,0,5,False,False,True,True,18,False,0.4444444444444444
supp_p20,app_quicksort,reference,181,low_score,False,0,0,5,False,False,True,True,11,False,0.18181818181818182
supp_p20,app_quicksort,reference,148,low_score,False,0,0,5,False,False,True,True,15,False,0.4
supp_p20,app_quicksort,reference,162,low_score,False,0,0,5,False,False,True,True,20,False,0.4
supp_p20,app_quicksort,reference,102,low_score,False,0,0,5,False,False,True,True,11,False,0.36363636363636365
supp_p20,app_quicksort,reference,56,low_score,False,0,0,5,False,False,False,False,5,False,0.0
supp_p20,app_quicksort,reference,19,low_score,False,0,0,5,False,False,False,False,11,False,0.0
supp_p20,app_quicksort,reference,112,low_score,False,0,0,5,False,False,True,True,11,False,0.36363636363636365
supp_p20,app_quicksort,reference,40,low_score,False,0,0,5,False,False,False,False,6,False,0.0
supp_p20,app_quicksort,reference,22,low_score,False,0,0,5,False,False,False,False,16,False,0.0
supp_p20,app_quicksort,reference,88,low_score,False,0,0,5,False,False,True,True,10,False,0.6
supp_p20,app_quicksort,reference,167,low_score,False,0,0,5,False,False,False,False,12,False,0.0
supp_p20,app_quicksort,reference,183,low_score,False,0,0,5,False,False,True,True,15,False,0.26666666666666666
supp_p20,app_quicksort,reference,24,low_score,False,0,0,5,False,False,True,True,9,False,0.2222222222222222
supp_p20,app_quicksort,reference,128,low_score,False,0,0,5,False,False,False,False,13,False,0.0
supp_p20,app_quicksort,reference,120,low_score,False,0,0,5,False,False,True,True,10,False,0.4
supp_p20,app_quicksort,reference,45,low_score,False,0,0,5,False,False,False,False,8,False,0.0
supp_p20,app_quicksort,reference,86,low_score,False,0,0,5,False,False,True,True,17,False,0.11764705882352941
supp_p20,app_quicksort,reference,156,low_score,False,0,0,5,False,False,True,True,16,False,0.5
supp_p20,app_quicksort,reference,98,low_score,False,0,0,5,False,False,True,True,11,False,0.18181818181818182
supp_p20,app_quicksort,reference,92,low_score,False,0,0,5,False,False,False,False,12,False,0.0
supp_p20,app_quicksort,reference,95,low_score,False,0,0,5,False,False,True,True,14,False,0.14285714285714285
supp_p20,app_quicksort,reference,101,low_score,False,0,0,5,False,False,True,True,15,False,0.13333333333333333
supp_p20,app_quicksort,reference,47,low_score,False,0,0,5,False,False,False,False,8,False,0.0
supp_p20,app_quicksort,reference,25,low_score,False,0,0,5,False,False,True,True,11,False,0.18181818181818182
supp_p20,app_quicksort,reference,121,low_score,False,0,0,5,False,False,True,True,12,False,0.3333333333333333
supp_p20,app_quicksort,reference,41,low_score,False,0,0,5,False,False,False,False,9,False,0.0
supp_p20,app_quicksort,reference,99,low_score,False,0,0,5,False,False,True,True,8,False,0.25
supp_p20,app_quicksort,reference,27,low_score,False,0,0,5,False,False,True,True,13,False,0.46153846153846156
supp_p20,app_quicksort,reference,140,low_score,False,0,0,5,False,False,True,True,17,False,0.23529411764705882
supp_p20,app_quicksort,reference,81,low_score,False,0,0,3,False,False,False,False,3,False,0.0
supp_p20,app_quicksort,reference,144,low_score,False,0,0,5,False,False,False,False,8,False,0.0
supp_p20,app_quicksort,reference,108,low_score,False,0,0,5,False,False,True,True,12,False,0.3333333333333333
supp_p20,app_quicksort,reference,85,low_score,False,0,0,5,False,False,False,False,6,False,0.0
supp_p20,app_quicksort,reference,152,low_score,False,0,0,5,False,False,False,False,17,False,0.0
supp_p20,app_quicksort,reference,15,low_score,False,0,0,5,False,False,True,True,11,False,0.18181818181818182
supp_p20,app_quicksort,reference,89,low_score,False,0,0,5,False,False,True,True,13,False,0.15384615384615385
supp_p20,app_quicksort,reference,116,low_score,False,0,0,5,False,False,True,True,10,False,0.4
supp_p20,app_quicksort,reference,138,low_score,False,0,0,5,False,False,True,True,14,False,0.7142857142857143
supp_p20,app_quicksort,reference,154,low_score,False,0,0,5,False,False,False,False,8,False,0.0
supp_p20,app_quicksort,reference,104,low_score,False,0,0,5,False,False,True,True,14,False,0.5714285714285714
supp_p20,app_quicksort,reference,131,low_score,False,0,0,5,False,False,True,True,18,False,0.2222222222222222
supp_p20,app_quicksort,reference,129,low_score,False,0,0,5,False,False,False,False,7,False,0.0
supp_p20,app_quicksort,reference,96,low_score,False,0,0,5,False,False,False,False,10,False,0.0
supp_p20,app_quicksort,reference,44,low_score,False,0,0,5,False,False,True,True,7,False,0.2857142857142857
supp_p20,app_quicksort,reference,46,low_score,False,0,0,5,False,False,True,True,12,False,0.16666666666666666
supp_p20,stable,complete_cohort,2,uncertainty,False,0,0,5,False,False,False,True,44,False,0.5909090909090909
supp_p20,stable,complete_cohort,3,uncertainty,False,0,0,5,False,False,False,True,44,False,0.5454545454545454
supp_p20,stable,complete_cohort,4,uncertainty,False,0,0,5,True,False,True,True,44,False,0.36363636363636365
supp_p20,stable,complete_cohort,5,uncertainty,False,0,0,5,True,False,True,True,44,False,0.5909090909090909
supp_p20,stable,complete_cohort,6,uncertainty,False,0,0,5,True,False,True,True,44,False,0.5
supp_p20,stable,complete_cohort,7,uncertainty,False,0,0,5,True,False,True,True,44,False,0.3181818181818182
supp_p20,stable,complete_cohort,9,uncertainty,False,0,0,5,False,False,False,True,44,False,0.5454545454545454
supp_p20,stable,complete_cohort,11,uncertainty,False,0,0,5,True,False,True,True,44,False,0.045454545454545456
supp_p20,stable,complete_cohort,12,uncertainty,False,0,0,5,False,False,False,True,44,False,0.6818181818181818
supp_p20,stable,complete_cohort,13,uncertainty,True,1,1,4,True,False,True,True,44,False,0.2727272727272727
supp_p20,stable,complete_cohort,14,uncertainty,True,1,1,4,True,False,True,True,44,False,0.36363636363636365
supp_p20,stable,complete_cohort,15,uncertainty,False,0,0,5,True,False,True,True,44,False,0.4090909090909091
supp_p20,stable,complete_cohort,17,uncertainty,False,0,0,5,False,False,False,True,44,False,0.5
supp_p20,stable,complete_cohort,19,uncertainty,False,0,0,5,False,False,False,True,44,False,0.4090909090909091
supp_p20,stable,complete_cohort,20,uncertainty,False,0,0,5,True,False,True,True,44,False,0.6363636363636364
supp_p20,stable,complete_cohort,21,uncertainty,False,0,0,5,False,False,False,True,44,False,0.2727272727272727
supp_p20,stable,complete_cohort,22,uncertainty,False,0,0,5,False,False,False,True,44,False,0.2727272727272727
supp_p20,stable,complete_cohort,23,uncertainty,False,0,0,5,True,False,True,True,44,False,0.5
supp_p20,stable,complete_cohort,24,uncertainty,False,0,0,5,True,False,True,True,44,False,0.45454545454545453
supp_p20,stable,complete_cohort,25,uncertainty,False,0,0,5,True,False,True,True,44,False,0.5454545454545454
supp_p20,stable,complete_cohort,27,uncertainty,False,0,0,5,True,False,True,True,44,False,0.4090909090909091
supp_p20,stable,complete_cohort,28,uncertainty,True,1,1,4,True,False,True,True,44,False,0.5454545454545454
supp_p20,stable,complete_cohort,29,uncertainty,False,0,0,5,False,False,False,True,44,False,0.45454545454545453
supp_p20,stable,complete_cohort,30,uncertainty,False,0,0,5,False,False,False,True,44,False,0.5
supp_p20,stable,complete_cohort,31,uncertainty,False,0,0,5,False,False,False,True,44,False,0.3181818181818182
supp_p20,stable,complete_cohort,39,uncertainty,False,0,0,5,True,False,True,True,44,False,0.45454545454545453
supp_p20,stable,complete_cohort,40,uncertainty,False,0,0,5,False,False,False,True,44,False,0.09090909090909091
supp_p20,stable,complete_cohort,41,uncertainty,False,0,0,5,False,False,False,True,44,False,0.4090909090909091
supp_p20,stable,complete_cohort,42,uncertainty,False,0,0,5,False,False,False,True,44,False,0.2727272727272727
supp_p20,stable,complete_cohort,43,uncertainty,False,0,0,5,True,False,True,True,44,False,0.5
supp_p20,stable,complete_cohort,44,uncertainty,False,0,0,5,True,False,True,True,44,False,0.5
supp_p20,stable,complete_cohort,45,uncertainty,False,0,0,5,False,False,False,True,44,False,0.5909090909090909
supp_p20,stable,complete_cohort,46,uncertainty,False,0,0,5,True,False,True,True,44,False,0.2727272727272727
supp_p20,stable,complete_cohort,47,uncertainty,False,0,0,5,False,False,False,True,44,False,0.5
supp_p20,stable,complete_cohort,48,uncertainty,False,0,0,5,True,False,True,True,44,False,0.45454545454545453
supp_p20,stable,complete_cohort,50,uncertainty,False,0,0,5,False,False,False,True,44,False,0.5
supp_p20,stable,complete_cohort,51,uncertainty,True,1,1,4,True,False,True,True,44,False,0.5
supp_p20,stable,complete_cohort,52,uncertainty,False,0,0,5,False,False,False,True,44,False,0.4090909090909091
supp_p20,stable,complete_cohort,53,uncertainty,False,0,0,5,False,False,True,True,44,False,0.22727272727272727
supp_p20,stable,complete_cohort,54,uncertainty,False,0,0,5,False,False,False,True,44,False,0.45454545454545453
supp_p20,stable,complete_cohort,55,uncertainty,False,0,0,5,False,False,False,True,44,False,0.5909090909090909
supp_p20,stable,complete_cohort,56,uncertainty,False,0,0,5,False,False,False,True,44,False,0.5454545454545454
supp_p20,stable,complete_cohort,58,uncertainty,False,0,0,5,True,False,True,True,44,False,0.36363636363636365
supp_p20,stable,complete_cohort,59,uncertainty,False,0,0,5,True,False,True,True,44,False,0.5909090909090909
supp_p20,stable,complete_cohort,61,uncertainty,False,0,0,5,True,False,True,True,44,False,0.5454545454545454
supp_p20,stable,complete_cohort,62,uncertainty,False,0,0,5,False,False,False,True,44,False,0.5
supp_p20,stable,complete_cohort,63,uncertainty,False,0,0,5,False,False,False,True,44,False,0.6818181818181818
supp_p20,stable,complete_cohort,64,uncertainty,False,0,0,5,False,False,False,True,44,False,0.6818181818181818
supp_p20,stable,complete_cohort,66,uncertainty,False,0,0,5,True,False,True,True,44,False,0.7272727272727273
supp_p20,stable,complete_cohort,67,uncertainty,False,0,0,5,False,False,False,True,44,False,0.2727272727272727
supp_p20,stable,complete_cohort,68,uncertainty,False,0,0,5,True,False,True,True,44,False,0.36363636363636365
supp_p20,stable,complete_cohort,70,uncertainty,False,0,0,5,False,False,True,True,44,False,0.2727272727272727
supp_p20,stable,complete_cohort,71,uncertainty,False,0,0,5,False,False,False,True,44,False,0.4090909090909091
supp_p20,stable,complete_cohort,72,uncertainty,False,0,0,5,False,False,False,True,44,False,0.5909090909090909
supp_p20,stable,complete_cohort,73,uncertainty,False,0,0,5,True,False,True,True,44,False,0.5909090909090909
supp_p20,stable,complete_cohort,74,uncertainty,False,0,0,5,True,False,True,True,44,False,0.045454545454545456
supp_p20,stable,complete_cohort,76,uncertainty,False,0,0,5,False,False,False,True,44,False,0.045454545454545456
supp_p20,stable,complete_cohort,77,uncertainty,False,0,0,5,True,False,True,True,44,False,0.8636363636363636
supp_p20,stable,complete_cohort,78,uncertainty,False,0,0,5,True,False,True,True,44,False,0.4090909090909091
supp_p20,stable,complete_cohort,79,uncertainty,False,0,0,5,False,False,False,True,44,False,0.6818181818181818
supp_p20,stable,complete_cohort,80,uncertainty,False,0,0,5,False,False,True,True,44,False,0.2727272727272727
supp_p20,stable,complete_cohort,81,uncertainty,False,0,0,5,False,False,False,True,44,False,0.045454545454545456
supp_p20,stable,complete_cohort,82,uncertainty,False,0,0,5,False,False,False,True,44,False,0.09090909090909091
supp_p20,stable,complete_cohort,83,uncertainty,False,0,0,5,False,False,False,True,44,False,0.5909090909090909
supp_p20,stable,complete_cohort,84,uncertainty,False,0,0,5,False,False,False,True,44,False,0.5
supp_p20,stable,complete_cohort,85,uncertainty,False,0,0,5,False,False,False,True,44,False,0.5
supp_p20,stable,complete_cohort,86,uncertainty,False,0,0,5,True,False,True,True,44,False,0.2727272727272727
supp_p20,stable,complete_cohort,87,uncertainty,False,0,0,5,True,False,True,True,44,False,0.45454545454545453
supp_p20,stable,complete_cohort,88,uncertainty,False,0,0,5,True,False,True,True,44,False,0.5909090909090909
supp_p20,stable,complete_cohort,89,uncertainty,False,0,0,5,True,False,True,True,44,False,0.3181818181818182
supp_p20,stable,complete_cohort,90,uncertainty,True,1,1,4,True,False,True,True,44,False,0.22727272727272727
supp_p20,stable,complete_cohort,91,uncertainty,False,0,0,5,False,False,True,True,44,False,0.2727272727272727
supp_p20,stable,complete_cohort,92,uncertainty,False,0,0,5,False,False,False,True,44,False,0.4090909090909091
supp_p20,stable,complete_cohort,93,uncertainty,False,0,0,5,False,False,False,True,44,False,0.5454545454545454
supp_p20,stable,complete_cohort,94,uncertainty,False,0,0,5,True,False,True,True,44,False,0.5454545454545454
supp_p20,stable,complete_cohort,95,uncertainty,False,0,0,5,True,False,True,True,44,False,0.3181818181818182
supp_p20,stable,complete_cohort,96,uncertainty,False,0,0,5,False,False,False,True,44,False,0.36363636363636365
supp_p20,stable,complete_cohort,97,uncertainty,False,0,0,5,True,False,True,True,44,False,0.45454545454545453
supp_p20,stable,complete_cohort,98,uncertainty,False,0,0,5,True,False,True,True,44,False,0.45454545454545453
supp_p20,stable,complete_cohort,99,uncertainty,False,0,0,5,True,False,True,True,44,False,0.5909090909090909
supp_p20,stable,complete_cohort,100,uncertainty,True,1,1,4,True,False,True,True,44,False,0.4090909090909091
supp_p20,stable,complete_cohort,101,uncertainty,False,0,0,5,True,False,True,True,44,False,0.2727272727272727
supp_p20,stable,complete_cohort,102,uncertainty,False,0,0,5,True,False,True,True,44,False,0.5
supp_p20,stable,complete_cohort,103,uncertainty,False,0,0,5,True,False,True,True,44,False,0.5
supp_p20,stable,complete_cohort,104,uncertainty,False,0,0,5,True,False,True,True,44,False,0.5909090909090909
supp_p20,stable,complete_cohort,105,uncertainty,False,0,0,5,True,False,True,True,44,False,0.6363636363636364
supp_p20,stable,complete_cohort,106,uncertainty,False,0,0,5,False,False,False,True,44,False,0.3181818181818182
supp_p20,stable,complete_cohort,107,uncertainty,False,0,0,5,True,False,True,True,44,False,0.3181818181818182
supp_p20,stable,complete_cohort,108,uncertainty,False,0,0,5,True,False,True,True,44,False,0.45454545454545453
supp_p20,stable,complete_cohort,109,uncertainty,False,0,0,5,False,False,False,True,44,False,0.36363636363636365
supp_p20,stable,complete_cohort,110,uncertainty,False,0,0,5,True,False,True,True,44,False,0.45454545454545453
supp_p20,stable,complete_cohort,111,uncertainty,False,0,0,5,True,False,True,True,44,False,0.5909090909090909
supp_p20,stable,complete_cohort,112,uncertainty,False,0,0,5,True,False,True,True,44,False,0.6363636363636364
supp_p20,stable,complete_cohort,113,uncertainty,False,0,0,5,True,False,True,True,44,False,0.5
supp_p20,stable,complete_cohort,114,uncertainty,True,1,1,4,True,False,True,True,44,False,0.4090909090909091
supp_p20,stable,complete_cohort,115,uncertainty,False,0,0,5,True,False,True,True,44,False,0.36363636363636365
supp_p20,stable,complete_cohort,116,uncertainty,False,0,0,5,True,False,True,True,44,False,0.5
supp_p20,stable,complete_cohort,117,uncertainty,False,0,0,5,True,False,True,True,44,False,0.5
supp_p20,stable,complete_cohort,118,uncertainty,False,0,0,5,True,False,True,True,44,False,0.8636363636363636
supp_p20,stable,complete_cohort,119,uncertainty,False,0,0,5,False,False,False,True,44,False,0.5
supp_p20,stable,complete_cohort,120,uncertainty,False,0,0,5,True,False,True,True,44,False,0.6818181818181818
supp_p20,stable,complete_cohort,121,uncertainty,True,1,1,4,True,False,True,True,44,False,0.5454545454545454
supp_p20,stable,complete_cohort,122,uncertainty,False,0,0,5,True,False,True,True,44,False,0.3181818181818182
supp_p20,stable,complete_cohort,123,uncertainty,False,0,0,5,True,False,True,True,44,False,0.45454545454545453
supp_p20,stable,complete_cohort,124,uncertainty,False,0,0,5,False,False,False,True,44,False,0.5909090909090909
supp_p20,stable,complete_cohort,125,uncertainty,False,0,0,5,True,False,True,True,44,False,0.36363636363636365
supp_p20,stable,complete_cohort,126,uncertainty,False,0,0,5,True,False,True,True,44,False,0.3181818181818182
supp_p20,stable,complete_cohort,127,uncertainty,True,1,1,4,True,False,True,True,44,False,0.4090909090909091
supp_p20,stable,complete_cohort,128,uncertainty,False,0,0,5,False,False,False,True,44,False,0.45454545454545453
supp_p20,stable,complete_cohort,129,uncertainty,False,0,0,5,False,False,False,True,44,False,0.5909090909090909
supp_p20,stable,complete_cohort,130,uncertainty,False,0,0,5,False,False,False,True,44,False,0.22727272727272727
supp_p20,stable,complete_cohort,131,uncertainty,False,0,0,5,True,False,True,True,44,False,0.2727272727272727
supp_p20,stable,complete_cohort,132,uncertainty,False,0,0,5,True,False,True,True,44,False,0.5454545454545454
supp_p20,stable,complete_cohort,133,uncertainty,False,0,0,5,False,False,False,True,44,False,0.4090909090909091
supp_p20,stable,complete_cohort,134,uncertainty,False,0,0,5,False,False,False,True,44,False,0.045454545454545456
supp_p20,stable,complete_cohort,135,uncertainty,False,0,0,5,True,False,True,True,44,False,0.45454545454545453
supp_p20,stable,complete_cohort,136,uncertainty,True,1,1,4,True,False,True,True,44,False,0.45454545454545453
supp_p20,stable,complete_cohort,137,uncertainty,False,0,0,5,True,False,True,True,44,False,0.045454545454545456
supp_p20,stable,complete_cohort,138,uncertainty,True,1,1,4,True,False,True,True,44,False,0.6818181818181818
supp_p20,stable,complete_cohort,139,uncertainty,True,1,1,4,True,False,True,True,44,False,0.4090909090909091
supp_p20,stable,complete_cohort,140,uncertainty,False,0,0,5,False,False,True,True,44,False,0.4090909090909091
supp_p20,stable,complete_cohort,141,uncertainty,False,0,0,5,False,False,False,True,44,False,0.36363636363636365
supp_p20,stable,complete_cohort,142,uncertainty,True,1,1,4,True,False,True,True,44,False,0.45454545454545453
supp_p20,stable,complete_cohort,143,uncertainty,True,1,1,4,True,False,True,True,44,False,0.36363636363636365
supp_p20,stable,complete_cohort,144,uncertainty,False,0,0,5,False,False,False,True,44,False,0.5909090909090909
supp_p20,stable,complete_cohort,147,uncertainty,False,0,0,5,False,False,False,True,44,False,0.3181818181818182
supp_p20,stable,complete_cohort,148,uncertainty,False,0,0,5,True,False,True,True,44,False,0.4090909090909091
supp_p20,stable,complete_cohort,149,uncertainty,False,0,0,5,True,False,True,True,44,False,0.5454545454545454
supp_p20,stable,complete_cohort,150,uncertainty,False,0,0,5,True,False,True,True,44,False,0.4090909090909091
supp_p20,stable,complete_cohort,151,uncertainty,False,0,0,5,True,False,True,True,44,False,0.4090909090909091
supp_p20,stable,complete_cohort,152,uncertainty,False,0,0,5,False,False,False,True,44,False,0.045454545454545456
supp_p20,stable,complete_cohort,153,uncertainty,False,0,0,5,True,False,True,True,44,False,0.6363636363636364
supp_p20,stable,complete_cohort,154,uncertainty,False,0,0,5,False,False,False,True,44,False,0.4090909090909091
supp_p20,stable,complete_cohort,155,uncertainty,False,0,0,5,False,False,False,True,44,False,0.5454545454545454
supp_p20,stable,complete_cohort,156,uncertainty,True,1,1,4,True,False,True,True,44,False,0.45454545454545453
supp_p20,stable,complete_cohort,157,uncertainty,False,0,0,5,False,False,False,True,44,False,0.4090909090909091
supp_p20,stable,complete_cohort,158,uncertainty,False,0,0,5,False,False,False,True,44,False,0.3181818181818182
supp_p20,stable,complete_cohort,159,uncertainty,True,1,1,4,True,False,True,True,44,False,0.5454545454545454
supp_p20,stable,complete_cohort,160,uncertainty,False,0,0,5,True,False,True,True,44,False,0.36363636363636365
supp_p20,stable,complete_cohort,161,uncertainty,False,0,0,5,False,False,False,True,44,False,0.2727272727272727
supp_p20,stable,complete_cohort,162,uncertainty,True,1,1,4,True,False,True,True,44,False,0.4090909090909091
supp_p20,stable,complete_cohort,163,uncertainty,True,1,1,4,True,False,True,True,44,False,0.45454545454545453
supp_p20,stable,complete_cohort,164,uncertainty,False,0,0,5,False,False,False,True,44,False,0.2727272727272727
supp_p20,stable,complete_cohort,165,uncertainty,False,0,0,5,False,False,True,True,44,False,0.5
supp_p20,stable,complete_cohort,166,uncertainty,True,1,1,4,True,False,True,True,44,False,0.3181818181818182
supp_p20,stable,complete_cohort,167,uncertainty,False,0,0,5,False,False,False,True,44,False,0.045454545454545456
supp_p20,stable,complete_cohort,168,uncertainty,False,0,0,5,False,False,False,True,44,False,0.4090909090909091
supp_p20,stable,complete_cohort,169,uncertainty,True,1,1,4,True,False,True,True,44,False,0.6818181818181818
supp_p20,stable,complete_cohort,170,uncertainty,False,0,0,5,False,False,False,True,44,False,0.4090909090909091
supp_p20,stable,complete_cohort,172,uncertainty,False,0,0,5,True,False,True,True,44,False,0.5454545454545454
supp_p20,stable,complete_cohort,174,uncertainty,True,1,1,4,True,False,True,True,44,False,0.5454545454545454
supp_p20,stable,complete_cohort,175,uncertainty,True,1,1,4,True,False,True,True,44,False,0.6363636363636364
supp_p20,stable,complete_cohort,176,uncertainty,False,0,0,5,False,False,False,True,44,False,0.36363636363636365
supp_p20,stable,complete_cohort,177,uncertainty,False,0,0,5,True,False,True,True,44,False,0.4090909090909091
supp_p20,stable,complete_cohort,178,uncertainty,False,0,0,5,False,False,False,True,44,False,0.36363636363636365
supp_p20,stable,complete_cohort,179,uncertainty,True,1,1,4,True,False,True,True,44,False,0.5454545454545454
supp_p20,stable,complete_cohort,180,uncertainty,True,1,1,4,True,False,True,True,44,False,0.3181818181818182
supp_p20,stable,complete_cohort,181,uncertainty,False,0,0,5,True,False,True,True,44,False,0.5
supp_p20,stable,complete_cohort,182,uncertainty,False,0,0,5,False,False,False,True,44,False,0.6818181818181818
supp_p20,stable,complete_cohort,183,uncertainty,False,0,0,5,True,False,True,True,44,False,0.45454545454545453
supp_p20,stable,complete_cohort,2,low_score,False,0,0,5,False,False,False,False,5,False,0.0
supp_p20,stable,complete_cohort,3,low_score,False,0,0,5,False,False,False,False,9,False,0.0
supp_p20,stable,complete_cohort,4,low_score,False,0,0,5,False,False,True,True,15,False,0.26666666666666666
supp_p20,stable,complete_cohort,5,low_score,False,0,0,5,False,False,True,True,9,False,0.2222222222222222
supp_p20,stable,complete_cohort,6,low_score,False,0,0,5,False,False,True,True,7,False,0.2857142857142857
supp_p20,stable,complete_cohort,7,low_score,False,0,0,5,False,False,True,True,15,False,0.13333333333333333
supp_p20,stable,complete_cohort,9,low_score,False,0,0,5,False,False,False,False,8,False,0.0
supp_p20,stable,complete_cohort,11,low_score,False,0,0,5,False,False,True,True,12,False,0.16666666666666666
supp_p20,stable,complete_cohort,12,low_score,False,0,0,5,False,False,False,False,7,False,0.0
supp_p20,stable,complete_cohort,13,low_score,False,0,0,5,False,False,True,True,15,False,0.26666666666666666
supp_p20,stable,complete_cohort,14,low_score,False,0,0,5,False,False,True,True,16,False,0.25
supp_p20,stable,complete_cohort,15,low_score,False,0,0,5,False,False,True,True,11,False,0.18181818181818182
supp_p20,stable,complete_cohort,17,low_score,False,0,0,5,False,False,False,False,11,False,0.0
supp_p20,stable,complete_cohort,19,low_score,False,0,0,5,False,False,False,False,11,False,0.0
supp_p20,stable,complete_cohort,20,low_score,False,0,0,5,True,False,True,True,6,False,0.3333333333333333
supp_p20,stable,complete_cohort,21,low_score,False,0,0,5,False,False,False,False,15,False,0.0
supp_p20,stable,complete_cohort,22,low_score,False,0,0,5,False,False,False,False,16,False,0.0
supp_p20,stable,complete_cohort,23,low_score,False,0,0,5,False,False,True,True,12,False,0.16666666666666666
supp_p20,stable,complete_cohort,24,low_score,False,0,0,5,False,False,True,True,9,False,0.2222222222222222
supp_p20,stable,complete_cohort,25,low_score,False,0,0,5,False,False,True,True,11,False,0.18181818181818182
supp_p20,stable,complete_cohort,27,low_score,False,0,0,5,False,False,True,True,13,False,0.46153846153846156
supp_p20,stable,complete_cohort,28,low_score,True,1,1,4,True,False,True,True,10,False,0.2
supp_p20,stable,complete_cohort,29,low_score,False,0,0,5,False,False,False,False,9,False,0.0
supp_p20,stable,complete_cohort,30,low_score,False,0,0,5,False,False,False,False,6,False,0.0
supp_p20,stable,complete_cohort,31,low_score,False,0,0,5,False,False,False,False,10,False,0.0
supp_p20,stable,complete_cohort,39,low_score,False,0,0,5,False,False,True,True,8,False,0.25
supp_p20,stable,complete_cohort,40,low_score,False,0,0,5,False,False,False,False,6,False,0.0
supp_p20,stable,complete_cohort,41,low_score,False,0,0,5,False,False,False,False,9,False,0.0
supp_p20,stable,complete_cohort,42,low_score,False,0,0,5,False,False,False,False,12,False,0.0
supp_p20,stable,complete_cohort,43,low_score,False,0,0,5,False,False,True,True,10,False,0.2
supp_p20,stable,complete_cohort,44,low_score,False,0,0,5,False,False,True,True,7,False,0.2857142857142857
supp_p20,stable,complete_cohort,45,low_score,False,0,0,5,False,False,False,False,8,False,0.0
supp_p20,stable,complete_cohort,46,low_score,False,0,0,5,False,False,True,True,12,False,0.16666666666666666
supp_p20,stable,complete_cohort,47,low_score,False,0,0,5,False,False,False,False,8,False,0.0
supp_p20,stable,complete_cohort,48,low_score,False,0,0,5,False,False,True,True,14,False,0.2857142857142857
supp_p20,stable,complete_cohort,50,low_score,False,0,0,5,False,False,False,False,7,False,0.0
supp_p20,stable,complete_cohort,51,low_score,False,0,0,5,False,False,True,True,17,False,0.47058823529411764
supp_p20,stable,complete_cohort,52,low_score,False,0,0,5,False,False,False,False,15,False,0.0
supp_p20,stable,complete_cohort,53,low_score,False,0,0,5,False,False,True,True,17,False,0.23529411764705882
supp_p20,stable,complete_cohort,54,low_score,False,0,0,5,False,False,False,False,8,False,0.0
supp_p20,stable,complete_cohort,55,low_score,False,0,0,5,False,False,False,False,9,False,0.0
supp_p20,stable,complete_cohort,56,low_score,False,0,0,5,False,False,False,False,5,False,0.0
supp_p20,stable,complete_cohort,58,low_score,False,0,0,5,False,False,True,True,14,False,0.2857142857142857
supp_p20,stable,complete_cohort,59,low_score,True,1,1,4,True,False,True,True,6,False,0.3333333333333333
supp_p20,stable,complete_cohort,61,low_score,False,0,0,5,False,False,True,True,9,False,0.2222222222222222
supp_p20,stable,complete_cohort,62,low_score,False,0,0,5,False,False,False,False,9,False,0.0
supp_p20,stable,complete_cohort,63,low_score,False,0,0,5,False,False,False,False,6,False,0.0
supp_p20,stable,complete_cohort,64,low_score,False,0,0,5,False,False,False,False,5,False,0.0
supp_p20,stable,complete_cohort,66,low_score,True,1,1,4,True,False,True,True,7,False,0.5714285714285714
supp_p20,stable,complete_cohort,67,low_score,False,0,0,5,False,False,False,False,14,False,0.0
supp_p20,stable,complete_cohort,68,low_score,False,0,0,5,False,False,True,True,12,False,0.16666666666666666
supp_p20,stable,complete_cohort,70,low_score,False,0,0,5,False,False,True,True,16,False,0.25
supp_p20,stable,complete_cohort,71,low_score,False,0,0,5,False,False,False,False,11,False,0.0
supp_p20,stable,complete_cohort,72,low_score,False,0,0,4,False,False,False,False,4,False,0.0
supp_p20,stable,complete_cohort,73,low_score,False,0,0,5,False,False,True,True,9,False,0.2222222222222222
supp_p20,stable,complete_cohort,74,low_score,False,0,0,5,False,False,True,True,15,False,0.13333333333333333
supp_p20,stable,complete_cohort,76,low_score,False,0,0,5,False,False,False,False,21,False,0.0
supp_p20,stable,complete_cohort,77,low_score,True,1,1,4,True,False,True,True,12,False,0.8333333333333334
supp_p20,stable,complete_cohort,78,low_score,False,0,0,5,False,False,True,True,11,False,0.36363636363636365
supp_p20,stable,complete_cohort,79,low_score,False,0,0,5,False,False,False,False,5,False,0.0
supp_p20,stable,complete_cohort,80,low_score,False,0,0,5,False,False,True,True,18,False,0.3333333333333333
supp_p20,stable,complete_cohort,81,low_score,False,0,0,3,False,False,False,False,3,False,0.0
supp_p20,stable,complete_cohort,82,low_score,False,0,0,5,False,False,False,False,9,False,0.0
supp_p20,stable,complete_cohort,83,low_score,False,0,0,5,False,False,False,False,5,False,0.0
supp_p20,stable,complete_cohort,84,low_score,False,0,0,5,False,False,False,False,5,False,0.0
supp_p20,stable,complete_cohort,85,low_score,False,0,0,5,False,False,False,False,6,False,0.0
supp_p20,stable,complete_cohort,86,low_score,False,0,0,5,False,False,True,True,17,False,0.11764705882352941
supp_p20,stable,complete_cohort,87,low_score,False,0,0,5,False,False,True,True,10,False,0.4
supp_p20,stable,complete_cohort,88,low_score,False,0,0,5,False,False,True,True,10,False,0.6
supp_p20,stable,complete_cohort,89,low_score,False,0,0,5,False,False,True,True,13,False,0.15384615384615385
supp_p20,stable,complete_cohort,90,low_score,False,0,0,5,False,False,True,True,19,False,0.3157894736842105
supp_p20,stable,complete_cohort,91,low_score,False,0,0,5,False,False,True,True,19,False,0.10526315789473684
supp_p20,stable,complete_cohort,92,low_score,False,0,0,5,False,False,False,False,12,False,0.0
supp_p20,stable,complete_cohort,93,low_score,False,0,0,5,False,False,False,False,9,False,0.0
supp_p20,stable,complete_cohort,94,low_score,False,0,0,5,False,False,True,True,13,False,0.6153846153846154
supp_p20,stable,complete_cohort,95,low_score,False,0,0,5,False,False,True,True,14,False,0.14285714285714285
supp_p20,stable,complete_cohort,96,low_score,False,0,0,5,False,False,False,False,10,False,0.0
supp_p20,stable,complete_cohort,97,low_score,False,0,0,5,False,False,True,True,9,False,0.2222222222222222
supp_p20,stable,complete_cohort,98,low_score,False,0,0,5,False,False,True,True,11,False,0.18181818181818182
supp_p20,stable,complete_cohort,99,low_score,False,0,0,5,False,False,True,True,8,False,0.25
supp_p20,stable,complete_cohort,100,low_score,False,0,0,5,False,False,True,True,16,False,0.5
supp_p20,stable,complete_cohort,101,low_score,False,0,0,5,False,False,True,True,15,False,0.13333333333333333
supp_p20,stable,complete_cohort,102,low_score,False,0,0,5,False,False,True,True,11,False,0.36363636363636365
supp_p20,stable,complete_cohort,103,low_score,False,0,0,5,False,False,True,True,11,False,0.18181818181818182
supp_p20,stable,complete_cohort,104,low_score,False,0,0,5,False,False,True,True,14,False,0.5714285714285714
supp_p20,stable,complete_cohort,105,low_score,False,0,0,5,False,False,True,True,10,False,0.4
supp_p20,stable,complete_cohort,106,low_score,False,0,0,5,False,False,False,False,13,False,0.0
supp_p20,stable,complete_cohort,107,low_score,False,0,0,5,False,False,True,True,12,False,0.16666666666666666
supp_p20,stable,complete_cohort,108,low_score,False,0,0,5,False,False,True,True,12,False,0.3333333333333333
supp_p20,stable,complete_cohort,109,low_score,False,0,0,5,False,False,False,False,11,False,0.0
supp_p20,stable,complete_cohort,110,low_score,False,0,0,5,False,False,True,True,9,False,0.2222222222222222
supp_p20,stable,complete_cohort,111,low_score,False,0,0,5,False,False,True,True,9,False,0.2222222222222222
supp_p20,stable,complete_cohort,112,low_score,False,0,0,5,False,False,True,True,11,False,0.36363636363636365
supp_p20,stable,complete_cohort,113,low_score,False,0,0,5,False,False,True,True,11,False,0.18181818181818182
supp_p20,stable,complete_cohort,114,low_score,False,0,0,5,False,False,True,True,13,False,0.3076923076923077
supp_p20,stable,complete_cohort,115,low_score,False,0,0,5,False,False,True,True,10,False,0.2
supp_p20,stable,complete_cohort,116,low_score,False,0,0,5,False,False,True,True,10,False,0.4
supp_p20,stable,complete_cohort,117,low_score,False,0,0,5,False,False,True,True,11,False,0.36363636363636365
supp_p20,stable,complete_cohort,118,low_score,False,0,0,5,False,False,True,True,17,False,0.9411764705882353
supp_p20,stable,complete_cohort,119,low_score,False,0,0,5,False,False,False,False,9,False,0.0
supp_p20,stable,complete_cohort,120,low_score,False,0,0,5,False,False,True,True,10,False,0.4
supp_p20,stable,complete_cohort,121,low_score,False,0,0,5,False,False,True,True,12,False,0.3333333333333333
supp_p20,stable,complete_cohort,122,low_score,False,0,0,5,False,False,True,True,17,False,0.23529411764705882
supp_p20,stable,complete_cohort,123,low_score,False,0,0,5,False,False,True,True,11,False,0.18181818181818182
supp_p20,stable,complete_cohort,124,low_score,False,0,0,5,False,False,False,False,8,False,0.0
supp_p20,stable,complete_cohort,125,low_score,False,0,0,5,False,False,True,True,13,False,0.3076923076923077
supp_p20,stable,complete_cohort,126,low_score,False,0,0,5,False,False,True,True,16,False,0.125
supp_p20,stable,complete_cohort,127,low_score,False,0,0,5,False,False,True,True,15,False,0.4
supp_p20,stable,complete_cohort,128,low_score,False,0,0,5,False,False,False,False,13,False,0.0
supp_p20,stable,complete_cohort,129,low_score,False,0,0,5,False,False,False,False,7,False,0.0
supp_p20,stable,complete_cohort,130,low_score,False,0,0,5,False,False,False,False,15,False,0.0
supp_p20,stable,complete_cohort,131,low_score,False,0,0,5,False,False,True,True,18,False,0.2222222222222222
supp_p20,stable,complete_cohort,132,low_score,False,0,0,5,False,False,True,True,11,False,0.18181818181818182
supp_p20,stable,complete_cohort,133,low_score,False,0,0,5,False,False,False,False,5,False,0.0
supp_p20,stable,complete_cohort,134,low_score,False,0,0,5,False,False,False,False,15,False,0.0
supp_p20,stable,complete_cohort,135,low_score,False,0,0,5,False,False,True,True,13,False,0.15384615384615385
supp_p20,stable,complete_cohort,136,low_score,False,0,0,5,False,False,True,True,15,False,0.4
supp_p20,stable,complete_cohort,137,low_score,False,0,0,5,False,False,True,True,15,False,0.13333333333333333
supp_p20,stable,complete_cohort,138,low_score,False,0,0,5,False,False,True,True,14,False,0.7142857142857143
supp_p20,stable,complete_cohort,139,low_score,False,0,0,5,False,False,True,True,14,False,0.5714285714285714
supp_p20,stable,complete_cohort,140,low_score,False,0,0,5,False,False,True,True,17,False,0.23529411764705882
supp_p20,stable,complete_cohort,141,low_score,False,0,0,5,False,False,False,False,16,False,0.0
supp_p20,stable,complete_cohort,142,low_score,False,0,0,5,False,False,True,True,17,False,0.35294117647058826
supp_p20,stable,complete_cohort,143,low_score,False,0,0,5,False,False,True,True,17,False,0.35294117647058826
supp_p20,stable,complete_cohort,144,low_score,False,0,0,5,False,False,False,False,8,False,0.0
supp_p20,stable,complete_cohort,147,low_score,False,0,0,5,False,False,False,False,14,False,0.0
supp_p20,stable,complete_cohort,148,low_score,False,0,0,5,False,False,True,True,15,False,0.4
supp_p20,stable,complete_cohort,149,low_score,False,0,0,5,False,False,True,True,12,False,0.3333333333333333
supp_p20,stable,complete_cohort,150,low_score,False,0,0,5,False,False,True,True,15,False,0.26666666666666666
supp_p20,stable,complete_cohort,151,low_score,False,0,0,5,False,False,True,True,16,False,0.375
supp_p20,stable,complete_cohort,152,low_score,False,0,0,5,False,False,False,False,17,False,0.0
supp_p20,stable,complete_cohort,153,low_score,False,0,0,5,False,False,True,True,14,False,0.42857142857142855
supp_p20,stable,complete_cohort,154,low_score,False,0,0,5,False,False,False,False,8,False,0.0
supp_p20,stable,complete_cohort,155,low_score,False,0,0,5,False,False,False,False,10,False,0.0
supp_p20,stable,complete_cohort,156,low_score,False,0,0,5,False,False,True,True,16,False,0.5
supp_p20,stable,complete_cohort,157,low_score,False,0,0,5,False,False,False,False,9,False,0.0
supp_p20,stable,complete_cohort,158,low_score,False,0,0,5,False,False,False,False,12,False,0.0
supp_p20,stable,complete_cohort,159,low_score,False,0,0,5,False,False,True,True,13,False,0.3076923076923077
supp_p20,stable,complete_cohort,160,low_score,False,0,0,5,False,False,True,True,14,False,0.14285714285714285
supp_p20,stable,complete_cohort,161,low_score,False,0,0,5,False,False,False,False,15,False,0.0
supp_p20,stable,complete_cohort,162,low_score,False,0,0,5,False,False,True,True,20,False,0.4
supp_p20,stable,complete_cohort,163,low_score,False,0,0,5,False,False,True,True,18,False,0.5555555555555556
supp_p20,stable,complete_cohort,164,low_score,False,0,0,5,False,False,False,False,13,False,0.0
supp_p20,stable,complete_cohort,165,low_score,False,0,0,5,False,False,True,True,16,False,0.375
supp_p20,stable,complete_cohort,166,low_score,False,0,0,5,False,False,True,True,18,False,0.2222222222222222
supp_p20,stable,complete_cohort,167,low_score,False,0,0,5,False,False,False,False,12,False,0.0
supp_p20,stable,complete_cohort,168,low_score,False,0,0,5,False,False,False,False,8,False,0.0
supp_p20,stable,complete_cohort,169,low_score,True,1,1,4,True,False,True,True,13,False,0.7692307692307693
supp_p20,stable,complete_cohort,170,low_score,False,0,0,5,False,False,False,False,12,False,0.0
supp_p20,stable,complete_cohort,172,low_score,False,0,0,5,False,False,True,True,12,False,0.3333333333333333
supp_p20,stable,complete_cohort,174,low_score,False,0,0,5,False,False,True,True,15,False,0.6666666666666666
supp_p20,stable,complete_cohort,175,low_score,False,0,0,5,False,False,True,True,14,False,0.2857142857142857
supp_p20,stable,complete_cohort,176,low_score,False,0,0,5,False,False,False,False,11,False,0.0
supp_p20,stable,complete_cohort,177,low_score,False,0,0,5,False,False,True,True,12,False,0.16666666666666666
supp_p20,stable,complete_cohort,178,low_score,False,0,0,5,False,False,False,False,10,False,0.0
supp_p20,stable,complete_cohort,179,low_score,False,0,0,5,False,False,True,True,18,False,0.4444444444444444
supp_p20,stable,complete_cohort,180,low_score,False,0,0,5,False,False,True,True,17,False,0.47058823529411764
supp_p20,stable,complete_cohort,181,low_score,False,0,0,5,False,False,True,True,11,False,0.18181818181818182
supp_p20,stable,complete_cohort,182,low_score,False,0,0,5,False,False,False,False,9,False,0.0
supp_p20,stable,complete_cohort,183,low_score,False,0,0,5,False,False,True,True,15,False,0.26666666666666666
supp_p20,app_quicksort,complete_cohort,2,uncertainty,False,0,0,5,False,False,False,True,44,False,0.5909090909090909
supp_p20,app_quicksort,complete_cohort,3,uncertainty,False,0,0,5,False,False,False,True,44,False,0.5909090909090909
supp_p20,app_quicksort,complete_cohort,4,uncertainty,False,0,0,5,True,True,True,True,44,False,0.9090909090909091
supp_p20,app_quicksort,complete_cohort,5,uncertainty,False,0,0,5,True,False,True,True,44,False,0.5909090909090909
supp_p20,app_quicksort,complete_cohort,6,uncertainty,False,0,0,5,True,False,True,True,44,False,0.5
supp_p20,app_quicksort,complete_cohort,7,uncertainty,False,0,0,5,True,False,True,True,44,False,0.3181818181818182
supp_p20,app_quicksort,complete_cohort,9,uncertainty,False,0,0,5,False,False,False,True,44,False,0.5454545454545454
supp_p20,app_quicksort,complete_cohort,11,uncertainty,False,0,0,5,True,False,True,True,44,False,0.045454545454545456
supp_p20,app_quicksort,complete_cohort,12,uncertainty,False,0,0,5,False,True,True,True,44,False,1.3636363636363635
supp_p20,app_quicksort,complete_cohort,13,uncertainty,True,1,1,4,True,False,True,True,44,False,0.2727272727272727
supp_p20,app_quicksort,complete_cohort,14,uncertainty,True,1,1,4,True,False,True,True,44,False,0.45454545454545453
supp_p20,app_quicksort,complete_cohort,15,uncertainty,False,0,0,5,True,False,True,True,44,False,0.4090909090909091
supp_p20,app_quicksort,complete_cohort,17,uncertainty,False,0,0,5,False,False,False,True,44,False,0.5
supp_p20,app_quicksort,complete_cohort,19,uncertainty,False,0,0,5,False,False,False,True,44,False,0.4090909090909091
supp_p20,app_quicksort,complete_cohort,20,uncertainty,False,0,0,5,True,False,True,True,44,False,0.6363636363636364
supp_p20,app_quicksort,complete_cohort,21,uncertainty,False,0,0,5,False,False,False,True,44,False,0.2727272727272727
supp_p20,app_quicksort,complete_cohort,22,uncertainty,False,0,0,5,False,False,False,True,44,False,0.2727272727272727
supp_p20,app_quicksort,complete_cohort,23,uncertainty,False,0,0,5,True,False,True,True,44,False,0.5
supp_p20,app_quicksort,complete_cohort,24,uncertainty,False,0,0,5,True,False,True,True,44,False,0.45454545454545453
supp_p20,app_quicksort,complete_cohort,25,uncertainty,False,0,0,5,True,True,True,True,44,False,2.409090909090909
supp_p20,app_quicksort,complete_cohort,27,uncertainty,False,0,0,5,True,False,True,True,44,False,0.4090909090909091
supp_p20,app_quicksort,complete_cohort,28,uncertainty,True,1,1,4,True,True,True,True,44,False,1.4545454545454546
supp_p20,app_quicksort,complete_cohort,29,uncertainty,False,0,0,5,False,False,False,True,44,False,0.45454545454545453
supp_p20,app_quicksort,complete_cohort,30,uncertainty,False,0,0,5,False,False,False,True,44,False,0.5454545454545454
supp_p20,app_quicksort,complete_cohort,31,uncertainty,False,0,0,5,False,True,True,True,44,False,1.1818181818181819
supp_p20,app_quicksort,complete_cohort,39,uncertainty,False,0,0,5,True,False,True,True,44,False,0.45454545454545453
supp_p20,app_quicksort,complete_cohort,40,uncertainty,False,0,0,5,False,True,True,True,44,False,1.3636363636363635
supp_p20,app_quicksort,complete_cohort,41,uncertainty,False,0,0,5,False,False,False,True,44,False,0.5
supp_p20,app_quicksort,complete_cohort,42,uncertainty,False,0,0,5,False,False,False,True,44,False,0.2727272727272727
supp_p20,app_quicksort,complete_cohort,43,uncertainty,False,0,0,5,True,True,True,True,44,False,0.8636363636363636
supp_p20,app_quicksort,complete_cohort,44,uncertainty,False,0,0,5,True,False,True,True,44,False,0.5
supp_p20,app_quicksort,complete_cohort,45,uncertainty,False,0,0,5,False,False,False,True,44,False,0.5909090909090909
supp_p20,app_quicksort,complete_cohort,46,uncertainty,False,0,0,5,True,False,True,True,44,False,0.2727272727272727
supp_p20,app_quicksort,complete_cohort,47,uncertainty,False,0,0,5,False,False,False,True,44,False,0.5
supp_p20,app_quicksort,complete_cohort,48,uncertainty,False,0,0,5,True,False,True,True,44,False,0.45454545454545453
supp_p20,app_quicksort,complete_cohort,50,uncertainty,False,0,0,5,False,False,False,True,44,False,0.5
supp_p20,app_quicksort,complete_cohort,51,uncertainty,True,1,1,4,True,False,True,True,44,False,0.5
supp_p20,app_quicksort,complete_cohort,52,uncertainty,False,0,0,5,False,False,False,True,44,False,0.6818181818181818
supp_p20,app_quicksort,complete_cohort,53,uncertainty,False,0,0,5,False,False,True,True,44,False,0.22727272727272727
supp_p20,app_quicksort,complete_cohort,54,uncertainty,False,0,0,5,False,False,False,True,44,False,0.45454545454545453
supp_p20,app_quicksort,complete_cohort,55,uncertainty,False,0,0,5,False,True,True,True,44,False,0.9090909090909091
supp_p20,app_quicksort,complete_cohort,56,uncertainty,False,0,0,5,False,True,True,True,44,False,1.0
supp_p20,app_quicksort,complete_cohort,58,uncertainty,False,0,0,5,True,True,True,True,44,False,0.8181818181818182
supp_p20,app_quicksort,complete_cohort,59,uncertainty,False,0,0,5,True,False,True,True,44,False,0.5909090909090909
supp_p20,app_quicksort,complete_cohort,61,uncertainty,False,0,0,5,True,False,True,True,44,False,0.5454545454545454
supp_p20,app_quicksort,complete_cohort,62,uncertainty,False,0,0,5,False,False,False,True,44,False,0.5
supp_p20,app_quicksort,complete_cohort,63,uncertainty,False,0,0,5,False,True,True,True,44,False,1.3636363636363635
supp_p20,app_quicksort,complete_cohort,64,uncertainty,False,0,0,5,False,False,False,True,44,False,0.6818181818181818
supp_p20,app_quicksort,complete_cohort,66,uncertainty,False,0,0,5,True,False,True,True,44,False,0.7272727272727273
supp_p20,app_quicksort,complete_cohort,67,uncertainty,False,0,0,5,False,False,False,True,44,False,0.2727272727272727
supp_p20,app_quicksort,complete_cohort,68,uncertainty,False,0,0,5,True,False,True,True,44,False,0.36363636363636365
supp_p20,app_quicksort,complete_cohort,70,uncertainty,False,0,0,5,False,False,True,True,44,False,0.7727272727272727
supp_p20,app_quicksort,complete_cohort,71,uncertainty,False,0,0,5,False,False,False,True,44,False,0.4090909090909091
supp_p20,app_quicksort,complete_cohort,72,uncertainty,False,0,0,5,False,False,False,True,44,False,0.5909090909090909
supp_p20,app_quicksort,complete_cohort,73,uncertainty,False,0,0,5,True,True,True,True,44,False,0.9545454545454546
supp_p20,app_quicksort,complete_cohort,74,uncertainty,False,0,0,5,True,False,True,True,44,False,0.045454545454545456
supp_p20,app_quicksort,complete_cohort,76,uncertainty,False,0,0,5,False,False,False,True,44,False,0.045454545454545456
supp_p20,app_quicksort,complete_cohort,77,uncertainty,False,0,0,5,True,True,True,True,44,False,1.4545454545454546
supp_p20,app_quicksort,complete_cohort,78,uncertainty,False,0,0,5,True,False,True,True,44,False,0.4090909090909091
supp_p20,app_quicksort,complete_cohort,79,uncertainty,False,0,0,5,False,False,False,True,44,False,0.6818181818181818
supp_p20,app_quicksort,complete_cohort,80,uncertainty,False,0,0,5,False,False,True,True,44,False,0.2727272727272727
supp_p20,app_quicksort,complete_cohort,81,uncertainty,False,0,0,5,False,False,True,True,44,False,0.13636363636363635
supp_p20,app_quicksort,complete_cohort,82,uncertainty,False,0,0,5,False,False,False,True,44,False,0.09090909090909091
supp_p20,app_quicksort,complete_cohort,83,uncertainty,False,0,0,5,False,False,False,True,44,False,0.5909090909090909
supp_p20,app_quicksort,complete_cohort,84,uncertainty,False,0,0,5,False,False,False,True,44,False,0.5
supp_p20,app_quicksort,complete_cohort,85,uncertainty,False,0,0,5,False,False,False,True,44,False,0.5
supp_p20,app_quicksort,complete_cohort,86,uncertainty,False,0,0,5,True,False,True,True,44,False,0.2727272727272727
supp_p20,app_quicksort,complete_cohort,87,uncertainty,False,0,0,5,True,False,True,True,44,False,0.6363636363636364
supp_p20,app_quicksort,complete_cohort,88,uncertainty,False,0,0,5,True,False,True,True,44,False,0.5909090909090909
supp_p20,app_quicksort,complete_cohort,89,uncertainty,False,0,0,5,True,False,True,True,44,False,0.3181818181818182
supp_p20,app_quicksort,complete_cohort,90,uncertainty,True,1,1,4,True,False,True,True,44,False,0.22727272727272727
supp_p20,app_quicksort,complete_cohort,91,uncertainty,False,0,0,5,False,False,True,True,44,False,0.2727272727272727
supp_p20,app_quicksort,complete_cohort,92,uncertainty,False,0,0,5,False,False,False,True,44,False,0.4090909090909091
supp_p20,app_quicksort,complete_cohort,93,uncertainty,False,0,0,5,False,False,False,True,44,False,0.5909090909090909
supp_p20,app_quicksort,complete_cohort,94,uncertainty,False,0,0,5,True,False,True,True,44,False,0.5454545454545454
supp_p20,app_quicksort,complete_cohort,95,uncertainty,False,0,0,5,True,False,True,True,44,False,0.3181818181818182
supp_p20,app_quicksort,complete_cohort,96,uncertainty,False,0,0,5,False,False,False,True,44,False,0.36363636363636365
supp_p20,app_quicksort,complete_cohort,97,uncertainty,False,0,0,5,True,False,True,True,44,False,0.45454545454545453
supp_p20,app_quicksort,complete_cohort,98,uncertainty,False,0,0,5,True,False,True,True,44,False,0.45454545454545453
supp_p20,app_quicksort,complete_cohort,99,uncertainty,False,0,0,5,True,False,True,True,44,False,0.5909090909090909
supp_p20,app_quicksort,complete_cohort,100,uncertainty,True,1,1,4,True,False,True,True,44,False,0.4090909090909091
supp_p20,app_quicksort,complete_cohort,101,uncertainty,False,0,0,5,True,False,True,True,44,False,0.2727272727272727
supp_p20,app_quicksort,complete_cohort,102,uncertainty,False,0,0,5,True,True,True,True,44,False,0.8181818181818182
supp_p20,app_quicksort,complete_cohort,103,uncertainty,False,0,0,5,True,True,True,True,44,False,0.8636363636363636
supp_p20,app_quicksort,complete_cohort,104,uncertainty,False,0,0,5,True,False,True,True,44,False,0.5909090909090909
supp_p20,app_quicksort,complete_cohort,105,uncertainty,False,0,0,5,True,False,True,True,44,False,0.6363636363636364
supp_p20,app_quicksort,complete_cohort,106,uncertainty,False,0,0,5,False,False,False,True,44,False,0.3181818181818182
supp_p20,app_quicksort,complete_cohort,107,uncertainty,False,0,0,5,True,False,True,True,44,False,0.3181818181818182
supp_p20,app_quicksort,complete_cohort,108,uncertainty,False,0,0,5,True,True,True,True,44,False,0.8181818181818182
supp_p20,app_quicksort,complete_cohort,109,uncertainty,False,0,0,5,False,True,True,True,44,False,2.1818181818181817
supp_p20,app_quicksort,complete_cohort,110,uncertainty,False,0,0,5,True,False,True,True,44,False,0.45454545454545453
supp_p20,app_quicksort,complete_cohort,111,uncertainty,False,0,0,5,True,True,True,True,44,False,1.1818181818181819
supp_p20,app_quicksort,complete_cohort,112,uncertainty,False,0,0,5,True,False,True,True,44,False,0.6363636363636364
supp_p20,app_quicksort,complete_cohort,113,uncertainty,False,0,0,5,True,True,True,True,44,False,0.9545454545454546
supp_p20,app_quicksort,complete_cohort,114,uncertainty,True,1,1,4,True,True,True,True,44,False,1.2272727272727273
supp_p20,app_quicksort,complete_cohort,115,uncertainty,False,0,0,5,True,True,True,True,44,False,0.7272727272727273
supp_p20,app_quicksort,complete_cohort,116,uncertainty,False,0,0,5,True,False,True,True,44,False,0.5
supp_p20,app_quicksort,complete_cohort,117,uncertainty,False,0,0,5,True,True,True,True,44,False,2.8636363636363638
supp_p20,app_quicksort,complete_cohort,118,uncertainty,False,0,0,5,True,False,True,True,44,False,1.1818181818181819
supp_p20,app_quicksort,complete_cohort,119,uncertainty,False,0,0,5,False,False,False,True,44,False,0.6363636363636364
supp_p20,app_quicksort,complete_cohort,120,uncertainty,False,0,0,5,True,True,True,True,44,False,1.0454545454545454
supp_p20,app_quicksort,complete_cohort,121,uncertainty,True,1,1,4,True,True,True,True,44,False,2.590909090909091
supp_p20,app_quicksort,complete_cohort,122,uncertainty,False,0,0,5,True,False,True,True,44,False,0.3181818181818182
supp_p20,app_quicksort,complete_cohort,123,uncertainty,False,0,0,5,True,True,True,True,44,False,0.6363636363636364
supp_p20,app_quicksort,complete_cohort,124,uncertainty,False,0,0,5,False,False,False,True,44,False,0.5909090909090909
supp_p20,app_quicksort,complete_cohort,125,uncertainty,False,0,0,5,True,True,True,True,44,False,0.7727272727272727
supp_p20,app_quicksort,complete_cohort,126,uncertainty,False,0,0,5,True,False,True,True,44,False,1.0
supp_p20,app_quicksort,complete_cohort,127,uncertainty,True,1,1,4,True,False,True,True,44,False,0.4090909090909091
supp_p20,app_quicksort,complete_cohort,128,uncertainty,False,0,0,5,False,False,False,True,44,False,0.45454545454545453
supp_p20,app_quicksort,complete_cohort,129,uncertainty,False,0,0,5,False,True,True,True,44,False,1.2727272727272727
supp_p20,app_quicksort,complete_cohort,130,uncertainty,False,0,0,5,False,False,False,True,44,False,0.22727272727272727
supp_p20,app_quicksort,complete_cohort,131,uncertainty,False,0,0,5,True,False,True,True,44,False,0.2727272727272727
supp_p20,app_quicksort,complete_cohort,132,uncertainty,False,0,0,5,True,False,True,True,44,False,0.5454545454545454
supp_p20,app_quicksort,complete_cohort,133,uncertainty,False,0,0,5,False,False,False,True,44,False,0.4090909090909091
supp_p20,app_quicksort,complete_cohort,134,uncertainty,False,0,0,5,False,False,False,True,44,False,0.045454545454545456
supp_p20,app_quicksort,complete_cohort,135,uncertainty,False,0,0,5,True,False,True,True,44,False,0.45454545454545453
supp_p20,app_quicksort,complete_cohort,136,uncertainty,True,1,1,4,True,False,True,True,44,False,1.0909090909090908
supp_p20,app_quicksort,complete_cohort,137,uncertainty,False,0,0,5,True,False,True,True,44,False,0.045454545454545456
supp_p20,app_quicksort,complete_cohort,138,uncertainty,True,1,1,4,True,False,True,True,44,False,0.6818181818181818
supp_p20,app_quicksort,complete_cohort,139,uncertainty,True,1,1,4,True,False,True,True,44,False,0.4090909090909091
supp_p20,app_quicksort,complete_cohort,140,uncertainty,False,0,0,5,False,False,True,True,44,False,0.4090909090909091
supp_p20,app_quicksort,complete_cohort,141,uncertainty,False,0,0,5,False,False,False,True,44,False,0.7727272727272727
supp_p20,app_quicksort,complete_cohort,142,uncertainty,True,1,1,4,True,False,True,True,44,False,1.1818181818181819
supp_p20,app_quicksort,complete_cohort,143,uncertainty,True,1,1,4,True,False,True,True,44,False,0.36363636363636365
supp_p20,app_quicksort,complete_cohort,144,uncertainty,False,0,0,5,False,True,True,True,44,False,1.0
supp_p20,app_quicksort,complete_cohort,147,uncertainty,False,0,0,5,False,False,False,True,44,False,0.5
supp_p20,app_quicksort,complete_cohort,148,uncertainty,False,0,0,5,True,False,True,True,44,False,0.4090909090909091
supp_p20,app_quicksort,complete_cohort,149,uncertainty,False,0,0,5,True,False,True,True,44,False,0.5909090909090909
supp_p20,app_quicksort,complete_cohort,150,uncertainty,False,0,0,5,True,False,True,True,44,False,0.4090909090909091
supp_p20,app_quicksort,complete_cohort,151,uncertainty,False,0,0,5,True,False,True,True,44,False,0.4090909090909091
supp_p20,app_quicksort,complete_cohort,152,uncertainty,False,0,0,5,False,False,False,True,44,False,0.045454545454545456
supp_p20,app_quicksort,complete_cohort,153,uncertainty,False,0,0,5,True,False,True,True,44,False,0.6363636363636364
supp_p20,app_quicksort,complete_cohort,154,uncertainty,False,0,0,5,False,False,False,True,44,False,0.4090909090909091
supp_p20,app_quicksort,complete_cohort,155,uncertainty,False,0,0,5,False,False,False,True,44,False,0.5454545454545454
supp_p20,app_quicksort,complete_cohort,156,uncertainty,True,1,1,4,True,False,True,True,44,False,0.45454545454545453
supp_p20,app_quicksort,complete_cohort,157,uncertainty,False,0,0,5,False,False,False,True,44,False,0.4090909090909091
supp_p20,app_quicksort,complete_cohort,158,uncertainty,False,0,0,5,False,False,False,True,44,False,0.3181818181818182
supp_p20,app_quicksort,complete_cohort,159,uncertainty,True,1,1,4,True,False,True,True,44,False,0.5454545454545454
supp_p20,app_quicksort,complete_cohort,160,uncertainty,False,0,0,5,True,False,True,True,44,False,0.36363636363636365
supp_p20,app_quicksort,complete_cohort,161,uncertainty,False,0,0,5,False,False,False,True,44,False,0.9545454545454546
supp_p20,app_quicksort,complete_cohort,162,uncertainty,True,1,1,4,True,False,True,True,44,False,0.4090909090909091
supp_p20,app_quicksort,complete_cohort,163,uncertainty,True,1,1,4,True,False,True,True,44,False,0.45454545454545453
supp_p20,app_quicksort,complete_cohort,164,uncertainty,False,0,0,5,False,False,False,True,44,False,0.2727272727272727
supp_p20,app_quicksort,complete_cohort,165,uncertainty,False,0,0,5,False,False,True,True,44,False,0.5
supp_p20,app_quicksort,complete_cohort,166,uncertainty,True,1,1,4,True,False,True,True,44,False,0.3181818181818182
supp_p20,app_quicksort,complete_cohort,167,uncertainty,False,0,0,5,False,True,True,True,44,False,0.4090909090909091
supp_p20,app_quicksort,complete_cohort,168,uncertainty,False,0,0,5,False,False,False,True,44,False,0.4090909090909091
supp_p20,app_quicksort,complete_cohort,169,uncertainty,True,1,1,4,True,False,True,True,44,False,0.6818181818181818
supp_p20,app_quicksort,complete_cohort,170,uncertainty,False,0,0,5,False,False,False,True,44,False,0.4090909090909091
supp_p20,app_quicksort,complete_cohort,172,uncertainty,False,0,0,5,True,False,True,True,44,False,0.5454545454545454
supp_p20,app_quicksort,complete_cohort,174,uncertainty,True,1,1,4,True,False,True,True,44,False,0.5454545454545454
supp_p20,app_quicksort,complete_cohort,175,uncertainty,True,1,1,4,True,False,True,True,44,False,0.7272727272727273
supp_p20,app_quicksort,complete_cohort,176,uncertainty,False,0,0,5,False,False,False,True,44,False,0.36363636363636365
supp_p20,app_quicksort,complete_cohort,177,uncertainty,False,0,0,5,True,False,True,True,44,False,0.4090909090909091
supp_p20,app_quicksort,complete_cohort,178,uncertainty,False,0,0,5,False,True,True,True,44,False,0.6818181818181818
supp_p20,app_quicksort,complete_cohort,179,uncertainty,True,1,1,4,True,False,True,True,44,False,0.5454545454545454
supp_p20,app_quicksort,complete_cohort,180,uncertainty,True,1,1,4,True,False,True,True,44,False,0.3181818181818182
supp_p20,app_quicksort,complete_cohort,181,uncertainty,False,0,0,5,True,True,True,True,44,False,1.4090909090909092
supp_p20,app_quicksort,complete_cohort,182,uncertainty,False,0,0,5,False,False,False,True,44,False,0.6818181818181818
supp_p20,app_quicksort,complete_cohort,183,uncertainty,False,0,0,5,True,False,True,True,44,False,0.45454545454545453
supp_p20,app_quicksort,complete_cohort,2,low_score,False,0,0,5,False,False,False,False,5,False,0.0
supp_p20,app_quicksort,complete_cohort,3,low_score,False,0,0,5,False,False,False,False,9,False,0.0
supp_p20,app_quicksort,complete_cohort,4,low_score,False,0,0,5,False,False,True,True,15,False,0.26666666666666666
supp_p20,app_quicksort,complete_cohort,5,low_score,False,0,0,5,False,False,True,True,9,False,0.2222222222222222
supp_p20,app_quicksort,complete_cohort,6,low_score,False,0,0,5,False,False,True,True,7,False,0.2857142857142857
supp_p20,app_quicksort,complete_cohort,7,low_score,False,0,0,5,False,False,True,True,15,False,0.13333333333333333
supp_p20,app_quicksort,complete_cohort,9,low_score,False,0,0,5,False,False,False,False,8,False,0.0
supp_p20,app_quicksort,complete_cohort,11,low_score,False,0,0,5,False,False,True,True,12,False,0.16666666666666666
supp_p20,app_quicksort,complete_cohort,12,low_score,False,0,0,5,False,False,False,False,7,False,0.0
supp_p20,app_quicksort,complete_cohort,13,low_score,False,0,0,5,False,False,True,True,15,False,0.26666666666666666
supp_p20,app_quicksort,complete_cohort,14,low_score,False,0,0,5,False,False,True,True,16,False,0.25
supp_p20,app_quicksort,complete_cohort,15,low_score,False,0,0,5,False,False,True,True,11,False,0.18181818181818182
supp_p20,app_quicksort,complete_cohort,17,low_score,False,0,0,5,False,False,False,False,11,False,0.0
supp_p20,app_quicksort,complete_cohort,19,low_score,False,0,0,5,False,False,False,False,11,False,0.0
supp_p20,app_quicksort,complete_cohort,20,low_score,False,0,0,5,True,False,True,True,6,False,0.3333333333333333
supp_p20,app_quicksort,complete_cohort,21,low_score,False,0,0,5,False,False,False,False,15,False,0.0
supp_p20,app_quicksort,complete_cohort,22,low_score,False,0,0,5,False,False,False,False,16,False,0.0
supp_p20,app_quicksort,complete_cohort,23,low_score,False,0,0,5,False,False,True,True,12,False,0.16666666666666666
supp_p20,app_quicksort,complete_cohort,24,low_score,False,0,0,5,False,False,True,True,9,False,0.2222222222222222
supp_p20,app_quicksort,complete_cohort,25,low_score,False,0,0,5,False,False,True,True,11,False,0.18181818181818182
supp_p20,app_quicksort,complete_cohort,27,low_score,False,0,0,5,False,False,True,True,13,False,0.46153846153846156
supp_p20,app_quicksort,complete_cohort,28,low_score,True,1,1,4,True,False,True,True,10,False,0.2
supp_p20,app_quicksort,complete_cohort,29,low_score,False,0,0,5,False,False,False,False,9,False,0.0
supp_p20,app_quicksort,complete_cohort,30,low_score,False,0,0,5,False,False,False,False,6,False,0.0
supp_p20,app_quicksort,complete_cohort,31,low_score,False,0,0,5,False,False,False,False,10,False,0.0
supp_p20,app_quicksort,complete_cohort,39,low_score,False,0,0,5,False,False,True,True,8,False,0.25
supp_p20,app_quicksort,complete_cohort,40,low_score,False,0,0,5,False,False,False,False,6,False,0.0
supp_p20,app_quicksort,complete_cohort,41,low_score,False,0,0,5,False,False,False,False,9,False,0.0
supp_p20,app_quicksort,complete_cohort,42,low_score,False,0,0,5,False,False,False,False,12,False,0.0
supp_p20,app_quicksort,complete_cohort,43,low_score,False,0,0,5,False,False,True,True,10,False,0.2
supp_p20,app_quicksort,complete_cohort,44,low_score,False,0,0,5,False,False,True,True,7,False,0.2857142857142857
supp_p20,app_quicksort,complete_cohort,45,low_score,False,0,0,5,False,False,False,False,8,False,0.0
supp_p20,app_quicksort,complete_cohort,46,low_score,False,0,0,5,False,False,True,True,12,False,0.16666666666666666
supp_p20,app_quicksort,complete_cohort,47,low_score,False,0,0,5,False,False,False,False,8,False,0.0
supp_p20,app_quicksort,complete_cohort,48,low_score,False,0,0,5,False,False,True,True,14,False,0.2857142857142857
supp_p20,app_quicksort,complete_cohort,50,low_score,False,0,0,5,False,False,False,False,7,False,0.0
supp_p20,app_quicksort,complete_cohort,51,low_score,False,0,0,5,False,False,True,True,17,False,0.47058823529411764
supp_p20,app_quicksort,complete_cohort,52,low_score,False,0,0,5,False,False,False,False,15,False,0.0
supp_p20,app_quicksort,complete_cohort,53,low_score,False,0,0,5,False,False,True,True,17,False,0.23529411764705882
supp_p20,app_quicksort,complete_cohort,54,low_score,False,0,0,5,False,False,False,False,8,False,0.0
supp_p20,app_quicksort,complete_cohort,55,low_score,False,0,0,5,False,False,False,False,9,False,0.0
supp_p20,app_quicksort,complete_cohort,56,low_score,False,0,0,5,False,False,False,False,5,False,0.0
supp_p20,app_quicksort,complete_cohort,58,low_score,False,0,0,5,False,False,True,True,14,False,0.2857142857142857
supp_p20,app_quicksort,complete_cohort,59,low_score,True,1,1,4,True,False,True,True,6,False,0.3333333333333333
supp_p20,app_quicksort,complete_cohort,61,low_score,False,0,0,5,False,False,True,True,9,False,0.2222222222222222
supp_p20,app_quicksort,complete_cohort,62,low_score,False,0,0,5,False,False,False,False,9,False,0.0
supp_p20,app_quicksort,complete_cohort,63,low_score,False,0,0,5,False,False,False,False,6,False,0.0
supp_p20,app_quicksort,complete_cohort,64,low_score,False,0,0,5,False,False,False,False,5,False,0.0
supp_p20,app_quicksort,complete_cohort,66,low_score,True,1,1,4,True,False,True,True,7,False,0.5714285714285714
supp_p20,app_quicksort,complete_cohort,67,low_score,False,0,0,5,False,False,False,False,14,False,0.0
supp_p20,app_quicksort,complete_cohort,68,low_score,False,0,0,5,False,False,True,True,12,False,0.16666666666666666
supp_p20,app_quicksort,complete_cohort,70,low_score,False,0,0,5,False,False,True,True,16,False,0.25
supp_p20,app_quicksort,complete_cohort,71,low_score,False,0,0,5,False,False,False,False,11,False,0.0
supp_p20,app_quicksort,complete_cohort,72,low_score,False,0,0,4,False,False,False,False,4,False,0.0
supp_p20,app_quicksort,complete_cohort,73,low_score,False,0,0,5,False,False,True,True,9,False,0.2222222222222222
supp_p20,app_quicksort,complete_cohort,74,low_score,False,0,0,5,False,False,True,True,15,False,0.13333333333333333
supp_p20,app_quicksort,complete_cohort,76,low_score,False,0,0,5,False,False,False,False,21,False,0.0
supp_p20,app_quicksort,complete_cohort,77,low_score,True,1,1,4,True,False,True,True,12,False,0.8333333333333334
supp_p20,app_quicksort,complete_cohort,78,low_score,False,0,0,5,False,False,True,True,11,False,0.36363636363636365
supp_p20,app_quicksort,complete_cohort,79,low_score,False,0,0,5,False,False,False,False,5,False,0.0
supp_p20,app_quicksort,complete_cohort,80,low_score,False,0,0,5,False,False,True,True,18,False,0.3333333333333333
supp_p20,app_quicksort,complete_cohort,81,low_score,False,0,0,3,False,False,False,False,3,False,0.0
supp_p20,app_quicksort,complete_cohort,82,low_score,False,0,0,5,False,False,False,False,9,False,0.0
supp_p20,app_quicksort,complete_cohort,83,low_score,False,0,0,5,False,False,False,False,5,False,0.0
supp_p20,app_quicksort,complete_cohort,84,low_score,False,0,0,5,False,False,False,False,5,False,0.0
supp_p20,app_quicksort,complete_cohort,85,low_score,False,0,0,5,False,False,False,False,6,False,0.0
supp_p20,app_quicksort,complete_cohort,86,low_score,False,0,0,5,False,False,True,True,17,False,0.11764705882352941
supp_p20,app_quicksort,complete_cohort,87,low_score,False,0,0,5,False,False,True,True,10,False,0.4
supp_p20,app_quicksort,complete_cohort,88,low_score,False,0,0,5,False,False,True,True,10,False,0.6
supp_p20,app_quicksort,complete_cohort,89,low_score,False,0,0,5,False,False,True,True,13,False,0.15384615384615385
supp_p20,app_quicksort,complete_cohort,90,low_score,False,0,0,5,False,False,True,True,19,False,0.3157894736842105
supp_p20,app_quicksort,complete_cohort,91,low_score,False,0,0,5,False,False,True,True,19,False,0.10526315789473684
supp_p20,app_quicksort,complete_cohort,92,low_score,False,0,0,5,False,False,False,False,12,False,0.0
supp_p20,app_quicksort,complete_cohort,93,low_score,False,0,0,5,False,False,False,False,9,False,0.0
supp_p20,app_quicksort,complete_cohort,94,low_score,False,0,0,5,False,False,True,True,13,False,0.6153846153846154
supp_p20,app_quicksort,complete_cohort,95,low_score,False,0,0,5,False,False,True,True,14,False,0.14285714285714285
supp_p20,app_quicksort,complete_cohort,96,low_score,False,0,0,5,False,False,False,False,10,False,0.0
supp_p20,app_quicksort,complete_cohort,97,low_score,False,0,0,5,False,False,True,True,9,False,0.2222222222222222
supp_p20,app_quicksort,complete_cohort,98,low_score,False,0,0,5,False,False,True,True,11,False,0.18181818181818182
supp_p20,app_quicksort,complete_cohort,99,low_score,False,0,0,5,False,False,True,True,8,False,0.25
supp_p20,app_quicksort,complete_cohort,100,low_score,False,0,0,5,False,False,True,True,16,False,0.5
supp_p20,app_quicksort,complete_cohort,101,low_score,False,0,0,5,False,False,True,True,15,False,0.13333333333333333
supp_p20,app_quicksort,complete_cohort,102,low_score,False,0,0,5,False,False,True,True,11,False,0.36363636363636365
supp_p20,app_quicksort,complete_cohort,103,low_score,False,0,0,5,False,False,True,True,11,False,0.18181818181818182
supp_p20,app_quicksort,complete_cohort,104,low_score,False,0,0,5,False,False,True,True,14,False,0.5714285714285714
supp_p20,app_quicksort,complete_cohort,105,low_score,False,0,0,5,False,False,True,True,10,False,0.4
supp_p20,app_quicksort,complete_cohort,106,low_score,False,0,0,5,False,False,False,False,13,False,0.0
supp_p20,app_quicksort,complete_cohort,107,low_score,False,0,0,5,False,False,True,True,12,False,0.16666666666666666
supp_p20,app_quicksort,complete_cohort,108,low_score,False,0,0,5,False,False,True,True,12,False,0.3333333333333333
supp_p20,app_quicksort,complete_cohort,109,low_score,False,0,0,5,False,False,False,False,11,False,0.0
supp_p20,app_quicksort,complete_cohort,110,low_score,False,0,0,5,False,False,True,True,9,False,0.2222222222222222
supp_p20,app_quicksort,complete_cohort,111,low_score,False,0,0,5,False,False,True,True,9,False,0.2222222222222222
supp_p20,app_quicksort,complete_cohort,112,low_score,False,0,0,5,False,False,True,True,11,False,0.36363636363636365
supp_p20,app_quicksort,complete_cohort,113,low_score,False,0,0,5,False,False,True,True,11,False,0.18181818181818182
supp_p20,app_quicksort,complete_cohort,114,low_score,False,0,0,5,False,False,True,True,13,False,0.3076923076923077
supp_p20,app_quicksort,complete_cohort,115,low_score,False,0,0,5,False,False,True,True,10,False,0.2
supp_p20,app_quicksort,complete_cohort,116,low_score,False,0,0,5,False,False,True,True,10,False,0.4
supp_p20,app_quicksort,complete_cohort,117,low_score,False,0,0,5,False,False,True,True,11,False,0.36363636363636365
supp_p20,app_quicksort,complete_cohort,118,low_score,False,0,0,5,False,False,True,True,17,False,0.9411764705882353
supp_p20,app_quicksort,complete_cohort,119,low_score,False,0,0,5,False,False,False,False,9,False,0.0
supp_p20,app_quicksort,complete_cohort,120,low_score,False,0,0,5,False,False,True,True,10,False,0.4
supp_p20,app_quicksort,complete_cohort,121,low_score,False,0,0,5,False,False,True,True,12,False,0.3333333333333333
supp_p20,app_quicksort,complete_cohort,122,low_score,False,0,0,5,False,False,True,True,17,False,0.23529411764705882
supp_p20,app_quicksort,complete_cohort,123,low_score,False,0,0,5,False,False,True,True,11,False,0.18181818181818182
supp_p20,app_quicksort,complete_cohort,124,low_score,False,0,0,5,False,False,False,False,8,False,0.0
supp_p20,app_quicksort,complete_cohort,125,low_score,False,0,0,5,False,False,True,True,13,False,0.3076923076923077
supp_p20,app_quicksort,complete_cohort,126,low_score,False,0,0,5,False,False,True,True,16,False,0.125
supp_p20,app_quicksort,complete_cohort,127,low_score,False,0,0,5,False,False,True,True,15,False,0.4
supp_p20,app_quicksort,complete_cohort,128,low_score,False,0,0,5,False,False,False,False,13,False,0.0
supp_p20,app_quicksort,complete_cohort,129,low_score,False,0,0,5,False,False,False,False,7,False,0.0
supp_p20,app_quicksort,complete_cohort,130,low_score,False,0,0,5,False,False,False,False,15,False,0.0
supp_p20,app_quicksort,complete_cohort,131,low_score,False,0,0,5,False,False,True,True,18,False,0.2222222222222222
supp_p20,app_quicksort,complete_cohort,132,low_score,False,0,0,5,False,False,True,True,11,False,0.18181818181818182
supp_p20,app_quicksort,complete_cohort,133,low_score,False,0,0,5,False,False,False,False,5,False,0.0
supp_p20,app_quicksort,complete_cohort,134,low_score,False,0,0,5,False,False,False,False,15,False,0.0
supp_p20,app_quicksort,complete_cohort,135,low_score,False,0,0,5,False,False,True,True,13,False,0.15384615384615385
supp_p20,app_quicksort,complete_cohort,136,low_score,False,0,0,5,False,False,True,True,15,False,0.4
supp_p20,app_quicksort,complete_cohort,137,low_score,False,0,0,5,False,False,True,True,15,False,0.13333333333333333
supp_p20,app_quicksort,complete_cohort,138,low_score,False,0,0,5,False,False,True,True,14,False,0.7142857142857143
supp_p20,app_quicksort,complete_cohort,139,low_score,False,0,0,5,False,False,True,True,14,False,0.5714285714285714
supp_p20,app_quicksort,complete_cohort,140,low_score,False,0,0,5,False,False,True,True,17,False,0.23529411764705882
supp_p20,app_quicksort,complete_cohort,141,low_score,False,0,0,5,False,False,False,False,16,False,0.0
supp_p20,app_quicksort,complete_cohort,142,low_score,False,0,0,5,False,False,True,True,17,False,0.35294117647058826
supp_p20,app_quicksort,complete_cohort,143,low_score,False,0,0,5,False,False,True,True,17,False,0.35294117647058826
supp_p20,app_quicksort,complete_cohort,144,low_score,False,0,0,5,False,False,False,False,8,False,0.0
supp_p20,app_quicksort,complete_cohort,147,low_score,False,0,0,5,False,False,False,False,14,False,0.0
supp_p20,app_quicksort,complete_cohort,148,low_score,False,0,0,5,False,False,True,True,15,False,0.4
supp_p20,app_quicksort,complete_cohort,149,low_score,False,0,0,5,False,False,True,True,12,False,0.3333333333333333
supp_p20,app_quicksort,complete_cohort,150,low_score,False,0,0,5,False,False,True,True,15,False,0.26666666666666666
supp_p20,app_quicksort,complete_cohort,151,low_score,False,0,0,5,False,False,True,True,16,False,0.375
supp_p20,app_quicksort,complete_cohort,152,low_score,False,0,0,5,False,False,False,False,17,False,0.0
supp_p20,app_quicksort,complete_cohort,153,low_score,False,0,0,5,False,False,True,True,14,False,0.42857142857142855
supp_p20,app_quicksort,complete_cohort,154,low_score,False,0,0,5,False,False,False,False,8,False,0.0
supp_p20,app_quicksort,complete_cohort,155,low_score,False,0,0,5,False,False,False,False,10,False,0.0
supp_p20,app_quicksort,complete_cohort,156,low_score,False,0,0,5,False,False,True,True,16,False,0.5
supp_p20,app_quicksort,complete_cohort,157,low_score,False,0,0,5,False,False,False,False,9,False,0.0
supp_p20,app_quicksort,complete_cohort,158,low_score,False,0,0,5,False,False,False,False,12,False,0.0
supp_p20,app_quicksort,complete_cohort,159,low_score,False,0,0,5,False,False,True,True,13,False,0.3076923076923077
supp_p20,app_quicksort,complete_cohort,160,low_score,False,0,0,5,False,False,True,True,14,False,0.14285714285714285
supp_p20,app_quicksort,complete_cohort,161,low_score,False,0,0,5,False,False,False,False,15,False,0.0
supp_p20,app_quicksort,complete_cohort,162,low_score,False,0,0,5,False,False,True,True,20,False,0.4
supp_p20,app_quicksort,complete_cohort,163,low_score,False,0,0,5,False,False,True,True,18,False,0.5555555555555556
supp_p20,app_quicksort,complete_cohort,164,low_score,False,0,0,5,False,False,False,False,13,False,0.0
supp_p20,app_quicksort,complete_cohort,165,low_score,False,0,0,5,False,False,True,True,16,False,0.375
supp_p20,app_quicksort,complete_cohort,166,low_score,False,0,0,5,False,False,True,True,18,False,0.2222222222222222
supp_p20,app_quicksort,complete_cohort,167,low_score,False,0,0,5,False,False,False,False,12,False,0.0
supp_p20,app_quicksort,complete_cohort,168,low_score,False,0,0,5,False,False,False,False,8,False,0.0
supp_p20,app_quicksort,complete_cohort,169,low_score,True,1,1,4,True,False,True,True,13,False,0.7692307692307693
supp_p20,app_quicksort,complete_cohort,170,low_score,False,0,0,5,False,False,False,False,12,False,0.0
supp_p20,app_quicksort,complete_cohort,172,low_score,False,0,0,5,False,False,True,True,12,False,0.3333333333333333
supp_p20,app_quicksort,complete_cohort,174,low_score,False,0,0,5,False,False,True,True,15,False,0.6666666666666666
supp_p20,app_quicksort,complete_cohort,175,low_score,False,0,0,5,False,False,True,True,14,False,0.2857142857142857
supp_p20,app_quicksort,complete_cohort,176,low_score,False,0,0,5,False,False,False,False,11,False,0.0
supp_p20,app_quicksort,complete_cohort,177,low_score,False,0,0,5,False,False,True,True,12,False,0.16666666666666666
supp_p20,app_quicksort,complete_cohort,178,low_score,False,0,0,5,False,False,False,False,10,False,0.0
supp_p20,app_quicksort,complete_cohort,179,low_score,False,0,0,5,False,False,True,True,18,False,0.4444444444444444
supp_p20,app_quicksort,complete_cohort,180,low_score,False,0,0,5,False,False,True,True,17,False,0.47058823529411764
supp_p20,app_quicksort,complete_cohort,181,low_score,False,0,0,5,False,False,True,True,11,False,0.18181818181818182
supp_p20,app_quicksort,complete_cohort,182,low_score,False,0,0,5,False,False,False,False,9,False,0.0
supp_p20,app_quicksort,complete_cohort,183,low_score,False,0,0,5,False,False,True,True,15,False,0.26666666666666666
supp_p25,stable,demonstration,1,uncertainty,False,0,0,5,False,False,False,True,44,False,0.5909090909090909
supp_p25,stable,demonstration,2,uncertainty,False,0,0,5,True,False,True,True,44,False,0.5909090909090909
supp_p25,stable,demonstration,3,uncertainty,False,0,0,5,True,False,True,True,44,False,0.3181818181818182
supp_p25,stable,demonstration,4,uncertainty,False,0,0,5,False,False,False,True,44,False,0.6818181818181818
supp_p25,stable,demonstration,5,uncertainty,False,0,0,5,False,False,False,True,44,False,0.5454545454545454
supp_p25,stable,demonstration,6,uncertainty,False,0,0,5,True,False,True,True,44,False,0.5
supp_p25,stable,demonstration,7,uncertainty,False,0,0,5,True,False,True,True,44,False,0.2727272727272727
supp_p25,stable,demonstration,8,uncertainty,True,1,1,4,True,False,True,True,44,False,0.2727272727272727
supp_p25,stable,demonstration,9,uncertainty,False,0,0,5,False,False,False,True,44,False,0.5909090909090909
supp_p25,stable,demonstration,10,uncertainty,False,0,0,5,False,False,False,True,44,False,0.4090909090909091
supp_p25,stable,demonstration,1,low_score,False,0,0,5,False,False,False,False,5,False,0.0
supp_p25,stable,demonstration,2,low_score,False,0,0,5,False,False,True,True,9,False,0.2222222222222222
supp_p25,stable,demonstration,3,low_score,False,0,0,5,False,False,True,True,15,False,0.13333333333333333
supp_p25,stable,demonstration,4,low_score,False,0,0,5,False,False,False,False,7,False,0.0
supp_p25,stable,demonstration,5,low_score,False,0,0,5,False,False,False,False,8,False,0.0
supp_p25,stable,demonstration,6,low_score,False,0,0,5,False,False,True,True,10,False,0.6
supp_p25,stable,demonstration,7,low_score,False,0,0,5,False,False,True,True,17,False,0.11764705882352941
supp_p25,stable,demonstration,8,low_score,False,0,0,5,False,False,True,True,19,False,0.42105263157894735
supp_p25,stable,demonstration,9,low_score,False,0,0,5,False,False,False,False,5,False,0.0
supp_p25,stable,demonstration,10,low_score,False,0,0,5,False,False,False,False,12,False,0.0
supp_p25,app_quicksort,demonstration,1,uncertainty,False,0,0,5,False,False,False,True,44,False,0.5909090909090909
supp_p25,app_quicksort,demonstration,2,uncertainty,False,0,0,5,True,False,True,True,44,False,0.5909090909090909
supp_p25,app_quicksort,demonstration,3,uncertainty,False,0,0,5,True,False,True,True,44,False,0.3181818181818182
supp_p25,app_quicksort,demonstration,4,uncertainty,False,0,0,5,False,True,True,True,44,False,1.3636363636363635
supp_p25,app_quicksort,demonstration,5,uncertainty,False,0,0,5,False,False,False,True,44,False,0.5454545454545454
supp_p25,app_quicksort,demonstration,6,uncertainty,False,0,0,5,True,False,True,True,44,False,0.6818181818181818
supp_p25,app_quicksort,demonstration,7,uncertainty,False,0,0,5,True,False,True,True,44,False,0.2727272727272727
supp_p25,app_quicksort,demonstration,8,uncertainty,True,1,1,4,True,False,True,True,44,False,0.2727272727272727
supp_p25,app_quicksort,demonstration,9,uncertainty,False,0,0,5,False,False,False,True,44,False,0.5909090909090909
supp_p25,app_quicksort,demonstration,10,uncertainty,False,0,0,5,False,False,False,True,44,False,0.4090909090909091
supp_p25,app_quicksort,demonstration,1,low_score,False,0,0,5,False,False,False,False,5,False,0.0
supp_p25,app_quicksort,demonstration,2,low_score,False,0,0,5,False,False,True,True,9,False,0.2222222222222222
supp_p25,app_quicksort,demonstration,3,low_score,False,0,0,5,False,False,True,True,15,False,0.13333333333333333
supp_p25,app_quicksort,demonstration,4,low_score,False,0,0,5,False,False,False,False,7,False,0.0
supp_p25,app_quicksort,demonstration,5,low_score,False,0,0,5,False,False,False,False,8,False,0.0
supp_p25,app_quicksort,demonstration,6,low_score,False,0,0,5,False,False,True,True,10,False,0.6
supp_p25,app_quicksort,demonstration,7,low_score,False,0,0,5,False,False,True,True,17,False,0.11764705882352941
supp_p25,app_quicksort,demonstration,8,low_score,False,0,0,5,False,False,True,True,19,False,0.42105263157894735
supp_p25,app_quicksort,demonstration,9,low_score,False,0,0,5,False,False,False,False,5,False,0.0
supp_p25,app_quicksort,demonstration,10,low_score,False,0,0,5,False,False,False,False,12,False,0.0
supp_p25,stable,reference,159,uncertainty,True,1,1,4,True,False,True,True,44,False,0.5909090909090909
supp_p25,stable,reference,42,uncertainty,False,0,0,5,False,False,False,True,44,False,0.2727272727272727
supp_p25,stable,reference,64,uncertainty,False,0,0,5,False,False,False,True,44,False,0.6818181818181818
supp_p25,stable,reference,12,uncertainty,False,0,0,5,False,False,False,True,44,False,0.6818181818181818
supp_p25,stable,reference,160,uncertainty,False,0,0,5,True,False,True,True,44,False,0.36363636363636365
supp_p25,stable,reference,155,uncertainty,False,0,0,5,False,False,False,True,44,False,0.5454545454545454
supp_p25,stable,reference,11,uncertainty,False,0,0,5,True,False,True,True,44,False,0.045454545454545456
supp_p25,stable,reference,124,uncertainty,False,0,0,5,False,False,False,True,44,False,0.5909090909090909
supp_p25,stable,reference,169,uncertainty,True,1,1,4,True,False,True,True,44,False,0.6818181818181818
supp_p25,stable,reference,106,uncertainty,False,0,0,5,False,False,False,True,44,False,0.3181818181818182
supp_p25,stable,reference,157,uncertainty,False,0,0,5,False,False,False,True,44,False,0.4090909090909091
supp_p25,stable,reference,126,uncertainty,False,0,0,5,True,False,True,True,44,False,0.3181818181818182
supp_p25,stable,reference,55,uncertainty,False,0,0,5,False,False,False,True,44,False,0.5909090909090909
supp_p25,stable,reference,113,uncertainty,False,0,0,5,True,False,True,True,44,False,0.5454545454545454
supp_p25,stable,reference,158,uncertainty,False,0,0,5,False,False,False,True,44,False,0.3181818181818182
supp_p25,stable,reference,165,uncertainty,False,0,0,5,False,False,True,True,44,False,0.5909090909090909
supp_p25,stable,reference,178,uncertainty,False,0,0,5,False,False,False,True,44,False,0.36363636363636365
supp_p25,stable,reference,133,uncertainty,False,0,0,5,False,False,False,True,44,False,0.45454545454545453
supp_p25,stable,reference,78,uncertainty,False,0,0,5,True,False,True,True,44,False,0.5
supp_p25,stable,reference,70,uncertainty,False,0,0,5,False,False,True,True,44,False,0.2727272727272727
supp_p25,stable,reference,176,uncertainty,False,0,0,5,False,False,False,True,44,False,0.36363636363636365
supp_p25,stable,reference,17,uncertainty,False,0,0,5,False,False,False,True,44,False,0.5
supp_p25,stable,reference,136,uncertainty,True,1,1,4,True,False,True,True,44,False,0.45454545454545453
supp_p25,stable,reference,76,uncertainty,False,0,0,5,False,False,False,True,44,False,0.045454545454545456
supp_p25,stable,reference,82,uncertainty,False,0,0,5,False,False,False,True,44,False,0.09090909090909091
supp_p25,stable,reference,114,uncertainty,True,1,1,4,True,False,True,True,44,False,0.45454545454545453
supp_p25,stable,reference,168,uncertainty,False,0,0,5,False,False,False,True,44,False,0.4090909090909091
supp_p25,stable,reference,28,uncertainty,True,1,1,4,True,False,True,True,44,False,0.5454545454545454
supp_p25,stable,reference,39,uncertainty,False,0,0,5,True,False,True,True,44,False,0.45454545454545453
supp_p25,stable,reference,50,uncertainty,False,0,0,5,False,False,False,True,44,False,0.5454545454545454
supp_p25,stable,reference,61,uncertainty,False,0,0,5,True,False,True,True,44,False,0.5909090909090909
supp_p25,stable,reference,100,uncertainty,True,1,1,4,True,False,True,True,44,False,0.4090909090909091
supp_p25,stable,reference,130,uncertainty,False,0,0,5,False,False,False,True,44,False,0.22727272727272727
supp_p25,stable,reference,141,uncertainty,False,0,0,5,False,False,False,True,44,False,0.36363636363636365
supp_p25,stable,reference,53,uncertainty,False,0,0,5,False,False,True,True,44,False,0.22727272727272727
supp_p25,stable,reference,73,uncertainty,False,0,0,5,True,False,True,True,44,False,0.5909090909090909
supp_p25,stable,reference,9,uncertainty,False,0,0,5,False,False,False,True,44,False,0.5454545454545454
supp_p25,stable,reference,6,uncertainty,False,0,0,5,True,False,True,True,44,False,0.5
supp_p25,stable,reference,31,uncertainty,False,0,0,5,False,False,False,True,44,False,0.36363636363636365
supp_p25,stable,reference,94,uncertainty,False,0,0,5,True,False,True,True,44,False,0.5454545454545454
supp_p25,stable,reference,58,uncertainty,False,0,0,5,True,False,True,True,44,False,0.36363636363636365
supp_p25,stable,reference,177,uncertainty,False,0,0,5,True,False,True,True,44,False,0.4090909090909091
supp_p25,stable,reference,48,uncertainty,False,0,0,5,True,False,True,True,44,False,0.45454545454545453
supp_p25,stable,reference,164,uncertainty,False,0,0,5,False,False,False,True,44,False,0.2727272727272727
supp_p25,stable,reference,67,uncertainty,False,0,0,5,False,False,False,True,44,False,0.2727272727272727
supp_p25,stable,reference,118,uncertainty,False,0,0,5,True,False,True,True,44,False,0.8636363636363636
supp_p25,stable,reference,79,uncertainty,False,0,0,5,False,False,False,True,44,False,0.6818181818181818
supp_p25,stable,reference,122,uncertainty,False,0,0,5,True,False,True,True,44,False,0.3181818181818182
supp_p25,stable,reference,54,uncertainty,False,0,0,5,False,False,False,True,44,False,0.5454545454545454
supp_p25,stable,reference,151,uncertainty,True,1,1,4,True,False,True,True,44,False,0.45454545454545453
supp_p25,stable,reference,103,uncertainty,False,0,0,5,True,False,True,True,44,False,0.5
supp_p25,stable,reference,137,uncertainty,False,0,0,5,True,False,True,True,44,False,0.045454545454545456
supp_p25,stable,reference,132,uncertainty,False,0,0,5,True,False,True,True,44,False,0.5454545454545454
supp_p25,stable,reference,143,uncertainty,True,1,1,4,True,False,True,True,44,False,0.36363636363636365
supp_p25,stable,reference,107,uncertainty,False,0,0,5,True,False,True,True,44,False,0.3181818181818182
supp_p25,stable,reference,119,uncertainty,False,0,0,5,False,False,False,True,44,False,0.5
supp_p25,stable,reference,109,uncertainty,False,0,0,5,False,False,False,True,44,False,0.36363636363636365
supp_p25,stable,reference,84,uncertainty,False,0,0,5,False,False,False,True,44,False,0.5454545454545454
supp_p25,stable,reference,135,uncertainty,False,0,0,5,True,False,True,True,44,False,0.45454545454545453
supp_p25,stable,reference,125,uncertainty,False,0,0,5,True,False,True,True,44,False,0.36363636363636365
supp_p25,stable,reference,161,uncertainty,False,0,0,5,False,False,False,True,44,False,0.3181818181818182
supp_p25,stable,reference,4,uncertainty,False,0,0,5,True,False,True,True,44,False,0.36363636363636365
supp_p25,stable,reference,72,uncertainty,False,0,0,5,False,False,False,True,44,False,0.5909090909090909
supp_p25,stable,reference,68,uncertainty,False,0,0,5,True,False,True,True,44,False,0.4090909090909091
supp_p25,stable,reference,175,uncertainty,True,1,1,4,True,False,True,True,44,False,0.6363636363636364
supp_p25,stable,reference,182,uncertainty,False,0,0,5,False,False,False,True,44,False,0.6818181818181818
supp_p25,stable,reference,134,uncertainty,False,0,0,5,False,False,False,True,44,False,0.045454545454545456
supp_p25,stable,reference,105,uncertainty,False,0,0,5,True,False,True,True,44,False,0.6363636363636364
supp_p25,stable,reference,43,uncertainty,False,0,0,5,True,False,True,True,44,False,0.5
supp_p25,stable,reference,139,uncertainty,True,1,1,4,True,False,True,True,44,False,0.4090909090909091
supp_p25,stable,reference,3,uncertainty,False,0,0,5,False,False,False,True,44,False,0.5454545454545454
supp_p25,stable,reference,62,uncertainty,False,0,0,5,False,False,False,True,44,False,0.5
supp_p25,stable,reference,5,uncertainty,False,0,0,5,True,False,True,True,44,False,0.5909090909090909
supp_p25,stable,reference,66,uncertainty,False,0,0,5,True,False,True,True,44,False,0.7272727272727273
supp_p25,stable,reference,180,uncertainty,True,1,1,4,True,False,True,True,44,False,0.3181818181818182
supp_p25,stable,reference,30,uncertainty,False,0,0,5,False,False,False,True,44,False,0.5
supp_p25,stable,reference,149,uncertainty,False,0,0,5,True,False,True,True,44,False,0.5454545454545454
supp_p25,stable,reference,110,uncertainty,False,0,0,5,True,False,True,True,44,False,0.5454545454545454
supp_p25,stable,reference,13,uncertainty,True,1,1,4,True,False,True,True,44,False,0.2727272727272727
supp_p25,stable,reference,7,uncertainty,False,0,0,5,True,False,True,True,44,False,0.3181818181818182
supp_p25,stable,reference,87,uncertainty,False,0,0,5,True,False,True,True,44,False,0.5
supp_p25,stable,reference,150,uncertainty,True,1,1,4,True,False,True,True,44,False,0.5454545454545454
supp_p25,stable,reference,179,uncertainty,True,1,1,4,True,False,True,True,44,False,0.5454545454545454
supp_p25,stable,reference,181,uncertainty,False,0,0,5,True,False,True,True,44,False,0.5
supp_p25,stable,reference,148,uncertainty,False,0,0,5,True,False,True,True,44,False,0.4090909090909091
supp_p25,stable,reference,162,uncertainty,True,1,1,4,True,False,True,True,44,False,0.4090909090909091
supp_p25,stable,reference,102,uncertainty,False,0,0,5,True,False,True,True,44,False,0.5
supp_p25,stable,reference,56,uncertainty,False,0,0,5,False,False,False,True,44,False,0.5909090909090909
supp_p25,stable,reference,19,uncertainty,False,0,0,5,False,False,False,True,44,False,0.4090909090909091
supp_p25,stable,reference,112,uncertainty,False,0,0,5,True,False,True,True,44,False,0.6363636363636364
supp_p25,stable,reference,40,uncertainty,False,0,0,5,False,False,False,True,44,False,0.09090909090909091
supp_p25,stable,reference,22,uncertainty,False,0,0,5,False,False,False,True,44,False,0.2727272727272727
supp_p25,stable,reference,88,uncertainty,False,0,0,5,True,False,True,True,44,False,0.5909090909090909
supp_p25,stable,reference,167,uncertainty,False,0,0,5,False,False,False,True,44,False,0.045454545454545456
supp_p25,stable,reference,183,uncertainty,False,0,0,5,True,False,True,True,44,False,0.5
supp_p25,stable,reference,24,uncertainty,False,0,0,5,True,False,True,True,44,False,0.45454545454545453
supp_p25,stable,reference,128,uncertainty,False,0,0,5,False,False,False,True,44,False,0.45454545454545453
supp_p25,stable,reference,120,uncertainty,False,0,0,5,True,False,True,True,44,False,0.6818181818181818
supp_p25,stable,reference,45,uncertainty,False,0,0,5,False,False,False,True,44,False,0.5909090909090909
supp_p25,stable,reference,86,uncertainty,False,0,0,5,True,False,True,True,44,False,0.2727272727272727
supp_p25,stable,reference,156,uncertainty,True,1,1,4,True,False,True,True,44,False,0.45454545454545453
supp_p25,stable,reference,98,uncertainty,False,0,0,5,True,False,True,True,44,False,0.45454545454545453
supp_p25,stable,reference,92,uncertainty,False,0,0,5,False,False,False,True,44,False,0.4090909090909091
supp_p25,stable,reference,95,uncertainty,False,0,0,5,True,False,True,True,44,False,0.36363636363636365
supp_p25,stable,reference,101,uncertainty,False,0,0,5,True,False,True,True,44,False,0.2727272727272727
supp_p25,stable,reference,47,uncertainty,False,0,0,5,False,False,False,True,44,False,0.5
supp_p25,stable,reference,25,uncertainty,False,0,0,5,True,False,True,True,44,False,0.5454545454545454
supp_p25,stable,reference,121,uncertainty,True,1,1,4,True,False,True,True,44,False,0.5454545454545454
supp_p25,stable,reference,41,uncertainty,False,0,0,5,False,False,False,True,44,False,0.45454545454545453
supp_p25,stable,reference,99,uncertainty,False,0,0,5,True,False,True,True,44,False,0.5909090909090909
supp_p25,stable,reference,27,uncertainty,False,0,0,5,True,False,True,True,44,False,0.45454545454545453
supp_p25,stable,reference,140,uncertainty,False,0,0,5,False,False,True,True,44,False,0.4090909090909091
supp_p25,stable,reference,81,uncertainty,False,0,0,5,False,False,False,True,44,False,0.045454545454545456
supp_p25,stable,reference,144,uncertainty,False,0,0,5,True,False,True,True,44,False,0.6363636363636364
supp_p25,stable,reference,108,uncertainty,False,0,0,5,True,False,True,True,44,False,0.45454545454545453
supp_p25,stable,reference,85,uncertainty,False,0,0,5,False,False,False,True,44,False,0.5
supp_p25,stable,reference,152,uncertainty,False,0,0,5,False,False,False,True,44,False,0.045454545454545456
supp_p25,stable,reference,15,uncertainty,False,0,0,5,True,False,True,True,44,False,0.45454545454545453
supp_p25,stable,reference,89,uncertainty,False,0,0,5,True,False,True,True,44,False,0.36363636363636365
supp_p25,stable,reference,116,uncertainty,False,0,0,5,True,False,True,True,44,False,0.5
supp_p25,stable,reference,138,uncertainty,True,1,1,4,True,False,True,True,44,False,0.6818181818181818
supp_p25,stable,reference,154,uncertainty,False,0,0,5,False,False,False,True,44,False,0.4090909090909091
supp_p25,stable,reference,104,uncertainty,False,0,0,5,True,False,True,True,44,False,0.5909090909090909
supp_p25,stable,reference,131,uncertainty,True,1,1,4,True,False,True,True,44,False,0.3181818181818182
supp_p25,stable,reference,129,uncertainty,False,0,0,5,False,False,False,True,44,False,0.6363636363636364
supp_p25,stable,reference,96,uncertainty,False,0,0,5,True,False,True,True,44,False,0.4090909090909091
supp_p25,stable,reference,44,uncertainty,False,0,0,5,True,False,True,True,44,False,0.5
supp_p25,stable,reference,46,uncertainty,False,0,0,5,True,False,True,True,44,False,0.3181818181818182
supp_p25,stable,reference,159,low_score,False,0,0,5,False,False,True,True,13,False,0.46153846153846156
supp_p25,stable,reference,42,low_score,False,0,0,5,False,False,False,False,12,False,0.0
supp_p25,stable,reference,64,low_score,False,0,0,5,False,False,False,False,5,False,0.0
supp_p25,stable,reference,12,low_score,False,0,0,5,False,False,False,False,7,False,0.0
supp_p25,stable,reference,160,low_score,False,0,0,5,False,False,True,True,14,False,0.14285714285714285
supp_p25,stable,reference,155,low_score,False,0,0,5,False,False,False,False,10,False,0.0
supp_p25,stable,reference,11,low_score,False,0,0,5,False,False,True,True,12,False,0.16666666666666666
supp_p25,stable,reference,124,low_score,False,0,0,5,False,False,False,False,8,False,0.0
supp_p25,stable,reference,169,low_score,True,1,1,4,True,False,True,True,13,False,0.7692307692307693
supp_p25,stable,reference,106,low_score,False,0,0,5,False,False,False,False,13,False,0.0
supp_p25,stable,reference,157,low_score,False,0,0,5,False,False,False,False,9,False,0.0
supp_p25,stable,reference,126,low_score,False,0,0,5,False,False,True,True,16,False,0.125
supp_p25,stable,reference,55,low_score,False,0,0,5,False,False,False,False,9,False,0.0
supp_p25,stable,reference,113,low_score,False,0,0,5,False,False,True,True,11,False,0.18181818181818182
supp_p25,stable,reference,158,low_score,False,0,0,5,False,False,False,False,12,False,0.0
supp_p25,stable,reference,165,low_score,True,1,1,4,True,False,True,True,16,False,0.625
supp_p25,stable,reference,178,low_score,False,0,0,5,False,False,False,False,10,False,0.0
supp_p25,stable,reference,133,low_score,False,0,0,5,False,False,False,False,5,False,0.0
supp_p25,stable,reference,78,low_score,False,0,0,5,False,False,True,True,11,False,0.5454545454545454
supp_p25,stable,reference,70,low_score,False,0,0,5,False,False,True,True,16,False,0.25
supp_p25,stable,reference,176,low_score,False,0,0,5,False,False,False,False,11,False,0.0
supp_p25,stable,reference,17,low_score,False,0,0,5,False,False,False,False,11,False,0.0
supp_p25,stable,reference,136,low_score,False,0,0,5,False,False,True,True,15,False,0.4
supp_p25,stable,reference,76,low_score,False,0,0,5,False,False,False,False,21,False,0.0
supp_p25,stable,reference,82,low_score,False,0,0,5,False,False,False,False,9,False,0.0
supp_p25,stable,reference,114,low_score,False,0,0,5,False,False,True,True,13,False,0.46153846153846156
supp_p25,stable,reference,168,low_score,False,0,0,5,False,False,False,False,8,False,0.0
supp_p25,stable,reference,28,low_score,True,1,1,4,True,False,True,True,10,False,0.2
supp_p25,stable,reference,39,low_score,False,0,0,5,False,False,True,True,8,False,0.25
supp_p25,stable,reference,50,low_score,False,0,0,5,False,False,False,False,7,False,0.0
supp_p25,stable,reference,61,low_score,False,0,0,5,False,False,True,True,9,False,0.2222222222222222
supp_p25,stable,reference,100,low_score,False,0,0,5,False,False,True,True,16,False,0.5
supp_p25,stable,reference,130,low_score,False,0,0,5,False,False,False,False,15,False,0.0
supp_p25,stable,reference,141,low_score,False,0,0,5,False,False,False,False,16,False,0.0
supp_p25,stable,reference,53,low_score,False,0,0,5,False,False,True,True,17,False,0.23529411764705882
supp_p25,stable,reference,73,low_score,False,0,0,5,False,False,True,True,9,False,0.2222222222222222
supp_p25,stable,reference,9,low_score,False,0,0,5,False,False,False,False,8,False,0.0
supp_p25,stable,reference,6,low_score,False,0,0,5,False,False,True,True,7,False,0.2857142857142857
supp_p25,stable,reference,31,low_score,False,0,0,5,False,False,False,False,10,False,0.0
supp_p25,stable,reference,94,low_score,False,0,0,5,False,False,True,True,13,False,0.6153846153846154
supp_p25,stable,reference,58,low_score,False,0,0,5,False,False,True,True,14,False,0.2857142857142857
supp_p25,stable,reference,177,low_score,False,0,0,5,False,False,True,True,12,False,0.16666666666666666
supp_p25,stable,reference,48,low_score,False,0,0,5,False,False,True,True,14,False,0.2857142857142857
supp_p25,stable,reference,164,low_score,False,0,0,5,False,False,False,False,13,False,0.0
supp_p25,stable,reference,67,low_score,False,0,0,5,False,False,False,False,14,False,0.0
supp_p25,stable,reference,118,low_score,False,0,0,5,False,False,True,True,17,False,0.9411764705882353
supp_p25,stable,reference,79,low_score,False,0,0,5,False,False,False,False,5,False,0.0
supp_p25,stable,reference,122,low_score,False,0,0,5,False,False,True,True,17,False,0.23529411764705882
supp_p25,stable,reference,54,low_score,False,0,0,5,False,False,False,False,8,False,0.0
supp_p25,stable,reference,151,low_score,False,0,0,5,False,False,True,True,16,False,0.5
supp_p25,stable,reference,103,low_score,False,0,0,5,False,False,True,True,11,False,0.18181818181818182
supp_p25,stable,reference,137,low_score,False,0,0,5,False,False,True,True,15,False,0.13333333333333333
supp_p25,stable,reference,132,low_score,False,0,0,5,False,False,True,True,11,False,0.18181818181818182
supp_p25,stable,reference,143,low_score,False,0,0,5,False,False,True,True,17,False,0.35294117647058826
supp_p25,stable,reference,107,low_score,False,0,0,5,False,False,True,True,12,False,0.16666666666666666
supp_p25,stable,reference,119,low_score,False,0,0,5,False,False,False,False,9,False,0.0
supp_p25,stable,reference,109,low_score,False,0,0,5,False,False,False,False,11,False,0.0
supp_p25,stable,reference,84,low_score,False,0,0,5,False,False,False,False,5,False,0.0
supp_p25,stable,reference,135,low_score,False,0,0,5,False,False,True,True,13,False,0.15384615384615385
supp_p25,stable,reference,125,low_score,False,0,0,5,False,False,True,True,13,False,0.3076923076923077
supp_p25,stable,reference,161,low_score,False,0,0,5,False,False,False,False,15,False,0.0
supp_p25,stable,reference,4,low_score,False,0,0,5,False,False,True,True,15,False,0.26666666666666666
supp_p25,stable,reference,72,low_score,False,0,0,4,False,False,False,False,4,False,0.0
supp_p25,stable,reference,68,low_score,False,0,0,5,False,False,True,True,12,False,0.16666666666666666
supp_p25,stable,reference,175,low_score,False,0,0,5,False,False,True,True,14,False,0.2857142857142857
supp_p25,stable,reference,182,low_score,False,0,0,5,False,False,False,False,9,False,0.0
supp_p25,stable,reference,134,low_score,False,0,0,5,False,False,False,False,15,False,0.0
supp_p25,stable,reference,105,low_score,False,0,0,5,False,False,True,True,10,False,0.4
supp_p25,stable,reference,43,low_score,False,0,0,5,False,False,True,True,10,False,0.2
supp_p25,stable,reference,139,low_score,False,0,0,5,False,False,True,True,14,False,0.5714285714285714
supp_p25,stable,reference,3,low_score,False,0,0,5,False,False,False,False,9,False,0.0
supp_p25,stable,reference,62,low_score,False,0,0,5,False,False,False,False,9,False,0.0
supp_p25,stable,reference,5,low_score,False,0,0,5,False,False,True,True,9,False,0.2222222222222222
supp_p25,stable,reference,66,low_score,True,1,1,4,True,False,True,True,7,False,0.5714285714285714
supp_p25,stable,reference,180,low_score,False,0,0,5,False,False,True,True,17,False,0.47058823529411764
supp_p25,stable,reference,30,low_score,False,0,0,5,False,False,False,False,6,False,0.0
supp_p25,stable,reference,149,low_score,False,0,0,5,False,False,True,True,12,False,0.3333333333333333
supp_p25,stable,reference,110,low_score,False,0,0,5,False,False,True,True,9,False,0.2222222222222222
supp_p25,stable,reference,13,low_score,False,0,0,5,False,False,True,True,15,False,0.26666666666666666
supp_p25,stable,reference,7,low_score,False,0,0,5,False,False,True,True,15,False,0.13333333333333333
supp_p25,stable,reference,87,low_score,False,0,0,5,False,False,True,True,10,False,0.6
supp_p25,stable,reference,150,low_score,False,0,0,5,False,False,True,True,15,False,0.6666666666666666
supp_p25,stable,reference,179,low_score,False,0,0,5,False,False,True,True,18,False,0.4444444444444444
supp_p25,stable,reference,181,low_score,False,0,0,5,False,False,True,True,11,False,0.18181818181818182
supp_p25,stable,reference,148,low_score,False,0,0,5,False,False,True,True,15,False,0.4
supp_p25,stable,reference,162,low_score,False,0,0,5,False,False,True,True,20,False,0.4
supp_p25,stable,reference,102,low_score,False,0,0,5,False,False,True,True,11,False,0.36363636363636365
supp_p25,stable,reference,56,low_score,False,0,0,5,False,False,False,False,5,False,0.0
supp_p25,stable,reference,19,low_score,False,0,0,5,False,False,False,False,11,False,0.0
supp_p25,stable,reference,112,low_score,False,0,0,5,False,False,True,True,11,False,0.36363636363636365
supp_p25,stable,reference,40,low_score,False,0,0,5,False,False,False,False,6,False,0.0
supp_p25,stable,reference,22,low_score,False,0,0,5,False,False,False,False,16,False,0.0
supp_p25,stable,reference,88,low_score,False,0,0,5,False,False,True,True,10,False,0.6
supp_p25,stable,reference,167,low_score,False,0,0,5,False,False,False,False,12,False,0.0
supp_p25,stable,reference,183,low_score,False,0,0,5,False,False,True,True,15,False,0.4
supp_p25,stable,reference,24,low_score,False,0,0,5,False,False,True,True,9,False,0.2222222222222222
supp_p25,stable,reference,128,low_score,False,0,0,5,False,False,False,False,13,False,0.0
supp_p25,stable,reference,120,low_score,False,0,0,5,False,False,True,True,10,False,0.4
supp_p25,stable,reference,45,low_score,False,0,0,5,False,False,False,False,8,False,0.0
supp_p25,stable,reference,86,low_score,False,0,0,5,False,False,True,True,17,False,0.11764705882352941
supp_p25,stable,reference,156,low_score,False,0,0,5,False,False,True,True,16,False,0.5
supp_p25,stable,reference,98,low_score,False,0,0,5,False,False,True,True,11,False,0.18181818181818182
supp_p25,stable,reference,92,low_score,False,0,0,5,False,False,False,False,12,False,0.0
supp_p25,stable,reference,95,low_score,False,0,0,5,False,False,True,True,14,False,0.2857142857142857
supp_p25,stable,reference,101,low_score,False,0,0,5,False,False,True,True,15,False,0.13333333333333333
supp_p25,stable,reference,47,low_score,False,0,0,5,False,False,False,False,8,False,0.0
supp_p25,stable,reference,25,low_score,False,0,0,5,False,False,True,True,11,False,0.18181818181818182
supp_p25,stable,reference,121,low_score,False,0,0,5,False,False,True,True,12,False,0.3333333333333333
supp_p25,stable,reference,41,low_score,False,0,0,5,False,False,False,False,9,False,0.0
supp_p25,stable,reference,99,low_score,False,0,0,5,False,False,True,True,8,False,0.25
supp_p25,stable,reference,27,low_score,False,0,0,5,False,False,True,True,13,False,0.6153846153846154
supp_p25,stable,reference,140,low_score,False,0,0,5,False,False,True,True,17,False,0.23529411764705882
supp_p25,stable,reference,81,low_score,False,0,0,3,False,False,False,False,3,False,0.0
supp_p25,stable,reference,144,low_score,False,0,0,5,False,False,True,True,8,False,0.25
supp_p25,stable,reference,108,low_score,False,0,0,5,False,False,True,True,12,False,0.3333333333333333
supp_p25,stable,reference,85,low_score,False,0,0,5,False,False,False,False,6,False,0.0
supp_p25,stable,reference,152,low_score,False,0,0,5,False,False,False,False,17,False,0.0
supp_p25,stable,reference,15,low_score,False,0,0,5,False,False,True,True,11,False,0.36363636363636365
supp_p25,stable,reference,89,low_score,False,0,0,5,False,False,True,True,13,False,0.15384615384615385
supp_p25,stable,reference,116,low_score,False,0,0,5,False,False,True,True,10,False,0.4
supp_p25,stable,reference,138,low_score,False,0,0,5,False,False,True,True,14,False,0.7142857142857143
supp_p25,stable,reference,154,low_score,False,0,0,5,False,False,False,False,8,False,0.0
supp_p25,stable,reference,104,low_score,False,0,0,5,False,False,True,True,14,False,0.5714285714285714
supp_p25,stable,reference,131,low_score,False,0,0,5,False,False,True,True,18,False,0.3333333333333333
supp_p25,stable,reference,129,low_score,False,0,0,5,False,False,False,False,7,False,0.0
supp_p25,stable,reference,96,low_score,False,0,0,5,False,False,True,True,10,False,0.2
supp_p25,stable,reference,44,low_score,False,0,0,5,False,False,True,True,7,False,0.2857142857142857
supp_p25,stable,reference,46,low_score,False,0,0,5,False,False,True,True,12,False,0.3333333333333333
supp_p25,app_quicksort,reference,159,uncertainty,True,1,1,4,True,False,True,True,44,False,0.5909090909090909
supp_p25,app_quicksort,reference,42,uncertainty,False,0,0,5,False,False,False,True,44,False,0.2727272727272727
supp_p25,app_quicksort,reference,64,uncertainty,False,0,0,5,False,False,False,True,44,False,0.6818181818181818
supp_p25,app_quicksort,reference,12,uncertainty,False,0,0,5,False,True,True,True,44,False,1.3636363636363635
supp_p25,app_quicksort,reference,160,uncertainty,False,0,0,5,True,False,True,True,44,False,0.36363636363636365
supp_p25,app_quicksort,reference,155,uncertainty,False,0,0,5,False,False,False,True,44,False,0.5454545454545454
supp_p25,app_quicksort,reference,11,uncertainty,False,0,0,5,True,False,True,True,44,False,0.045454545454545456
supp_p25,app_quicksort,reference,124,uncertainty,False,0,0,5,False,False,False,True,44,False,0.5909090909090909
supp_p25,app_quicksort,reference,169,uncertainty,True,1,1,4,True,False,True,True,44,False,0.6818181818181818
supp_p25,app_quicksort,reference,106,uncertainty,False,0,0,5,False,False,False,True,44,False,0.3181818181818182
supp_p25,app_quicksort,reference,157,uncertainty,False,0,0,5,False,False,False,True,44,False,0.4090909090909091
supp_p25,app_quicksort,reference,126,uncertainty,False,0,0,5,True,False,True,True,44,False,1.0
supp_p25,app_quicksort,reference,55,uncertainty,False,0,0,5,False,True,True,True,44,False,0.9090909090909091
supp_p25,app_quicksort,reference,113,uncertainty,False,0,0,5,True,True,True,True,44,False,1.0
supp_p25,app_quicksort,reference,158,uncertainty,False,0,0,5,False,False,False,True,44,False,0.3181818181818182
supp_p25,app_quicksort,reference,165,uncertainty,False,0,0,5,False,False,True,True,44,False,0.5909090909090909
supp_p25,app_quicksort,reference,178,uncertainty,False,0,0,5,False,True,True,True,44,False,0.6818181818181818
supp_p25,app_quicksort,reference,133,uncertainty,False,0,0,5,False,False,False,True,44,False,0.45454545454545453
supp_p25,app_quicksort,reference,78,uncertainty,False,0,0,5,True,False,True,True,44,False,0.5
supp_p25,app_quicksort,reference,70,uncertainty,False,0,0,5,False,False,True,True,44,False,0.7727272727272727
supp_p25,app_quicksort,reference,176,uncertainty,False,0,0,5,False,False,False,True,44,False,0.36363636363636365
supp_p25,app_quicksort,reference,17,uncertainty,False,0,0,5,False,False,False,True,44,False,0.5
supp_p25,app_quicksort,reference,136,uncertainty,True,1,1,4,True,False,True,True,44,False,1.0909090909090908
supp_p25,app_quicksort,reference,76,uncertainty,False,0,0,5,False,False,False,True,44,False,0.045454545454545456
supp_p25,app_quicksort,reference,82,uncertainty,False,0,0,5,False,False,False,True,44,False,0.09090909090909091
supp_p25,app_quicksort,reference,114,uncertainty,True,1,1,4,True,True,True,True,44,False,1.2727272727272727
supp_p25,app_quicksort,reference,168,uncertainty,False,0,0,5,False,False,False,True,44,False,0.4090909090909091
supp_p25,app_quicksort,reference,28,uncertainty,True,1,1,4,True,True,True,True,44,False,1.4545454545454546
supp_p25,app_quicksort,reference,39,uncertainty,False,0,0,5,True,False,True,True,44,False,0.45454545454545453
supp_p25,app_quicksort,reference,50,uncertainty,False,0,0,5,False,False,False,True,44,False,0.5454545454545454
supp_p25,app_quicksort,reference,61,uncertainty,False,0,0,5,True,True,True,True,44,False,1.0909090909090908
supp_p25,app_quicksort,reference,100,uncertainty,True,1,1,4,True,False,True,True,44,False,0.4090909090909091
supp_p25,app_quicksort,reference,130,uncertainty,False,0,0,5,False,False,False,True,44,False,0.22727272727272727
supp_p25,app_quicksort,reference,141,uncertainty,False,0,0,5,False,False,False,True,44,False,0.7727272727272727
supp_p25,app_quicksort,reference,53,uncertainty,False,0,0,5,False,False,True,True,44,False,0.22727272727272727
supp_p25,app_quicksort,reference,73,uncertainty,False,0,0,5,True,True,True,True,44,False,0.9545454545454546
supp_p25,app_quicksort,reference,9,uncertainty,False,0,0,5,False,False,False,True,44,False,0.5454545454545454
supp_p25,app_quicksort,reference,6,uncertainty,False,0,0,5,True,False,True,True,44,False,0.5
supp_p25,app_quicksort,reference,31,uncertainty,False,0,0,5,False,True,True,True,44,False,1.2272727272727273
supp_p25,app_quicksort,reference,94,uncertainty,False,0,0,5,True,False,True,True,44,False,0.5454545454545454
supp_p25,app_quicksort,reference,58,uncertainty,False,0,0,5,True,True,True,True,44,False,0.8181818181818182
supp_p25,app_quicksort,reference,177,uncertainty,False,0,0,5,True,False,True,True,44,False,0.4090909090909091
supp_p25,app_quicksort,reference,48,uncertainty,False,0,0,5,True,False,True,True,44,False,0.45454545454545453
supp_p25,app_quicksort,reference,164,uncertainty,False,0,0,5,False,False,False,True,44,False,0.2727272727272727
supp_p25,app_quicksort,reference,67,uncertainty,False,0,0,5,False,False,False,True,44,False,0.2727272727272727
supp_p25,app_quicksort,reference,118,uncertainty,False,0,0,5,True,False,True,True,44,False,1.1818181818181819
supp_p25,app_quicksort,reference,79,uncertainty,False,0,0,5,False,False,False,True,44,False,0.6818181818181818
supp_p25,app_quicksort,reference,122,uncertainty,False,0,0,5,True,False,True,True,44,False,0.3181818181818182
supp_p25,app_quicksort,reference,54,uncertainty,False,0,0,5,False,False,False,True,44,False,0.5454545454545454
supp_p25,app_quicksort,reference,151,uncertainty,True,1,1,4,True,False,True,True,44,False,0.45454545454545453
supp_p25,app_quicksort,reference,103,uncertainty,False,0,0,5,True,True,True,True,44,False,0.8636363636363636
supp_p25,app_quicksort,reference,137,uncertainty,False,0,0,5,True,False,True,True,44,False,0.045454545454545456
supp_p25,app_quicksort,reference,132,uncertainty,False,0,0,5,True,False,True,True,44,False,0.5454545454545454
supp_p25,app_quicksort,reference,143,uncertainty,True,1,1,4,True,False,True,True,44,False,0.36363636363636365
supp_p25,app_quicksort,reference,107,uncertainty,False,0,0,5,True,False,True,True,44,False,0.3181818181818182
supp_p25,app_quicksort,reference,119,uncertainty,False,0,0,5,False,False,False,True,44,False,0.6363636363636364
supp_p25,app_quicksort,reference,109,uncertainty,False,0,0,5,False,True,True,True,44,False,2.1818181818181817
supp_p25,app_quicksort,reference,84,uncertainty,False,0,0,5,False,False,False,True,44,False,0.5454545454545454
supp_p25,app_quicksort,reference,135,uncertainty,False,0,0,5,True,False,True,True,44,False,0.45454545454545453
supp_p25,app_quicksort,reference,125,uncertainty,False,0,0,5,True,True,True,True,44,False,0.7727272727272727
supp_p25,app_quicksort,reference,161,uncertainty,False,0,0,5,False,False,False,True,44,False,1.0
supp_p25,app_quicksort,reference,4,uncertainty,False,0,0,5,True,True,True,True,44,False,0.9090909090909091
supp_p25,app_quicksort,reference,72,uncertainty,False,0,0,5,False,False,False,True,44,False,0.5909090909090909
supp_p25,app_quicksort,reference,68,uncertainty,False,0,0,5,True,False,True,True,44,False,0.4090909090909091
supp_p25,app_quicksort,reference,175,uncertainty,True,1,1,4,True,False,True,True,44,False,0.7272727272727273
supp_p25,app_quicksort,reference,182,uncertainty,False,0,0,5,False,False,False,True,44,False,0.6818181818181818
supp_p25,app_quicksort,reference,134,uncertainty,False,0,0,5,False,False,False,True,44,False,0.045454545454545456
supp_p25,app_quicksort,reference,105,uncertainty,False,0,0,5,True,False,True,True,44,False,0.6363636363636364
supp_p25,app_quicksort,reference,43,uncertainty,False,0,0,5,True,True,True,True,44,False,0.8636363636363636
supp_p25,app_quicksort,reference,139,uncertainty,True,1,1,4,True,False,True,True,44,False,0.4090909090909091
supp_p25,app_quicksort,reference,3,uncertainty,False,0,0,5,False,False,False,True,44,False,0.5909090909090909
supp_p25,app_quicksort,reference,62,uncertainty,False,0,0,5,False,False,False,True,44,False,0.5
supp_p25,app_quicksort,reference,5,uncertainty,False,0,0,5,True,False,True,True,44,False,0.5909090909090909
supp_p25,app_quicksort,reference,66,uncertainty,False,0,0,5,True,False,True,True,44,False,0.7272727272727273
supp_p25,app_quicksort,reference,180,uncertainty,True,1,1,4,True,False,True,True,44,False,0.3181818181818182
supp_p25,app_quicksort,reference,30,uncertainty,False,0,0,5,False,False,False,True,44,False,0.5454545454545454
supp_p25,app_quicksort,reference,149,uncertainty,False,0,0,5,True,False,True,True,44,False,0.5909090909090909
supp_p25,app_quicksort,reference,110,uncertainty,False,0,0,5,True,False,True,True,44,False,0.5454545454545454
supp_p25,app_quicksort,reference,13,uncertainty,True,1,1,4,True,False,True,True,44,False,0.2727272727272727
supp_p25,app_quicksort,reference,7,uncertainty,False,0,0,5,True,False,True,True,44,False,0.3181818181818182
supp_p25,app_quicksort,reference,87,uncertainty,False,0,0,5,True,False,True,True,44,False,0.6818181818181818
supp_p25,app_quicksort,reference,150,uncertainty,True,1,1,4,True,False,True,True,44,False,0.5454545454545454
supp_p25,app_quicksort,reference,179,uncertainty,True,1,1,4,True,False,True,True,44,False,0.5454545454545454
supp_p25,app_quicksort,reference,181,uncertainty,False,0,0,5,True,True,True,True,44,False,1.4090909090909092
supp_p25,app_quicksort,reference,148,uncertainty,False,0,0,5,True,False,True,True,44,False,0.4090909090909091
supp_p25,app_quicksort,reference,162,uncertainty,True,1,1,4,True,False,True,True,44,False,0.4090909090909091
supp_p25,app_quicksort,reference,102,uncertainty,False,0,0,5,True,True,True,True,44,False,0.8181818181818182
supp_p25,app_quicksort,reference,56,uncertainty,False,0,0,5,False,True,True,True,44,False,1.0454545454545454
supp_p25,app_quicksort,reference,19,uncertainty,False,0,0,5,False,False,False,True,44,False,0.4090909090909091
supp_p25,app_quicksort,reference,112,uncertainty,False,0,0,5,True,False,True,True,44,False,0.6363636363636364
supp_p25,app_quicksort,reference,40,uncertainty,False,0,0,5,False,True,True,True,44,False,1.3636363636363635
supp_p25,app_quicksort,reference,22,uncertainty,False,0,0,5,False,False,False,True,44,False,0.2727272727272727
supp_p25,app_quicksort,reference,88,uncertainty,False,0,0,5,True,False,True,True,44,False,0.5909090909090909
supp_p25,app_quicksort,reference,167,uncertainty,False,0,0,5,False,True,True,True,44,False,0.4090909090909091
supp_p25,app_quicksort,reference,183,uncertainty,False,0,0,5,True,False,True,True,44,False,0.5
supp_p25,app_quicksort,reference,24,uncertainty,False,0,0,5,True,False,True,True,44,False,0.45454545454545453
supp_p25,app_quicksort,reference,128,uncertainty,False,0,0,5,False,False,False,True,44,False,0.45454545454545453
supp_p25,app_quicksort,reference,120,uncertainty,False,0,0,5,True,True,True,True,44,False,1.0454545454545454
supp_p25,app_quicksort,reference,45,uncertainty,False,0,0,5,False,False,False,True,44,False,0.5909090909090909
supp_p25,app_quicksort,reference,86,uncertainty,False,0,0,5,True,False,True,True,44,False,0.2727272727272727
supp_p25,app_quicksort,reference,156,uncertainty,True,1,1,4,True,False,True,True,44,False,0.45454545454545453
supp_p25,app_quicksort,reference,98,uncertainty,False,0,0,5,True,False,True,True,44,False,0.45454545454545453
supp_p25,app_quicksort,reference,92,uncertainty,False,0,0,5,False,False,False,True,44,False,0.4090909090909091
supp_p25,app_quicksort,reference,95,uncertainty,False,0,0,5,True,False,True,True,44,False,0.36363636363636365
supp_p25,app_quicksort,reference,101,uncertainty,False,0,0,5,True,False,True,True,44,False,0.2727272727272727
supp_p25,app_quicksort,reference,47,uncertainty,False,0,0,5,False,False,False,True,44,False,0.5
supp_p25,app_quicksort,reference,25,uncertainty,False,0,0,5,True,True,True,True,44,False,2.409090909090909
supp_p25,app_quicksort,reference,121,uncertainty,True,1,1,4,True,True,True,True,44,False,2.590909090909091
supp_p25,app_quicksort,reference,41,uncertainty,False,0,0,5,False,False,False,True,44,False,0.5454545454545454
supp_p25,app_quicksort,reference,99,uncertainty,False,0,0,5,True,False,True,True,44,False,0.5909090909090909
supp_p25,app_quicksort,reference,27,uncertainty,False,0,0,5,True,False,True,True,44,False,0.45454545454545453
supp_p25,app_quicksort,reference,140,uncertainty,False,0,0,5,False,False,True,True,44,False,0.4090909090909091
supp_p25,app_quicksort,reference,81,uncertainty,False,0,0,5,False,False,True,True,44,False,0.13636363636363635
supp_p25,app_quicksort,reference,144,uncertainty,False,0,0,5,True,True,True,True,44,False,1.0454545454545454
supp_p25,app_quicksort,reference,108,uncertainty,False,0,0,5,True,True,True,True,44,False,0.8181818181818182
supp_p25,app_quicksort,reference,85,uncertainty,False,0,0,5,False,False,False,True,44,False,0.5
supp_p25,app_quicksort,reference,152,uncertainty,False,0,0,5,False,False,False,True,44,False,0.045454545454545456
supp_p25,app_quicksort,reference,15,uncertainty,False,0,0,5,True,False,True,True,44,False,0.45454545454545453
supp_p25,app_quicksort,reference,89,uncertainty,False,0,0,5,True,False,True,True,44,False,0.36363636363636365
supp_p25,app_quicksort,reference,116,uncertainty,False,0,0,5,True,False,True,True,44,False,0.5
supp_p25,app_quicksort,reference,138,uncertainty,True,1,1,4,True,False,True,True,44,False,0.6818181818181818
supp_p25,app_quicksort,reference,154,uncertainty,False,0,0,5,False,False,False,True,44,False,0.4090909090909091
supp_p25,app_quicksort,reference,104,uncertainty,False,0,0,5,True,False,True,True,44,False,0.5909090909090909
supp_p25,app_quicksort,reference,131,uncertainty,True,1,1,4,True,False,True,True,44,False,0.3181818181818182
supp_p25,app_quicksort,reference,129,uncertainty,False,0,0,5,False,True,True,True,44,False,1.3181818181818181
supp_p25,app_quicksort,reference,96,uncertainty,False,0,0,5,True,False,True,True,44,False,0.4090909090909091
supp_p25,app_quicksort,reference,44,uncertainty,False,0,0,5,True,False,True,True,44,False,0.5
supp_p25,app_quicksort,reference,46,uncertainty,False,0,0,5,True,False,True,True,44,False,0.3181818181818182
supp_p25,app_quicksort,reference,159,low_score,False,0,0,5,False,False,True,True,13,False,0.46153846153846156
supp_p25,app_quicksort,reference,42,low_score,False,0,0,5,False,False,False,False,12,False,0.0
supp_p25,app_quicksort,reference,64,low_score,False,0,0,5,False,False,False,False,5,False,0.0
supp_p25,app_quicksort,reference,12,low_score,False,0,0,5,False,False,False,False,7,False,0.0
supp_p25,app_quicksort,reference,160,low_score,False,0,0,5,False,False,True,True,14,False,0.14285714285714285
supp_p25,app_quicksort,reference,155,low_score,False,0,0,5,False,False,False,False,10,False,0.0
supp_p25,app_quicksort,reference,11,low_score,False,0,0,5,False,False,True,True,12,False,0.16666666666666666
supp_p25,app_quicksort,reference,124,low_score,False,0,0,5,False,False,False,False,8,False,0.0
supp_p25,app_quicksort,reference,169,low_score,True,1,1,4,True,False,True,True,13,False,0.7692307692307693
supp_p25,app_quicksort,reference,106,low_score,False,0,0,5,False,False,False,False,13,False,0.0
supp_p25,app_quicksort,reference,157,low_score,False,0,0,5,False,False,False,False,9,False,0.0
supp_p25,app_quicksort,reference,126,low_score,False,0,0,5,False,False,True,True,16,False,0.125
supp_p25,app_quicksort,reference,55,low_score,False,0,0,5,False,False,False,False,9,False,0.0
supp_p25,app_quicksort,reference,113,low_score,False,0,0,5,False,False,True,True,11,False,0.18181818181818182
supp_p25,app_quicksort,reference,158,low_score,False,0,0,5,False,False,False,False,12,False,0.0
supp_p25,app_quicksort,reference,165,low_score,True,1,1,4,True,False,True,True,16,False,0.625
supp_p25,app_quicksort,reference,178,low_score,False,0,0,5,False,False,False,False,10,False,0.0
supp_p25,app_quicksort,reference,133,low_score,False,0,0,5,False,False,False,False,5,False,0.0
supp_p25,app_quicksort,reference,78,low_score,False,0,0,5,False,False,True,True,11,False,0.5454545454545454
supp_p25,app_quicksort,reference,70,low_score,False,0,0,5,False,False,True,True,16,False,0.25
supp_p25,app_quicksort,reference,176,low_score,False,0,0,5,False,False,False,False,11,False,0.0
supp_p25,app_quicksort,reference,17,low_score,False,0,0,5,False,False,False,False,11,False,0.0
supp_p25,app_quicksort,reference,136,low_score,False,0,0,5,False,False,True,True,15,False,0.4
supp_p25,app_quicksort,reference,76,low_score,False,0,0,5,False,False,False,False,21,False,0.0
supp_p25,app_quicksort,reference,82,low_score,False,0,0,5,False,False,False,False,9,False,0.0
supp_p25,app_quicksort,reference,114,low_score,False,0,0,5,False,False,True,True,13,False,0.46153846153846156
supp_p25,app_quicksort,reference,168,low_score,False,0,0,5,False,False,False,False,8,False,0.0
supp_p25,app_quicksort,reference,28,low_score,True,1,1,4,True,False,True,True,10,False,0.2
supp_p25,app_quicksort,reference,39,low_score,False,0,0,5,False,False,True,True,8,False,0.25
supp_p25,app_quicksort,reference,50,low_score,False,0,0,5,False,False,False,False,7,False,0.0
supp_p25,app_quicksort,reference,61,low_score,False,0,0,5,False,False,True,True,9,False,0.2222222222222222
supp_p25,app_quicksort,reference,100,low_score,False,0,0,5,False,False,True,True,16,False,0.5
supp_p25,app_quicksort,reference,130,low_score,False,0,0,5,False,False,False,False,15,False,0.0
supp_p25,app_quicksort,reference,141,low_score,False,0,0,5,False,False,False,False,16,False,0.0
supp_p25,app_quicksort,reference,53,low_score,False,0,0,5,False,False,True,True,17,False,0.23529411764705882
supp_p25,app_quicksort,reference,73,low_score,False,0,0,5,False,False,True,True,9,False,0.2222222222222222
supp_p25,app_quicksort,reference,9,low_score,False,0,0,5,False,False,False,False,8,False,0.0
supp_p25,app_quicksort,reference,6,low_score,False,0,0,5,False,False,True,True,7,False,0.2857142857142857
supp_p25,app_quicksort,reference,31,low_score,False,0,0,5,False,False,False,False,10,False,0.0
supp_p25,app_quicksort,reference,94,low_score,False,0,0,5,False,False,True,True,13,False,0.6153846153846154
supp_p25,app_quicksort,reference,58,low_score,False,0,0,5,False,False,True,True,14,False,0.2857142857142857
supp_p25,app_quicksort,reference,177,low_score,False,0,0,5,False,False,True,True,12,False,0.16666666666666666
supp_p25,app_quicksort,reference,48,low_score,False,0,0,5,False,False,True,True,14,False,0.2857142857142857
supp_p25,app_quicksort,reference,164,low_score,False,0,0,5,False,False,False,False,13,False,0.0
supp_p25,app_quicksort,reference,67,low_score,False,0,0,5,False,False,False,False,14,False,0.0
supp_p25,app_quicksort,reference,118,low_score,False,0,0,5,False,False,True,True,17,False,0.9411764705882353
supp_p25,app_quicksort,reference,79,low_score,False,0,0,5,False,False,False,False,5,False,0.0
supp_p25,app_quicksort,reference,122,low_score,False,0,0,5,False,False,True,True,17,False,0.23529411764705882
supp_p25,app_quicksort,reference,54,low_score,False,0,0,5,False,False,False,False,8,False,0.0
supp_p25,app_quicksort,reference,151,low_score,False,0,0,5,False,False,True,True,16,False,0.5
supp_p25,app_quicksort,reference,103,low_score,False,0,0,5,False,False,True,True,11,False,0.18181818181818182
supp_p25,app_quicksort,reference,137,low_score,False,0,0,5,False,False,True,True,15,False,0.13333333333333333
supp_p25,app_quicksort,reference,132,low_score,False,0,0,5,False,False,True,True,11,False,0.18181818181818182
supp_p25,app_quicksort,reference,143,low_score,False,0,0,5,False,False,True,True,17,False,0.35294117647058826
supp_p25,app_quicksort,reference,107,low_score,False,0,0,5,False,False,True,True,12,False,0.16666666666666666
supp_p25,app_quicksort,reference,119,low_score,False,0,0,5,False,False,False,False,9,False,0.0
supp_p25,app_quicksort,reference,109,low_score,False,0,0,5,False,False,False,False,11,False,0.0
supp_p25,app_quicksort,reference,84,low_score,False,0,0,5,False,False,False,False,5,False,0.0
supp_p25,app_quicksort,reference,135,low_score,False,0,0,5,False,False,True,True,13,False,0.15384615384615385
supp_p25,app_quicksort,reference,125,low_score,False,0,0,5,False,False,True,True,13,False,0.3076923076923077
supp_p25,app_quicksort,reference,161,low_score,False,0,0,5,False,False,False,False,15,False,0.0
supp_p25,app_quicksort,reference,4,low_score,False,0,0,5,False,False,True,True,15,False,0.26666666666666666
supp_p25,app_quicksort,reference,72,low_score,False,0,0,4,False,False,False,False,4,False,0.0
supp_p25,app_quicksort,reference,68,low_score,False,0,0,5,False,False,True,True,12,False,0.16666666666666666
supp_p25,app_quicksort,reference,175,low_score,False,0,0,5,False,False,True,True,14,False,0.2857142857142857
supp_p25,app_quicksort,reference,182,low_score,False,0,0,5,False,False,False,False,9,False,0.0
supp_p25,app_quicksort,reference,134,low_score,False,0,0,5,False,False,False,False,15,False,0.0
supp_p25,app_quicksort,reference,105,low_score,False,0,0,5,False,False,True,True,10,False,0.4
supp_p25,app_quicksort,reference,43,low_score,False,0,0,5,False,False,True,True,10,False,0.2
supp_p25,app_quicksort,reference,139,low_score,False,0,0,5,False,False,True,True,14,False,0.5714285714285714
supp_p25,app_quicksort,reference,3,low_score,False,0,0,5,False,False,False,False,9,False,0.0
supp_p25,app_quicksort,reference,62,low_score,False,0,0,5,False,False,False,False,9,False,0.0
supp_p25,app_quicksort,reference,5,low_score,False,0,0,5,False,False,True,True,9,False,0.2222222222222222
supp_p25,app_quicksort,reference,66,low_score,True,1,1,4,True,False,True,True,7,False,0.5714285714285714
supp_p25,app_quicksort,reference,180,low_score,False,0,0,5,False,False,True,True,17,False,0.47058823529411764
supp_p25,app_quicksort,reference,30,low_score,False,0,0,5,False,False,False,False,6,False,0.0
supp_p25,app_quicksort,reference,149,low_score,False,0,0,5,False,False,True,True,12,False,0.3333333333333333
supp_p25,app_quicksort,reference,110,low_score,False,0,0,5,False,False,True,True,9,False,0.2222222222222222
supp_p25,app_quicksort,reference,13,low_score,False,0,0,5,False,False,True,True,15,False,0.26666666666666666
supp_p25,app_quicksort,reference,7,low_score,False,0,0,5,False,False,True,True,15,False,0.13333333333333333
supp_p25,app_quicksort,reference,87,low_score,False,0,0,5,False,False,True,True,10,False,0.6
supp_p25,app_quicksort,reference,150,low_score,False,0,0,5,False,False,True,True,15,False,0.6666666666666666
supp_p25,app_quicksort,reference,179,low_score,False,0,0,5,False,False,True,True,18,False,0.4444444444444444
supp_p25,app_quicksort,reference,181,low_score,False,0,0,5,False,False,True,True,11,False,0.18181818181818182
supp_p25,app_quicksort,reference,148,low_score,False,0,0,5,False,False,True,True,15,False,0.4
supp_p25,app_quicksort,reference,162,low_score,False,0,0,5,False,False,True,True,20,False,0.4
supp_p25,app_quicksort,reference,102,low_score,False,0,0,5,False,False,True,True,11,False,0.36363636363636365
supp_p25,app_quicksort,reference,56,low_score,False,0,0,5,False,False,False,False,5,False,0.0
supp_p25,app_quicksort,reference,19,low_score,False,0,0,5,False,False,False,False,11,False,0.0
supp_p25,app_quicksort,reference,112,low_score,False,0,0,5,False,False,True,True,11,False,0.36363636363636365
supp_p25,app_quicksort,reference,40,low_score,False,0,0,5,False,False,False,False,6,False,0.0
supp_p25,app_quicksort,reference,22,low_score,False,0,0,5,False,False,False,False,16,False,0.0
supp_p25,app_quicksort,reference,88,low_score,False,0,0,5,False,False,True,True,10,False,0.6
supp_p25,app_quicksort,reference,167,low_score,False,0,0,5,False,False,False,False,12,False,0.0
supp_p25,app_quicksort,reference,183,low_score,False,0,0,5,False,False,True,True,15,False,0.4
supp_p25,app_quicksort,reference,24,low_score,False,0,0,5,False,False,True,True,9,False,0.2222222222222222
supp_p25,app_quicksort,reference,128,low_score,False,0,0,5,False,False,False,False,13,False,0.0
supp_p25,app_quicksort,reference,120,low_score,False,0,0,5,False,False,True,True,10,False,0.4
supp_p25,app_quicksort,reference,45,low_score,False,0,0,5,False,False,False,False,8,False,0.0
supp_p25,app_quicksort,reference,86,low_score,False,0,0,5,False,False,True,True,17,False,0.11764705882352941
supp_p25,app_quicksort,reference,156,low_score,False,0,0,5,False,False,True,True,16,False,0.5
supp_p25,app_quicksort,reference,98,low_score,False,0,0,5,False,False,True,True,11,False,0.18181818181818182
supp_p25,app_quicksort,reference,92,low_score,False,0,0,5,False,False,False,False,12,False,0.0
supp_p25,app_quicksort,reference,95,low_score,False,0,0,5,False,False,True,True,14,False,0.2857142857142857
supp_p25,app_quicksort,reference,101,low_score,False,0,0,5,False,False,True,True,15,False,0.13333333333333333
supp_p25,app_quicksort,reference,47,low_score,False,0,0,5,False,False,False,False,8,False,0.0
supp_p25,app_quicksort,reference,25,low_score,False,0,0,5,False,False,True,True,11,False,0.18181818181818182
supp_p25,app_quicksort,reference,121,low_score,False,0,0,5,False,False,True,True,12,False,0.3333333333333333
supp_p25,app_quicksort,reference,41,low_score,False,0,0,5,False,False,False,False,9,False,0.0
supp_p25,app_quicksort,reference,99,low_score,False,0,0,5,False,False,True,True,8,False,0.25
supp_p25,app_quicksort,reference,27,low_score,False,0,0,5,False,False,True,True,13,False,0.6153846153846154
supp_p25,app_quicksort,reference,140,low_score,False,0,0,5,False,False,True,True,17,False,0.23529411764705882
supp_p25,app_quicksort,reference,81,low_score,False,0,0,3,False,False,False,False,3,False,0.0
supp_p25,app_quicksort,reference,144,low_score,False,0,0,5,False,False,True,True,8,False,0.25
supp_p25,app_quicksort,reference,108,low_score,False,0,0,5,False,False,True,True,12,False,0.3333333333333333
supp_p25,app_quicksort,reference,85,low_score,False,0,0,5,False,False,False,False,6,False,0.0
supp_p25,app_quicksort,reference,152,low_score,False,0,0,5,False,False,False,False,17,False,0.0
supp_p25,app_quicksort,reference,15,low_score,False,0,0,5,False,False,True,True,11,False,0.36363636363636365
supp_p25,app_quicksort,reference,89,low_score,False,0,0,5,False,False,True,True,13,False,0.15384615384615385
supp_p25,app_quicksort,reference,116,low_score,False,0,0,5,False,False,True,True,10,False,0.4
supp_p25,app_quicksort,reference,138,low_score,False,0,0,5,False,False,True,True,14,False,0.7142857142857143
supp_p25,app_quicksort,reference,154,low_score,False,0,0,5,False,False,False,False,8,False,0.0
supp_p25,app_quicksort,reference,104,low_score,False,0,0,5,False,False,True,True,14,False,0.5714285714285714
supp_p25,app_quicksort,reference,131,low_score,False,0,0,5,False,False,True,True,18,False,0.3333333333333333
supp_p25,app_quicksort,reference,129,low_score,False,0,0,5,False,False,False,False,7,False,0.0
supp_p25,app_quicksort,reference,96,low_score,False,0,0,5,False,False,True,True,10,False,0.2
supp_p25,app_quicksort,reference,44,low_score,False,0,0,5,False,False,True,True,7,False,0.2857142857142857
supp_p25,app_quicksort,reference,46,low_score,False,0,0,5,False,False,True,True,12,False,0.3333333333333333
supp_p25,stable,complete_cohort,2,uncertainty,False,0,0,5,False,False,False,True,44,False,0.5909090909090909
supp_p25,stable,complete_cohort,3,uncertainty,False,0,0,5,False,False,False,True,44,False,0.5454545454545454
supp_p25,stable,complete_cohort,4,uncertainty,False,0,0,5,True,False,True,True,44,False,0.36363636363636365
supp_p25,stable,complete_cohort,5,uncertainty,False,0,0,5,True,False,True,True,44,False,0.5909090909090909
supp_p25,stable,complete_cohort,6,uncertainty,False,0,0,5,True,False,True,True,44,False,0.5
supp_p25,stable,complete_cohort,7,uncertainty,False,0,0,5,True,False,True,True,44,False,0.3181818181818182
supp_p25,stable,complete_cohort,9,uncertainty,False,0,0,5,False,False,False,True,44,False,0.5454545454545454
supp_p25,stable,complete_cohort,11,uncertainty,False,0,0,5,True,False,True,True,44,False,0.045454545454545456
supp_p25,stable,complete_cohort,12,uncertainty,False,0,0,5,False,False,False,True,44,False,0.6818181818181818
supp_p25,stable,complete_cohort,13,uncertainty,True,1,1,4,True,False,True,True,44,False,0.2727272727272727
supp_p25,stable,complete_cohort,14,uncertainty,True,1,1,4,True,False,True,True,44,False,0.36363636363636365
supp_p25,stable,complete_cohort,15,uncertainty,False,0,0,5,True,False,True,True,44,False,0.45454545454545453
supp_p25,stable,complete_cohort,17,uncertainty,False,0,0,5,False,False,False,True,44,False,0.5
supp_p25,stable,complete_cohort,19,uncertainty,False,0,0,5,False,False,False,True,44,False,0.4090909090909091
supp_p25,stable,complete_cohort,20,uncertainty,False,0,0,5,True,False,True,True,44,False,0.6363636363636364
supp_p25,stable,complete_cohort,21,uncertainty,False,0,0,5,False,False,False,True,44,False,0.2727272727272727
supp_p25,stable,complete_cohort,22,uncertainty,False,0,0,5,False,False,False,True,44,False,0.2727272727272727
supp_p25,stable,complete_cohort,23,uncertainty,False,0,0,5,True,False,True,True,44,False,0.5
supp_p25,stable,complete_cohort,24,uncertainty,False,0,0,5,True,False,True,True,44,False,0.45454545454545453
supp_p25,stable,complete_cohort,25,uncertainty,False,0,0,5,True,False,True,True,44,False,0.5454545454545454
supp_p25,stable,complete_cohort,27,uncertainty,False,0,0,5,True,False,True,True,44,False,0.45454545454545453
supp_p25,stable,complete_cohort,28,uncertainty,True,1,1,4,True,False,True,True,44,False,0.5454545454545454
supp_p25,stable,complete_cohort,29,uncertainty,False,0,0,5,False,False,False,True,44,False,0.5
supp_p25,stable,complete_cohort,30,uncertainty,False,0,0,5,False,False,False,True,44,False,0.5
supp_p25,stable,complete_cohort,31,uncertainty,False,0,0,5,False,False,False,True,44,False,0.36363636363636365
supp_p25,stable,complete_cohort,39,uncertainty,False,0,0,5,True,False,True,True,44,False,0.45454545454545453
supp_p25,stable,complete_cohort,40,uncertainty,False,0,0,5,False,False,False,True,44,False,0.09090909090909091
supp_p25,stable,complete_cohort,41,uncertainty,False,0,0,5,False,False,False,True,44,False,0.45454545454545453
supp_p25,stable,complete_cohort,42,uncertainty,False,0,0,5,False,False,False,True,44,False,0.2727272727272727
supp_p25,stable,complete_cohort,43,uncertainty,False,0,0,5,True,False,True,True,44,False,0.5
supp_p25,stable,complete_cohort,44,uncertainty,False,0,0,5,True,False,True,True,44,False,0.5
supp_p25,stable,complete_cohort,45,uncertainty,False,0,0,5,False,False,False,True,44,False,0.5909090909090909
supp_p25,stable,complete_cohort,46,uncertainty,False,0,0,5,True,False,True,True,44,False,0.3181818181818182
supp_p25,stable,complete_cohort,47,uncertainty,False,0,0,5,False,False,False,True,44,False,0.5
supp_p25,stable,complete_cohort,48,uncertainty,False,0,0,5,True,False,True,True,44,False,0.45454545454545453
supp_p25,stable,complete_cohort,50,uncertainty,False,0,0,5,False,False,False,True,44,False,0.5454545454545454
supp_p25,stable,complete_cohort,51,uncertainty,True,1,1,4,True,False,True,True,44,False,0.5
supp_p25,stable,complete_cohort,52,uncertainty,False,0,0,5,False,False,False,True,44,False,0.4090909090909091
supp_p25,stable,complete_cohort,53,uncertainty,False,0,0,5,False,False,True,True,44,False,0.22727272727272727
supp_p25,stable,complete_cohort,54,uncertainty,False,0,0,5,False,False,False,True,44,False,0.5454545454545454
supp_p25,stable,complete_cohort,55,uncertainty,False,0,0,5,False,False,False,True,44,False,0.5909090909090909
supp_p25,stable,complete_cohort,56,uncertainty,False,0,0,5,False,False,False,True,44,False,0.5909090909090909
supp_p25,stable,complete_cohort,58,uncertainty,False,0,0,5,True,False,True,True,44,False,0.36363636363636365
supp_p25,stable,complete_cohort,59,uncertainty,False,0,0,5,True,False,True,True,44,False,0.6363636363636364
supp_p25,stable,complete_cohort,61,uncertainty,False,0,0,5,True,False,True,True,44,False,0.5909090909090909
supp_p25,stable,complete_cohort,62,uncertainty,False,0,0,5,False,False,False,True,44,False,0.5
supp_p25,stable,complete_cohort,63,uncertainty,False,0,0,5,False,False,False,True,44,False,0.6818181818181818
supp_p25,stable,complete_cohort,64,uncertainty,False,0,0,5,False,False,False,True,44,False,0.6818181818181818
supp_p25,stable,complete_cohort,66,uncertainty,False,0,0,5,True,False,True,True,44,False,0.7272727272727273
supp_p25,stable,complete_cohort,67,uncertainty,False,0,0,5,False,False,False,True,44,False,0.2727272727272727
supp_p25,stable,complete_cohort,68,uncertainty,False,0,0,5,True,False,True,True,44,False,0.4090909090909091
supp_p25,stable,complete_cohort,70,uncertainty,False,0,0,5,False,False,True,True,44,False,0.2727272727272727
supp_p25,stable,complete_cohort,71,uncertainty,False,0,0,5,False,False,False,True,44,False,0.4090909090909091
supp_p25,stable,complete_cohort,72,uncertainty,False,0,0,5,False,False,False,True,44,False,0.5909090909090909
supp_p25,stable,complete_cohort,73,uncertainty,False,0,0,5,True,False,True,True,44,False,0.5909090909090909
supp_p25,stable,complete_cohort,74,uncertainty,False,0,0,5,True,False,True,True,44,False,0.045454545454545456
supp_p25,stable,complete_cohort,76,uncertainty,False,0,0,5,False,False,False,True,44,False,0.045454545454545456
supp_p25,stable,complete_cohort,77,uncertainty,False,0,0,5,True,False,True,True,44,False,0.8636363636363636
supp_p25,stable,complete_cohort,78,uncertainty,False,0,0,5,True,False,True,True,44,False,0.5
supp_p25,stable,complete_cohort,79,uncertainty,False,0,0,5,False,False,False,True,44,False,0.6818181818181818
supp_p25,stable,complete_cohort,80,uncertainty,False,0,0,5,False,False,True,True,44,False,0.3181818181818182
supp_p25,stable,complete_cohort,81,uncertainty,False,0,0,5,False,False,False,True,44,False,0.045454545454545456
supp_p25,stable,complete_cohort,82,uncertainty,False,0,0,5,False,False,False,True,44,False,0.09090909090909091
supp_p25,stable,complete_cohort,83,uncertainty,False,0,0,5,False,False,False,True,44,False,0.5909090909090909
supp_p25,stable,complete_cohort,84,uncertainty,False,0,0,5,False,False,False,True,44,False,0.5454545454545454
supp_p25,stable,complete_cohort,85,uncertainty,False,0,0,5,False,False,False,True,44,False,0.5
supp_p25,stable,complete_cohort,86,uncertainty,False,0,0,5,True,False,True,True,44,False,0.2727272727272727
supp_p25,stable,complete_cohort,87,uncertainty,False,0,0,5,True,False,True,True,44,False,0.5
supp_p25,stable,complete_cohort,88,uncertainty,False,0,0,5,True,False,True,True,44,False,0.5909090909090909
supp_p25,stable,complete_cohort,89,uncertainty,False,0,0,5,True,False,True,True,44,False,0.36363636363636365
supp_p25,stable,complete_cohort,90,uncertainty,True,1,1,4,True,False,True,True,44,False,0.2727272727272727
supp_p25,stable,complete_cohort,91,uncertainty,False,0,0,5,False,False,True,True,44,False,0.2727272727272727
supp_p25,stable,complete_cohort,92,uncertainty,False,0,0,5,False,False,False,True,44,False,0.4090909090909091
supp_p25,stable,complete_cohort,93,uncertainty,False,0,0,5,False,False,False,True,44,False,0.5454545454545454
supp_p25,stable,complete_cohort,94,uncertainty,False,0,0,5,True,False,True,True,44,False,0.5454545454545454
supp_p25,stable,complete_cohort,95,uncertainty,False,0,0,5,True,False,True,True,44,False,0.36363636363636365
supp_p25,stable,complete_cohort,96,uncertainty,False,0,0,5,True,False,True,True,44,False,0.4090909090909091
supp_p25,stable,complete_cohort,97,uncertainty,False,0,0,5,True,False,True,True,44,False,0.5
supp_p25,stable,complete_cohort,98,uncertainty,False,0,0,5,True,False,True,True,44,False,0.45454545454545453
supp_p25,stable,complete_cohort,99,uncertainty,False,0,0,5,True,False,True,True,44,False,0.5909090909090909
supp_p25,stable,complete_cohort,100,uncertainty,True,1,1,4,True,False,True,True,44,False,0.4090909090909091
supp_p25,stable,complete_cohort,101,uncertainty,False,0,0,5,True,False,True,True,44,False,0.2727272727272727
supp_p25,stable,complete_cohort,102,uncertainty,False,0,0,5,True,False,True,True,44,False,0.5
supp_p25,stable,complete_cohort,103,uncertainty,False,0,0,5,True,False,True,True,44,False,0.5
supp_p25,stable,complete_cohort,104,uncertainty,False,0,0,5,True,False,True,True,44,False,0.5909090909090909
supp_p25,stable,complete_cohort,105,uncertainty,False,0,0,5,True,False,True,True,44,False,0.6363636363636364
supp_p25,stable,complete_cohort,106,uncertainty,False,0,0,5,False,False,False,True,44,False,0.3181818181818182
supp_p25,stable,complete_cohort,107,uncertainty,False,0,0,5,True,False,True,True,44,False,0.3181818181818182
supp_p25,stable,complete_cohort,108,uncertainty,False,0,0,5,True,False,True,True,44,False,0.45454545454545453
supp_p25,stable,complete_cohort,109,uncertainty,False,0,0,5,False,False,False,True,44,False,0.36363636363636365
supp_p25,stable,complete_cohort,110,uncertainty,False,0,0,5,True,False,True,True,44,False,0.5454545454545454
supp_p25,stable,complete_cohort,111,uncertainty,False,0,0,5,True,False,True,True,44,False,0.5909090909090909
supp_p25,stable,complete_cohort,112,uncertainty,False,0,0,5,True,False,True,True,44,False,0.6363636363636364
supp_p25,stable,complete_cohort,113,uncertainty,False,0,0,5,True,False,True,True,44,False,0.5454545454545454
supp_p25,stable,complete_cohort,114,uncertainty,True,1,1,4,True,False,True,True,44,False,0.45454545454545453
supp_p25,stable,complete_cohort,115,uncertainty,False,0,0,5,True,False,True,True,44,False,0.36363636363636365
supp_p25,stable,complete_cohort,116,uncertainty,False,0,0,5,True,False,True,True,44,False,0.5
supp_p25,stable,complete_cohort,117,uncertainty,False,0,0,5,True,False,True,True,44,False,0.5454545454545454
supp_p25,stable,complete_cohort,118,uncertainty,False,0,0,5,True,False,True,True,44,False,0.8636363636363636
supp_p25,stable,complete_cohort,119,uncertainty,False,0,0,5,False,False,False,True,44,False,0.5
supp_p25,stable,complete_cohort,120,uncertainty,False,0,0,5,True,False,True,True,44,False,0.6818181818181818
supp_p25,stable,complete_cohort,121,uncertainty,True,1,1,4,True,False,True,True,44,False,0.5454545454545454
supp_p25,stable,complete_cohort,122,uncertainty,False,0,0,5,True,False,True,True,44,False,0.3181818181818182
supp_p25,stable,complete_cohort,123,uncertainty,False,0,0,5,True,False,True,True,44,False,0.45454545454545453
supp_p25,stable,complete_cohort,124,uncertainty,False,0,0,5,False,False,False,True,44,False,0.5909090909090909
supp_p25,stable,complete_cohort,125,uncertainty,False,0,0,5,True,False,True,True,44,False,0.36363636363636365
supp_p25,stable,complete_cohort,126,uncertainty,False,0,0,5,True,False,True,True,44,False,0.3181818181818182
supp_p25,stable,complete_cohort,127,uncertainty,True,1,1,4,True,False,True,True,44,False,0.45454545454545453
supp_p25,stable,complete_cohort,128,uncertainty,False,0,0,5,False,False,False,True,44,False,0.45454545454545453
supp_p25,stable,complete_cohort,129,uncertainty,False,0,0,5,False,False,False,True,44,False,0.6363636363636364
supp_p25,stable,complete_cohort,130,uncertainty,False,0,0,5,False,False,False,True,44,False,0.22727272727272727
supp_p25,stable,complete_cohort,131,uncertainty,True,1,1,4,True,False,True,True,44,False,0.3181818181818182
supp_p25,stable,complete_cohort,132,uncertainty,False,0,0,5,True,False,True,True,44,False,0.5454545454545454
supp_p25,stable,complete_cohort,133,uncertainty,False,0,0,5,False,False,False,True,44,False,0.45454545454545453
supp_p25,stable,complete_cohort,134,uncertainty,False,0,0,5,False,False,False,True,44,False,0.045454545454545456
supp_p25,stable,complete_cohort,135,uncertainty,False,0,0,5,True,False,True,True,44,False,0.45454545454545453
supp_p25,stable,complete_cohort,136,uncertainty,True,1,1,4,True,False,True,True,44,False,0.45454545454545453
supp_p25,stable,complete_cohort,137,uncertainty,False,0,0,5,True,False,True,True,44,False,0.045454545454545456
supp_p25,stable,complete_cohort,138,uncertainty,True,1,1,4,True,False,True,True,44,False,0.6818181818181818
supp_p25,stable,complete_cohort,139,uncertainty,True,1,1,4,True,False,True,True,44,False,0.4090909090909091
supp_p25,stable,complete_cohort,140,uncertainty,False,0,0,5,False,False,True,True,44,False,0.4090909090909091
supp_p25,stable,complete_cohort,141,uncertainty,False,0,0,5,False,False,False,True,44,False,0.36363636363636365
supp_p25,stable,complete_cohort,142,uncertainty,True,1,1,4,True,False,True,True,44,False,0.45454545454545453
supp_p25,stable,complete_cohort,143,uncertainty,True,1,1,4,True,False,True,True,44,False,0.36363636363636365
supp_p25,stable,complete_cohort,144,uncertainty,False,0,0,5,True,False,True,True,44,False,0.6363636363636364
supp_p25,stable,complete_cohort,147,uncertainty,False,0,0,5,False,False,False,True,44,False,0.3181818181818182
supp_p25,stable,complete_cohort,148,uncertainty,False,0,0,5,True,False,True,True,44,False,0.4090909090909091
supp_p25,stable,complete_cohort,149,uncertainty,False,0,0,5,True,False,True,True,44,False,0.5454545454545454
supp_p25,stable,complete_cohort,150,uncertainty,True,1,1,4,True,False,True,True,44,False,0.5454545454545454
supp_p25,stable,complete_cohort,151,uncertainty,True,1,1,4,True,False,True,True,44,False,0.45454545454545453
supp_p25,stable,complete_cohort,152,uncertainty,False,0,0,5,False,False,False,True,44,False,0.045454545454545456
supp_p25,stable,complete_cohort,153,uncertainty,False,0,0,5,True,False,True,True,44,False,0.6363636363636364
supp_p25,stable,complete_cohort,154,uncertainty,False,0,0,5,False,False,False,True,44,False,0.4090909090909091
supp_p25,stable,complete_cohort,155,uncertainty,False,0,0,5,False,False,False,True,44,False,0.5454545454545454
supp_p25,stable,complete_cohort,156,uncertainty,True,1,1,4,True,False,True,True,44,False,0.45454545454545453
supp_p25,stable,complete_cohort,157,uncertainty,False,0,0,5,False,False,False,True,44,False,0.4090909090909091
supp_p25,stable,complete_cohort,158,uncertainty,False,0,0,5,False,False,False,True,44,False,0.3181818181818182
supp_p25,stable,complete_cohort,159,uncertainty,True,1,1,4,True,False,True,True,44,False,0.5909090909090909
supp_p25,stable,complete_cohort,160,uncertainty,False,0,0,5,True,False,True,True,44,False,0.36363636363636365
supp_p25,stable,complete_cohort,161,uncertainty,False,0,0,5,False,False,False,True,44,False,0.3181818181818182
supp_p25,stable,complete_cohort,162,uncertainty,True,1,1,4,True,False,True,True,44,False,0.4090909090909091
supp_p25,stable,complete_cohort,163,uncertainty,True,1,1,4,True,False,True,True,44,False,0.45454545454545453
supp_p25,stable,complete_cohort,164,uncertainty,False,0,0,5,False,False,False,True,44,False,0.2727272727272727
supp_p25,stable,complete_cohort,165,uncertainty,False,0,0,5,False,False,True,True,44,False,0.5909090909090909
supp_p25,stable,complete_cohort,166,uncertainty,True,1,1,4,True,False,True,True,44,False,0.36363636363636365
supp_p25,stable,complete_cohort,167,uncertainty,False,0,0,5,False,False,False,True,44,False,0.045454545454545456
supp_p25,stable,complete_cohort,168,uncertainty,False,0,0,5,False,False,False,True,44,False,0.4090909090909091
supp_p25,stable,complete_cohort,169,uncertainty,True,1,1,4,True,False,True,True,44,False,0.6818181818181818
supp_p25,stable,complete_cohort,170,uncertainty,False,0,0,5,False,False,False,True,44,False,0.4090909090909091
supp_p25,stable,complete_cohort,172,uncertainty,False,0,0,5,True,False,True,True,44,False,0.5454545454545454
supp_p25,stable,complete_cohort,174,uncertainty,True,1,1,4,True,False,True,True,44,False,0.5454545454545454
supp_p25,stable,complete_cohort,175,uncertainty,True,1,1,4,True,False,True,True,44,False,0.6363636363636364
supp_p25,stable,complete_cohort,176,uncertainty,False,0,0,5,False,False,False,True,44,False,0.36363636363636365
supp_p25,stable,complete_cohort,177,uncertainty,False,0,0,5,True,False,True,True,44,False,0.4090909090909091
supp_p25,stable,complete_cohort,178,uncertainty,False,0,0,5,False,False,False,True,44,False,0.36363636363636365
supp_p25,stable,complete_cohort,179,uncertainty,True,1,1,4,True,False,True,True,44,False,0.5454545454545454
supp_p25,stable,complete_cohort,180,uncertainty,True,1,1,4,True,False,True,True,44,False,0.3181818181818182
supp_p25,stable,complete_cohort,181,uncertainty,False,0,0,5,True,False,True,True,44,False,0.5
supp_p25,stable,complete_cohort,182,uncertainty,False,0,0,5,False,False,False,True,44,False,0.6818181818181818
supp_p25,stable,complete_cohort,183,uncertainty,False,0,0,5,True,False,True,True,44,False,0.5
supp_p25,stable,complete_cohort,2,low_score,False,0,0,5,False,False,False,False,5,False,0.0
supp_p25,stable,complete_cohort,3,low_score,False,0,0,5,False,False,False,False,9,False,0.0
supp_p25,stable,complete_cohort,4,low_score,False,0,0,5,False,False,True,True,15,False,0.26666666666666666
supp_p25,stable,complete_cohort,5,low_score,False,0,0,5,False,False,True,True,9,False,0.2222222222222222
supp_p25,stable,complete_cohort,6,low_score,False,0,0,5,False,False,True,True,7,False,0.2857142857142857
supp_p25,stable,complete_cohort,7,low_score,False,0,0,5,False,False,True,True,15,False,0.13333333333333333
supp_p25,stable,complete_cohort,9,low_score,False,0,0,5,False,False,False,False,8,False,0.0
supp_p25,stable,complete_cohort,11,low_score,False,0,0,5,False,False,True,True,12,False,0.16666666666666666
supp_p25,stable,complete_cohort,12,low_score,False,0,0,5,False,False,False,False,7,False,0.0
supp_p25,stable,complete_cohort,13,low_score,False,0,0,5,False,False,True,True,15,False,0.26666666666666666
supp_p25,stable,complete_cohort,14,low_score,False,0,0,5,False,False,True,True,16,False,0.25
supp_p25,stable,complete_cohort,15,low_score,False,0,0,5,False,False,True,True,11,False,0.36363636363636365
supp_p25,stable,complete_cohort,17,low_score,False,0,0,5,False,False,False,False,11,False,0.0
supp_p25,stable,complete_cohort,19,low_score,False,0,0,5,False,False,False,False,11,False,0.0
supp_p25,stable,complete_cohort,20,low_score,False,0,0,5,True,False,True,True,6,False,0.3333333333333333
supp_p25,stable,complete_cohort,21,low_score,False,0,0,5,False,False,False,False,15,False,0.0
supp_p25,stable,complete_cohort,22,low_score,False,0,0,5,False,False,False,False,16,False,0.0
supp_p25,stable,complete_cohort,23,low_score,False,0,0,5,False,False,True,True,12,False,0.16666666666666666
supp_p25,stable,complete_cohort,24,low_score,False,0,0,5,False,False,True,True,9,False,0.2222222222222222
supp_p25,stable,complete_cohort,25,low_score,False,0,0,5,False,False,True,True,11,False,0.18181818181818182
supp_p25,stable,complete_cohort,27,low_score,False,0,0,5,False,False,True,True,13,False,0.6153846153846154
supp_p25,stable,complete_cohort,28,low_score,True,1,1,4,True,False,True,True,10,False,0.2
supp_p25,stable,complete_cohort,29,low_score,False,0,0,5,False,False,False,False,9,False,0.0
supp_p25,stable,complete_cohort,30,low_score,False,0,0,5,False,False,False,False,6,False,0.0
supp_p25,stable,complete_cohort,31,low_score,False,0,0,5,False,False,False,False,10,False,0.0
supp_p25,stable,complete_cohort,39,low_score,False,0,0,5,False,False,True,True,8,False,0.25
supp_p25,stable,complete_cohort,40,low_score,False,0,0,5,False,False,False,False,6,False,0.0
supp_p25,stable,complete_cohort,41,low_score,False,0,0,5,False,False,False,False,9,False,0.0
supp_p25,stable,complete_cohort,42,low_score,False,0,0,5,False,False,False,False,12,False,0.0
supp_p25,stable,complete_cohort,43,low_score,False,0,0,5,False,False,True,True,10,False,0.2
supp_p25,stable,complete_cohort,44,low_score,False,0,0,5,False,False,True,True,7,False,0.2857142857142857
supp_p25,stable,complete_cohort,45,low_score,False,0,0,5,False,False,False,False,8,False,0.0
supp_p25,stable,complete_cohort,46,low_score,False,0,0,5,False,False,True,True,12,False,0.3333333333333333
supp_p25,stable,complete_cohort,47,low_score,False,0,0,5,False,False,False,False,8,False,0.0
supp_p25,stable,complete_cohort,48,low_score,False,0,0,5,False,False,True,True,14,False,0.2857142857142857
supp_p25,stable,complete_cohort,50,low_score,False,0,0,5,False,False,False,False,7,False,0.0
supp_p25,stable,complete_cohort,51,low_score,False,0,0,5,False,False,True,True,17,False,0.47058823529411764
supp_p25,stable,complete_cohort,52,low_score,False,0,0,5,False,False,False,False,15,False,0.0
supp_p25,stable,complete_cohort,53,low_score,False,0,0,5,False,False,True,True,17,False,0.23529411764705882
supp_p25,stable,complete_cohort,54,low_score,False,0,0,5,False,False,False,False,8,False,0.0
supp_p25,stable,complete_cohort,55,low_score,False,0,0,5,False,False,False,False,9,False,0.0
supp_p25,stable,complete_cohort,56,low_score,False,0,0,5,False,False,False,False,5,False,0.0
supp_p25,stable,complete_cohort,58,low_score,False,0,0,5,False,False,True,True,14,False,0.2857142857142857
supp_p25,stable,complete_cohort,59,low_score,True,1,1,4,True,False,True,True,6,False,0.3333333333333333
supp_p25,stable,complete_cohort,61,low_score,False,0,0,5,False,False,True,True,9,False,0.2222222222222222
supp_p25,stable,complete_cohort,62,low_score,False,0,0,5,False,False,False,False,9,False,0.0
supp_p25,stable,complete_cohort,63,low_score,False,0,0,5,False,False,False,False,6,False,0.0
supp_p25,stable,complete_cohort,64,low_score,False,0,0,5,False,False,False,False,5,False,0.0
supp_p25,stable,complete_cohort,66,low_score,True,1,1,4,True,False,True,True,7,False,0.5714285714285714
supp_p25,stable,complete_cohort,67,low_score,False,0,0,5,False,False,False,False,14,False,0.0
supp_p25,stable,complete_cohort,68,low_score,False,0,0,5,False,False,True,True,12,False,0.16666666666666666
supp_p25,stable,complete_cohort,70,low_score,False,0,0,5,False,False,True,True,16,False,0.25
supp_p25,stable,complete_cohort,71,low_score,False,0,0,5,False,False,False,False,11,False,0.0
supp_p25,stable,complete_cohort,72,low_score,False,0,0,4,False,False,False,False,4,False,0.0
supp_p25,stable,complete_cohort,73,low_score,False,0,0,5,False,False,True,True,9,False,0.2222222222222222
supp_p25,stable,complete_cohort,74,low_score,False,0,0,5,False,False,True,True,15,False,0.13333333333333333
supp_p25,stable,complete_cohort,76,low_score,False,0,0,5,False,False,False,False,21,False,0.0
supp_p25,stable,complete_cohort,77,low_score,True,1,1,4,True,False,True,True,12,False,0.8333333333333334
supp_p25,stable,complete_cohort,78,low_score,False,0,0,5,False,False,True,True,11,False,0.5454545454545454
supp_p25,stable,complete_cohort,79,low_score,False,0,0,5,False,False,False,False,5,False,0.0
supp_p25,stable,complete_cohort,80,low_score,False,0,0,5,False,False,True,True,18,False,0.3333333333333333
supp_p25,stable,complete_cohort,81,low_score,False,0,0,3,False,False,False,False,3,False,0.0
supp_p25,stable,complete_cohort,82,low_score,False,0,0,5,False,False,False,False,9,False,0.0
supp_p25,stable,complete_cohort,83,low_score,False,0,0,5,False,False,False,False,5,False,0.0
supp_p25,stable,complete_cohort,84,low_score,False,0,0,5,False,False,False,False,5,False,0.0
supp_p25,stable,complete_cohort,85,low_score,False,0,0,5,False,False,False,False,6,False,0.0
supp_p25,stable,complete_cohort,86,low_score,False,0,0,5,False,False,True,True,17,False,0.11764705882352941
supp_p25,stable,complete_cohort,87,low_score,False,0,0,5,False,False,True,True,10,False,0.6
supp_p25,stable,complete_cohort,88,low_score,False,0,0,5,False,False,True,True,10,False,0.6
supp_p25,stable,complete_cohort,89,low_score,False,0,0,5,False,False,True,True,13,False,0.15384615384615385
supp_p25,stable,complete_cohort,90,low_score,False,0,0,5,False,False,True,True,19,False,0.42105263157894735
supp_p25,stable,complete_cohort,91,low_score,False,0,0,5,False,False,True,True,19,False,0.10526315789473684
supp_p25,stable,complete_cohort,92,low_score,False,0,0,5,False,False,False,False,12,False,0.0
supp_p25,stable,complete_cohort,93,low_score,False,0,0,5,False,False,False,False,9,False,0.0
supp_p25,stable,complete_cohort,94,low_score,False,0,0,5,False,False,True,True,13,False,0.6153846153846154
supp_p25,stable,complete_cohort,95,low_score,False,0,0,5,False,False,True,True,14,False,0.2857142857142857
supp_p25,stable,complete_cohort,96,low_score,False,0,0,5,False,False,True,True,10,False,0.2
supp_p25,stable,complete_cohort,97,low_score,False,0,0,5,False,False,True,True,9,False,0.2222222222222222
supp_p25,stable,complete_cohort,98,low_score,False,0,0,5,False,False,True,True,11,False,0.18181818181818182
supp_p25,stable,complete_cohort,99,low_score,False,0,0,5,False,False,True,True,8,False,0.25
supp_p25,stable,complete_cohort,100,low_score,False,0,0,5,False,False,True,True,16,False,0.5
supp_p25,stable,complete_cohort,101,low_score,False,0,0,5,False,False,True,True,15,False,0.13333333333333333
supp_p25,stable,complete_cohort,102,low_score,False,0,0,5,False,False,True,True,11,False,0.36363636363636365
supp_p25,stable,complete_cohort,103,low_score,False,0,0,5,False,False,True,True,11,False,0.18181818181818182
supp_p25,stable,complete_cohort,104,low_score,False,0,0,5,False,False,True,True,14,False,0.5714285714285714
supp_p25,stable,complete_cohort,105,low_score,False,0,0,5,False,False,True,True,10,False,0.4
supp_p25,stable,complete_cohort,106,low_score,False,0,0,5,False,False,False,False,13,False,0.0
supp_p25,stable,complete_cohort,107,low_score,False,0,0,5,False,False,True,True,12,False,0.16666666666666666
supp_p25,stable,complete_cohort,108,low_score,False,0,0,5,False,False,True,True,12,False,0.3333333333333333
supp_p25,stable,complete_cohort,109,low_score,False,0,0,5,False,False,False,False,11,False,0.0
supp_p25,stable,complete_cohort,110,low_score,False,0,0,5,False,False,True,True,9,False,0.2222222222222222
supp_p25,stable,complete_cohort,111,low_score,False,0,0,5,False,False,True,True,9,False,0.2222222222222222
supp_p25,stable,complete_cohort,112,low_score,False,0,0,5,False,False,True,True,11,False,0.36363636363636365
supp_p25,stable,complete_cohort,113,low_score,False,0,0,5,False,False,True,True,11,False,0.18181818181818182
supp_p25,stable,complete_cohort,114,low_score,False,0,0,5,False,False,True,True,13,False,0.46153846153846156
supp_p25,stable,complete_cohort,115,low_score,False,0,0,5,False,False,True,True,10,False,0.2
supp_p25,stable,complete_cohort,116,low_score,False,0,0,5,False,False,True,True,10,False,0.4
supp_p25,stable,complete_cohort,117,low_score,False,0,0,5,False,False,True,True,11,False,0.36363636363636365
supp_p25,stable,complete_cohort,118,low_score,False,0,0,5,False,False,True,True,17,False,0.9411764705882353
supp_p25,stable,complete_cohort,119,low_score,False,0,0,5,False,False,False,False,9,False,0.0
supp_p25,stable,complete_cohort,120,low_score,False,0,0,5,False,False,True,True,10,False,0.4
supp_p25,stable,complete_cohort,121,low_score,False,0,0,5,False,False,True,True,12,False,0.3333333333333333
supp_p25,stable,complete_cohort,122,low_score,False,0,0,5,False,False,True,True,17,False,0.23529411764705882
supp_p25,stable,complete_cohort,123,low_score,False,0,0,5,False,False,True,True,11,False,0.18181818181818182
supp_p25,stable,complete_cohort,124,low_score,False,0,0,5,False,False,False,False,8,False,0.0
supp_p25,stable,complete_cohort,125,low_score,False,0,0,5,False,False,True,True,13,False,0.3076923076923077
supp_p25,stable,complete_cohort,126,low_score,False,0,0,5,False,False,True,True,16,False,0.125
supp_p25,stable,complete_cohort,127,low_score,False,0,0,5,False,False,True,True,15,False,0.5333333333333333
supp_p25,stable,complete_cohort,128,low_score,False,0,0,5,False,False,False,False,13,False,0.0
supp_p25,stable,complete_cohort,129,low_score,False,0,0,5,False,False,False,False,7,False,0.0
supp_p25,stable,complete_cohort,130,low_score,False,0,0,5,False,False,False,False,15,False,0.0
supp_p25,stable,complete_cohort,131,low_score,False,0,0,5,False,False,True,True,18,False,0.3333333333333333
supp_p25,stable,complete_cohort,132,low_score,False,0,0,5,False,False,True,True,11,False,0.18181818181818182
supp_p25,stable,complete_cohort,133,low_score,False,0,0,5,False,False,False,False,5,False,0.0
supp_p25,stable,complete_cohort,134,low_score,False,0,0,5,False,False,False,False,15,False,0.0
supp_p25,stable,complete_cohort,135,low_score,False,0,0,5,False,False,True,True,13,False,0.15384615384615385
supp_p25,stable,complete_cohort,136,low_score,False,0,0,5,False,False,True,True,15,False,0.4
supp_p25,stable,complete_cohort,137,low_score,False,0,0,5,False,False,True,True,15,False,0.13333333333333333
supp_p25,stable,complete_cohort,138,low_score,False,0,0,5,False,False,True,True,14,False,0.7142857142857143
supp_p25,stable,complete_cohort,139,low_score,False,0,0,5,False,False,True,True,14,False,0.5714285714285714
supp_p25,stable,complete_cohort,140,low_score,False,0,0,5,False,False,True,True,17,False,0.23529411764705882
supp_p25,stable,complete_cohort,141,low_score,False,0,0,5,False,False,False,False,16,False,0.0
supp_p25,stable,complete_cohort,142,low_score,False,0,0,5,False,False,True,True,17,False,0.35294117647058826
supp_p25,stable,complete_cohort,143,low_score,False,0,0,5,False,False,True,True,17,False,0.35294117647058826
supp_p25,stable,complete_cohort,144,low_score,False,0,0,5,False,False,True,True,8,False,0.25
supp_p25,stable,complete_cohort,147,low_score,False,0,0,5,False,False,False,False,14,False,0.0
supp_p25,stable,complete_cohort,148,low_score,False,0,0,5,False,False,True,True,15,False,0.4
supp_p25,stable,complete_cohort,149,low_score,False,0,0,5,False,False,True,True,12,False,0.3333333333333333
supp_p25,stable,complete_cohort,150,low_score,False,0,0,5,False,False,True,True,15,False,0.6666666666666666
supp_p25,stable,complete_cohort,151,low_score,False,0,0,5,False,False,True,True,16,False,0.5
supp_p25,stable,complete_cohort,152,low_score,False,0,0,5,False,False,False,False,17,False,0.0
supp_p25,stable,complete_cohort,153,low_score,False,0,0,5,False,False,True,True,14,False,0.42857142857142855
supp_p25,stable,complete_cohort,154,low_score,False,0,0,5,False,False,False,False,8,False,0.0
supp_p25,stable,complete_cohort,155,low_score,False,0,0,5,False,False,False,False,10,False,0.0
supp_p25,stable,complete_cohort,156,low_score,False,0,0,5,False,False,True,True,16,False,0.5
supp_p25,stable,complete_cohort,157,low_score,False,0,0,5,False,False,False,False,9,False,0.0
supp_p25,stable,complete_cohort,158,low_score,False,0,0,5,False,False,False,False,12,False,0.0
supp_p25,stable,complete_cohort,159,low_score,False,0,0,5,False,False,True,True,13,False,0.46153846153846156
supp_p25,stable,complete_cohort,160,low_score,False,0,0,5,False,False,True,True,14,False,0.14285714285714285
supp_p25,stable,complete_cohort,161,low_score,False,0,0,5,False,False,False,False,15,False,0.0
supp_p25,stable,complete_cohort,162,low_score,False,0,0,5,False,False,True,True,20,False,0.4
supp_p25,stable,complete_cohort,163,low_score,False,0,0,5,False,False,True,True,18,False,0.5555555555555556
supp_p25,stable,complete_cohort,164,low_score,False,0,0,5,False,False,False,False,13,False,0.0
supp_p25,stable,complete_cohort,165,low_score,True,1,1,4,True,False,True,True,16,False,0.625
supp_p25,stable,complete_cohort,166,low_score,False,0,0,5,False,False,True,True,18,False,0.2222222222222222
supp_p25,stable,complete_cohort,167,low_score,False,0,0,5,False,False,False,False,12,False,0.0
supp_p25,stable,complete_cohort,168,low_score,False,0,0,5,False,False,False,False,8,False,0.0
supp_p25,stable,complete_cohort,169,low_score,True,1,1,4,True,False,True,True,13,False,0.7692307692307693
supp_p25,stable,complete_cohort,170,low_score,False,0,0,5,False,False,False,False,12,False,0.0
supp_p25,stable,complete_cohort,172,low_score,False,0,0,5,False,False,True,True,12,False,0.3333333333333333
supp_p25,stable,complete_cohort,174,low_score,False,0,0,5,False,False,True,True,15,False,0.6666666666666666
supp_p25,stable,complete_cohort,175,low_score,False,0,0,5,False,False,True,True,14,False,0.2857142857142857
supp_p25,stable,complete_cohort,176,low_score,False,0,0,5,False,False,False,False,11,False,0.0
supp_p25,stable,complete_cohort,177,low_score,False,0,0,5,False,False,True,True,12,False,0.16666666666666666
supp_p25,stable,complete_cohort,178,low_score,False,0,0,5,False,False,False,False,10,False,0.0
supp_p25,stable,complete_cohort,179,low_score,False,0,0,5,False,False,True,True,18,False,0.4444444444444444
supp_p25,stable,complete_cohort,180,low_score,False,0,0,5,False,False,True,True,17,False,0.47058823529411764
supp_p25,stable,complete_cohort,181,low_score,False,0,0,5,False,False,True,True,11,False,0.18181818181818182
supp_p25,stable,complete_cohort,182,low_score,False,0,0,5,False,False,False,False,9,False,0.0
supp_p25,stable,complete_cohort,183,low_score,False,0,0,5,False,False,True,True,15,False,0.4
supp_p25,app_quicksort,complete_cohort,2,uncertainty,False,0,0,5,False,False,False,True,44,False,0.5909090909090909
supp_p25,app_quicksort,complete_cohort,3,uncertainty,False,0,0,5,False,False,False,True,44,False,0.5909090909090909
supp_p25,app_quicksort,complete_cohort,4,uncertainty,False,0,0,5,True,True,True,True,44,False,0.9090909090909091
supp_p25,app_quicksort,complete_cohort,5,uncertainty,False,0,0,5,True,False,True,True,44,False,0.5909090909090909
supp_p25,app_quicksort,complete_cohort,6,uncertainty,False,0,0,5,True,False,True,True,44,False,0.5
supp_p25,app_quicksort,complete_cohort,7,uncertainty,False,0,0,5,True,False,True,True,44,False,0.3181818181818182
supp_p25,app_quicksort,complete_cohort,9,uncertainty,False,0,0,5,False,False,False,True,44,False,0.5454545454545454
supp_p25,app_quicksort,complete_cohort,11,uncertainty,False,0,0,5,True,False,True,True,44,False,0.045454545454545456
supp_p25,app_quicksort,complete_cohort,12,uncertainty,False,0,0,5,False,True,True,True,44,False,1.3636363636363635
supp_p25,app_quicksort,complete_cohort,13,uncertainty,True,1,1,4,True,False,True,True,44,False,0.2727272727272727
supp_p25,app_quicksort,complete_cohort,14,uncertainty,True,1,1,4,True,False,True,True,44,False,0.45454545454545453
supp_p25,app_quicksort,complete_cohort,15,uncertainty,False,0,0,5,True,False,True,True,44,False,0.45454545454545453
supp_p25,app_quicksort,complete_cohort,17,uncertainty,False,0,0,5,False,False,False,True,44,False,0.5
supp_p25,app_quicksort,complete_cohort,19,uncertainty,False,0,0,5,False,False,False,True,44,False,0.4090909090909091
supp_p25,app_quicksort,complete_cohort,20,uncertainty,False,0,0,5,True,False,True,True,44,False,0.6363636363636364
supp_p25,app_quicksort,complete_cohort,21,uncertainty,False,0,0,5,False,False,False,True,44,False,0.2727272727272727
supp_p25,app_quicksort,complete_cohort,22,uncertainty,False,0,0,5,False,False,False,True,44,False,0.2727272727272727
supp_p25,app_quicksort,complete_cohort,23,uncertainty,False,0,0,5,True,False,True,True,44,False,0.5
supp_p25,app_quicksort,complete_cohort,24,uncertainty,False,0,0,5,True,False,True,True,44,False,0.45454545454545453
supp_p25,app_quicksort,complete_cohort,25,uncertainty,False,0,0,5,True,True,True,True,44,False,2.409090909090909
supp_p25,app_quicksort,complete_cohort,27,uncertainty,False,0,0,5,True,False,True,True,44,False,0.45454545454545453
supp_p25,app_quicksort,complete_cohort,28,uncertainty,True,1,1,4,True,True,True,True,44,False,1.4545454545454546
supp_p25,app_quicksort,complete_cohort,29,uncertainty,False,0,0,5,False,True,True,True,44,False,1.3636363636363635
supp_p25,app_quicksort,complete_cohort,30,uncertainty,False,0,0,5,False,False,False,True,44,False,0.5454545454545454
supp_p25,app_quicksort,complete_cohort,31,uncertainty,False,0,0,5,False,True,True,True,44,False,1.2272727272727273
supp_p25,app_quicksort,complete_cohort,39,uncertainty,False,0,0,5,True,False,True,True,44,False,0.45454545454545453
supp_p25,app_quicksort,complete_cohort,40,uncertainty,False,0,0,5,False,True,True,True,44,False,1.3636363636363635
supp_p25,app_quicksort,complete_cohort,41,uncertainty,False,0,0,5,False,False,False,True,44,False,0.5454545454545454
supp_p25,app_quicksort,complete_cohort,42,uncertainty,False,0,0,5,False,False,False,True,44,False,0.2727272727272727
supp_p25,app_quicksort,complete_cohort,43,uncertainty,False,0,0,5,True,True,True,True,44,False,0.8636363636363636
supp_p25,app_quicksort,complete_cohort,44,uncertainty,False,0,0,5,True,False,True,True,44,False,0.5
supp_p25,app_quicksort,complete_cohort,45,uncertainty,False,0,0,5,False,False,False,True,44,False,0.5909090909090909
supp_p25,app_quicksort,complete_cohort,46,uncertainty,False,0,0,5,True,False,True,True,44,False,0.3181818181818182
supp_p25,app_quicksort,complete_cohort,47,uncertainty,False,0,0,5,False,False,False,True,44,False,0.5
supp_p25,app_quicksort,complete_cohort,48,uncertainty,False,0,0,5,True,False,True,True,44,False,0.45454545454545453
supp_p25,app_quicksort,complete_cohort,50,uncertainty,False,0,0,5,False,False,False,True,44,False,0.5454545454545454
supp_p25,app_quicksort,complete_cohort,51,uncertainty,True,1,1,4,True,False,True,True,44,False,0.5
supp_p25,app_quicksort,complete_cohort,52,uncertainty,False,0,0,5,False,False,False,True,44,False,0.6818181818181818
supp_p25,app_quicksort,complete_cohort,53,uncertainty,False,0,0,5,False,False,True,True,44,False,0.22727272727272727
supp_p25,app_quicksort,complete_cohort,54,uncertainty,False,0,0,5,False,False,False,True,44,False,0.5454545454545454
supp_p25,app_quicksort,complete_cohort,55,uncertainty,False,0,0,5,False,True,True,True,44,False,0.9090909090909091
supp_p25,app_quicksort,complete_cohort,56,uncertainty,False,0,0,5,False,True,True,True,44,False,1.0454545454545454
supp_p25,app_quicksort,complete_cohort,58,uncertainty,False,0,0,5,True,True,True,True,44,False,0.8181818181818182
supp_p25,app_quicksort,complete_cohort,59,uncertainty,False,0,0,5,True,False,True,True,44,False,0.6363636363636364
supp_p25,app_quicksort,complete_cohort,61,uncertainty,False,0,0,5,True,True,True,True,44,False,1.0909090909090908
supp_p25,app_quicksort,complete_cohort,62,uncertainty,False,0,0,5,False,False,False,True,44,False,0.5
supp_p25,app_quicksort,complete_cohort,63,uncertainty,False,0,0,5,False,True,True,True,44,False,1.3636363636363635
supp_p25,app_quicksort,complete_cohort,64,uncertainty,False,0,0,5,False,False,False,True,44,False,0.6818181818181818
supp_p25,app_quicksort,complete_cohort,66,uncertainty,False,0,0,5,True,False,True,True,44,False,0.7272727272727273
supp_p25,app_quicksort,complete_cohort,67,uncertainty,False,0,0,5,False,False,False,True,44,False,0.2727272727272727
supp_p25,app_quicksort,complete_cohort,68,uncertainty,False,0,0,5,True,False,True,True,44,False,0.4090909090909091
supp_p25,app_quicksort,complete_cohort,70,uncertainty,False,0,0,5,False,False,True,True,44,False,0.7727272727272727
supp_p25,app_quicksort,complete_cohort,71,uncertainty,False,0,0,5,False,False,False,True,44,False,0.4090909090909091
supp_p25,app_quicksort,complete_cohort,72,uncertainty,False,0,0,5,False,False,False,True,44,False,0.5909090909090909
supp_p25,app_quicksort,complete_cohort,73,uncertainty,False,0,0,5,True,True,True,True,44,False,0.9545454545454546
supp_p25,app_quicksort,complete_cohort,74,uncertainty,False,0,0,5,True,False,True,True,44,False,0.045454545454545456
supp_p25,app_quicksort,complete_cohort,76,uncertainty,False,0,0,5,False,False,False,True,44,False,0.045454545454545456
supp_p25,app_quicksort,complete_cohort,77,uncertainty,False,0,0,5,True,True,True,True,44,False,1.4545454545454546
supp_p25,app_quicksort,complete_cohort,78,uncertainty,False,0,0,5,True,False,True,True,44,False,0.5
supp_p25,app_quicksort,complete_cohort,79,uncertainty,False,0,0,5,False,False,False,True,44,False,0.6818181818181818
supp_p25,app_quicksort,complete_cohort,80,uncertainty,False,0,0,5,False,False,True,True,44,False,0.3181818181818182
supp_p25,app_quicksort,complete_cohort,81,uncertainty,False,0,0,5,False,False,True,True,44,False,0.13636363636363635
supp_p25,app_quicksort,complete_cohort,82,uncertainty,False,0,0,5,False,False,False,True,44,False,0.09090909090909091
supp_p25,app_quicksort,complete_cohort,83,uncertainty,False,0,0,5,False,False,False,True,44,False,0.5909090909090909
supp_p25,app_quicksort,complete_cohort,84,uncertainty,False,0,0,5,False,False,False,True,44,False,0.5454545454545454
supp_p25,app_quicksort,complete_cohort,85,uncertainty,False,0,0,5,False,False,False,True,44,False,0.5
supp_p25,app_quicksort,complete_cohort,86,uncertainty,False,0,0,5,True,False,True,True,44,False,0.2727272727272727
supp_p25,app_quicksort,complete_cohort,87,uncertainty,False,0,0,5,True,False,True,True,44,False,0.6818181818181818
supp_p25,app_quicksort,complete_cohort,88,uncertainty,False,0,0,5,True,False,True,True,44,False,0.5909090909090909
supp_p25,app_quicksort,complete_cohort,89,uncertainty,False,0,0,5,True,False,True,True,44,False,0.36363636363636365
supp_p25,app_quicksort,complete_cohort,90,uncertainty,True,1,1,4,True,False,True,True,44,False,0.2727272727272727
supp_p25,app_quicksort,complete_cohort,91,uncertainty,False,0,0,5,False,False,True,True,44,False,0.2727272727272727
supp_p25,app_quicksort,complete_cohort,92,uncertainty,False,0,0,5,False,False,False,True,44,False,0.4090909090909091
supp_p25,app_quicksort,complete_cohort,93,uncertainty,False,0,0,5,False,False,False,True,44,False,0.5909090909090909
supp_p25,app_quicksort,complete_cohort,94,uncertainty,False,0,0,5,True,False,True,True,44,False,0.5454545454545454
supp_p25,app_quicksort,complete_cohort,95,uncertainty,False,0,0,5,True,False,True,True,44,False,0.36363636363636365
supp_p25,app_quicksort,complete_cohort,96,uncertainty,False,0,0,5,True,False,True,True,44,False,0.4090909090909091
supp_p25,app_quicksort,complete_cohort,97,uncertainty,False,0,0,5,True,True,True,True,44,False,0.9545454545454546
supp_p25,app_quicksort,complete_cohort,98,uncertainty,False,0,0,5,True,False,True,True,44,False,0.45454545454545453
supp_p25,app_quicksort,complete_cohort,99,uncertainty,False,0,0,5,True,False,True,True,44,False,0.5909090909090909
supp_p25,app_quicksort,complete_cohort,100,uncertainty,True,1,1,4,True,False,True,True,44,False,0.4090909090909091
supp_p25,app_quicksort,complete_cohort,101,uncertainty,False,0,0,5,True,False,True,True,44,False,0.2727272727272727
supp_p25,app_quicksort,complete_cohort,102,uncertainty,False,0,0,5,True,True,True,True,44,False,0.8181818181818182
supp_p25,app_quicksort,complete_cohort,103,uncertainty,False,0,0,5,True,True,True,True,44,False,0.8636363636363636
supp_p25,app_quicksort,complete_cohort,104,uncertainty,False,0,0,5,True,False,True,True,44,False,0.5909090909090909
supp_p25,app_quicksort,complete_cohort,105,uncertainty,False,0,0,5,True,False,True,True,44,False,0.6363636363636364
supp_p25,app_quicksort,complete_cohort,106,uncertainty,False,0,0,5,False,False,False,True,44,False,0.3181818181818182
supp_p25,app_quicksort,complete_cohort,107,uncertainty,False,0,0,5,True,False,True,True,44,False,0.3181818181818182
supp_p25,app_quicksort,complete_cohort,108,uncertainty,False,0,0,5,True,True,True,True,44,False,0.8181818181818182
supp_p25,app_quicksort,complete_cohort,109,uncertainty,False,0,0,5,False,True,True,True,44,False,2.1818181818181817
supp_p25,app_quicksort,complete_cohort,110,uncertainty,False,0,0,5,True,False,True,True,44,False,0.5454545454545454
supp_p25,app_quicksort,complete_cohort,111,uncertainty,False,0,0,5,True,True,True,True,44,False,1.1818181818181819
supp_p25,app_quicksort,complete_cohort,112,uncertainty,False,0,0,5,True,False,True,True,44,False,0.6363636363636364
supp_p25,app_quicksort,complete_cohort,113,uncertainty,False,0,0,5,True,True,True,True,44,False,1.0
supp_p25,app_quicksort,complete_cohort,114,uncertainty,True,1,1,4,True,True,True,True,44,False,1.2727272727272727
supp_p25,app_quicksort,complete_cohort,115,uncertainty,False,0,0,5,True,True,True,True,44,False,0.7272727272727273
supp_p25,app_quicksort,complete_cohort,116,uncertainty,False,0,0,5,True,False,True,True,44,False,0.5
supp_p25,app_quicksort,complete_cohort,117,uncertainty,False,0,0,5,True,True,True,True,44,False,2.909090909090909
supp_p25,app_quicksort,complete_cohort,118,uncertainty,False,0,0,5,True,False,True,True,44,False,1.1818181818181819
supp_p25,app_quicksort,complete_cohort,119,uncertainty,False,0,0,5,False,False,False,True,44,False,0.6363636363636364
supp_p25,app_quicksort,complete_cohort,120,uncertainty,False,0,0,5,True,True,True,True,44,False,1.0454545454545454
supp_p25,app_quicksort,complete_cohort,121,uncertainty,True,1,1,4,True,True,True,True,44,False,2.590909090909091
supp_p25,app_quicksort,complete_cohort,122,uncertainty,False,0,0,5,True,False,True,True,44,False,0.3181818181818182
supp_p25,app_quicksort,complete_cohort,123,uncertainty,False,0,0,5,True,True,True,True,44,False,0.6363636363636364
supp_p25,app_quicksort,complete_cohort,124,uncertainty,False,0,0,5,False,False,False,True,44,False,0.5909090909090909
supp_p25,app_quicksort,complete_cohort,125,uncertainty,False,0,0,5,True,True,True,True,44,False,0.7727272727272727
supp_p25,app_quicksort,complete_cohort,126,uncertainty,False,0,0,5,True,False,True,True,44,False,1.0
supp_p25,app_quicksort,complete_cohort,127,uncertainty,True,1,1,4,True,False,True,True,44,False,0.45454545454545453
supp_p25,app_quicksort,complete_cohort,128,uncertainty,False,0,0,5,False,False,False,True,44,False,0.45454545454545453
supp_p25,app_quicksort,complete_cohort,129,uncertainty,False,0,0,5,False,True,True,True,44,False,1.3181818181818181
supp_p25,app_quicksort,complete_cohort,130,uncertainty,False,0,0,5,False,False,False,True,44,False,0.22727272727272727
supp_p25,app_quicksort,complete_cohort,131,uncertainty,True,1,1,4,True,False,True,True,44,False,0.3181818181818182
supp_p25,app_quicksort,complete_cohort,132,uncertainty,False,0,0,5,True,False,True,True,44,False,0.5454545454545454
supp_p25,app_quicksort,complete_cohort,133,uncertainty,False,0,0,5,False,False,False,True,44,False,0.45454545454545453
supp_p25,app_quicksort,complete_cohort,134,uncertainty,False,0,0,5,False,False,False,True,44,False,0.045454545454545456
supp_p25,app_quicksort,complete_cohort,135,uncertainty,False,0,0,5,True,False,True,True,44,False,0.45454545454545453
supp_p25,app_quicksort,complete_cohort,136,uncertainty,True,1,1,4,True,False,True,True,44,False,1.0909090909090908
supp_p25,app_quicksort,complete_cohort,137,uncertainty,False,0,0,5,True,False,True,True,44,False,0.045454545454545456
supp_p25,app_quicksort,complete_cohort,138,uncertainty,True,1,1,4,True,False,True,True,44,False,0.6818181818181818
supp_p25,app_quicksort,complete_cohort,139,uncertainty,True,1,1,4,True,False,True,True,44,False,0.4090909090909091
supp_p25,app_quicksort,complete_cohort,140,uncertainty,False,0,0,5,False,False,True,True,44,False,0.4090909090909091
supp_p25,app_quicksort,complete_cohort,141,uncertainty,False,0,0,5,False,False,False,True,44,False,0.7727272727272727
supp_p25,app_quicksort,complete_cohort,142,uncertainty,True,1,1,4,True,False,True,True,44,False,1.1818181818181819
supp_p25,app_quicksort,complete_cohort,143,uncertainty,True,1,1,4,True,False,True,True,44,False,0.36363636363636365
supp_p25,app_quicksort,complete_cohort,144,uncertainty,False,0,0,5,True,True,True,True,44,False,1.0454545454545454
supp_p25,app_quicksort,complete_cohort,147,uncertainty,False,0,0,5,False,False,False,True,44,False,0.5
supp_p25,app_quicksort,complete_cohort,148,uncertainty,False,0,0,5,True,False,True,True,44,False,0.4090909090909091
supp_p25,app_quicksort,complete_cohort,149,uncertainty,False,0,0,5,True,False,True,True,44,False,0.5909090909090909
supp_p25,app_quicksort,complete_cohort,150,uncertainty,True,1,1,4,True,False,True,True,44,False,0.5454545454545454
supp_p25,app_quicksort,complete_cohort,151,uncertainty,True,1,1,4,True,False,True,True,44,False,0.45454545454545453
supp_p25,app_quicksort,complete_cohort,152,uncertainty,False,0,0,5,False,False,False,True,44,False,0.045454545454545456
supp_p25,app_quicksort,complete_cohort,153,uncertainty,False,0,0,5,True,False,True,True,44,False,0.6363636363636364
supp_p25,app_quicksort,complete_cohort,154,uncertainty,False,0,0,5,False,False,False,True,44,False,0.4090909090909091
supp_p25,app_quicksort,complete_cohort,155,uncertainty,False,0,0,5,False,False,False,True,44,False,0.5454545454545454
supp_p25,app_quicksort,complete_cohort,156,uncertainty,True,1,1,4,True,False,True,True,44,False,0.45454545454545453
supp_p25,app_quicksort,complete_cohort,157,uncertainty,False,0,0,5,False,False,False,True,44,False,0.4090909090909091
supp_p25,app_quicksort,complete_cohort,158,uncertainty,False,0,0,5,False,False,False,True,44,False,0.3181818181818182
supp_p25,app_quicksort,complete_cohort,159,uncertainty,True,1,1,4,True,False,True,True,44,False,0.5909090909090909
supp_p25,app_quicksort,complete_cohort,160,uncertainty,False,0,0,5,True,False,True,True,44,False,0.36363636363636365
supp_p25,app_quicksort,complete_cohort,161,uncertainty,False,0,0,5,False,False,False,True,44,False,1.0
supp_p25,app_quicksort,complete_cohort,162,uncertainty,True,1,1,4,True,False,True,True,44,False,0.4090909090909091
supp_p25,app_quicksort,complete_cohort,163,uncertainty,True,1,1,4,True,False,True,True,44,False,0.45454545454545453
supp_p25,app_quicksort,complete_cohort,164,uncertainty,False,0,0,5,False,False,False,True,44,False,0.2727272727272727
supp_p25,app_quicksort,complete_cohort,165,uncertainty,False,0,0,5,False,False,True,True,44,False,0.5909090909090909
supp_p25,app_quicksort,complete_cohort,166,uncertainty,True,1,1,4,True,False,True,True,44,False,0.36363636363636365
supp_p25,app_quicksort,complete_cohort,167,uncertainty,False,0,0,5,False,True,True,True,44,False,0.4090909090909091
supp_p25,app_quicksort,complete_cohort,168,uncertainty,False,0,0,5,False,False,False,True,44,False,0.4090909090909091
supp_p25,app_quicksort,complete_cohort,169,uncertainty,True,1,1,4,True,False,True,True,44,False,0.6818181818181818
supp_p25,app_quicksort,complete_cohort,170,uncertainty,False,0,0,5,False,False,False,True,44,False,0.4090909090909091
supp_p25,app_quicksort,complete_cohort,172,uncertainty,False,0,0,5,True,False,True,True,44,False,0.5454545454545454
supp_p25,app_quicksort,complete_cohort,174,uncertainty,True,1,1,4,True,False,True,True,44,False,0.5454545454545454
supp_p25,app_quicksort,complete_cohort,175,uncertainty,True,1,1,4,True,False,True,True,44,False,0.7272727272727273
supp_p25,app_quicksort,complete_cohort,176,uncertainty,False,0,0,5,False,False,False,True,44,False,0.36363636363636365
supp_p25,app_quicksort,complete_cohort,177,uncertainty,False,0,0,5,True,False,True,True,44,False,0.4090909090909091
supp_p25,app_quicksort,complete_cohort,178,uncertainty,False,0,0,5,False,True,True,True,44,False,0.6818181818181818
supp_p25,app_quicksort,complete_cohort,179,uncertainty,True,1,1,4,True,False,True,True,44,False,0.5454545454545454
supp_p25,app_quicksort,complete_cohort,180,uncertainty,True,1,1,4,True,False,True,True,44,False,0.3181818181818182
supp_p25,app_quicksort,complete_cohort,181,uncertainty,False,0,0,5,True,True,True,True,44,False,1.4090909090909092
supp_p25,app_quicksort,complete_cohort,182,uncertainty,False,0,0,5,False,False,False,True,44,False,0.6818181818181818
supp_p25,app_quicksort,complete_cohort,183,uncertainty,False,0,0,5,True,False,True,True,44,False,0.5
supp_p25,app_quicksort,complete_cohort,2,low_score,False,0,0,5,False,False,False,False,5,False,0.0
supp_p25,app_quicksort,complete_cohort,3,low_score,False,0,0,5,False,False,False,False,9,False,0.0
supp_p25,app_quicksort,complete_cohort,4,low_score,False,0,0,5,False,False,True,True,15,False,0.26666666666666666
supp_p25,app_quicksort,complete_cohort,5,low_score,False,0,0,5,False,False,True,True,9,False,0.2222222222222222
supp_p25,app_quicksort,complete_cohort,6,low_score,False,0,0,5,False,False,True,True,7,False,0.2857142857142857
supp_p25,app_quicksort,complete_cohort,7,low_score,False,0,0,5,False,False,True,True,15,False,0.13333333333333333
supp_p25,app_quicksort,complete_cohort,9,low_score,False,0,0,5,False,False,False,False,8,False,0.0
supp_p25,app_quicksort,complete_cohort,11,low_score,False,0,0,5,False,False,True,True,12,False,0.16666666666666666
supp_p25,app_quicksort,complete_cohort,12,low_score,False,0,0,5,False,False,False,False,7,False,0.0
supp_p25,app_quicksort,complete_cohort,13,low_score,False,0,0,5,False,False,True,True,15,False,0.26666666666666666
supp_p25,app_quicksort,complete_cohort,14,low_score,False,0,0,5,False,False,True,True,16,False,0.25
supp_p25,app_quicksort,complete_cohort,15,low_score,False,0,0,5,False,False,True,True,11,False,0.36363636363636365
supp_p25,app_quicksort,complete_cohort,17,low_score,False,0,0,5,False,False,False,False,11,False,0.0
supp_p25,app_quicksort,complete_cohort,19,low_score,False,0,0,5,False,False,False,False,11,False,0.0
supp_p25,app_quicksort,complete_cohort,20,low_score,False,0,0,5,True,False,True,True,6,False,0.3333333333333333
supp_p25,app_quicksort,complete_cohort,21,low_score,False,0,0,5,False,False,False,False,15,False,0.0
supp_p25,app_quicksort,complete_cohort,22,low_score,False,0,0,5,False,False,False,False,16,False,0.0
supp_p25,app_quicksort,complete_cohort,23,low_score,False,0,0,5,False,False,True,True,12,False,0.16666666666666666
supp_p25,app_quicksort,complete_cohort,24,low_score,False,0,0,5,False,False,True,True,9,False,0.2222222222222222
supp_p25,app_quicksort,complete_cohort,25,low_score,False,0,0,5,False,False,True,True,11,False,0.18181818181818182
supp_p25,app_quicksort,complete_cohort,27,low_score,False,0,0,5,False,False,True,True,13,False,0.6153846153846154
supp_p25,app_quicksort,complete_cohort,28,low_score,True,1,1,4,True,False,True,True,10,False,0.2
supp_p25,app_quicksort,complete_cohort,29,low_score,False,0,0,5,False,False,False,False,9,False,0.0
supp_p25,app_quicksort,complete_cohort,30,low_score,False,0,0,5,False,False,False,False,6,False,0.0
supp_p25,app_quicksort,complete_cohort,31,low_score,False,0,0,5,False,False,False,False,10,False,0.0
supp_p25,app_quicksort,complete_cohort,39,low_score,False,0,0,5,False,False,True,True,8,False,0.25
supp_p25,app_quicksort,complete_cohort,40,low_score,False,0,0,5,False,False,False,False,6,False,0.0
supp_p25,app_quicksort,complete_cohort,41,low_score,False,0,0,5,False,False,False,False,9,False,0.0
supp_p25,app_quicksort,complete_cohort,42,low_score,False,0,0,5,False,False,False,False,12,False,0.0
supp_p25,app_quicksort,complete_cohort,43,low_score,False,0,0,5,False,False,True,True,10,False,0.2
supp_p25,app_quicksort,complete_cohort,44,low_score,False,0,0,5,False,False,True,True,7,False,0.2857142857142857
supp_p25,app_quicksort,complete_cohort,45,low_score,False,0,0,5,False,False,False,False,8,False,0.0
supp_p25,app_quicksort,complete_cohort,46,low_score,False,0,0,5,False,False,True,True,12,False,0.3333333333333333
supp_p25,app_quicksort,complete_cohort,47,low_score,False,0,0,5,False,False,False,False,8,False,0.0
supp_p25,app_quicksort,complete_cohort,48,low_score,False,0,0,5,False,False,True,True,14,False,0.2857142857142857
supp_p25,app_quicksort,complete_cohort,50,low_score,False,0,0,5,False,False,False,False,7,False,0.0
supp_p25,app_quicksort,complete_cohort,51,low_score,False,0,0,5,False,False,True,True,17,False,0.47058823529411764
supp_p25,app_quicksort,complete_cohort,52,low_score,False,0,0,5,False,False,False,False,15,False,0.0
supp_p25,app_quicksort,complete_cohort,53,low_score,False,0,0,5,False,False,True,True,17,False,0.23529411764705882
supp_p25,app_quicksort,complete_cohort,54,low_score,False,0,0,5,False,False,False,False,8,False,0.0
supp_p25,app_quicksort,complete_cohort,55,low_score,False,0,0,5,False,False,False,False,9,False,0.0
supp_p25,app_quicksort,complete_cohort,56,low_score,False,0,0,5,False,False,False,False,5,False,0.0
supp_p25,app_quicksort,complete_cohort,58,low_score,False,0,0,5,False,False,True,True,14,False,0.2857142857142857
supp_p25,app_quicksort,complete_cohort,59,low_score,True,1,1,4,True,False,True,True,6,False,0.3333333333333333
supp_p25,app_quicksort,complete_cohort,61,low_score,False,0,0,5,False,False,True,True,9,False,0.2222222222222222
supp_p25,app_quicksort,complete_cohort,62,low_score,False,0,0,5,False,False,False,False,9,False,0.0
supp_p25,app_quicksort,complete_cohort,63,low_score,False,0,0,5,False,False,False,False,6,False,0.0
supp_p25,app_quicksort,complete_cohort,64,low_score,False,0,0,5,False,False,False,False,5,False,0.0
supp_p25,app_quicksort,complete_cohort,66,low_score,True,1,1,4,True,False,True,True,7,False,0.5714285714285714
supp_p25,app_quicksort,complete_cohort,67,low_score,False,0,0,5,False,False,False,False,14,False,0.0
supp_p25,app_quicksort,complete_cohort,68,low_score,False,0,0,5,False,False,True,True,12,False,0.16666666666666666
supp_p25,app_quicksort,complete_cohort,70,low_score,False,0,0,5,False,False,True,True,16,False,0.25
supp_p25,app_quicksort,complete_cohort,71,low_score,False,0,0,5,False,False,False,False,11,False,0.0
supp_p25,app_quicksort,complete_cohort,72,low_score,False,0,0,4,False,False,False,False,4,False,0.0
supp_p25,app_quicksort,complete_cohort,73,low_score,False,0,0,5,False,False,True,True,9,False,0.2222222222222222
supp_p25,app_quicksort,complete_cohort,74,low_score,False,0,0,5,False,False,True,True,15,False,0.13333333333333333
supp_p25,app_quicksort,complete_cohort,76,low_score,False,0,0,5,False,False,False,False,21,False,0.0
supp_p25,app_quicksort,complete_cohort,77,low_score,True,1,1,4,True,False,True,True,12,False,0.8333333333333334
supp_p25,app_quicksort,complete_cohort,78,low_score,False,0,0,5,False,False,True,True,11,False,0.5454545454545454
supp_p25,app_quicksort,complete_cohort,79,low_score,False,0,0,5,False,False,False,False,5,False,0.0
supp_p25,app_quicksort,complete_cohort,80,low_score,False,0,0,5,False,False,True,True,18,False,0.3333333333333333
supp_p25,app_quicksort,complete_cohort,81,low_score,False,0,0,3,False,False,False,False,3,False,0.0
supp_p25,app_quicksort,complete_cohort,82,low_score,False,0,0,5,False,False,False,False,9,False,0.0
supp_p25,app_quicksort,complete_cohort,83,low_score,False,0,0,5,False,False,False,False,5,False,0.0
supp_p25,app_quicksort,complete_cohort,84,low_score,False,0,0,5,False,False,False,False,5,False,0.0
supp_p25,app_quicksort,complete_cohort,85,low_score,False,0,0,5,False,False,False,False,6,False,0.0
supp_p25,app_quicksort,complete_cohort,86,low_score,False,0,0,5,False,False,True,True,17,False,0.11764705882352941
supp_p25,app_quicksort,complete_cohort,87,low_score,False,0,0,5,False,False,True,True,10,False,0.6
supp_p25,app_quicksort,complete_cohort,88,low_score,False,0,0,5,False,False,True,True,10,False,0.6
supp_p25,app_quicksort,complete_cohort,89,low_score,False,0,0,5,False,False,True,True,13,False,0.15384615384615385
supp_p25,app_quicksort,complete_cohort,90,low_score,False,0,0,5,False,False,True,True,19,False,0.42105263157894735
supp_p25,app_quicksort,complete_cohort,91,low_score,False,0,0,5,False,False,True,True,19,False,0.10526315789473684
supp_p25,app_quicksort,complete_cohort,92,low_score,False,0,0,5,False,False,False,False,12,False,0.0
supp_p25,app_quicksort,complete_cohort,93,low_score,False,0,0,5,False,False,False,False,9,False,0.0
supp_p25,app_quicksort,complete_cohort,94,low_score,False,0,0,5,False,False,True,True,13,False,0.6153846153846154
supp_p25,app_quicksort,complete_cohort,95,low_score,False,0,0,5,False,False,True,True,14,False,0.2857142857142857
supp_p25,app_quicksort,complete_cohort,96,low_score,False,0,0,5,False,False,True,True,10,False,0.2
supp_p25,app_quicksort,complete_cohort,97,low_score,False,0,0,5,False,False,True,True,9,False,0.2222222222222222
supp_p25,app_quicksort,complete_cohort,98,low_score,False,0,0,5,False,False,True,True,11,False,0.18181818181818182
supp_p25,app_quicksort,complete_cohort,99,low_score,False,0,0,5,False,False,True,True,8,False,0.25
supp_p25,app_quicksort,complete_cohort,100,low_score,False,0,0,5,False,False,True,True,16,False,0.5
supp_p25,app_quicksort,complete_cohort,101,low_score,False,0,0,5,False,False,True,True,15,False,0.13333333333333333
supp_p25,app_quicksort,complete_cohort,102,low_score,False,0,0,5,False,False,True,True,11,False,0.36363636363636365
supp_p25,app_quicksort,complete_cohort,103,low_score,False,0,0,5,False,False,True,True,11,False,0.18181818181818182
supp_p25,app_quicksort,complete_cohort,104,low_score,False,0,0,5,False,False,True,True,14,False,0.5714285714285714
supp_p25,app_quicksort,complete_cohort,105,low_score,False,0,0,5,False,False,True,True,10,False,0.4
supp_p25,app_quicksort,complete_cohort,106,low_score,False,0,0,5,False,False,False,False,13,False,0.0
supp_p25,app_quicksort,complete_cohort,107,low_score,False,0,0,5,False,False,True,True,12,False,0.16666666666666666
supp_p25,app_quicksort,complete_cohort,108,low_score,False,0,0,5,False,False,True,True,12,False,0.3333333333333333
supp_p25,app_quicksort,complete_cohort,109,low_score,False,0,0,5,False,False,False,False,11,False,0.0
supp_p25,app_quicksort,complete_cohort,110,low_score,False,0,0,5,False,False,True,True,9,False,0.2222222222222222
supp_p25,app_quicksort,complete_cohort,111,low_score,False,0,0,5,False,False,True,True,9,False,0.2222222222222222
supp_p25,app_quicksort,complete_cohort,112,low_score,False,0,0,5,False,False,True,True,11,False,0.36363636363636365
supp_p25,app_quicksort,complete_cohort,113,low_score,False,0,0,5,False,False,True,True,11,False,0.18181818181818182
supp_p25,app_quicksort,complete_cohort,114,low_score,False,0,0,5,False,False,True,True,13,False,0.46153846153846156
supp_p25,app_quicksort,complete_cohort,115,low_score,False,0,0,5,False,False,True,True,10,False,0.2
supp_p25,app_quicksort,complete_cohort,116,low_score,False,0,0,5,False,False,True,True,10,False,0.4
supp_p25,app_quicksort,complete_cohort,117,low_score,False,0,0,5,False,False,True,True,11,False,0.36363636363636365
supp_p25,app_quicksort,complete_cohort,118,low_score,False,0,0,5,False,False,True,True,17,False,0.9411764705882353
supp_p25,app_quicksort,complete_cohort,119,low_score,False,0,0,5,False,False,False,False,9,False,0.0
supp_p25,app_quicksort,complete_cohort,120,low_score,False,0,0,5,False,False,True,True,10,False,0.4
supp_p25,app_quicksort,complete_cohort,121,low_score,False,0,0,5,False,False,True,True,12,False,0.3333333333333333
supp_p25,app_quicksort,complete_cohort,122,low_score,False,0,0,5,False,False,True,True,17,False,0.23529411764705882
supp_p25,app_quicksort,complete_cohort,123,low_score,False,0,0,5,False,False,True,True,11,False,0.18181818181818182
supp_p25,app_quicksort,complete_cohort,124,low_score,False,0,0,5,False,False,False,False,8,False,0.0
supp_p25,app_quicksort,complete_cohort,125,low_score,False,0,0,5,False,False,True,True,13,False,0.3076923076923077
supp_p25,app_quicksort,complete_cohort,126,low_score,False,0,0,5,False,False,True,True,16,False,0.125
supp_p25,app_quicksort,complete_cohort,127,low_score,False,0,0,5,False,False,True,True,15,False,0.5333333333333333
supp_p25,app_quicksort,complete_cohort,128,low_score,False,0,0,5,False,False,False,False,13,False,0.0
supp_p25,app_quicksort,complete_cohort,129,low_score,False,0,0,5,False,False,False,False,7,False,0.0
supp_p25,app_quicksort,complete_cohort,130,low_score,False,0,0,5,False,False,False,False,15,False,0.0
supp_p25,app_quicksort,complete_cohort,131,low_score,False,0,0,5,False,False,True,True,18,False,0.3333333333333333
supp_p25,app_quicksort,complete_cohort,132,low_score,False,0,0,5,False,False,True,True,11,False,0.18181818181818182
supp_p25,app_quicksort,complete_cohort,133,low_score,False,0,0,5,False,False,False,False,5,False,0.0
supp_p25,app_quicksort,complete_cohort,134,low_score,False,0,0,5,False,False,False,False,15,False,0.0
supp_p25,app_quicksort,complete_cohort,135,low_score,False,0,0,5,False,False,True,True,13,False,0.15384615384615385
supp_p25,app_quicksort,complete_cohort,136,low_score,False,0,0,5,False,False,True,True,15,False,0.4
supp_p25,app_quicksort,complete_cohort,137,low_score,False,0,0,5,False,False,True,True,15,False,0.13333333333333333
supp_p25,app_quicksort,complete_cohort,138,low_score,False,0,0,5,False,False,True,True,14,False,0.7142857142857143
supp_p25,app_quicksort,complete_cohort,139,low_score,False,0,0,5,False,False,True,True,14,False,0.5714285714285714
supp_p25,app_quicksort,complete_cohort,140,low_score,False,0,0,5,False,False,True,True,17,False,0.23529411764705882
supp_p25,app_quicksort,complete_cohort,141,low_score,False,0,0,5,False,False,False,False,16,False,0.0
supp_p25,app_quicksort,complete_cohort,142,low_score,False,0,0,5,False,False,True,True,17,False,0.35294117647058826
supp_p25,app_quicksort,complete_cohort,143,low_score,False,0,0,5,False,False,True,True,17,False,0.35294117647058826
supp_p25,app_quicksort,complete_cohort,144,low_score,False,0,0,5,False,False,True,True,8,False,0.25
supp_p25,app_quicksort,complete_cohort,147,low_score,False,0,0,5,False,False,False,False,14,False,0.0
supp_p25,app_quicksort,complete_cohort,148,low_score,False,0,0,5,False,False,True,True,15,False,0.4
supp_p25,app_quicksort,complete_cohort,149,low_score,False,0,0,5,False,False,True,True,12,False,0.3333333333333333
supp_p25,app_quicksort,complete_cohort,150,low_score,False,0,0,5,False,False,True,True,15,False,0.6666666666666666
supp_p25,app_quicksort,complete_cohort,151,low_score,False,0,0,5,False,False,True,True,16,False,0.5
supp_p25,app_quicksort,complete_cohort,152,low_score,False,0,0,5,False,False,False,False,17,False,0.0
supp_p25,app_quicksort,complete_cohort,153,low_score,False,0,0,5,False,False,True,True,14,False,0.42857142857142855
supp_p25,app_quicksort,complete_cohort,154,low_score,False,0,0,5,False,False,False,False,8,False,0.0
supp_p25,app_quicksort,complete_cohort,155,low_score,False,0,0,5,False,False,False,False,10,False,0.0
supp_p25,app_quicksort,complete_cohort,156,low_score,False,0,0,5,False,False,True,True,16,False,0.5
supp_p25,app_quicksort,complete_cohort,157,low_score,False,0,0,5,False,False,False,False,9,False,0.0
supp_p25,app_quicksort,complete_cohort,158,low_score,False,0,0,5,False,False,False,False,12,False,0.0
supp_p25,app_quicksort,complete_cohort,159,low_score,False,0,0,5,False,False,True,True,13,False,0.46153846153846156
supp_p25,app_quicksort,complete_cohort,160,low_score,False,0,0,5,False,False,True,True,14,False,0.14285714285714285
supp_p25,app_quicksort,complete_cohort,161,low_score,False,0,0,5,False,False,False,False,15,False,0.0
supp_p25,app_quicksort,complete_cohort,162,low_score,False,0,0,5,False,False,True,True,20,False,0.4
supp_p25,app_quicksort,complete_cohort,163,low_score,False,0,0,5,False,False,True,True,18,False,0.5555555555555556
supp_p25,app_quicksort,complete_cohort,164,low_score,False,0,0,5,False,False,False,False,13,False,0.0
supp_p25,app_quicksort,complete_cohort,165,low_score,True,1,1,4,True,False,True,True,16,False,0.625
supp_p25,app_quicksort,complete_cohort,166,low_score,False,0,0,5,False,False,True,True,18,False,0.2222222222222222
supp_p25,app_quicksort,complete_cohort,167,low_score,False,0,0,5,False,False,False,False,12,False,0.0
supp_p25,app_quicksort,complete_cohort,168,low_score,False,0,0,5,False,False,False,False,8,False,0.0
supp_p25,app_quicksort,complete_cohort,169,low_score,True,1,1,4,True,False,True,True,13,False,0.7692307692307693
supp_p25,app_quicksort,complete_cohort,170,low_score,False,0,0,5,False,False,False,False,12,False,0.0
supp_p25,app_quicksort,complete_cohort,172,low_score,False,0,0,5,False,False,True,True,12,False,0.3333333333333333
supp_p25,app_quicksort,complete_cohort,174,low_score,False,0,0,5,False,False,True,True,15,False,0.6666666666666666
supp_p25,app_quicksort,complete_cohort,175,low_score,False,0,0,5,False,False,True,True,14,False,0.2857142857142857
supp_p25,app_quicksort,complete_cohort,176,low_score,False,0,0,5,False,False,False,False,11,False,0.0
supp_p25,app_quicksort,complete_cohort,177,low_score,False,0,0,5,False,False,True,True,12,False,0.16666666666666666
supp_p25,app_quicksort,complete_cohort,178,low_score,False,0,0,5,False,False,False,False,10,False,0.0
supp_p25,app_quicksort,complete_cohort,179,low_score,False,0,0,5,False,False,True,True,18,False,0.4444444444444444
supp_p25,app_quicksort,complete_cohort,180,low_score,False,0,0,5,False,False,True,True,17,False,0.47058823529411764
supp_p25,app_quicksort,complete_cohort,181,low_score,False,0,0,5,False,False,True,True,11,False,0.18181818181818182
supp_p25,app_quicksort,complete_cohort,182,low_score,False,0,0,5,False,False,False,False,9,False,0.0
supp_p25,app_quicksort,complete_cohort,183,low_score,False,0,0,5,False,False,True,True,15,False,0.4
