scenario,population,patient_id,panel,top_five_membership_changed,removed,added,retained,top_five_order_changed,displayed_membership_changed,displayed_order_changed,full_order_changed,common_eligible_features,eligible_membership_changed,mean_absolute_full_rank_change
original,demonstration,1,uncertainty,False,0,0,5,False,True,True,True,44,False,2.8636363636363638
original,demonstration,2,uncertainty,False,0,0,5,False,True,True,True,44,False,2.8636363636363638
original,demonstration,3,uncertainty,False,0,0,5,False,True,True,True,44,False,1.2727272727272727
original,demonstration,4,uncertainty,False,0,0,5,False,True,True,True,44,False,2.8636363636363638
original,demonstration,5,uncertainty,False,0,0,5,False,True,True,True,44,False,2.8636363636363638
original,demonstration,6,uncertainty,False,0,0,5,False,True,True,True,44,False,1.7272727272727273
original,demonstration,7,uncertainty,False,0,0,5,False,True,True,True,44,False,1.1363636363636365
original,demonstration,8,uncertainty,False,0,0,5,False,True,True,True,44,False,0.8181818181818182
original,demonstration,9,uncertainty,False,0,0,5,False,True,True,True,44,False,2.909090909090909
original,demonstration,10,uncertainty,False,0,0,5,False,True,True,True,44,False,2.8636363636363638
original,demonstration,1,low_score,False,0,0,5,False,False,False,False,5,False,0.0
original,demonstration,2,low_score,False,0,0,5,False,False,False,False,9,False,0.0
original,demonstration,3,low_score,False,0,0,5,False,False,False,False,15,False,0.0
original,demonstration,4,low_score,False,0,0,5,False,False,False,False,7,False,0.0
original,demonstration,5,low_score,False,0,0,5,False,False,False,False,8,False,0.0
original,demonstration,6,low_score,False,0,0,5,False,False,False,False,10,False,0.0
original,demonstration,7,low_score,False,0,0,5,False,False,False,False,17,False,0.0
original,demonstration,8,low_score,False,0,0,5,False,False,False,False,19,False,0.0
original,demonstration,9,low_score,False,0,0,5,False,False,False,False,5,False,0.0
original,demonstration,10,low_score,False,0,0,5,False,False,False,False,12,False,0.0
original,reference,159,uncertainty,False,0,0,5,False,True,True,True,44,False,2.772727272727273
original,reference,42,uncertainty,False,0,0,5,False,True,True,True,44,False,2.8181818181818183
original,reference,64,uncertainty,False,0,0,5,False,True,True,True,44,False,2.909090909090909
original,reference,12,uncertainty,False,0,0,5,False,True,True,True,44,False,2.8636363636363638
original,reference,160,uncertainty,False,0,0,5,False,True,True,True,44,False,2.4545454545454546
original,reference,155,uncertainty,False,0,0,5,False,True,True,True,44,False,2.8636363636363638
original,reference,11,uncertainty,False,0,0,5,False,True,True,True,44,False,1.3636363636363635
original,reference,124,uncertainty,False,0,0,5,False,True,True,True,44,False,2.5454545454545454
original,reference,169,uncertainty,False,0,0,5,False,True,True,True,44,False,2.5454545454545454
original,reference,106,uncertainty,False,0,0,5,False,True,True,True,44,False,2.8181818181818183
original,reference,157,uncertainty,False,0,0,5,False,True,True,True,44,False,2.090909090909091
original,reference,126,uncertainty,False,0,0,5,False,True,True,True,44,False,2.5454545454545454
original,reference,55,uncertainty,False,0,0,5,False,True,True,True,44,False,2.5454545454545454
original,reference,113,uncertainty,False,0,0,5,False,True,True,True,44,False,2.8636363636363638
original,reference,158,uncertainty,False,0,0,5,False,True,True,True,44,False,2.909090909090909
original,reference,165,uncertainty,False,0,0,5,False,True,True,True,44,False,2.3181818181818183
original,reference,178,uncertainty,False,0,0,5,False,True,True,True,44,False,2.8636363636363638
original,reference,133,uncertainty,False,0,0,5,False,True,True,True,44,False,2.909090909090909
original,reference,78,uncertainty,False,0,0,5,False,True,True,True,44,False,2.8181818181818183
original,reference,70,uncertainty,False,0,0,5,False,True,True,True,44,False,2.409090909090909
original,reference,176,uncertainty,False,0,0,5,False,True,True,True,44,False,2.5454545454545454
original,reference,17,uncertainty,False,0,0,5,False,True,True,True,44,False,2.5454545454545454
original,reference,136,uncertainty,False,0,0,5,False,True,True,True,44,False,2.272727272727273
original,reference,76,uncertainty,False,0,0,5,False,False,False,True,44,False,0.9090909090909091
original,reference,82,uncertainty,False,0,0,5,True,True,True,True,44,False,1.9545454545454546
original,reference,114,uncertainty,False,0,0,5,False,True,True,True,44,False,2.772727272727273
original,reference,168,uncertainty,False,0,0,5,False,True,True,True,44,False,2.5454545454545454
original,reference,28,uncertainty,False,0,0,5,False,True,True,True,44,False,2.8636363636363638
original,reference,39,uncertainty,False,0,0,5,False,True,True,True,44,False,2.5454545454545454
original,reference,50,uncertainty,False,0,0,5,False,True,True,True,44,False,2.8636363636363638
original,reference,61,uncertainty,False,0,0,5,False,True,True,True,44,False,2.8636363636363638
original,reference,100,uncertainty,False,0,0,5,False,True,True,True,44,False,2.1818181818181817
original,reference,130,uncertainty,False,0,0,5,False,True,True,True,44,False,2.727272727272727
original,reference,141,uncertainty,False,0,0,5,False,True,True,True,44,False,2.3636363636363638
original,reference,53,uncertainty,False,0,0,5,False,True,True,True,44,False,1.3636363636363635
original,reference,73,uncertainty,False,0,0,5,False,True,True,True,44,False,2.4545454545454546
original,reference,9,uncertainty,False,0,0,5,False,True,True,True,44,False,2.8636363636363638
original,reference,6,uncertainty,False,0,0,5,False,True,True,True,44,False,2.909090909090909
original,reference,31,uncertainty,False,0,0,5,False,True,True,True,44,False,2.8636363636363638
original,reference,94,uncertainty,False,0,0,5,False,True,True,True,44,False,2.772727272727273
original,reference,58,uncertainty,False,0,0,5,False,True,True,True,44,False,2.8181818181818183
original,reference,177,uncertainty,False,0,0,5,False,True,True,True,44,False,2.8636363636363638
original,reference,48,uncertainty,False,0,0,5,False,True,True,True,44,False,2.5454545454545454
original,reference,164,uncertainty,False,0,0,5,False,True,True,True,44,False,2.1818181818181817
original,reference,67,uncertainty,False,0,0,5,False,True,True,True,44,False,2.8181818181818183
original,reference,118,uncertainty,False,0,0,5,False,True,True,True,44,False,1.3636363636363635
original,reference,79,uncertainty,False,0,0,5,False,False,True,True,44,False,2.5454545454545454
original,reference,122,uncertainty,False,0,0,5,False,True,True,True,44,False,2.3636363636363638
original,reference,54,uncertainty,False,0,0,5,False,True,True,True,44,False,2.909090909090909
original,reference,151,uncertainty,False,0,0,5,False,True,True,True,44,False,1.4545454545454546
original,reference,103,uncertainty,False,0,0,5,False,True,True,True,44,False,2.8636363636363638
original,reference,137,uncertainty,False,0,0,5,False,True,True,True,44,False,2.590909090909091
original,reference,132,uncertainty,False,0,0,5,False,True,True,True,44,False,2.5454545454545454
original,reference,143,uncertainty,False,0,0,5,False,True,True,True,44,False,1.0
original,reference,107,uncertainty,False,0,0,5,False,True,True,True,44,False,2.8636363636363638
original,reference,119,uncertainty,False,0,0,5,False,True,True,True,44,False,1.4545454545454546
original,reference,109,uncertainty,False,0,0,5,False,True,True,True,44,False,1.8181818181818181
original,reference,84,uncertainty,False,0,0,5,False,False,True,True,44,False,2.5454545454545454
original,reference,135,uncertainty,False,0,0,5,False,True,True,True,44,False,2.4545454545454546
original,reference,125,uncertainty,False,0,0,5,False,True,True,True,44,False,2.772727272727273
original,reference,161,uncertainty,False,0,0,5,False,True,True,True,44,False,2.6363636363636362
original,reference,4,uncertainty,False,0,0,5,False,True,True,True,44,False,2.3636363636363638
original,reference,72,uncertainty,True,1,1,4,True,False,True,True,44,False,2.090909090909091
original,reference,68,uncertainty,False,0,0,5,False,True,True,True,44,False,2.8636363636363638
original,reference,175,uncertainty,False,0,0,5,False,True,True,True,44,False,2.3636363636363638
original,reference,182,uncertainty,False,0,0,5,False,True,True,True,44,False,2.227272727272727
original,reference,134,uncertainty,False,0,0,5,False,True,True,True,44,False,2.590909090909091
original,reference,105,uncertainty,False,0,0,5,False,True,True,True,44,False,2.5
original,reference,43,uncertainty,False,0,0,5,False,True,True,True,44,False,2.8636363636363638
original,reference,139,uncertainty,False,0,0,5,False,True,True,True,44,False,2.727272727272727
original,reference,3,uncertainty,False,0,0,5,False,True,True,True,44,False,1.2272727272727273
original,reference,62,uncertainty,False,0,0,5,False,True,True,True,44,False,2.909090909090909
original,reference,5,uncertainty,False,0,0,5,False,True,True,True,44,False,2.8636363636363638
original,reference,66,uncertainty,False,0,0,5,False,True,True,True,44,False,2.909090909090909
original,reference,180,uncertainty,False,0,0,5,False,True,True,True,44,False,2.1363636363636362
original,reference,30,uncertainty,False,0,0,5,False,True,True,True,44,False,2.909090909090909
original,reference,149,uncertainty,False,0,0,5,False,True,True,True,44,False,2.1818181818181817
original,reference,110,uncertainty,False,0,0,5,False,True,True,True,44,False,2.909090909090909
original,reference,13,uncertainty,False,0,0,5,False,True,True,True,44,False,2.5454545454545454
original,reference,7,uncertainty,False,0,0,5,False,True,True,True,44,False,1.2727272727272727
original,reference,87,uncertainty,False,0,0,5,False,True,True,True,44,False,1.7272727272727273
original,reference,150,uncertainty,False,0,0,5,False,True,True,True,44,False,2.590909090909091
original,reference,179,uncertainty,False,0,0,5,False,True,True,True,44,False,1.6363636363636365
original,reference,181,uncertainty,False,0,0,5,False,True,True,True,44,False,2.8636363636363638
original,reference,148,uncertainty,False,0,0,5,False,True,True,True,44,False,2.6818181818181817
original,reference,162,uncertainty,False,0,0,5,False,False,False,True,44,False,1.8181818181818181
original,reference,102,uncertainty,False,0,0,5,False,True,True,True,44,False,2.1818181818181817
original,reference,56,uncertainty,False,0,0,5,False,True,True,True,44,False,2.909090909090909
original,reference,19,uncertainty,False,0,0,5,False,True,True,True,44,False,2.5454545454545454
original,reference,112,uncertainty,False,0,0,5,False,True,True,True,44,False,2.1818181818181817
original,reference,40,uncertainty,False,0,0,5,False,True,True,True,44,False,2.5454545454545454
original,reference,22,uncertainty,False,0,0,5,False,True,True,True,44,False,1.0909090909090908
original,reference,88,uncertainty,False,0,0,5,False,True,True,True,44,False,2.8636363636363638
original,reference,167,uncertainty,False,0,0,5,False,True,True,True,44,False,2.8636363636363638
original,reference,183,uncertainty,False,0,0,5,False,True,True,True,44,False,2.090909090909091
original,reference,24,uncertainty,False,0,0,5,False,True,True,True,44,False,2.8636363636363638
original,reference,128,uncertainty,False,0,0,5,False,True,True,True,44,False,2.727272727272727
original,reference,120,uncertainty,False,0,0,5,False,True,True,True,44,False,2.8636363636363638
original,reference,45,uncertainty,False,0,0,5,False,True,True,True,44,False,2.8636363636363638
original,reference,86,uncertainty,False,0,0,5,False,True,True,True,44,False,1.1363636363636365
original,reference,156,uncertainty,False,0,0,5,False,True,True,True,44,False,2.3636363636363638
original,reference,98,uncertainty,False,0,0,5,False,True,True,True,44,False,2.909090909090909
original,reference,92,uncertainty,False,0,0,5,False,True,True,True,44,False,2.8636363636363638
original,reference,95,uncertainty,False,0,0,5,False,True,True,True,44,False,2.8181818181818183
original,reference,101,uncertainty,False,0,0,5,False,True,True,True,44,False,2.772727272727273
original,reference,47,uncertainty,False,0,0,5,False,True,True,True,44,False,2.5454545454545454
original,reference,25,uncertainty,False,0,0,5,False,True,True,True,44,False,1.6363636363636365
original,reference,121,uncertainty,False,0,0,5,False,True,True,True,44,False,1.2727272727272727
original,reference,41,uncertainty,False,0,0,5,False,True,True,True,44,False,2.8636363636363638
original,reference,99,uncertainty,False,0,0,5,False,True,True,True,44,False,2.909090909090909
original,reference,27,uncertainty,False,0,0,5,False,True,True,True,44,False,2.772727272727273
original,reference,140,uncertainty,False,0,0,5,False,True,True,True,44,False,2.1363636363636362
original,reference,81,uncertainty,True,2,2,3,True,False,True,True,44,False,2.5454545454545454
original,reference,144,uncertainty,False,0,0,5,False,True,True,True,44,False,2.8636363636363638
original,reference,108,uncertainty,False,0,0,5,False,True,True,True,44,False,2.0454545454545454
original,reference,85,uncertainty,False,0,0,5,False,True,True,True,44,False,2.909090909090909
original,reference,152,uncertainty,False,0,0,5,False,True,True,True,44,False,2.227272727272727
original,reference,15,uncertainty,False,0,0,5,False,True,True,True,44,False,2.5
original,reference,89,uncertainty,False,0,0,5,False,True,True,True,44,False,2.8636363636363638
original,reference,116,uncertainty,False,0,0,5,False,True,True,True,44,False,2.8636363636363638
original,reference,138,uncertainty,False,0,0,5,False,True,True,True,44,False,2.090909090909091
original,reference,154,uncertainty,False,0,0,5,False,True,True,True,44,False,2.5454545454545454
original,reference,104,uncertainty,False,0,0,5,False,True,True,True,44,False,2.5
original,reference,131,uncertainty,False,0,0,5,False,True,True,True,44,False,2.5
original,reference,129,uncertainty,False,0,0,5,False,True,True,True,44,False,2.909090909090909
original,reference,96,uncertainty,False,0,0,5,False,True,True,True,44,False,2.8181818181818183
original,reference,44,uncertainty,False,0,0,5,False,True,True,True,44,False,2.909090909090909
original,reference,46,uncertainty,False,0,0,5,False,True,True,True,44,False,1.2272727272727273
original,reference,159,low_score,False,0,0,5,False,False,False,False,13,False,0.0
original,reference,42,low_score,False,0,0,5,False,False,False,False,12,False,0.0
original,reference,64,low_score,False,0,0,5,False,False,False,False,5,False,0.0
original,reference,12,low_score,False,0,0,5,False,False,False,False,7,False,0.0
original,reference,160,low_score,False,0,0,5,False,False,False,False,14,False,0.0
original,reference,155,low_score,False,0,0,5,False,False,False,False,10,False,0.0
original,reference,11,low_score,False,0,0,5,False,False,False,False,12,False,0.0
original,reference,124,low_score,False,0,0,5,False,False,False,False,8,False,0.0
original,reference,169,low_score,False,0,0,5,False,False,False,False,13,False,0.0
original,reference,106,low_score,False,0,0,5,False,False,False,False,13,False,0.0
original,reference,157,low_score,False,0,0,5,False,False,False,False,9,False,0.0
original,reference,126,low_score,False,0,0,5,False,False,False,False,16,False,0.0
original,reference,55,low_score,False,0,0,5,False,False,False,False,9,False,0.0
original,reference,113,low_score,False,0,0,5,False,False,False,False,11,False,0.0
original,reference,158,low_score,False,0,0,5,False,False,False,False,12,False,0.0
original,reference,165,low_score,False,0,0,5,False,False,False,False,16,False,0.0
original,reference,178,low_score,False,0,0,5,False,False,False,False,10,False,0.0
original,reference,133,low_score,False,0,0,5,False,False,False,False,5,False,0.0
original,reference,78,low_score,False,0,0,5,False,False,False,False,11,False,0.0
original,reference,70,low_score,False,0,0,5,False,False,False,False,16,False,0.0
original,reference,176,low_score,False,0,0,5,False,False,False,False,11,False,0.0
original,reference,17,low_score,False,0,0,5,False,False,False,False,11,False,0.0
original,reference,136,low_score,False,0,0,5,False,False,False,False,15,False,0.0
original,reference,76,low_score,False,0,0,5,False,False,False,False,21,False,0.0
original,reference,82,low_score,False,0,0,5,False,False,False,False,9,False,0.0
original,reference,114,low_score,False,0,0,5,False,False,False,False,13,False,0.0
original,reference,168,low_score,False,0,0,5,False,False,False,False,8,False,0.0
original,reference,28,low_score,False,0,0,5,False,False,False,False,10,False,0.0
original,reference,39,low_score,False,0,0,5,False,False,False,False,8,False,0.0
original,reference,50,low_score,False,0,0,5,False,False,False,False,7,False,0.0
original,reference,61,low_score,False,0,0,5,False,False,False,False,9,False,0.0
original,reference,100,low_score,False,0,0,5,False,False,False,False,16,False,0.0
original,reference,130,low_score,False,0,0,5,False,False,False,False,15,False,0.0
original,reference,141,low_score,False,0,0,5,False,False,False,False,16,False,0.0
original,reference,53,low_score,False,0,0,5,False,False,False,False,17,False,0.0
original,reference,73,low_score,False,0,0,5,False,False,False,False,9,False,0.0
original,reference,9,low_score,False,0,0,5,False,False,False,False,8,False,0.0
original,reference,6,low_score,False,0,0,5,False,False,False,False,7,False,0.0
original,reference,31,low_score,False,0,0,5,False,False,False,False,10,False,0.0
original,reference,94,low_score,False,0,0,5,False,False,False,False,13,False,0.0
original,reference,58,low_score,False,0,0,5,False,False,False,False,14,False,0.0
original,reference,177,low_score,False,0,0,5,False,False,False,False,12,False,0.0
original,reference,48,low_score,False,0,0,5,False,False,False,False,14,False,0.0
original,reference,164,low_score,False,0,0,5,False,False,False,False,13,False,0.0
original,reference,67,low_score,False,0,0,5,False,False,False,False,14,False,0.0
original,reference,118,low_score,False,0,0,5,False,False,False,False,17,False,0.0
original,reference,79,low_score,False,0,0,5,False,False,False,False,5,False,0.0
original,reference,122,low_score,False,0,0,5,False,False,False,False,17,False,0.0
original,reference,54,low_score,False,0,0,5,False,False,False,False,8,False,0.0
original,reference,151,low_score,False,0,0,5,False,False,False,False,16,False,0.0
original,reference,103,low_score,False,0,0,5,False,False,False,False,11,False,0.0
original,reference,137,low_score,False,0,0,5,False,False,False,False,15,False,0.0
original,reference,132,low_score,False,0,0,5,False,False,False,False,11,False,0.0
original,reference,143,low_score,False,0,0,5,False,False,False,False,17,False,0.0
original,reference,107,low_score,False,0,0,5,False,False,False,False,12,False,0.0
original,reference,119,low_score,False,0,0,5,False,False,False,False,9,False,0.0
original,reference,109,low_score,False,0,0,5,False,False,False,False,11,False,0.0
original,reference,84,low_score,False,0,0,5,False,False,False,False,5,False,0.0
original,reference,135,low_score,False,0,0,5,False,False,False,False,13,False,0.0
original,reference,125,low_score,False,0,0,5,False,False,False,False,13,False,0.0
original,reference,161,low_score,False,0,0,5,False,False,False,False,15,False,0.0
original,reference,4,low_score,False,0,0,5,False,False,False,False,15,False,0.0
original,reference,72,low_score,False,0,0,4,False,False,False,False,4,False,0.0
original,reference,68,low_score,False,0,0,5,False,False,False,False,12,False,0.0
original,reference,175,low_score,False,0,0,5,False,False,False,False,14,False,0.0
original,reference,182,low_score,False,0,0,5,False,False,False,False,9,False,0.0
original,reference,134,low_score,False,0,0,5,False,False,False,False,15,False,0.0
original,reference,105,low_score,False,0,0,5,False,False,False,False,10,False,0.0
original,reference,43,low_score,False,0,0,5,False,False,False,False,10,False,0.0
original,reference,139,low_score,False,0,0,5,False,False,False,False,14,False,0.0
original,reference,3,low_score,False,0,0,5,False,False,False,False,9,False,0.0
original,reference,62,low_score,False,0,0,5,False,False,False,False,9,False,0.0
original,reference,5,low_score,False,0,0,5,False,False,False,False,9,False,0.0
original,reference,66,low_score,False,0,0,5,False,False,False,False,7,False,0.0
original,reference,180,low_score,False,0,0,5,False,False,False,False,17,False,0.0
original,reference,30,low_score,False,0,0,5,False,False,False,False,6,False,0.0
original,reference,149,low_score,False,0,0,5,False,False,False,False,12,False,0.0
original,reference,110,low_score,False,0,0,5,False,False,False,False,9,False,0.0
original,reference,13,low_score,False,0,0,5,False,False,False,False,15,False,0.0
original,reference,7,low_score,False,0,0,5,False,False,False,False,15,False,0.0
original,reference,87,low_score,False,0,0,5,False,False,False,False,10,False,0.0
original,reference,150,low_score,False,0,0,5,False,False,False,False,15,False,0.0
original,reference,179,low_score,False,0,0,5,False,False,False,False,18,False,0.0
original,reference,181,low_score,False,0,0,5,False,False,False,False,11,False,0.0
original,reference,148,low_score,False,0,0,5,False,False,False,False,15,False,0.0
original,reference,162,low_score,False,0,0,5,False,False,False,False,20,False,0.0
original,reference,102,low_score,False,0,0,5,False,False,False,False,11,False,0.0
original,reference,56,low_score,False,0,0,5,False,False,False,False,5,False,0.0
original,reference,19,low_score,False,0,0,5,False,False,False,False,11,False,0.0
original,reference,112,low_score,False,0,0,5,False,False,False,False,11,False,0.0
original,reference,40,low_score,False,0,0,5,False,False,False,False,6,False,0.0
original,reference,22,low_score,False,0,0,5,False,False,False,False,16,False,0.0
original,reference,88,low_score,False,0,0,5,False,False,False,False,10,False,0.0
original,reference,167,low_score,False,0,0,5,False,False,False,False,12,False,0.0
original,reference,183,low_score,False,0,0,5,False,False,False,False,15,False,0.0
original,reference,24,low_score,False,0,0,5,False,False,False,False,9,False,0.0
original,reference,128,low_score,False,0,0,5,False,False,False,False,13,False,0.0
original,reference,120,low_score,False,0,0,5,False,False,False,False,10,False,0.0
original,reference,45,low_score,False,0,0,5,False,False,False,False,8,False,0.0
original,reference,86,low_score,False,0,0,5,False,False,False,False,17,False,0.0
original,reference,156,low_score,False,0,0,5,False,False,False,False,16,False,0.0
original,reference,98,low_score,False,0,0,5,False,False,False,False,11,False,0.0
original,reference,92,low_score,False,0,0,5,False,False,False,False,12,False,0.0
original,reference,95,low_score,False,0,0,5,False,False,False,False,14,False,0.0
original,reference,101,low_score,False,0,0,5,False,False,False,False,15,False,0.0
original,reference,47,low_score,False,0,0,5,False,False,False,False,8,False,0.0
original,reference,25,low_score,False,0,0,5,False,False,False,False,11,False,0.0
original,reference,121,low_score,False,0,0,5,False,False,False,False,12,False,0.0
original,reference,41,low_score,False,0,0,5,False,False,False,False,9,False,0.0
original,reference,99,low_score,False,0,0,5,False,False,False,False,8,False,0.0
original,reference,27,low_score,False,0,0,5,False,False,False,False,13,False,0.0
original,reference,140,low_score,False,0,0,5,False,False,False,False,17,False,0.0
original,reference,81,low_score,False,0,0,3,False,False,False,False,3,False,0.0
original,reference,144,low_score,False,0,0,5,False,False,False,False,8,False,0.0
original,reference,108,low_score,False,0,0,5,False,False,False,False,12,False,0.0
original,reference,85,low_score,False,0,0,5,False,False,False,False,6,False,0.0
original,reference,152,low_score,False,0,0,5,False,False,False,False,17,False,0.0
original,reference,15,low_score,False,0,0,5,False,False,False,False,11,False,0.0
original,reference,89,low_score,False,0,0,5,False,False,False,False,13,False,0.0
original,reference,116,low_score,False,0,0,5,False,False,False,False,10,False,0.0
original,reference,138,low_score,False,0,0,5,False,False,False,False,14,False,0.0
original,reference,154,low_score,False,0,0,5,False,False,False,False,8,False,0.0
original,reference,104,low_score,False,0,0,5,False,False,False,False,14,False,0.0
original,reference,131,low_score,False,0,0,5,False,False,False,False,18,False,0.0
original,reference,129,low_score,False,0,0,5,False,False,False,False,7,False,0.0
original,reference,96,low_score,False,0,0,5,False,False,False,False,10,False,0.0
original,reference,44,low_score,False,0,0,5,False,False,False,False,7,False,0.0
original,reference,46,low_score,False,0,0,5,False,False,False,False,12,False,0.0
original,complete_cohort,2,uncertainty,False,0,0,5,False,True,True,True,44,False,2.8636363636363638
original,complete_cohort,3,uncertainty,False,0,0,5,False,True,True,True,44,False,1.2272727272727273
original,complete_cohort,4,uncertainty,False,0,0,5,False,True,True,True,44,False,2.3636363636363638
original,complete_cohort,5,uncertainty,False,0,0,5,False,True,True,True,44,False,2.8636363636363638
original,complete_cohort,6,uncertainty,False,0,0,5,False,True,True,True,44,False,2.909090909090909
original,complete_cohort,7,uncertainty,False,0,0,5,False,True,True,True,44,False,1.2727272727272727
original,complete_cohort,9,uncertainty,False,0,0,5,False,True,True,True,44,False,2.8636363636363638
original,complete_cohort,11,uncertainty,False,0,0,5,False,True,True,True,44,False,1.3636363636363635
original,complete_cohort,12,uncertainty,False,0,0,5,False,True,True,True,44,False,2.8636363636363638
original,complete_cohort,13,uncertainty,False,0,0,5,False,True,True,True,44,False,2.5454545454545454
original,complete_cohort,14,uncertainty,False,0,0,5,False,True,True,True,44,False,1.1818181818181819
original,complete_cohort,15,uncertainty,False,0,0,5,False,True,True,True,44,False,2.5
original,complete_cohort,17,uncertainty,False,0,0,5,False,True,True,True,44,False,2.5454545454545454
original,complete_cohort,19,uncertainty,False,0,0,5,False,True,True,True,44,False,2.5454545454545454
original,complete_cohort,20,uncertainty,False,0,0,5,False,True,True,True,44,False,2.272727272727273
original,complete_cohort,21,uncertainty,False,0,0,5,False,True,True,True,44,False,2.4545454545454546
original,complete_cohort,22,uncertainty,False,0,0,5,False,True,True,True,44,False,1.0909090909090908
original,complete_cohort,23,uncertainty,False,0,0,5,False,True,True,True,44,False,1.8181818181818181
original,complete_cohort,24,uncertainty,False,0,0,5,False,True,True,True,44,False,2.8636363636363638
original,complete_cohort,25,uncertainty,False,0,0,5,False,True,True,True,44,False,1.6363636363636365
original,complete_cohort,27,uncertainty,False,0,0,5,False,True,True,True,44,False,2.772727272727273
original,complete_cohort,28,uncertainty,False,0,0,5,False,True,True,True,44,False,2.8636363636363638
original,complete_cohort,29,uncertainty,False,0,0,5,False,True,True,True,44,False,2.8636363636363638
original,complete_cohort,30,uncertainty,False,0,0,5,False,True,True,True,44,False,2.909090909090909
original,complete_cohort,31,uncertainty,False,0,0,5,False,True,True,True,44,False,2.8636363636363638
original,complete_cohort,39,uncertainty,False,0,0,5,False,True,True,True,44,False,2.5454545454545454
original,complete_cohort,40,uncertainty,False,0,0,5,False,True,True,True,44,False,2.5454545454545454
original,complete_cohort,41,uncertainty,False,0,0,5,False,True,True,True,44,False,2.8636363636363638
original,complete_cohort,42,uncertainty,False,0,0,5,False,True,True,True,44,False,2.8181818181818183
original,complete_cohort,43,uncertainty,False,0,0,5,False,True,True,True,44,False,2.8636363636363638
original,complete_cohort,44,uncertainty,False,0,0,5,False,True,True,True,44,False,2.909090909090909
original,complete_cohort,45,uncertainty,False,0,0,5,False,True,True,True,44,False,2.8636363636363638
original,complete_cohort,46,uncertainty,False,0,0,5,False,True,True,True,44,False,1.2272727272727273
original,complete_cohort,47,uncertainty,False,0,0,5,False,True,True,True,44,False,2.5454545454545454
original,complete_cohort,48,uncertainty,False,0,0,5,False,True,True,True,44,False,2.5454545454545454
original,complete_cohort,50,uncertainty,False,0,0,5,False,True,True,True,44,False,2.8636363636363638
original,complete_cohort,51,uncertainty,False,0,0,5,False,True,True,True,44,False,0.8636363636363636
original,complete_cohort,52,uncertainty,False,0,0,5,False,True,True,True,44,False,1.2272727272727273
original,complete_cohort,53,uncertainty,False,0,0,5,False,True,True,True,44,False,1.3636363636363635
original,complete_cohort,54,uncertainty,False,0,0,5,False,True,True,True,44,False,2.909090909090909
original,complete_cohort,55,uncertainty,False,0,0,5,False,True,True,True,44,False,2.5454545454545454
original,complete_cohort,56,uncertainty,False,0,0,5,False,True,True,True,44,False,2.909090909090909
original,complete_cohort,58,uncertainty,False,0,0,5,False,True,True,True,44,False,2.8181818181818183
original,complete_cohort,59,uncertainty,False,0,0,5,False,True,True,True,44,False,2.909090909090909
original,complete_cohort,61,uncertainty,False,0,0,5,False,True,True,True,44,False,2.8636363636363638
original,complete_cohort,62,uncertainty,False,0,0,5,False,True,True,True,44,False,2.909090909090909
original,complete_cohort,63,uncertainty,False,0,0,5,False,True,True,True,44,False,2.8636363636363638
original,complete_cohort,64,uncertainty,False,0,0,5,False,True,True,True,44,False,2.909090909090909
original,complete_cohort,66,uncertainty,False,0,0,5,False,True,True,True,44,False,2.909090909090909
original,complete_cohort,67,uncertainty,False,0,0,5,False,True,True,True,44,False,2.8181818181818183
original,complete_cohort,68,uncertainty,False,0,0,5,False,True,True,True,44,False,2.8636363636363638
original,complete_cohort,70,uncertainty,False,0,0,5,False,True,True,True,44,False,2.409090909090909
original,complete_cohort,71,uncertainty,False,0,0,5,False,True,True,True,44,False,2.5454545454545454
original,complete_cohort,72,uncertainty,True,1,1,4,True,False,True,True,44,False,2.090909090909091
original,complete_cohort,73,uncertainty,False,0,0,5,False,True,True,True,44,False,2.4545454545454546
original,complete_cohort,74,uncertainty,False,0,0,5,False,True,True,True,44,False,2.409090909090909
original,complete_cohort,76,uncertainty,False,0,0,5,False,False,False,True,44,False,0.9090909090909091
original,complete_cohort,77,uncertainty,False,0,0,5,True,True,True,True,44,False,1.8636363636363635
original,complete_cohort,78,uncertainty,False,0,0,5,False,True,True,True,44,False,2.8181818181818183
original,complete_cohort,79,uncertainty,False,0,0,5,False,False,True,True,44,False,2.5454545454545454
original,complete_cohort,80,uncertainty,False,0,0,5,False,True,True,True,44,False,2.3636363636363638
original,complete_cohort,81,uncertainty,True,2,2,3,True,False,True,True,44,False,2.5454545454545454
original,complete_cohort,82,uncertainty,False,0,0,5,True,True,True,True,44,False,1.9545454545454546
original,complete_cohort,83,uncertainty,False,0,0,5,False,True,True,True,44,False,2.909090909090909
original,complete_cohort,84,uncertainty,False,0,0,5,False,False,True,True,44,False,2.5454545454545454
original,complete_cohort,85,uncertainty,False,0,0,5,False,True,True,True,44,False,2.909090909090909
original,complete_cohort,86,uncertainty,False,0,0,5,False,True,True,True,44,False,1.1363636363636365
original,complete_cohort,87,uncertainty,False,0,0,5,False,True,True,True,44,False,1.7272727272727273
original,complete_cohort,88,uncertainty,False,0,0,5,False,True,True,True,44,False,2.8636363636363638
original,complete_cohort,89,uncertainty,False,0,0,5,False,True,True,True,44,False,2.8636363636363638
original,complete_cohort,90,uncertainty,False,0,0,5,False,True,True,True,44,False,0.8181818181818182
original,complete_cohort,91,uncertainty,False,0,0,5,False,True,True,True,44,False,1.0454545454545454
original,complete_cohort,92,uncertainty,False,0,0,5,False,True,True,True,44,False,2.8636363636363638
original,complete_cohort,93,uncertainty,False,0,0,5,False,True,True,True,44,False,2.5454545454545454
original,complete_cohort,94,uncertainty,False,0,0,5,False,True,True,True,44,False,2.772727272727273
original,complete_cohort,95,uncertainty,False,0,0,5,False,True,True,True,44,False,2.8181818181818183
original,complete_cohort,96,uncertainty,False,0,0,5,False,True,True,True,44,False,2.8181818181818183
original,complete_cohort,97,uncertainty,False,0,0,5,False,True,True,True,44,False,2.8636363636363638
original,complete_cohort,98,uncertainty,False,0,0,5,False,True,True,True,44,False,2.909090909090909
original,complete_cohort,99,uncertainty,False,0,0,5,False,True,True,True,44,False,2.909090909090909
original,complete_cohort,100,uncertainty,False,0,0,5,False,True,True,True,44,False,2.1818181818181817
original,complete_cohort,101,uncertainty,False,0,0,5,False,True,True,True,44,False,2.772727272727273
original,complete_cohort,102,uncertainty,False,0,0,5,False,True,True,True,44,False,2.1818181818181817
original,complete_cohort,103,uncertainty,False,0,0,5,False,True,True,True,44,False,2.8636363636363638
original,complete_cohort,104,uncertainty,False,0,0,5,False,True,True,True,44,False,2.5
original,complete_cohort,105,uncertainty,False,0,0,5,False,True,True,True,44,False,2.5
original,complete_cohort,106,uncertainty,False,0,0,5,False,True,True,True,44,False,2.8181818181818183
original,complete_cohort,107,uncertainty,False,0,0,5,False,True,True,True,44,False,2.8636363636363638
original,complete_cohort,108,uncertainty,False,0,0,5,False,True,True,True,44,False,2.0454545454545454
original,complete_cohort,109,uncertainty,False,0,0,5,False,True,True,True,44,False,1.8181818181818181
original,complete_cohort,110,uncertainty,False,0,0,5,False,True,True,True,44,False,2.909090909090909
original,complete_cohort,111,uncertainty,False,0,0,5,False,True,True,True,44,False,2.5454545454545454
original,complete_cohort,112,uncertainty,False,0,0,5,False,True,True,True,44,False,2.1818181818181817
original,complete_cohort,113,uncertainty,False,0,0,5,False,True,True,True,44,False,2.8636363636363638
original,complete_cohort,114,uncertainty,False,0,0,5,False,True,True,True,44,False,2.772727272727273
original,complete_cohort,115,uncertainty,False,0,0,5,False,True,True,True,44,False,2.8636363636363638
original,complete_cohort,116,uncertainty,False,0,0,5,False,True,True,True,44,False,2.8636363636363638
original,complete_cohort,117,uncertainty,False,0,0,5,False,True,True,True,44,False,1.5909090909090908
original,complete_cohort,118,uncertainty,False,0,0,5,False,True,True,True,44,False,1.3636363636363635
original,complete_cohort,119,uncertainty,False,0,0,5,False,True,True,True,44,False,1.4545454545454546
original,complete_cohort,120,uncertainty,False,0,0,5,False,True,True,True,44,False,2.8636363636363638
original,complete_cohort,121,uncertainty,False,0,0,5,False,True,True,True,44,False,1.2727272727272727
original,complete_cohort,122,uncertainty,False,0,0,5,False,True,True,True,44,False,2.3636363636363638
original,complete_cohort,123,uncertainty,False,0,0,5,False,True,True,True,44,False,2.8636363636363638
original,complete_cohort,124,uncertainty,False,0,0,5,False,True,True,True,44,False,2.5454545454545454
original,complete_cohort,125,uncertainty,False,0,0,5,False,True,True,True,44,False,2.772727272727273
original,complete_cohort,126,uncertainty,False,0,0,5,False,True,True,True,44,False,2.5454545454545454
original,complete_cohort,127,uncertainty,False,0,0,5,False,True,True,True,44,False,1.0
original,complete_cohort,128,uncertainty,False,0,0,5,False,True,True,True,44,False,2.727272727272727
original,complete_cohort,129,uncertainty,False,0,0,5,False,True,True,True,44,False,2.909090909090909
original,complete_cohort,130,uncertainty,False,0,0,5,False,True,True,True,44,False,2.727272727272727
original,complete_cohort,131,uncertainty,False,0,0,5,False,True,True,True,44,False,2.5
original,complete_cohort,132,uncertainty,False,0,0,5,False,True,True,True,44,False,2.5454545454545454
original,complete_cohort,133,uncertainty,False,0,0,5,False,True,True,True,44,False,2.909090909090909
original,complete_cohort,134,uncertainty,False,0,0,5,False,True,True,True,44,False,2.590909090909091
original,complete_cohort,135,uncertainty,False,0,0,5,False,True,True,True,44,False,2.4545454545454546
original,complete_cohort,136,uncertainty,False,0,0,5,False,True,True,True,44,False,2.272727272727273
original,complete_cohort,137,uncertainty,False,0,0,5,False,True,True,True,44,False,2.590909090909091
original,complete_cohort,138,uncertainty,False,0,0,5,False,True,True,True,44,False,2.090909090909091
original,complete_cohort,139,uncertainty,False,0,0,5,False,True,True,True,44,False,2.727272727272727
original,complete_cohort,140,uncertainty,False,0,0,5,False,True,True,True,44,False,2.1363636363636362
original,complete_cohort,141,uncertainty,False,0,0,5,False,True,True,True,44,False,2.3636363636363638
original,complete_cohort,142,uncertainty,False,0,0,5,False,True,True,True,44,False,1.9545454545454546
original,complete_cohort,143,uncertainty,False,0,0,5,False,True,True,True,44,False,1.0
original,complete_cohort,144,uncertainty,False,0,0,5,False,True,True,True,44,False,2.8636363636363638
original,complete_cohort,147,uncertainty,False,0,0,5,False,True,True,True,44,False,0.9090909090909091
original,complete_cohort,148,uncertainty,False,0,0,5,False,True,True,True,44,False,2.6818181818181817
original,complete_cohort,149,uncertainty,False,0,0,5,False,True,True,True,44,False,2.1818181818181817
original,complete_cohort,150,uncertainty,False,0,0,5,False,True,True,True,44,False,2.590909090909091
original,complete_cohort,151,uncertainty,False,0,0,5,False,True,True,True,44,False,1.4545454545454546
original,complete_cohort,152,uncertainty,False,0,0,5,False,True,True,True,44,False,2.227272727272727
original,complete_cohort,153,uncertainty,False,0,0,5,False,True,True,True,44,False,2.5454545454545454
original,complete_cohort,154,uncertainty,False,0,0,5,False,True,True,True,44,False,2.5454545454545454
original,complete_cohort,155,uncertainty,False,0,0,5,False,True,True,True,44,False,2.8636363636363638
original,complete_cohort,156,uncertainty,False,0,0,5,False,True,True,True,44,False,2.3636363636363638
original,complete_cohort,157,uncertainty,False,0,0,5,False,True,True,True,44,False,2.090909090909091
original,complete_cohort,158,uncertainty,False,0,0,5,False,True,True,True,44,False,2.909090909090909
original,complete_cohort,159,uncertainty,False,0,0,5,False,True,True,True,44,False,2.772727272727273
original,complete_cohort,160,uncertainty,False,0,0,5,False,True,True,True,44,False,2.4545454545454546
original,complete_cohort,161,uncertainty,False,0,0,5,False,True,True,True,44,False,2.6363636363636362
original,complete_cohort,162,uncertainty,False,0,0,5,False,False,False,True,44,False,1.8181818181818181
original,complete_cohort,163,uncertainty,False,0,0,5,False,True,True,True,44,False,1.9090909090909092
original,complete_cohort,164,uncertainty,False,0,0,5,False,True,True,True,44,False,2.1818181818181817
original,complete_cohort,165,uncertainty,False,0,0,5,False,True,True,True,44,False,2.3181818181818183
original,complete_cohort,166,uncertainty,False,0,0,5,False,True,True,True,44,False,0.9545454545454546
original,complete_cohort,167,uncertainty,False,0,0,5,False,True,True,True,44,False,2.8636363636363638
original,complete_cohort,168,uncertainty,False,0,0,5,False,True,True,True,44,False,2.5454545454545454
original,complete_cohort,169,uncertainty,False,0,0,5,False,True,True,True,44,False,2.5454545454545454
original,complete_cohort,170,uncertainty,False,0,0,5,False,True,True,True,44,False,2.5454545454545454
original,complete_cohort,172,uncertainty,False,0,0,5,False,True,True,True,44,False,2.8636363636363638
original,complete_cohort,174,uncertainty,False,0,0,5,False,True,True,True,44,False,0.9090909090909091
original,complete_cohort,175,uncertainty,False,0,0,5,False,True,True,True,44,False,2.3636363636363638
original,complete_cohort,176,uncertainty,False,0,0,5,False,True,True,True,44,False,2.5454545454545454
original,complete_cohort,177,uncertainty,False,0,0,5,False,True,True,True,44,False,2.8636363636363638
original,complete_cohort,178,uncertainty,False,0,0,5,False,True,True,True,44,False,2.8636363636363638
original,complete_cohort,179,uncertainty,False,0,0,5,False,True,True,True,44,False,1.6363636363636365
original,complete_cohort,180,uncertainty,False,0,0,5,False,True,True,True,44,False,2.1363636363636362
original,complete_cohort,181,uncertainty,False,0,0,5,False,True,True,True,44,False,2.8636363636363638
original,complete_cohort,182,uncertainty,False,0,0,5,False,True,True,True,44,False,2.227272727272727
original,complete_cohort,183,uncertainty,False,0,0,5,False,True,True,True,44,False,2.090909090909091
original,complete_cohort,2,low_score,False,0,0,5,False,False,False,False,5,False,0.0
original,complete_cohort,3,low_score,False,0,0,5,False,False,False,False,9,False,0.0
original,complete_cohort,4,low_score,False,0,0,5,False,False,False,False,15,False,0.0
original,complete_cohort,5,low_score,False,0,0,5,False,False,False,False,9,False,0.0
original,complete_cohort,6,low_score,False,0,0,5,False,False,False,False,7,False,0.0
original,complete_cohort,7,low_score,False,0,0,5,False,False,False,False,15,False,0.0
original,complete_cohort,9,low_score,False,0,0,5,False,False,False,False,8,False,0.0
original,complete_cohort,11,low_score,False,0,0,5,False,False,False,False,12,False,0.0
original,complete_cohort,12,low_score,False,0,0,5,False,False,False,False,7,False,0.0
original,complete_cohort,13,low_score,False,0,0,5,False,False,False,False,15,False,0.0
original,complete_cohort,14,low_score,False,0,0,5,False,False,False,False,16,False,0.0
original,complete_cohort,15,low_score,False,0,0,5,False,False,False,False,11,False,0.0
original,complete_cohort,17,low_score,False,0,0,5,False,False,False,False,11,False,0.0
original,complete_cohort,19,low_score,False,0,0,5,False,False,False,False,11,False,0.0
original,complete_cohort,20,low_score,False,0,0,5,False,False,False,False,6,False,0.0
original,complete_cohort,21,low_score,False,0,0,5,False,False,False,False,15,False,0.0
original,complete_cohort,22,low_score,False,0,0,5,False,False,False,False,16,False,0.0
original,complete_cohort,23,low_score,False,0,0,5,False,False,False,False,12,False,0.0
original,complete_cohort,24,low_score,False,0,0,5,False,False,False,False,9,False,0.0
original,complete_cohort,25,low_score,False,0,0,5,False,False,False,False,11,False,0.0
original,complete_cohort,27,low_score,False,0,0,5,False,False,False,False,13,False,0.0
original,complete_cohort,28,low_score,False,0,0,5,False,False,False,False,10,False,0.0
original,complete_cohort,29,low_score,False,0,0,5,False,False,False,False,9,False,0.0
original,complete_cohort,30,low_score,False,0,0,5,False,False,False,False,6,False,0.0
original,complete_cohort,31,low_score,False,0,0,5,False,False,False,False,10,False,0.0
original,complete_cohort,39,low_score,False,0,0,5,False,False,False,False,8,False,0.0
original,complete_cohort,40,low_score,False,0,0,5,False,False,False,False,6,False,0.0
original,complete_cohort,41,low_score,False,0,0,5,False,False,False,False,9,False,0.0
original,complete_cohort,42,low_score,False,0,0,5,False,False,False,False,12,False,0.0
original,complete_cohort,43,low_score,False,0,0,5,False,False,False,False,10,False,0.0
original,complete_cohort,44,low_score,False,0,0,5,False,False,False,False,7,False,0.0
original,complete_cohort,45,low_score,False,0,0,5,False,False,False,False,8,False,0.0
original,complete_cohort,46,low_score,False,0,0,5,False,False,False,False,12,False,0.0
original,complete_cohort,47,low_score,False,0,0,5,False,False,False,False,8,False,0.0
original,complete_cohort,48,low_score,False,0,0,5,False,False,False,False,14,False,0.0
original,complete_cohort,50,low_score,False,0,0,5,False,False,False,False,7,False,0.0
original,complete_cohort,51,low_score,False,0,0,5,False,False,False,False,17,False,0.0
original,complete_cohort,52,low_score,False,0,0,5,False,False,False,False,15,False,0.0
original,complete_cohort,53,low_score,False,0,0,5,False,False,False,False,17,False,0.0
original,complete_cohort,54,low_score,False,0,0,5,False,False,False,False,8,False,0.0
original,complete_cohort,55,low_score,False,0,0,5,False,False,False,False,9,False,0.0
original,complete_cohort,56,low_score,False,0,0,5,False,False,False,False,5,False,0.0
original,complete_cohort,58,low_score,False,0,0,5,False,False,False,False,14,False,0.0
original,complete_cohort,59,low_score,False,0,0,5,False,False,False,False,6,False,0.0
original,complete_cohort,61,low_score,False,0,0,5,False,False,False,False,9,False,0.0
original,complete_cohort,62,low_score,False,0,0,5,False,False,False,False,9,False,0.0
original,complete_cohort,63,low_score,False,0,0,5,False,False,False,False,6,False,0.0
original,complete_cohort,64,low_score,False,0,0,5,False,False,False,False,5,False,0.0
original,complete_cohort,66,low_score,False,0,0,5,False,False,False,False,7,False,0.0
original,complete_cohort,67,low_score,False,0,0,5,False,False,False,False,14,False,0.0
original,complete_cohort,68,low_score,False,0,0,5,False,False,False,False,12,False,0.0
original,complete_cohort,70,low_score,False,0,0,5,False,False,False,False,16,False,0.0
original,complete_cohort,71,low_score,False,0,0,5,False,False,False,False,11,False,0.0
original,complete_cohort,72,low_score,False,0,0,4,False,False,False,False,4,False,0.0
original,complete_cohort,73,low_score,False,0,0,5,False,False,False,False,9,False,0.0
original,complete_cohort,74,low_score,False,0,0,5,False,False,False,False,15,False,0.0
original,complete_cohort,76,low_score,False,0,0,5,False,False,False,False,21,False,0.0
original,complete_cohort,77,low_score,False,0,0,5,False,False,False,False,12,False,0.0
original,complete_cohort,78,low_score,False,0,0,5,False,False,False,False,11,False,0.0
original,complete_cohort,79,low_score,False,0,0,5,False,False,False,False,5,False,0.0
original,complete_cohort,80,low_score,False,0,0,5,False,False,False,False,18,False,0.0
original,complete_cohort,81,low_score,False,0,0,3,False,False,False,False,3,False,0.0
original,complete_cohort,82,low_score,False,0,0,5,False,False,False,False,9,False,0.0
original,complete_cohort,83,low_score,False,0,0,5,False,False,False,False,5,False,0.0
original,complete_cohort,84,low_score,False,0,0,5,False,False,False,False,5,False,0.0
original,complete_cohort,85,low_score,False,0,0,5,False,False,False,False,6,False,0.0
original,complete_cohort,86,low_score,False,0,0,5,False,False,False,False,17,False,0.0
original,complete_cohort,87,low_score,False,0,0,5,False,False,False,False,10,False,0.0
original,complete_cohort,88,low_score,False,0,0,5,False,False,False,False,10,False,0.0
original,complete_cohort,89,low_score,False,0,0,5,False,False,False,False,13,False,0.0
original,complete_cohort,90,low_score,False,0,0,5,False,False,False,False,19,False,0.0
original,complete_cohort,91,low_score,False,0,0,5,False,False,False,False,19,False,0.0
original,complete_cohort,92,low_score,False,0,0,5,False,False,False,False,12,False,0.0
original,complete_cohort,93,low_score,False,0,0,5,False,False,False,False,9,False,0.0
original,complete_cohort,94,low_score,False,0,0,5,False,False,False,False,13,False,0.0
original,complete_cohort,95,low_score,False,0,0,5,False,False,False,False,14,False,0.0
original,complete_cohort,96,low_score,False,0,0,5,False,False,False,False,10,False,0.0
original,complete_cohort,97,low_score,False,0,0,5,False,False,False,False,9,False,0.0
original,complete_cohort,98,low_score,False,0,0,5,False,False,False,False,11,False,0.0
original,complete_cohort,99,low_score,False,0,0,5,False,False,False,False,8,False,0.0
original,complete_cohort,100,low_score,False,0,0,5,False,False,False,False,16,False,0.0
original,complete_cohort,101,low_score,False,0,0,5,False,False,False,False,15,False,0.0
original,complete_cohort,102,low_score,False,0,0,5,False,False,False,False,11,False,0.0
original,complete_cohort,103,low_score,False,0,0,5,False,False,False,False,11,False,0.0
original,complete_cohort,104,low_score,False,0,0,5,False,False,False,False,14,False,0.0
original,complete_cohort,105,low_score,False,0,0,5,False,False,False,False,10,False,0.0
original,complete_cohort,106,low_score,False,0,0,5,False,False,False,False,13,False,0.0
original,complete_cohort,107,low_score,False,0,0,5,False,False,False,False,12,False,0.0
original,complete_cohort,108,low_score,False,0,0,5,False,False,False,False,12,False,0.0
original,complete_cohort,109,low_score,False,0,0,5,False,False,False,False,11,False,0.0
original,complete_cohort,110,low_score,False,0,0,5,False,False,False,False,9,False,0.0
original,complete_cohort,111,low_score,False,0,0,5,False,False,False,False,9,False,0.0
original,complete_cohort,112,low_score,False,0,0,5,False,False,False,False,11,False,0.0
original,complete_cohort,113,low_score,False,0,0,5,False,False,False,False,11,False,0.0
original,complete_cohort,114,low_score,False,0,0,5,False,False,False,False,13,False,0.0
original,complete_cohort,115,low_score,False,0,0,5,False,False,False,False,10,False,0.0
original,complete_cohort,116,low_score,False,0,0,5,False,False,False,False,10,False,0.0
original,complete_cohort,117,low_score,False,0,0,5,False,False,False,False,11,False,0.0
original,complete_cohort,118,low_score,False,0,0,5,False,False,False,False,17,False,0.0
original,complete_cohort,119,low_score,False,0,0,5,False,False,False,False,9,False,0.0
original,complete_cohort,120,low_score,False,0,0,5,False,False,False,False,10,False,0.0
original,complete_cohort,121,low_score,False,0,0,5,False,False,False,False,12,False,0.0
original,complete_cohort,122,low_score,False,0,0,5,False,False,False,False,17,False,0.0
original,complete_cohort,123,low_score,False,0,0,5,False,False,False,False,11,False,0.0
original,complete_cohort,124,low_score,False,0,0,5,False,False,False,False,8,False,0.0
original,complete_cohort,125,low_score,False,0,0,5,False,False,False,False,13,False,0.0
original,complete_cohort,126,low_score,False,0,0,5,False,False,False,False,16,False,0.0
original,complete_cohort,127,low_score,False,0,0,5,False,False,False,False,15,False,0.0
original,complete_cohort,128,low_score,False,0,0,5,False,False,False,False,13,False,0.0
original,complete_cohort,129,low_score,False,0,0,5,False,False,False,False,7,False,0.0
original,complete_cohort,130,low_score,False,0,0,5,False,False,False,False,15,False,0.0
original,complete_cohort,131,low_score,False,0,0,5,False,False,False,False,18,False,0.0
original,complete_cohort,132,low_score,False,0,0,5,False,False,False,False,11,False,0.0
original,complete_cohort,133,low_score,False,0,0,5,False,False,False,False,5,False,0.0
original,complete_cohort,134,low_score,False,0,0,5,False,False,False,False,15,False,0.0
original,complete_cohort,135,low_score,False,0,0,5,False,False,False,False,13,False,0.0
original,complete_cohort,136,low_score,False,0,0,5,False,False,False,False,15,False,0.0
original,complete_cohort,137,low_score,False,0,0,5,False,False,False,False,15,False,0.0
original,complete_cohort,138,low_score,False,0,0,5,False,False,False,False,14,False,0.0
original,complete_cohort,139,low_score,False,0,0,5,False,False,False,False,14,False,0.0
original,complete_cohort,140,low_score,False,0,0,5,False,False,False,False,17,False,0.0
original,complete_cohort,141,low_score,False,0,0,5,False,False,False,False,16,False,0.0
original,complete_cohort,142,low_score,False,0,0,5,False,False,False,False,17,False,0.0
original,complete_cohort,143,low_score,False,0,0,5,False,False,False,False,17,False,0.0
original,complete_cohort,144,low_score,False,0,0,5,False,False,False,False,8,False,0.0
original,complete_cohort,147,low_score,False,0,0,5,False,False,False,False,14,False,0.0
original,complete_cohort,148,low_score,False,0,0,5,False,False,False,False,15,False,0.0
original,complete_cohort,149,low_score,False,0,0,5,False,False,False,False,12,False,0.0
original,complete_cohort,150,low_score,False,0,0,5,False,False,False,False,15,False,0.0
original,complete_cohort,151,low_score,False,0,0,5,False,False,False,False,16,False,0.0
original,complete_cohort,152,low_score,False,0,0,5,False,False,False,False,17,False,0.0
original,complete_cohort,153,low_score,False,0,0,5,False,False,False,False,14,False,0.0
original,complete_cohort,154,low_score,False,0,0,5,False,False,False,False,8,False,0.0
original,complete_cohort,155,low_score,False,0,0,5,False,False,False,False,10,False,0.0
original,complete_cohort,156,low_score,False,0,0,5,False,False,False,False,16,False,0.0
original,complete_cohort,157,low_score,False,0,0,5,False,False,False,False,9,False,0.0
original,complete_cohort,158,low_score,False,0,0,5,False,False,False,False,12,False,0.0
original,complete_cohort,159,low_score,False,0,0,5,False,False,False,False,13,False,0.0
original,complete_cohort,160,low_score,False,0,0,5,False,False,False,False,14,False,0.0
original,complete_cohort,161,low_score,False,0,0,5,False,False,False,False,15,False,0.0
original,complete_cohort,162,low_score,False,0,0,5,False,False,False,False,20,False,0.0
original,complete_cohort,163,low_score,False,0,0,5,False,False,False,False,18,False,0.0
original,complete_cohort,164,low_score,False,0,0,5,False,False,False,False,13,False,0.0
original,complete_cohort,165,low_score,False,0,0,5,False,False,False,False,16,False,0.0
original,complete_cohort,166,low_score,False,0,0,5,False,False,False,False,18,False,0.0
original,complete_cohort,167,low_score,False,0,0,5,False,False,False,False,12,False,0.0
original,complete_cohort,168,low_score,False,0,0,5,False,False,False,False,8,False,0.0
original,complete_cohort,169,low_score,False,0,0,5,False,False,False,False,13,False,0.0
original,complete_cohort,170,low_score,False,0,0,5,False,False,False,False,12,False,0.0
original,complete_cohort,172,low_score,False,0,0,5,False,False,False,False,12,False,0.0
original,complete_cohort,174,low_score,False,0,0,5,False,False,False,False,15,False,0.0
original,complete_cohort,175,low_score,False,0,0,5,False,False,False,False,14,False,0.0
original,complete_cohort,176,low_score,False,0,0,5,False,False,False,False,11,False,0.0
original,complete_cohort,177,low_score,False,0,0,5,False,False,False,False,12,False,0.0
original,complete_cohort,178,low_score,False,0,0,5,False,False,False,False,10,False,0.0
original,complete_cohort,179,low_score,False,0,0,5,False,False,False,False,18,False,0.0
original,complete_cohort,180,low_score,False,0,0,5,False,False,False,False,17,False,0.0
original,complete_cohort,181,low_score,False,0,0,5,False,False,False,False,11,False,0.0
original,complete_cohort,182,low_score,False,0,0,5,False,False,False,False,9,False,0.0
original,complete_cohort,183,low_score,False,0,0,5,False,False,False,False,15,False,0.0
p01,demonstration,1,uncertainty,False,0,0,5,False,True,True,True,44,False,2.8636363636363638
p01,demonstration,2,uncertainty,False,0,0,5,False,True,True,True,44,False,2.8636363636363638
p01,demonstration,3,uncertainty,False,0,0,5,False,True,True,True,44,False,1.2727272727272727
p01,demonstration,4,uncertainty,False,0,0,5,False,True,True,True,44,False,2.8636363636363638
p01,demonstration,5,uncertainty,False,0,0,5,False,True,True,True,44,False,2.8636363636363638
p01,demonstration,6,uncertainty,False,0,0,5,False,True,True,True,44,False,1.7272727272727273
p01,demonstration,7,uncertainty,False,0,0,5,False,True,True,True,44,False,1.1363636363636365
p01,demonstration,8,uncertainty,False,0,0,5,False,True,True,True,44,False,0.8181818181818182
p01,demonstration,9,uncertainty,False,0,0,5,False,True,True,True,44,False,2.909090909090909
p01,demonstration,10,uncertainty,False,0,0,5,False,True,True,True,44,False,2.8636363636363638
p01,demonstration,1,low_score,False,0,0,5,False,False,False,False,5,False,0.0
p01,demonstration,2,low_score,False,0,0,5,False,False,False,False,9,False,0.0
p01,demonstration,3,low_score,False,0,0,5,False,False,False,False,15,False,0.0
p01,demonstration,4,low_score,False,0,0,5,False,False,False,False,7,False,0.0
p01,demonstration,5,low_score,False,0,0,5,False,False,False,False,8,False,0.0
p01,demonstration,6,low_score,False,0,0,5,False,False,False,False,10,False,0.0
p01,demonstration,7,low_score,False,0,0,5,False,False,False,False,17,False,0.0
p01,demonstration,8,low_score,False,0,0,5,False,False,False,False,19,False,0.0
p01,demonstration,9,low_score,False,0,0,5,False,False,False,False,5,False,0.0
p01,demonstration,10,low_score,False,0,0,5,False,False,False,False,12,False,0.0
p01,reference,159,uncertainty,False,0,0,5,False,True,True,True,44,False,2.772727272727273
p01,reference,42,uncertainty,False,0,0,5,False,True,True,True,44,False,2.8181818181818183
p01,reference,64,uncertainty,False,0,0,5,False,True,True,True,44,False,2.909090909090909
p01,reference,12,uncertainty,False,0,0,5,False,True,True,True,44,False,2.8636363636363638
p01,reference,160,uncertainty,False,0,0,5,False,True,True,True,44,False,2.4545454545454546
p01,reference,155,uncertainty,False,0,0,5,False,True,True,True,44,False,2.8636363636363638
p01,reference,11,uncertainty,False,0,0,5,False,True,True,True,44,False,1.3636363636363635
p01,reference,124,uncertainty,False,0,0,5,False,True,True,True,44,False,2.5454545454545454
p01,reference,169,uncertainty,False,0,0,5,False,True,True,True,44,False,2.5454545454545454
p01,reference,106,uncertainty,False,0,0,5,False,True,True,True,44,False,2.8181818181818183
p01,reference,157,uncertainty,False,0,0,5,False,True,True,True,44,False,2.090909090909091
p01,reference,126,uncertainty,False,0,0,5,False,True,True,True,44,False,2.5454545454545454
p01,reference,55,uncertainty,False,0,0,5,False,True,True,True,44,False,2.5454545454545454
p01,reference,113,uncertainty,False,0,0,5,False,True,True,True,44,False,2.8636363636363638
p01,reference,158,uncertainty,False,0,0,5,False,True,True,True,44,False,2.909090909090909
p01,reference,165,uncertainty,False,0,0,5,False,True,True,True,44,False,2.3181818181818183
p01,reference,178,uncertainty,False,0,0,5,False,True,True,True,44,False,2.8636363636363638
p01,reference,133,uncertainty,False,0,0,5,False,True,True,True,44,False,2.909090909090909
p01,reference,78,uncertainty,False,0,0,5,False,True,True,True,44,False,2.8181818181818183
p01,reference,70,uncertainty,False,0,0,5,False,True,True,True,44,False,2.409090909090909
p01,reference,176,uncertainty,False,0,0,5,False,True,True,True,44,False,2.5454545454545454
p01,reference,17,uncertainty,False,0,0,5,False,True,True,True,44,False,2.5454545454545454
p01,reference,136,uncertainty,False,0,0,5,False,True,True,True,44,False,2.272727272727273
p01,reference,76,uncertainty,False,0,0,5,False,False,False,True,44,False,0.9090909090909091
p01,reference,82,uncertainty,False,0,0,5,True,True,True,True,44,False,1.9545454545454546
p01,reference,114,uncertainty,False,0,0,5,False,True,True,True,44,False,2.772727272727273
p01,reference,168,uncertainty,False,0,0,5,False,True,True,True,44,False,2.5454545454545454
p01,reference,28,uncertainty,False,0,0,5,False,True,True,True,44,False,2.8636363636363638
p01,reference,39,uncertainty,False,0,0,5,False,True,True,True,44,False,2.5454545454545454
p01,reference,50,uncertainty,False,0,0,5,False,True,True,True,44,False,2.8636363636363638
p01,reference,61,uncertainty,False,0,0,5,False,True,True,True,44,False,2.8636363636363638
p01,reference,100,uncertainty,False,0,0,5,False,True,True,True,44,False,2.1818181818181817
p01,reference,130,uncertainty,False,0,0,5,False,True,True,True,44,False,2.727272727272727
p01,reference,141,uncertainty,False,0,0,5,False,True,True,True,44,False,2.3636363636363638
p01,reference,53,uncertainty,False,0,0,5,False,True,True,True,44,False,1.3636363636363635
p01,reference,73,uncertainty,False,0,0,5,False,True,True,True,44,False,2.4545454545454546
p01,reference,9,uncertainty,False,0,0,5,False,True,True,True,44,False,2.8636363636363638
p01,reference,6,uncertainty,False,0,0,5,False,True,True,True,44,False,2.909090909090909
p01,reference,31,uncertainty,False,0,0,5,False,True,True,True,44,False,2.8636363636363638
p01,reference,94,uncertainty,False,0,0,5,False,True,True,True,44,False,2.772727272727273
p01,reference,58,uncertainty,False,0,0,5,False,True,True,True,44,False,2.8181818181818183
p01,reference,177,uncertainty,False,0,0,5,False,True,True,True,44,False,2.8636363636363638
p01,reference,48,uncertainty,False,0,0,5,False,True,True,True,44,False,2.5454545454545454
p01,reference,164,uncertainty,False,0,0,5,False,True,True,True,44,False,2.1818181818181817
p01,reference,67,uncertainty,False,0,0,5,False,True,True,True,44,False,2.8181818181818183
p01,reference,118,uncertainty,False,0,0,5,False,True,True,True,44,False,1.3636363636363635
p01,reference,79,uncertainty,False,0,0,5,False,False,True,True,44,False,2.5454545454545454
p01,reference,122,uncertainty,False,0,0,5,False,True,True,True,44,False,2.3636363636363638
p01,reference,54,uncertainty,False,0,0,5,False,True,True,True,44,False,2.909090909090909
p01,reference,151,uncertainty,False,0,0,5,False,True,True,True,44,False,1.4545454545454546
p01,reference,103,uncertainty,False,0,0,5,False,True,True,True,44,False,2.8636363636363638
p01,reference,137,uncertainty,False,0,0,5,False,True,True,True,44,False,2.590909090909091
p01,reference,132,uncertainty,False,0,0,5,False,True,True,True,44,False,2.5454545454545454
p01,reference,143,uncertainty,False,0,0,5,False,True,True,True,44,False,1.0
p01,reference,107,uncertainty,False,0,0,5,False,True,True,True,44,False,2.8636363636363638
p01,reference,119,uncertainty,False,0,0,5,False,True,True,True,44,False,1.4545454545454546
p01,reference,109,uncertainty,False,0,0,5,False,True,True,True,44,False,1.8181818181818181
p01,reference,84,uncertainty,False,0,0,5,False,False,True,True,44,False,2.5454545454545454
p01,reference,135,uncertainty,False,0,0,5,False,True,True,True,44,False,2.4545454545454546
p01,reference,125,uncertainty,False,0,0,5,False,True,True,True,44,False,2.772727272727273
p01,reference,161,uncertainty,False,0,0,5,False,True,True,True,44,False,2.6363636363636362
p01,reference,4,uncertainty,False,0,0,5,False,True,True,True,44,False,2.3636363636363638
p01,reference,72,uncertainty,True,1,1,4,True,False,True,True,44,False,2.090909090909091
p01,reference,68,uncertainty,False,0,0,5,False,True,True,True,44,False,2.8636363636363638
p01,reference,175,uncertainty,False,0,0,5,False,True,True,True,44,False,2.3636363636363638
p01,reference,182,uncertainty,False,0,0,5,False,True,True,True,44,False,2.227272727272727
p01,reference,134,uncertainty,False,0,0,5,False,True,True,True,44,False,2.590909090909091
p01,reference,105,uncertainty,False,0,0,5,False,True,True,True,44,False,2.5
p01,reference,43,uncertainty,False,0,0,5,False,True,True,True,44,False,2.8636363636363638
p01,reference,139,uncertainty,False,0,0,5,False,True,True,True,44,False,2.727272727272727
p01,reference,3,uncertainty,False,0,0,5,False,True,True,True,44,False,1.2272727272727273
p01,reference,62,uncertainty,False,0,0,5,False,True,True,True,44,False,2.909090909090909
p01,reference,5,uncertainty,False,0,0,5,False,True,True,True,44,False,2.8636363636363638
p01,reference,66,uncertainty,False,0,0,5,False,True,True,True,44,False,2.909090909090909
p01,reference,180,uncertainty,False,0,0,5,False,True,True,True,44,False,2.1363636363636362
p01,reference,30,uncertainty,False,0,0,5,False,True,True,True,44,False,2.909090909090909
p01,reference,149,uncertainty,False,0,0,5,False,True,True,True,44,False,2.1818181818181817
p01,reference,110,uncertainty,False,0,0,5,False,True,True,True,44,False,2.909090909090909
p01,reference,13,uncertainty,False,0,0,5,False,True,True,True,44,False,2.5454545454545454
p01,reference,7,uncertainty,False,0,0,5,False,True,True,True,44,False,1.2727272727272727
p01,reference,87,uncertainty,False,0,0,5,False,True,True,True,44,False,1.7272727272727273
p01,reference,150,uncertainty,False,0,0,5,False,True,True,True,44,False,2.590909090909091
p01,reference,179,uncertainty,False,0,0,5,False,True,True,True,44,False,1.6363636363636365
p01,reference,181,uncertainty,False,0,0,5,False,True,True,True,44,False,2.8636363636363638
p01,reference,148,uncertainty,False,0,0,5,False,True,True,True,44,False,2.6818181818181817
p01,reference,162,uncertainty,False,0,0,5,False,False,False,True,44,False,1.8181818181818181
p01,reference,102,uncertainty,False,0,0,5,False,True,True,True,44,False,2.1818181818181817
p01,reference,56,uncertainty,False,0,0,5,False,True,True,True,44,False,2.909090909090909
p01,reference,19,uncertainty,False,0,0,5,False,True,True,True,44,False,2.5454545454545454
p01,reference,112,uncertainty,False,0,0,5,False,True,True,True,44,False,2.1818181818181817
p01,reference,40,uncertainty,False,0,0,5,False,True,True,True,44,False,2.5454545454545454
p01,reference,22,uncertainty,False,0,0,5,False,True,True,True,44,False,1.0909090909090908
p01,reference,88,uncertainty,False,0,0,5,False,True,True,True,44,False,2.8636363636363638
p01,reference,167,uncertainty,False,0,0,5,False,True,True,True,44,False,2.8636363636363638
p01,reference,183,uncertainty,False,0,0,5,False,True,True,True,44,False,2.090909090909091
p01,reference,24,uncertainty,False,0,0,5,False,True,True,True,44,False,2.8636363636363638
p01,reference,128,uncertainty,False,0,0,5,False,True,True,True,44,False,2.727272727272727
p01,reference,120,uncertainty,False,0,0,5,False,True,True,True,44,False,2.8636363636363638
p01,reference,45,uncertainty,False,0,0,5,False,True,True,True,44,False,2.8636363636363638
p01,reference,86,uncertainty,False,0,0,5,False,True,True,True,44,False,1.1363636363636365
p01,reference,156,uncertainty,False,0,0,5,False,True,True,True,44,False,2.3636363636363638
p01,reference,98,uncertainty,False,0,0,5,False,True,True,True,44,False,2.909090909090909
p01,reference,92,uncertainty,False,0,0,5,False,True,True,True,44,False,2.8636363636363638
p01,reference,95,uncertainty,False,0,0,5,False,True,True,True,44,False,2.8181818181818183
p01,reference,101,uncertainty,False,0,0,5,False,True,True,True,44,False,2.772727272727273
p01,reference,47,uncertainty,False,0,0,5,False,True,True,True,44,False,2.5454545454545454
p01,reference,25,uncertainty,False,0,0,5,False,True,True,True,44,False,1.6363636363636365
p01,reference,121,uncertainty,False,0,0,5,False,True,True,True,44,False,1.2727272727272727
p01,reference,41,uncertainty,False,0,0,5,False,True,True,True,44,False,2.8636363636363638
p01,reference,99,uncertainty,False,0,0,5,False,True,True,True,44,False,2.909090909090909
p01,reference,27,uncertainty,False,0,0,5,False,True,True,True,44,False,2.772727272727273
p01,reference,140,uncertainty,False,0,0,5,False,True,True,True,44,False,2.1363636363636362
p01,reference,81,uncertainty,True,2,2,3,True,False,True,True,44,False,2.5454545454545454
p01,reference,144,uncertainty,False,0,0,5,False,True,True,True,44,False,2.8636363636363638
p01,reference,108,uncertainty,False,0,0,5,False,True,True,True,44,False,2.0454545454545454
p01,reference,85,uncertainty,False,0,0,5,False,True,True,True,44,False,2.909090909090909
p01,reference,152,uncertainty,False,0,0,5,False,True,True,True,44,False,2.227272727272727
p01,reference,15,uncertainty,False,0,0,5,False,True,True,True,44,False,2.5
p01,reference,89,uncertainty,False,0,0,5,False,True,True,True,44,False,2.8636363636363638
p01,reference,116,uncertainty,False,0,0,5,False,True,True,True,44,False,2.8636363636363638
p01,reference,138,uncertainty,False,0,0,5,False,True,True,True,44,False,2.090909090909091
p01,reference,154,uncertainty,False,0,0,5,False,True,True,True,44,False,2.5454545454545454
p01,reference,104,uncertainty,False,0,0,5,False,True,True,True,44,False,2.5
p01,reference,131,uncertainty,False,0,0,5,False,True,True,True,44,False,2.5
p01,reference,129,uncertainty,False,0,0,5,False,True,True,True,44,False,2.909090909090909
p01,reference,96,uncertainty,False,0,0,5,False,True,True,True,44,False,2.8181818181818183
p01,reference,44,uncertainty,False,0,0,5,False,True,True,True,44,False,2.909090909090909
p01,reference,46,uncertainty,False,0,0,5,False,True,True,True,44,False,1.2272727272727273
p01,reference,159,low_score,False,0,0,5,False,False,False,False,13,False,0.0
p01,reference,42,low_score,False,0,0,5,False,False,False,False,12,False,0.0
p01,reference,64,low_score,False,0,0,5,False,False,False,False,5,False,0.0
p01,reference,12,low_score,False,0,0,5,False,False,False,False,7,False,0.0
p01,reference,160,low_score,False,0,0,5,False,False,False,False,14,False,0.0
p01,reference,155,low_score,False,0,0,5,False,False,False,False,10,False,0.0
p01,reference,11,low_score,False,0,0,5,False,False,False,False,12,False,0.0
p01,reference,124,low_score,False,0,0,5,False,False,False,False,8,False,0.0
p01,reference,169,low_score,False,0,0,5,False,False,False,False,13,False,0.0
p01,reference,106,low_score,False,0,0,5,False,False,False,False,13,False,0.0
p01,reference,157,low_score,False,0,0,5,False,False,False,False,9,False,0.0
p01,reference,126,low_score,False,0,0,5,False,False,False,False,16,False,0.0
p01,reference,55,low_score,False,0,0,5,False,False,False,False,9,False,0.0
p01,reference,113,low_score,False,0,0,5,False,False,False,False,11,False,0.0
p01,reference,158,low_score,False,0,0,5,False,False,False,False,12,False,0.0
p01,reference,165,low_score,False,0,0,5,False,False,False,False,16,False,0.0
p01,reference,178,low_score,False,0,0,5,False,False,False,False,10,False,0.0
p01,reference,133,low_score,False,0,0,5,False,False,False,False,5,False,0.0
p01,reference,78,low_score,False,0,0,5,False,False,False,False,11,False,0.0
p01,reference,70,low_score,False,0,0,5,False,False,False,False,16,False,0.0
p01,reference,176,low_score,False,0,0,5,False,False,False,False,11,False,0.0
p01,reference,17,low_score,False,0,0,5,False,False,False,False,11,False,0.0
p01,reference,136,low_score,False,0,0,5,False,False,False,False,15,False,0.0
p01,reference,76,low_score,False,0,0,5,False,False,False,False,21,False,0.0
p01,reference,82,low_score,False,0,0,5,False,False,False,False,9,False,0.0
p01,reference,114,low_score,False,0,0,5,False,False,False,False,13,False,0.0
p01,reference,168,low_score,False,0,0,5,False,False,False,False,8,False,0.0
p01,reference,28,low_score,False,0,0,5,False,False,False,False,10,False,0.0
p01,reference,39,low_score,False,0,0,5,False,False,False,False,8,False,0.0
p01,reference,50,low_score,False,0,0,5,False,False,False,False,7,False,0.0
p01,reference,61,low_score,False,0,0,5,False,False,False,False,9,False,0.0
p01,reference,100,low_score,False,0,0,5,False,False,False,False,16,False,0.0
p01,reference,130,low_score,False,0,0,5,False,False,False,False,15,False,0.0
p01,reference,141,low_score,False,0,0,5,False,False,False,False,16,False,0.0
p01,reference,53,low_score,False,0,0,5,False,False,False,False,17,False,0.0
p01,reference,73,low_score,False,0,0,5,False,False,False,False,9,False,0.0
p01,reference,9,low_score,False,0,0,5,False,False,False,False,8,False,0.0
p01,reference,6,low_score,False,0,0,5,False,False,False,False,7,False,0.0
p01,reference,31,low_score,False,0,0,5,False,False,False,False,10,False,0.0
p01,reference,94,low_score,False,0,0,5,False,False,False,False,13,False,0.0
p01,reference,58,low_score,False,0,0,5,False,False,False,False,14,False,0.0
p01,reference,177,low_score,False,0,0,5,False,False,False,False,12,False,0.0
p01,reference,48,low_score,False,0,0,5,False,False,False,False,14,False,0.0
p01,reference,164,low_score,False,0,0,5,False,False,False,False,13,False,0.0
p01,reference,67,low_score,False,0,0,5,False,False,False,False,14,False,0.0
p01,reference,118,low_score,False,0,0,5,False,False,False,False,17,False,0.0
p01,reference,79,low_score,False,0,0,5,False,False,False,False,5,False,0.0
p01,reference,122,low_score,False,0,0,5,False,False,False,False,17,False,0.0
p01,reference,54,low_score,False,0,0,5,False,False,False,False,8,False,0.0
p01,reference,151,low_score,False,0,0,5,False,False,False,False,16,False,0.0
p01,reference,103,low_score,False,0,0,5,False,False,False,False,11,False,0.0
p01,reference,137,low_score,False,0,0,5,False,False,False,False,15,False,0.0
p01,reference,132,low_score,False,0,0,5,False,False,False,False,11,False,0.0
p01,reference,143,low_score,False,0,0,5,False,False,False,False,17,False,0.0
p01,reference,107,low_score,False,0,0,5,False,False,False,False,12,False,0.0
p01,reference,119,low_score,False,0,0,5,False,False,False,False,9,False,0.0
p01,reference,109,low_score,False,0,0,5,False,False,False,False,11,False,0.0
p01,reference,84,low_score,False,0,0,5,False,False,False,False,5,False,0.0
p01,reference,135,low_score,False,0,0,5,False,False,False,False,13,False,0.0
p01,reference,125,low_score,False,0,0,5,False,False,False,False,13,False,0.0
p01,reference,161,low_score,False,0,0,5,False,False,False,False,15,False,0.0
p01,reference,4,low_score,False,0,0,5,False,False,False,False,15,False,0.0
p01,reference,72,low_score,False,0,0,4,False,False,False,False,4,False,0.0
p01,reference,68,low_score,False,0,0,5,False,False,False,False,12,False,0.0
p01,reference,175,low_score,False,0,0,5,False,False,False,False,14,False,0.0
p01,reference,182,low_score,False,0,0,5,False,False,False,False,9,False,0.0
p01,reference,134,low_score,False,0,0,5,False,False,False,False,15,False,0.0
p01,reference,105,low_score,False,0,0,5,False,False,False,False,10,False,0.0
p01,reference,43,low_score,False,0,0,5,False,False,False,False,10,False,0.0
p01,reference,139,low_score,False,0,0,5,False,False,False,False,14,False,0.0
p01,reference,3,low_score,False,0,0,5,False,False,False,False,9,False,0.0
p01,reference,62,low_score,False,0,0,5,False,False,False,False,9,False,0.0
p01,reference,5,low_score,False,0,0,5,False,False,False,False,9,False,0.0
p01,reference,66,low_score,False,0,0,5,False,False,False,False,7,False,0.0
p01,reference,180,low_score,False,0,0,5,False,False,False,False,17,False,0.0
p01,reference,30,low_score,False,0,0,5,False,False,False,False,6,False,0.0
p01,reference,149,low_score,False,0,0,5,False,False,False,False,12,False,0.0
p01,reference,110,low_score,False,0,0,5,False,False,False,False,9,False,0.0
p01,reference,13,low_score,False,0,0,5,False,False,False,False,15,False,0.0
p01,reference,7,low_score,False,0,0,5,False,False,False,False,15,False,0.0
p01,reference,87,low_score,False,0,0,5,False,False,False,False,10,False,0.0
p01,reference,150,low_score,False,0,0,5,False,False,False,False,15,False,0.0
p01,reference,179,low_score,False,0,0,5,False,False,False,False,18,False,0.0
p01,reference,181,low_score,False,0,0,5,False,False,False,False,11,False,0.0
p01,reference,148,low_score,False,0,0,5,False,False,False,False,15,False,0.0
p01,reference,162,low_score,False,0,0,5,False,False,False,False,20,False,0.0
p01,reference,102,low_score,False,0,0,5,False,False,False,False,11,False,0.0
p01,reference,56,low_score,False,0,0,5,False,False,False,False,5,False,0.0
p01,reference,19,low_score,False,0,0,5,False,False,False,False,11,False,0.0
p01,reference,112,low_score,False,0,0,5,False,False,False,False,11,False,0.0
p01,reference,40,low_score,False,0,0,5,False,False,False,False,6,False,0.0
p01,reference,22,low_score,False,0,0,5,False,False,False,False,16,False,0.0
p01,reference,88,low_score,False,0,0,5,False,False,False,False,10,False,0.0
p01,reference,167,low_score,False,0,0,5,False,False,False,False,12,False,0.0
p01,reference,183,low_score,False,0,0,5,False,False,False,False,15,False,0.0
p01,reference,24,low_score,False,0,0,5,False,False,False,False,9,False,0.0
p01,reference,128,low_score,False,0,0,5,False,False,False,False,13,False,0.0
p01,reference,120,low_score,False,0,0,5,False,False,False,False,10,False,0.0
p01,reference,45,low_score,False,0,0,5,False,False,False,False,8,False,0.0
p01,reference,86,low_score,False,0,0,5,False,False,False,False,17,False,0.0
p01,reference,156,low_score,False,0,0,5,False,False,False,False,16,False,0.0
p01,reference,98,low_score,False,0,0,5,False,False,False,False,11,False,0.0
p01,reference,92,low_score,False,0,0,5,False,False,False,False,12,False,0.0
p01,reference,95,low_score,False,0,0,5,False,False,False,False,14,False,0.0
p01,reference,101,low_score,False,0,0,5,False,False,False,False,15,False,0.0
p01,reference,47,low_score,False,0,0,5,False,False,False,False,8,False,0.0
p01,reference,25,low_score,False,0,0,5,False,False,False,False,11,False,0.0
p01,reference,121,low_score,False,0,0,5,False,False,False,False,12,False,0.0
p01,reference,41,low_score,False,0,0,5,False,False,False,False,9,False,0.0
p01,reference,99,low_score,False,0,0,5,False,False,False,False,8,False,0.0
p01,reference,27,low_score,False,0,0,5,False,False,False,False,13,False,0.0
p01,reference,140,low_score,False,0,0,5,False,False,False,False,17,False,0.0
p01,reference,81,low_score,False,0,0,3,False,False,False,False,3,False,0.0
p01,reference,144,low_score,False,0,0,5,False,False,False,False,8,False,0.0
p01,reference,108,low_score,False,0,0,5,False,False,False,False,12,False,0.0
p01,reference,85,low_score,False,0,0,5,False,False,False,False,6,False,0.0
p01,reference,152,low_score,False,0,0,5,False,False,False,False,17,False,0.0
p01,reference,15,low_score,False,0,0,5,False,False,False,False,11,False,0.0
p01,reference,89,low_score,False,0,0,5,False,False,False,False,13,False,0.0
p01,reference,116,low_score,False,0,0,5,False,False,False,False,10,False,0.0
p01,reference,138,low_score,False,0,0,5,False,False,False,False,14,False,0.0
p01,reference,154,low_score,False,0,0,5,False,False,False,False,8,False,0.0
p01,reference,104,low_score,False,0,0,5,False,False,False,False,14,False,0.0
p01,reference,131,low_score,False,0,0,5,False,False,False,False,18,False,0.0
p01,reference,129,low_score,False,0,0,5,False,False,False,False,7,False,0.0
p01,reference,96,low_score,False,0,0,5,False,False,False,False,10,False,0.0
p01,reference,44,low_score,False,0,0,5,False,False,False,False,7,False,0.0
p01,reference,46,low_score,False,0,0,5,False,False,False,False,12,False,0.0
p01,complete_cohort,2,uncertainty,False,0,0,5,False,True,True,True,44,False,2.8636363636363638
p01,complete_cohort,3,uncertainty,False,0,0,5,False,True,True,True,44,False,1.2272727272727273
p01,complete_cohort,4,uncertainty,False,0,0,5,False,True,True,True,44,False,2.3636363636363638
p01,complete_cohort,5,uncertainty,False,0,0,5,False,True,True,True,44,False,2.8636363636363638
p01,complete_cohort,6,uncertainty,False,0,0,5,False,True,True,True,44,False,2.909090909090909
p01,complete_cohort,7,uncertainty,False,0,0,5,False,True,True,True,44,False,1.2727272727272727
p01,complete_cohort,9,uncertainty,False,0,0,5,False,True,True,True,44,False,2.8636363636363638
p01,complete_cohort,11,uncertainty,False,0,0,5,False,True,True,True,44,False,1.3636363636363635
p01,complete_cohort,12,uncertainty,False,0,0,5,False,True,True,True,44,False,2.8636363636363638
p01,complete_cohort,13,uncertainty,False,0,0,5,False,True,True,True,44,False,2.5454545454545454
p01,complete_cohort,14,uncertainty,False,0,0,5,False,True,True,True,44,False,1.1818181818181819
p01,complete_cohort,15,uncertainty,False,0,0,5,False,True,True,True,44,False,2.5
p01,complete_cohort,17,uncertainty,False,0,0,5,False,True,True,True,44,False,2.5454545454545454
p01,complete_cohort,19,uncertainty,False,0,0,5,False,True,True,True,44,False,2.5454545454545454
p01,complete_cohort,20,uncertainty,False,0,0,5,False,True,True,True,44,False,2.272727272727273
p01,complete_cohort,21,uncertainty,False,0,0,5,False,True,True,True,44,False,2.4545454545454546
p01,complete_cohort,22,uncertainty,False,0,0,5,False,True,True,True,44,False,1.0909090909090908
p01,complete_cohort,23,uncertainty,False,0,0,5,False,True,True,True,44,False,1.8181818181818181
p01,complete_cohort,24,uncertainty,False,0,0,5,False,True,True,True,44,False,2.8636363636363638
p01,complete_cohort,25,uncertainty,False,0,0,5,False,True,True,True,44,False,1.6363636363636365
p01,complete_cohort,27,uncertainty,False,0,0,5,False,True,True,True,44,False,2.772727272727273
p01,complete_cohort,28,uncertainty,False,0,0,5,False,True,True,True,44,False,2.8636363636363638
p01,complete_cohort,29,uncertainty,False,0,0,5,False,True,True,True,44,False,2.8636363636363638
p01,complete_cohort,30,uncertainty,False,0,0,5,False,True,True,True,44,False,2.909090909090909
p01,complete_cohort,31,uncertainty,False,0,0,5,False,True,True,True,44,False,2.8636363636363638
p01,complete_cohort,39,uncertainty,False,0,0,5,False,True,True,True,44,False,2.5454545454545454
p01,complete_cohort,40,uncertainty,False,0,0,5,False,True,True,True,44,False,2.5454545454545454
p01,complete_cohort,41,uncertainty,False,0,0,5,False,True,True,True,44,False,2.8636363636363638
p01,complete_cohort,42,uncertainty,False,0,0,5,False,True,True,True,44,False,2.8181818181818183
p01,complete_cohort,43,uncertainty,False,0,0,5,False,True,True,True,44,False,2.8636363636363638
p01,complete_cohort,44,uncertainty,False,0,0,5,False,True,True,True,44,False,2.909090909090909
p01,complete_cohort,45,uncertainty,False,0,0,5,False,True,True,True,44,False,2.8636363636363638
p01,complete_cohort,46,uncertainty,False,0,0,5,False,True,True,True,44,False,1.2272727272727273
p01,complete_cohort,47,uncertainty,False,0,0,5,False,True,True,True,44,False,2.5454545454545454
p01,complete_cohort,48,uncertainty,False,0,0,5,False,True,True,True,44,False,2.5454545454545454
p01,complete_cohort,50,uncertainty,False,0,0,5,False,True,True,True,44,False,2.8636363636363638
p01,complete_cohort,51,uncertainty,False,0,0,5,False,True,True,True,44,False,0.8636363636363636
p01,complete_cohort,52,uncertainty,False,0,0,5,False,True,True,True,44,False,1.2272727272727273
p01,complete_cohort,53,uncertainty,False,0,0,5,False,True,True,True,44,False,1.3636363636363635
p01,complete_cohort,54,uncertainty,False,0,0,5,False,True,True,True,44,False,2.909090909090909
p01,complete_cohort,55,uncertainty,False,0,0,5,False,True,True,True,44,False,2.5454545454545454
p01,complete_cohort,56,uncertainty,False,0,0,5,False,True,True,True,44,False,2.909090909090909
p01,complete_cohort,58,uncertainty,False,0,0,5,False,True,True,True,44,False,2.8181818181818183
p01,complete_cohort,59,uncertainty,False,0,0,5,False,True,True,True,44,False,2.909090909090909
p01,complete_cohort,61,uncertainty,False,0,0,5,False,True,True,True,44,False,2.8636363636363638
p01,complete_cohort,62,uncertainty,False,0,0,5,False,True,True,True,44,False,2.909090909090909
p01,complete_cohort,63,uncertainty,False,0,0,5,False,True,True,True,44,False,2.8636363636363638
p01,complete_cohort,64,uncertainty,False,0,0,5,False,True,True,True,44,False,2.909090909090909
p01,complete_cohort,66,uncertainty,False,0,0,5,False,True,True,True,44,False,2.909090909090909
p01,complete_cohort,67,uncertainty,False,0,0,5,False,True,True,True,44,False,2.8181818181818183
p01,complete_cohort,68,uncertainty,False,0,0,5,False,True,True,True,44,False,2.8636363636363638
p01,complete_cohort,70,uncertainty,False,0,0,5,False,True,True,True,44,False,2.409090909090909
p01,complete_cohort,71,uncertainty,False,0,0,5,False,True,True,True,44,False,2.5454545454545454
p01,complete_cohort,72,uncertainty,True,1,1,4,True,False,True,True,44,False,2.090909090909091
p01,complete_cohort,73,uncertainty,False,0,0,5,False,True,True,True,44,False,2.4545454545454546
p01,complete_cohort,74,uncertainty,False,0,0,5,False,True,True,True,44,False,2.409090909090909
p01,complete_cohort,76,uncertainty,False,0,0,5,False,False,False,True,44,False,0.9090909090909091
p01,complete_cohort,77,uncertainty,False,0,0,5,True,True,True,True,44,False,1.8636363636363635
p01,complete_cohort,78,uncertainty,False,0,0,5,False,True,True,True,44,False,2.8181818181818183
p01,complete_cohort,79,uncertainty,False,0,0,5,False,False,True,True,44,False,2.5454545454545454
p01,complete_cohort,80,uncertainty,False,0,0,5,False,True,True,True,44,False,2.3636363636363638
p01,complete_cohort,81,uncertainty,True,2,2,3,True,False,True,True,44,False,2.5454545454545454
p01,complete_cohort,82,uncertainty,False,0,0,5,True,True,True,True,44,False,1.9545454545454546
p01,complete_cohort,83,uncertainty,False,0,0,5,False,True,True,True,44,False,2.909090909090909
p01,complete_cohort,84,uncertainty,False,0,0,5,False,False,True,True,44,False,2.5454545454545454
p01,complete_cohort,85,uncertainty,False,0,0,5,False,True,True,True,44,False,2.909090909090909
p01,complete_cohort,86,uncertainty,False,0,0,5,False,True,True,True,44,False,1.1363636363636365
p01,complete_cohort,87,uncertainty,False,0,0,5,False,True,True,True,44,False,1.7272727272727273
p01,complete_cohort,88,uncertainty,False,0,0,5,False,True,True,True,44,False,2.8636363636363638
p01,complete_cohort,89,uncertainty,False,0,0,5,False,True,True,True,44,False,2.8636363636363638
p01,complete_cohort,90,uncertainty,False,0,0,5,False,True,True,True,44,False,0.8181818181818182
p01,complete_cohort,91,uncertainty,False,0,0,5,False,True,True,True,44,False,1.0454545454545454
p01,complete_cohort,92,uncertainty,False,0,0,5,False,True,True,True,44,False,2.8636363636363638
p01,complete_cohort,93,uncertainty,False,0,0,5,False,True,True,True,44,False,2.5454545454545454
p01,complete_cohort,94,uncertainty,False,0,0,5,False,True,True,True,44,False,2.772727272727273
p01,complete_cohort,95,uncertainty,False,0,0,5,False,True,True,True,44,False,2.8181818181818183
p01,complete_cohort,96,uncertainty,False,0,0,5,False,True,True,True,44,False,2.8181818181818183
p01,complete_cohort,97,uncertainty,False,0,0,5,False,True,True,True,44,False,2.8636363636363638
p01,complete_cohort,98,uncertainty,False,0,0,5,False,True,True,True,44,False,2.909090909090909
p01,complete_cohort,99,uncertainty,False,0,0,5,False,True,True,True,44,False,2.909090909090909
p01,complete_cohort,100,uncertainty,False,0,0,5,False,True,True,True,44,False,2.1818181818181817
p01,complete_cohort,101,uncertainty,False,0,0,5,False,True,True,True,44,False,2.772727272727273
p01,complete_cohort,102,uncertainty,False,0,0,5,False,True,True,True,44,False,2.1818181818181817
p01,complete_cohort,103,uncertainty,False,0,0,5,False,True,True,True,44,False,2.8636363636363638
p01,complete_cohort,104,uncertainty,False,0,0,5,False,True,True,True,44,False,2.5
p01,complete_cohort,105,uncertainty,False,0,0,5,False,True,True,True,44,False,2.5
p01,complete_cohort,106,uncertainty,False,0,0,5,False,True,True,True,44,False,2.8181818181818183
p01,complete_cohort,107,uncertainty,False,0,0,5,False,True,True,True,44,False,2.8636363636363638
p01,complete_cohort,108,uncertainty,False,0,0,5,False,True,True,True,44,False,2.0454545454545454
p01,complete_cohort,109,uncertainty,False,0,0,5,False,True,True,True,44,False,1.8181818181818181
p01,complete_cohort,110,uncertainty,False,0,0,5,False,True,True,True,44,False,2.909090909090909
p01,complete_cohort,111,uncertainty,False,0,0,5,False,True,True,True,44,False,2.5454545454545454
p01,complete_cohort,112,uncertainty,False,0,0,5,False,True,True,True,44,False,2.1818181818181817
p01,complete_cohort,113,uncertainty,False,0,0,5,False,True,True,True,44,False,2.8636363636363638
p01,complete_cohort,114,uncertainty,False,0,0,5,False,True,True,True,44,False,2.772727272727273
p01,complete_cohort,115,uncertainty,False,0,0,5,False,True,True,True,44,False,2.8636363636363638
p01,complete_cohort,116,uncertainty,False,0,0,5,False,True,True,True,44,False,2.8636363636363638
p01,complete_cohort,117,uncertainty,False,0,0,5,False,True,True,True,44,False,1.5909090909090908
p01,complete_cohort,118,uncertainty,False,0,0,5,False,True,True,True,44,False,1.3636363636363635
p01,complete_cohort,119,uncertainty,False,0,0,5,False,True,True,True,44,False,1.4545454545454546
p01,complete_cohort,120,uncertainty,False,0,0,5,False,True,True,True,44,False,2.8636363636363638
p01,complete_cohort,121,uncertainty,False,0,0,5,False,True,True,True,44,False,1.2727272727272727
p01,complete_cohort,122,uncertainty,False,0,0,5,False,True,True,True,44,False,2.3636363636363638
p01,complete_cohort,123,uncertainty,False,0,0,5,False,True,True,True,44,False,2.8636363636363638
p01,complete_cohort,124,uncertainty,False,0,0,5,False,True,True,True,44,False,2.5454545454545454
p01,complete_cohort,125,uncertainty,False,0,0,5,False,True,True,True,44,False,2.772727272727273
p01,complete_cohort,126,uncertainty,False,0,0,5,False,True,True,True,44,False,2.5454545454545454
p01,complete_cohort,127,uncertainty,False,0,0,5,False,True,True,True,44,False,1.0
p01,complete_cohort,128,uncertainty,False,0,0,5,False,True,True,True,44,False,2.727272727272727
p01,complete_cohort,129,uncertainty,False,0,0,5,False,True,True,True,44,False,2.909090909090909
p01,complete_cohort,130,uncertainty,False,0,0,5,False,True,True,True,44,False,2.727272727272727
p01,complete_cohort,131,uncertainty,False,0,0,5,False,True,True,True,44,False,2.5
p01,complete_cohort,132,uncertainty,False,0,0,5,False,True,True,True,44,False,2.5454545454545454
p01,complete_cohort,133,uncertainty,False,0,0,5,False,True,True,True,44,False,2.909090909090909
p01,complete_cohort,134,uncertainty,False,0,0,5,False,True,True,True,44,False,2.590909090909091
p01,complete_cohort,135,uncertainty,False,0,0,5,False,True,True,True,44,False,2.4545454545454546
p01,complete_cohort,136,uncertainty,False,0,0,5,False,True,True,True,44,False,2.272727272727273
p01,complete_cohort,137,uncertainty,False,0,0,5,False,True,True,True,44,False,2.590909090909091
p01,complete_cohort,138,uncertainty,False,0,0,5,False,True,True,True,44,False,2.090909090909091
p01,complete_cohort,139,uncertainty,False,0,0,5,False,True,True,True,44,False,2.727272727272727
p01,complete_cohort,140,uncertainty,False,0,0,5,False,True,True,True,44,False,2.1363636363636362
p01,complete_cohort,141,uncertainty,False,0,0,5,False,True,True,True,44,False,2.3636363636363638
p01,complete_cohort,142,uncertainty,False,0,0,5,False,True,True,True,44,False,1.9545454545454546
p01,complete_cohort,143,uncertainty,False,0,0,5,False,True,True,True,44,False,1.0
p01,complete_cohort,144,uncertainty,False,0,0,5,False,True,True,True,44,False,2.8636363636363638
p01,complete_cohort,147,uncertainty,False,0,0,5,False,True,True,True,44,False,0.9090909090909091
p01,complete_cohort,148,uncertainty,False,0,0,5,False,True,True,True,44,False,2.6818181818181817
p01,complete_cohort,149,uncertainty,False,0,0,5,False,True,True,True,44,False,2.1818181818181817
p01,complete_cohort,150,uncertainty,False,0,0,5,False,True,True,True,44,False,2.590909090909091
p01,complete_cohort,151,uncertainty,False,0,0,5,False,True,True,True,44,False,1.4545454545454546
p01,complete_cohort,152,uncertainty,False,0,0,5,False,True,True,True,44,False,2.227272727272727
p01,complete_cohort,153,uncertainty,False,0,0,5,False,True,True,True,44,False,2.5454545454545454
p01,complete_cohort,154,uncertainty,False,0,0,5,False,True,True,True,44,False,2.5454545454545454
p01,complete_cohort,155,uncertainty,False,0,0,5,False,True,True,True,44,False,2.8636363636363638
p01,complete_cohort,156,uncertainty,False,0,0,5,False,True,True,True,44,False,2.3636363636363638
p01,complete_cohort,157,uncertainty,False,0,0,5,False,True,True,True,44,False,2.090909090909091
p01,complete_cohort,158,uncertainty,False,0,0,5,False,True,True,True,44,False,2.909090909090909
p01,complete_cohort,159,uncertainty,False,0,0,5,False,True,True,True,44,False,2.772727272727273
p01,complete_cohort,160,uncertainty,False,0,0,5,False,True,True,True,44,False,2.4545454545454546
p01,complete_cohort,161,uncertainty,False,0,0,5,False,True,True,True,44,False,2.6363636363636362
p01,complete_cohort,162,uncertainty,False,0,0,5,False,False,False,True,44,False,1.8181818181818181
p01,complete_cohort,163,uncertainty,False,0,0,5,False,True,True,True,44,False,1.9090909090909092
p01,complete_cohort,164,uncertainty,False,0,0,5,False,True,True,True,44,False,2.1818181818181817
p01,complete_cohort,165,uncertainty,False,0,0,5,False,True,True,True,44,False,2.3181818181818183
p01,complete_cohort,166,uncertainty,False,0,0,5,False,True,True,True,44,False,0.9545454545454546
p01,complete_cohort,167,uncertainty,False,0,0,5,False,True,True,True,44,False,2.8636363636363638
p01,complete_cohort,168,uncertainty,False,0,0,5,False,True,True,True,44,False,2.5454545454545454
p01,complete_cohort,169,uncertainty,False,0,0,5,False,True,True,True,44,False,2.5454545454545454
p01,complete_cohort,170,uncertainty,False,0,0,5,False,True,True,True,44,False,2.5454545454545454
p01,complete_cohort,172,uncertainty,False,0,0,5,False,True,True,True,44,False,2.8636363636363638
p01,complete_cohort,174,uncertainty,False,0,0,5,False,True,True,True,44,False,0.9090909090909091
p01,complete_cohort,175,uncertainty,False,0,0,5,False,True,True,True,44,False,2.3636363636363638
p01,complete_cohort,176,uncertainty,False,0,0,5,False,True,True,True,44,False,2.5454545454545454
p01,complete_cohort,177,uncertainty,False,0,0,5,False,True,True,True,44,False,2.8636363636363638
p01,complete_cohort,178,uncertainty,False,0,0,5,False,True,True,True,44,False,2.8636363636363638
p01,complete_cohort,179,uncertainty,False,0,0,5,False,True,True,True,44,False,1.6363636363636365
p01,complete_cohort,180,uncertainty,False,0,0,5,False,True,True,True,44,False,2.1363636363636362
p01,complete_cohort,181,uncertainty,False,0,0,5,False,True,True,True,44,False,2.8636363636363638
p01,complete_cohort,182,uncertainty,False,0,0,5,False,True,True,True,44,False,2.227272727272727
p01,complete_cohort,183,uncertainty,False,0,0,5,False,True,True,True,44,False,2.090909090909091
p01,complete_cohort,2,low_score,False,0,0,5,False,False,False,False,5,False,0.0
p01,complete_cohort,3,low_score,False,0,0,5,False,False,False,False,9,False,0.0
p01,complete_cohort,4,low_score,False,0,0,5,False,False,False,False,15,False,0.0
p01,complete_cohort,5,low_score,False,0,0,5,False,False,False,False,9,False,0.0
p01,complete_cohort,6,low_score,False,0,0,5,False,False,False,False,7,False,0.0
p01,complete_cohort,7,low_score,False,0,0,5,False,False,False,False,15,False,0.0
p01,complete_cohort,9,low_score,False,0,0,5,False,False,False,False,8,False,0.0
p01,complete_cohort,11,low_score,False,0,0,5,False,False,False,False,12,False,0.0
p01,complete_cohort,12,low_score,False,0,0,5,False,False,False,False,7,False,0.0
p01,complete_cohort,13,low_score,False,0,0,5,False,False,False,False,15,False,0.0
p01,complete_cohort,14,low_score,False,0,0,5,False,False,False,False,16,False,0.0
p01,complete_cohort,15,low_score,False,0,0,5,False,False,False,False,11,False,0.0
p01,complete_cohort,17,low_score,False,0,0,5,False,False,False,False,11,False,0.0
p01,complete_cohort,19,low_score,False,0,0,5,False,False,False,False,11,False,0.0
p01,complete_cohort,20,low_score,False,0,0,5,False,False,False,False,6,False,0.0
p01,complete_cohort,21,low_score,False,0,0,5,False,False,False,False,15,False,0.0
p01,complete_cohort,22,low_score,False,0,0,5,False,False,False,False,16,False,0.0
p01,complete_cohort,23,low_score,False,0,0,5,False,False,False,False,12,False,0.0
p01,complete_cohort,24,low_score,False,0,0,5,False,False,False,False,9,False,0.0
p01,complete_cohort,25,low_score,False,0,0,5,False,False,False,False,11,False,0.0
p01,complete_cohort,27,low_score,False,0,0,5,False,False,False,False,13,False,0.0
p01,complete_cohort,28,low_score,False,0,0,5,False,False,False,False,10,False,0.0
p01,complete_cohort,29,low_score,False,0,0,5,False,False,False,False,9,False,0.0
p01,complete_cohort,30,low_score,False,0,0,5,False,False,False,False,6,False,0.0
p01,complete_cohort,31,low_score,False,0,0,5,False,False,False,False,10,False,0.0
p01,complete_cohort,39,low_score,False,0,0,5,False,False,False,False,8,False,0.0
p01,complete_cohort,40,low_score,False,0,0,5,False,False,False,False,6,False,0.0
p01,complete_cohort,41,low_score,False,0,0,5,False,False,False,False,9,False,0.0
p01,complete_cohort,42,low_score,False,0,0,5,False,False,False,False,12,False,0.0
p01,complete_cohort,43,low_score,False,0,0,5,False,False,False,False,10,False,0.0
p01,complete_cohort,44,low_score,False,0,0,5,False,False,False,False,7,False,0.0
p01,complete_cohort,45,low_score,False,0,0,5,False,False,False,False,8,False,0.0
p01,complete_cohort,46,low_score,False,0,0,5,False,False,False,False,12,False,0.0
p01,complete_cohort,47,low_score,False,0,0,5,False,False,False,False,8,False,0.0
p01,complete_cohort,48,low_score,False,0,0,5,False,False,False,False,14,False,0.0
p01,complete_cohort,50,low_score,False,0,0,5,False,False,False,False,7,False,0.0
p01,complete_cohort,51,low_score,False,0,0,5,False,False,False,False,17,False,0.0
p01,complete_cohort,52,low_score,False,0,0,5,False,False,False,False,15,False,0.0
p01,complete_cohort,53,low_score,False,0,0,5,False,False,False,False,17,False,0.0
p01,complete_cohort,54,low_score,False,0,0,5,False,False,False,False,8,False,0.0
p01,complete_cohort,55,low_score,False,0,0,5,False,False,False,False,9,False,0.0
p01,complete_cohort,56,low_score,False,0,0,5,False,False,False,False,5,False,0.0
p01,complete_cohort,58,low_score,False,0,0,5,False,False,False,False,14,False,0.0
p01,complete_cohort,59,low_score,False,0,0,5,False,False,False,False,6,False,0.0
p01,complete_cohort,61,low_score,False,0,0,5,False,False,False,False,9,False,0.0
p01,complete_cohort,62,low_score,False,0,0,5,False,False,False,False,9,False,0.0
p01,complete_cohort,63,low_score,False,0,0,5,False,False,False,False,6,False,0.0
p01,complete_cohort,64,low_score,False,0,0,5,False,False,False,False,5,False,0.0
p01,complete_cohort,66,low_score,False,0,0,5,False,False,False,False,7,False,0.0
p01,complete_cohort,67,low_score,False,0,0,5,False,False,False,False,14,False,0.0
p01,complete_cohort,68,low_score,False,0,0,5,False,False,False,False,12,False,0.0
p01,complete_cohort,70,low_score,False,0,0,5,False,False,False,False,16,False,0.0
p01,complete_cohort,71,low_score,False,0,0,5,False,False,False,False,11,False,0.0
p01,complete_cohort,72,low_score,False,0,0,4,False,False,False,False,4,False,0.0
p01,complete_cohort,73,low_score,False,0,0,5,False,False,False,False,9,False,0.0
p01,complete_cohort,74,low_score,False,0,0,5,False,False,False,False,15,False,0.0
p01,complete_cohort,76,low_score,False,0,0,5,False,False,False,False,21,False,0.0
p01,complete_cohort,77,low_score,False,0,0,5,False,False,False,False,12,False,0.0
p01,complete_cohort,78,low_score,False,0,0,5,False,False,False,False,11,False,0.0
p01,complete_cohort,79,low_score,False,0,0,5,False,False,False,False,5,False,0.0
p01,complete_cohort,80,low_score,False,0,0,5,False,False,False,False,18,False,0.0
p01,complete_cohort,81,low_score,False,0,0,3,False,False,False,False,3,False,0.0
p01,complete_cohort,82,low_score,False,0,0,5,False,False,False,False,9,False,0.0
p01,complete_cohort,83,low_score,False,0,0,5,False,False,False,False,5,False,0.0
p01,complete_cohort,84,low_score,False,0,0,5,False,False,False,False,5,False,0.0
p01,complete_cohort,85,low_score,False,0,0,5,False,False,False,False,6,False,0.0
p01,complete_cohort,86,low_score,False,0,0,5,False,False,False,False,17,False,0.0
p01,complete_cohort,87,low_score,False,0,0,5,False,False,False,False,10,False,0.0
p01,complete_cohort,88,low_score,False,0,0,5,False,False,False,False,10,False,0.0
p01,complete_cohort,89,low_score,False,0,0,5,False,False,False,False,13,False,0.0
p01,complete_cohort,90,low_score,False,0,0,5,False,False,False,False,19,False,0.0
p01,complete_cohort,91,low_score,False,0,0,5,False,False,False,False,19,False,0.0
p01,complete_cohort,92,low_score,False,0,0,5,False,False,False,False,12,False,0.0
p01,complete_cohort,93,low_score,False,0,0,5,False,False,False,False,9,False,0.0
p01,complete_cohort,94,low_score,False,0,0,5,False,False,False,False,13,False,0.0
p01,complete_cohort,95,low_score,False,0,0,5,False,False,False,False,14,False,0.0
p01,complete_cohort,96,low_score,False,0,0,5,False,False,False,False,10,False,0.0
p01,complete_cohort,97,low_score,False,0,0,5,False,False,False,False,9,False,0.0
p01,complete_cohort,98,low_score,False,0,0,5,False,False,False,False,11,False,0.0
p01,complete_cohort,99,low_score,False,0,0,5,False,False,False,False,8,False,0.0
p01,complete_cohort,100,low_score,False,0,0,5,False,False,False,False,16,False,0.0
p01,complete_cohort,101,low_score,False,0,0,5,False,False,False,False,15,False,0.0
p01,complete_cohort,102,low_score,False,0,0,5,False,False,False,False,11,False,0.0
p01,complete_cohort,103,low_score,False,0,0,5,False,False,False,False,11,False,0.0
p01,complete_cohort,104,low_score,False,0,0,5,False,False,False,False,14,False,0.0
p01,complete_cohort,105,low_score,False,0,0,5,False,False,False,False,10,False,0.0
p01,complete_cohort,106,low_score,False,0,0,5,False,False,False,False,13,False,0.0
p01,complete_cohort,107,low_score,False,0,0,5,False,False,False,False,12,False,0.0
p01,complete_cohort,108,low_score,False,0,0,5,False,False,False,False,12,False,0.0
p01,complete_cohort,109,low_score,False,0,0,5,False,False,False,False,11,False,0.0
p01,complete_cohort,110,low_score,False,0,0,5,False,False,False,False,9,False,0.0
p01,complete_cohort,111,low_score,False,0,0,5,False,False,False,False,9,False,0.0
p01,complete_cohort,112,low_score,False,0,0,5,False,False,False,False,11,False,0.0
p01,complete_cohort,113,low_score,False,0,0,5,False,False,False,False,11,False,0.0
p01,complete_cohort,114,low_score,False,0,0,5,False,False,False,False,13,False,0.0
p01,complete_cohort,115,low_score,False,0,0,5,False,False,False,False,10,False,0.0
p01,complete_cohort,116,low_score,False,0,0,5,False,False,False,False,10,False,0.0
p01,complete_cohort,117,low_score,False,0,0,5,False,False,False,False,11,False,0.0
p01,complete_cohort,118,low_score,False,0,0,5,False,False,False,False,17,False,0.0
p01,complete_cohort,119,low_score,False,0,0,5,False,False,False,False,9,False,0.0
p01,complete_cohort,120,low_score,False,0,0,5,False,False,False,False,10,False,0.0
p01,complete_cohort,121,low_score,False,0,0,5,False,False,False,False,12,False,0.0
p01,complete_cohort,122,low_score,False,0,0,5,False,False,False,False,17,False,0.0
p01,complete_cohort,123,low_score,False,0,0,5,False,False,False,False,11,False,0.0
p01,complete_cohort,124,low_score,False,0,0,5,False,False,False,False,8,False,0.0
p01,complete_cohort,125,low_score,False,0,0,5,False,False,False,False,13,False,0.0
p01,complete_cohort,126,low_score,False,0,0,5,False,False,False,False,16,False,0.0
p01,complete_cohort,127,low_score,False,0,0,5,False,False,False,False,15,False,0.0
p01,complete_cohort,128,low_score,False,0,0,5,False,False,False,False,13,False,0.0
p01,complete_cohort,129,low_score,False,0,0,5,False,False,False,False,7,False,0.0
p01,complete_cohort,130,low_score,False,0,0,5,False,False,False,False,15,False,0.0
p01,complete_cohort,131,low_score,False,0,0,5,False,False,False,False,18,False,0.0
p01,complete_cohort,132,low_score,False,0,0,5,False,False,False,False,11,False,0.0
p01,complete_cohort,133,low_score,False,0,0,5,False,False,False,False,5,False,0.0
p01,complete_cohort,134,low_score,False,0,0,5,False,False,False,False,15,False,0.0
p01,complete_cohort,135,low_score,False,0,0,5,False,False,False,False,13,False,0.0
p01,complete_cohort,136,low_score,False,0,0,5,False,False,False,False,15,False,0.0
p01,complete_cohort,137,low_score,False,0,0,5,False,False,False,False,15,False,0.0
p01,complete_cohort,138,low_score,False,0,0,5,False,False,False,False,14,False,0.0
p01,complete_cohort,139,low_score,False,0,0,5,False,False,False,False,14,False,0.0
p01,complete_cohort,140,low_score,False,0,0,5,False,False,False,False,17,False,0.0
p01,complete_cohort,141,low_score,False,0,0,5,False,False,False,False,16,False,0.0
p01,complete_cohort,142,low_score,False,0,0,5,False,False,False,False,17,False,0.0
p01,complete_cohort,143,low_score,False,0,0,5,False,False,False,False,17,False,0.0
p01,complete_cohort,144,low_score,False,0,0,5,False,False,False,False,8,False,0.0
p01,complete_cohort,147,low_score,False,0,0,5,False,False,False,False,14,False,0.0
p01,complete_cohort,148,low_score,False,0,0,5,False,False,False,False,15,False,0.0
p01,complete_cohort,149,low_score,False,0,0,5,False,False,False,False,12,False,0.0
p01,complete_cohort,150,low_score,False,0,0,5,False,False,False,False,15,False,0.0
p01,complete_cohort,151,low_score,False,0,0,5,False,False,False,False,16,False,0.0
p01,complete_cohort,152,low_score,False,0,0,5,False,False,False,False,17,False,0.0
p01,complete_cohort,153,low_score,False,0,0,5,False,False,False,False,14,False,0.0
p01,complete_cohort,154,low_score,False,0,0,5,False,False,False,False,8,False,0.0
p01,complete_cohort,155,low_score,False,0,0,5,False,False,False,False,10,False,0.0
p01,complete_cohort,156,low_score,False,0,0,5,False,False,False,False,16,False,0.0
p01,complete_cohort,157,low_score,False,0,0,5,False,False,False,False,9,False,0.0
p01,complete_cohort,158,low_score,False,0,0,5,False,False,False,False,12,False,0.0
p01,complete_cohort,159,low_score,False,0,0,5,False,False,False,False,13,False,0.0
p01,complete_cohort,160,low_score,False,0,0,5,False,False,False,False,14,False,0.0
p01,complete_cohort,161,low_score,False,0,0,5,False,False,False,False,15,False,0.0
p01,complete_cohort,162,low_score,False,0,0,5,False,False,False,False,20,False,0.0
p01,complete_cohort,163,low_score,False,0,0,5,False,False,False,False,18,False,0.0
p01,complete_cohort,164,low_score,False,0,0,5,False,False,False,False,13,False,0.0
p01,complete_cohort,165,low_score,False,0,0,5,False,False,False,False,16,False,0.0
p01,complete_cohort,166,low_score,False,0,0,5,False,False,False,False,18,False,0.0
p01,complete_cohort,167,low_score,False,0,0,5,False,False,False,False,12,False,0.0
p01,complete_cohort,168,low_score,False,0,0,5,False,False,False,False,8,False,0.0
p01,complete_cohort,169,low_score,False,0,0,5,False,False,False,False,13,False,0.0
p01,complete_cohort,170,low_score,False,0,0,5,False,False,False,False,12,False,0.0
p01,complete_cohort,172,low_score,False,0,0,5,False,False,False,False,12,False,0.0
p01,complete_cohort,174,low_score,False,0,0,5,False,False,False,False,15,False,0.0
p01,complete_cohort,175,low_score,False,0,0,5,False,False,False,False,14,False,0.0
p01,complete_cohort,176,low_score,False,0,0,5,False,False,False,False,11,False,0.0
p01,complete_cohort,177,low_score,False,0,0,5,False,False,False,False,12,False,0.0
p01,complete_cohort,178,low_score,False,0,0,5,False,False,False,False,10,False,0.0
p01,complete_cohort,179,low_score,False,0,0,5,False,False,False,False,18,False,0.0
p01,complete_cohort,180,low_score,False,0,0,5,False,False,False,False,17,False,0.0
p01,complete_cohort,181,low_score,False,0,0,5,False,False,False,False,11,False,0.0
p01,complete_cohort,182,low_score,False,0,0,5,False,False,False,False,9,False,0.0
p01,complete_cohort,183,low_score,False,0,0,5,False,False,False,False,15,False,0.0
p05,demonstration,1,uncertainty,False,0,0,5,False,True,True,True,44,False,2.8636363636363638
p05,demonstration,2,uncertainty,False,0,0,5,False,True,True,True,44,False,2.8636363636363638
p05,demonstration,3,uncertainty,False,0,0,5,False,True,True,True,44,False,1.2727272727272727
p05,demonstration,4,uncertainty,False,0,0,5,False,True,True,True,44,False,2.8636363636363638
p05,demonstration,5,uncertainty,False,0,0,5,False,True,True,True,44,False,2.8636363636363638
p05,demonstration,6,uncertainty,False,0,0,5,False,True,True,True,44,False,1.7272727272727273
p05,demonstration,7,uncertainty,False,0,0,5,False,True,True,True,44,False,1.1363636363636365
p05,demonstration,8,uncertainty,False,0,0,5,False,True,True,True,44,False,0.8181818181818182
p05,demonstration,9,uncertainty,False,0,0,5,False,True,True,True,44,False,2.909090909090909
p05,demonstration,10,uncertainty,False,0,0,5,False,True,True,True,44,False,2.8636363636363638
p05,demonstration,1,low_score,False,0,0,5,False,False,False,False,5,False,0.0
p05,demonstration,2,low_score,False,0,0,5,False,False,False,False,9,False,0.0
p05,demonstration,3,low_score,False,0,0,5,False,False,False,False,15,False,0.0
p05,demonstration,4,low_score,False,0,0,5,False,False,False,False,7,False,0.0
p05,demonstration,5,low_score,False,0,0,5,False,False,False,False,8,False,0.0
p05,demonstration,6,low_score,False,0,0,5,False,False,False,False,10,False,0.0
p05,demonstration,7,low_score,False,0,0,5,False,False,False,False,17,False,0.0
p05,demonstration,8,low_score,False,0,0,5,False,False,False,False,19,False,0.0
p05,demonstration,9,low_score,False,0,0,5,False,False,False,False,5,False,0.0
p05,demonstration,10,low_score,False,0,0,5,False,False,False,False,12,False,0.0
p05,reference,159,uncertainty,False,0,0,5,False,True,True,True,44,False,2.772727272727273
p05,reference,42,uncertainty,False,0,0,5,False,True,True,True,44,False,2.8181818181818183
p05,reference,64,uncertainty,False,0,0,5,False,True,True,True,44,False,2.909090909090909
p05,reference,12,uncertainty,False,0,0,5,False,True,True,True,44,False,2.8636363636363638
p05,reference,160,uncertainty,False,0,0,5,False,True,True,True,44,False,2.4545454545454546
p05,reference,155,uncertainty,False,0,0,5,False,True,True,True,44,False,2.8636363636363638
p05,reference,11,uncertainty,False,0,0,5,False,True,True,True,44,False,1.3636363636363635
p05,reference,124,uncertainty,False,0,0,5,False,True,True,True,44,False,2.5454545454545454
p05,reference,169,uncertainty,False,0,0,5,False,True,True,True,44,False,2.5454545454545454
p05,reference,106,uncertainty,False,0,0,5,False,True,True,True,44,False,2.8181818181818183
p05,reference,157,uncertainty,False,0,0,5,False,True,True,True,44,False,2.090909090909091
p05,reference,126,uncertainty,False,0,0,5,False,True,True,True,44,False,2.5454545454545454
p05,reference,55,uncertainty,False,0,0,5,False,True,True,True,44,False,2.5454545454545454
p05,reference,113,uncertainty,False,0,0,5,False,True,True,True,44,False,2.8636363636363638
p05,reference,158,uncertainty,False,0,0,5,False,True,True,True,44,False,2.909090909090909
p05,reference,165,uncertainty,False,0,0,5,False,True,True,True,44,False,2.3181818181818183
p05,reference,178,uncertainty,False,0,0,5,False,True,True,True,44,False,2.8636363636363638
p05,reference,133,uncertainty,False,0,0,5,False,True,True,True,44,False,2.909090909090909
p05,reference,78,uncertainty,False,0,0,5,False,True,True,True,44,False,2.8181818181818183
p05,reference,70,uncertainty,False,0,0,5,False,True,True,True,44,False,2.409090909090909
p05,reference,176,uncertainty,False,0,0,5,False,True,True,True,44,False,2.5454545454545454
p05,reference,17,uncertainty,False,0,0,5,False,True,True,True,44,False,2.5454545454545454
p05,reference,136,uncertainty,False,0,0,5,False,True,True,True,44,False,2.272727272727273
p05,reference,76,uncertainty,False,0,0,5,False,False,False,True,44,False,0.9090909090909091
p05,reference,82,uncertainty,False,0,0,5,True,True,True,True,44,False,1.9545454545454546
p05,reference,114,uncertainty,False,0,0,5,False,True,True,True,44,False,2.772727272727273
p05,reference,168,uncertainty,False,0,0,5,False,True,True,True,44,False,2.5454545454545454
p05,reference,28,uncertainty,False,0,0,5,False,True,True,True,44,False,2.8636363636363638
p05,reference,39,uncertainty,False,0,0,5,False,True,True,True,44,False,2.5454545454545454
p05,reference,50,uncertainty,False,0,0,5,False,True,True,True,44,False,2.8636363636363638
p05,reference,61,uncertainty,False,0,0,5,False,True,True,True,44,False,2.8636363636363638
p05,reference,100,uncertainty,False,0,0,5,False,True,True,True,44,False,2.1818181818181817
p05,reference,130,uncertainty,False,0,0,5,False,True,True,True,44,False,2.727272727272727
p05,reference,141,uncertainty,False,0,0,5,False,True,True,True,44,False,2.3636363636363638
p05,reference,53,uncertainty,False,0,0,5,False,True,True,True,44,False,1.3636363636363635
p05,reference,73,uncertainty,False,0,0,5,False,True,True,True,44,False,2.4545454545454546
p05,reference,9,uncertainty,False,0,0,5,False,True,True,True,44,False,2.8636363636363638
p05,reference,6,uncertainty,False,0,0,5,False,True,True,True,44,False,2.909090909090909
p05,reference,31,uncertainty,False,0,0,5,False,True,True,True,44,False,2.8636363636363638
p05,reference,94,uncertainty,False,0,0,5,False,True,True,True,44,False,2.772727272727273
p05,reference,58,uncertainty,False,0,0,5,False,True,True,True,44,False,2.8181818181818183
p05,reference,177,uncertainty,False,0,0,5,False,True,True,True,44,False,2.8636363636363638
p05,reference,48,uncertainty,False,0,0,5,False,True,True,True,44,False,2.5454545454545454
p05,reference,164,uncertainty,False,0,0,5,False,True,True,True,44,False,2.1818181818181817
p05,reference,67,uncertainty,False,0,0,5,False,True,True,True,44,False,2.8181818181818183
p05,reference,118,uncertainty,False,0,0,5,False,True,True,True,44,False,1.3636363636363635
p05,reference,79,uncertainty,False,0,0,5,False,False,True,True,44,False,2.5454545454545454
p05,reference,122,uncertainty,False,0,0,5,False,True,True,True,44,False,2.3636363636363638
p05,reference,54,uncertainty,False,0,0,5,False,True,True,True,44,False,2.909090909090909
p05,reference,151,uncertainty,False,0,0,5,False,True,True,True,44,False,1.4545454545454546
p05,reference,103,uncertainty,False,0,0,5,False,True,True,True,44,False,2.8636363636363638
p05,reference,137,uncertainty,False,0,0,5,False,True,True,True,44,False,2.590909090909091
p05,reference,132,uncertainty,False,0,0,5,False,True,True,True,44,False,2.5454545454545454
p05,reference,143,uncertainty,False,0,0,5,False,True,True,True,44,False,1.0
p05,reference,107,uncertainty,False,0,0,5,False,True,True,True,44,False,2.8636363636363638
p05,reference,119,uncertainty,False,0,0,5,False,True,True,True,44,False,1.4545454545454546
p05,reference,109,uncertainty,False,0,0,5,False,True,True,True,44,False,1.8181818181818181
p05,reference,84,uncertainty,False,0,0,5,False,False,True,True,44,False,2.5454545454545454
p05,reference,135,uncertainty,False,0,0,5,False,True,True,True,44,False,2.4545454545454546
p05,reference,125,uncertainty,False,0,0,5,False,True,True,True,44,False,2.772727272727273
p05,reference,161,uncertainty,False,0,0,5,False,True,True,True,44,False,2.6363636363636362
p05,reference,4,uncertainty,False,0,0,5,False,True,True,True,44,False,2.3636363636363638
p05,reference,72,uncertainty,True,1,1,4,True,False,True,True,44,False,2.090909090909091
p05,reference,68,uncertainty,False,0,0,5,False,True,True,True,44,False,2.8636363636363638
p05,reference,175,uncertainty,False,0,0,5,False,True,True,True,44,False,2.3636363636363638
p05,reference,182,uncertainty,False,0,0,5,False,True,True,True,44,False,2.227272727272727
p05,reference,134,uncertainty,False,0,0,5,False,True,True,True,44,False,2.590909090909091
p05,reference,105,uncertainty,False,0,0,5,False,True,True,True,44,False,2.5
p05,reference,43,uncertainty,False,0,0,5,False,True,True,True,44,False,2.8636363636363638
p05,reference,139,uncertainty,False,0,0,5,False,True,True,True,44,False,2.727272727272727
p05,reference,3,uncertainty,False,0,0,5,False,True,True,True,44,False,1.2272727272727273
p05,reference,62,uncertainty,False,0,0,5,False,True,True,True,44,False,2.909090909090909
p05,reference,5,uncertainty,False,0,0,5,False,True,True,True,44,False,2.8636363636363638
p05,reference,66,uncertainty,False,0,0,5,False,True,True,True,44,False,2.909090909090909
p05,reference,180,uncertainty,False,0,0,5,False,True,True,True,44,False,2.1363636363636362
p05,reference,30,uncertainty,False,0,0,5,False,True,True,True,44,False,2.909090909090909
p05,reference,149,uncertainty,False,0,0,5,False,True,True,True,44,False,2.1818181818181817
p05,reference,110,uncertainty,False,0,0,5,False,True,True,True,44,False,2.909090909090909
p05,reference,13,uncertainty,False,0,0,5,False,True,True,True,44,False,2.5454545454545454
p05,reference,7,uncertainty,False,0,0,5,False,True,True,True,44,False,1.2727272727272727
p05,reference,87,uncertainty,False,0,0,5,False,True,True,True,44,False,1.7272727272727273
p05,reference,150,uncertainty,False,0,0,5,False,True,True,True,44,False,2.590909090909091
p05,reference,179,uncertainty,False,0,0,5,False,True,True,True,44,False,1.6363636363636365
p05,reference,181,uncertainty,False,0,0,5,False,True,True,True,44,False,2.8636363636363638
p05,reference,148,uncertainty,False,0,0,5,False,True,True,True,44,False,2.6818181818181817
p05,reference,162,uncertainty,False,0,0,5,False,False,False,True,44,False,1.8181818181818181
p05,reference,102,uncertainty,False,0,0,5,False,True,True,True,44,False,2.1818181818181817
p05,reference,56,uncertainty,False,0,0,5,False,True,True,True,44,False,2.909090909090909
p05,reference,19,uncertainty,False,0,0,5,False,True,True,True,44,False,2.5454545454545454
p05,reference,112,uncertainty,False,0,0,5,False,True,True,True,44,False,2.1818181818181817
p05,reference,40,uncertainty,False,0,0,5,False,True,True,True,44,False,2.5454545454545454
p05,reference,22,uncertainty,False,0,0,5,False,True,True,True,44,False,1.0909090909090908
p05,reference,88,uncertainty,False,0,0,5,False,True,True,True,44,False,2.8636363636363638
p05,reference,167,uncertainty,False,0,0,5,False,True,True,True,44,False,2.8636363636363638
p05,reference,183,uncertainty,False,0,0,5,False,True,True,True,44,False,2.090909090909091
p05,reference,24,uncertainty,False,0,0,5,False,True,True,True,44,False,2.8636363636363638
p05,reference,128,uncertainty,False,0,0,5,False,True,True,True,44,False,2.727272727272727
p05,reference,120,uncertainty,False,0,0,5,False,True,True,True,44,False,2.8636363636363638
p05,reference,45,uncertainty,False,0,0,5,False,True,True,True,44,False,2.8636363636363638
p05,reference,86,uncertainty,False,0,0,5,False,True,True,True,44,False,1.1363636363636365
p05,reference,156,uncertainty,False,0,0,5,False,True,True,True,44,False,2.3636363636363638
p05,reference,98,uncertainty,False,0,0,5,False,True,True,True,44,False,2.909090909090909
p05,reference,92,uncertainty,False,0,0,5,False,True,True,True,44,False,2.8636363636363638
p05,reference,95,uncertainty,False,0,0,5,False,True,True,True,44,False,2.8181818181818183
p05,reference,101,uncertainty,False,0,0,5,False,True,True,True,44,False,2.772727272727273
p05,reference,47,uncertainty,False,0,0,5,False,True,True,True,44,False,2.5454545454545454
p05,reference,25,uncertainty,False,0,0,5,False,True,True,True,44,False,1.6363636363636365
p05,reference,121,uncertainty,False,0,0,5,False,True,True,True,44,False,1.2727272727272727
p05,reference,41,uncertainty,False,0,0,5,False,True,True,True,44,False,2.8636363636363638
p05,reference,99,uncertainty,False,0,0,5,False,True,True,True,44,False,2.909090909090909
p05,reference,27,uncertainty,False,0,0,5,False,True,True,True,44,False,2.772727272727273
p05,reference,140,uncertainty,False,0,0,5,False,True,True,True,44,False,2.1363636363636362
p05,reference,81,uncertainty,True,2,2,3,True,False,True,True,44,False,2.5454545454545454
p05,reference,144,uncertainty,False,0,0,5,False,True,True,True,44,False,2.8636363636363638
p05,reference,108,uncertainty,False,0,0,5,False,True,True,True,44,False,2.0454545454545454
p05,reference,85,uncertainty,False,0,0,5,False,True,True,True,44,False,2.909090909090909
p05,reference,152,uncertainty,False,0,0,5,False,True,True,True,44,False,2.227272727272727
p05,reference,15,uncertainty,False,0,0,5,False,True,True,True,44,False,2.5
p05,reference,89,uncertainty,False,0,0,5,False,True,True,True,44,False,2.8636363636363638
p05,reference,116,uncertainty,False,0,0,5,False,True,True,True,44,False,2.8636363636363638
p05,reference,138,uncertainty,False,0,0,5,False,True,True,True,44,False,2.090909090909091
p05,reference,154,uncertainty,False,0,0,5,False,True,True,True,44,False,2.5454545454545454
p05,reference,104,uncertainty,False,0,0,5,False,True,True,True,44,False,2.5
p05,reference,131,uncertainty,False,0,0,5,False,True,True,True,44,False,2.5
p05,reference,129,uncertainty,False,0,0,5,False,True,True,True,44,False,2.909090909090909
p05,reference,96,uncertainty,False,0,0,5,False,True,True,True,44,False,2.8181818181818183
p05,reference,44,uncertainty,False,0,0,5,False,True,True,True,44,False,2.909090909090909
p05,reference,46,uncertainty,False,0,0,5,False,True,True,True,44,False,1.2272727272727273
p05,reference,159,low_score,False,0,0,5,False,False,False,False,13,False,0.0
p05,reference,42,low_score,False,0,0,5,False,False,False,False,12,False,0.0
p05,reference,64,low_score,False,0,0,5,False,False,False,False,5,False,0.0
p05,reference,12,low_score,False,0,0,5,False,False,False,False,7,False,0.0
p05,reference,160,low_score,False,0,0,5,False,False,False,False,14,False,0.0
p05,reference,155,low_score,False,0,0,5,False,False,False,False,10,False,0.0
p05,reference,11,low_score,False,0,0,5,False,False,False,False,12,False,0.0
p05,reference,124,low_score,False,0,0,5,False,False,False,False,8,False,0.0
p05,reference,169,low_score,False,0,0,5,False,False,False,False,13,False,0.0
p05,reference,106,low_score,False,0,0,5,False,False,False,False,13,False,0.0
p05,reference,157,low_score,False,0,0,5,False,False,False,False,9,False,0.0
p05,reference,126,low_score,False,0,0,5,False,False,False,False,16,False,0.0
p05,reference,55,low_score,False,0,0,5,False,False,False,False,9,False,0.0
p05,reference,113,low_score,False,0,0,5,False,False,False,False,11,False,0.0
p05,reference,158,low_score,False,0,0,5,False,False,False,False,12,False,0.0
p05,reference,165,low_score,False,0,0,5,False,False,False,False,16,False,0.0
p05,reference,178,low_score,False,0,0,5,False,False,False,False,10,False,0.0
p05,reference,133,low_score,False,0,0,5,False,False,False,False,5,False,0.0
p05,reference,78,low_score,False,0,0,5,False,False,False,False,11,False,0.0
p05,reference,70,low_score,False,0,0,5,False,False,False,False,16,False,0.0
p05,reference,176,low_score,False,0,0,5,False,False,False,False,11,False,0.0
p05,reference,17,low_score,False,0,0,5,False,False,False,False,11,False,0.0
p05,reference,136,low_score,False,0,0,5,False,False,False,False,15,False,0.0
p05,reference,76,low_score,False,0,0,5,False,False,False,False,21,False,0.0
p05,reference,82,low_score,False,0,0,5,False,False,False,False,9,False,0.0
p05,reference,114,low_score,False,0,0,5,False,False,False,False,13,False,0.0
p05,reference,168,low_score,False,0,0,5,False,False,False,False,8,False,0.0
p05,reference,28,low_score,False,0,0,5,False,False,False,False,10,False,0.0
p05,reference,39,low_score,False,0,0,5,False,False,False,False,8,False,0.0
p05,reference,50,low_score,False,0,0,5,False,False,False,False,7,False,0.0
p05,reference,61,low_score,False,0,0,5,False,False,False,False,9,False,0.0
p05,reference,100,low_score,False,0,0,5,False,False,False,False,16,False,0.0
p05,reference,130,low_score,False,0,0,5,False,False,False,False,15,False,0.0
p05,reference,141,low_score,False,0,0,5,False,False,False,False,16,False,0.0
p05,reference,53,low_score,False,0,0,5,False,False,False,False,17,False,0.0
p05,reference,73,low_score,False,0,0,5,False,False,False,False,9,False,0.0
p05,reference,9,low_score,False,0,0,5,False,False,False,False,8,False,0.0
p05,reference,6,low_score,False,0,0,5,False,False,False,False,7,False,0.0
p05,reference,31,low_score,False,0,0,5,False,False,False,False,10,False,0.0
p05,reference,94,low_score,False,0,0,5,False,False,False,False,13,False,0.0
p05,reference,58,low_score,False,0,0,5,False,False,False,False,14,False,0.0
p05,reference,177,low_score,False,0,0,5,False,False,False,False,12,False,0.0
p05,reference,48,low_score,False,0,0,5,False,False,False,False,14,False,0.0
p05,reference,164,low_score,False,0,0,5,False,False,False,False,13,False,0.0
p05,reference,67,low_score,False,0,0,5,False,False,False,False,14,False,0.0
p05,reference,118,low_score,False,0,0,5,False,False,False,False,17,False,0.0
p05,reference,79,low_score,False,0,0,5,False,False,False,False,5,False,0.0
p05,reference,122,low_score,False,0,0,5,False,False,False,False,17,False,0.0
p05,reference,54,low_score,False,0,0,5,False,False,False,False,8,False,0.0
p05,reference,151,low_score,False,0,0,5,False,False,False,False,16,False,0.0
p05,reference,103,low_score,False,0,0,5,False,False,False,False,11,False,0.0
p05,reference,137,low_score,False,0,0,5,False,False,False,False,15,False,0.0
p05,reference,132,low_score,False,0,0,5,False,False,False,False,11,False,0.0
p05,reference,143,low_score,False,0,0,5,False,False,False,False,17,False,0.0
p05,reference,107,low_score,False,0,0,5,False,False,False,False,12,False,0.0
p05,reference,119,low_score,False,0,0,5,False,False,False,False,9,False,0.0
p05,reference,109,low_score,False,0,0,5,False,False,False,False,11,False,0.0
p05,reference,84,low_score,False,0,0,5,False,False,False,False,5,False,0.0
p05,reference,135,low_score,False,0,0,5,False,False,False,False,13,False,0.0
p05,reference,125,low_score,False,0,0,5,False,False,False,False,13,False,0.0
p05,reference,161,low_score,False,0,0,5,False,False,False,False,15,False,0.0
p05,reference,4,low_score,False,0,0,5,False,False,False,False,15,False,0.0
p05,reference,72,low_score,False,0,0,4,False,False,False,False,4,False,0.0
p05,reference,68,low_score,False,0,0,5,False,False,False,False,12,False,0.0
p05,reference,175,low_score,False,0,0,5,False,False,False,False,14,False,0.0
p05,reference,182,low_score,False,0,0,5,False,False,False,False,9,False,0.0
p05,reference,134,low_score,False,0,0,5,False,False,False,False,15,False,0.0
p05,reference,105,low_score,False,0,0,5,False,False,False,False,10,False,0.0
p05,reference,43,low_score,False,0,0,5,False,False,False,False,10,False,0.0
p05,reference,139,low_score,False,0,0,5,False,False,False,False,14,False,0.0
p05,reference,3,low_score,False,0,0,5,False,False,False,False,9,False,0.0
p05,reference,62,low_score,False,0,0,5,False,False,False,False,9,False,0.0
p05,reference,5,low_score,False,0,0,5,False,False,False,False,9,False,0.0
p05,reference,66,low_score,False,0,0,5,False,False,False,False,7,False,0.0
p05,reference,180,low_score,False,0,0,5,False,False,False,False,17,False,0.0
p05,reference,30,low_score,False,0,0,5,False,False,False,False,6,False,0.0
p05,reference,149,low_score,False,0,0,5,False,False,False,False,12,False,0.0
p05,reference,110,low_score,False,0,0,5,False,False,False,False,9,False,0.0
p05,reference,13,low_score,False,0,0,5,False,False,False,False,15,False,0.0
p05,reference,7,low_score,False,0,0,5,False,False,False,False,15,False,0.0
p05,reference,87,low_score,False,0,0,5,False,False,False,False,10,False,0.0
p05,reference,150,low_score,False,0,0,5,False,False,False,False,15,False,0.0
p05,reference,179,low_score,False,0,0,5,False,False,False,False,18,False,0.0
p05,reference,181,low_score,False,0,0,5,False,False,False,False,11,False,0.0
p05,reference,148,low_score,False,0,0,5,False,False,False,False,15,False,0.0
p05,reference,162,low_score,False,0,0,5,False,False,False,False,20,False,0.0
p05,reference,102,low_score,False,0,0,5,False,False,False,False,11,False,0.0
p05,reference,56,low_score,False,0,0,5,False,False,False,False,5,False,0.0
p05,reference,19,low_score,False,0,0,5,False,False,False,False,11,False,0.0
p05,reference,112,low_score,False,0,0,5,False,False,False,False,11,False,0.0
p05,reference,40,low_score,False,0,0,5,False,False,False,False,6,False,0.0
p05,reference,22,low_score,False,0,0,5,False,False,False,False,16,False,0.0
p05,reference,88,low_score,False,0,0,5,False,False,False,False,10,False,0.0
p05,reference,167,low_score,False,0,0,5,False,False,False,False,12,False,0.0
p05,reference,183,low_score,False,0,0,5,False,False,False,False,15,False,0.0
p05,reference,24,low_score,False,0,0,5,False,False,False,False,9,False,0.0
p05,reference,128,low_score,False,0,0,5,False,False,False,False,13,False,0.0
p05,reference,120,low_score,False,0,0,5,False,False,False,False,10,False,0.0
p05,reference,45,low_score,False,0,0,5,False,False,False,False,8,False,0.0
p05,reference,86,low_score,False,0,0,5,False,False,False,False,17,False,0.0
p05,reference,156,low_score,False,0,0,5,False,False,False,False,16,False,0.0
p05,reference,98,low_score,False,0,0,5,False,False,False,False,11,False,0.0
p05,reference,92,low_score,False,0,0,5,False,False,False,False,12,False,0.0
p05,reference,95,low_score,False,0,0,5,False,False,False,False,14,False,0.0
p05,reference,101,low_score,False,0,0,5,False,False,False,False,15,False,0.0
p05,reference,47,low_score,False,0,0,5,False,False,False,False,8,False,0.0
p05,reference,25,low_score,False,0,0,5,False,False,False,False,11,False,0.0
p05,reference,121,low_score,False,0,0,5,False,False,False,False,12,False,0.0
p05,reference,41,low_score,False,0,0,5,False,False,False,False,9,False,0.0
p05,reference,99,low_score,False,0,0,5,False,False,False,False,8,False,0.0
p05,reference,27,low_score,False,0,0,5,False,False,False,False,13,False,0.0
p05,reference,140,low_score,False,0,0,5,False,False,False,False,17,False,0.0
p05,reference,81,low_score,False,0,0,3,False,False,False,False,3,False,0.0
p05,reference,144,low_score,False,0,0,5,False,False,False,False,8,False,0.0
p05,reference,108,low_score,False,0,0,5,False,False,False,False,12,False,0.0
p05,reference,85,low_score,False,0,0,5,False,False,False,False,6,False,0.0
p05,reference,152,low_score,False,0,0,5,False,False,False,False,17,False,0.0
p05,reference,15,low_score,False,0,0,5,False,False,False,False,11,False,0.0
p05,reference,89,low_score,False,0,0,5,False,False,False,False,13,False,0.0
p05,reference,116,low_score,False,0,0,5,False,False,False,False,10,False,0.0
p05,reference,138,low_score,False,0,0,5,False,False,False,False,14,False,0.0
p05,reference,154,low_score,False,0,0,5,False,False,False,False,8,False,0.0
p05,reference,104,low_score,False,0,0,5,False,False,False,False,14,False,0.0
p05,reference,131,low_score,False,0,0,5,False,False,False,False,18,False,0.0
p05,reference,129,low_score,False,0,0,5,False,False,False,False,7,False,0.0
p05,reference,96,low_score,False,0,0,5,False,False,False,False,10,False,0.0
p05,reference,44,low_score,False,0,0,5,False,False,False,False,7,False,0.0
p05,reference,46,low_score,False,0,0,5,False,False,False,False,12,False,0.0
p05,complete_cohort,2,uncertainty,False,0,0,5,False,True,True,True,44,False,2.8636363636363638
p05,complete_cohort,3,uncertainty,False,0,0,5,False,True,True,True,44,False,1.2272727272727273
p05,complete_cohort,4,uncertainty,False,0,0,5,False,True,True,True,44,False,2.3636363636363638
p05,complete_cohort,5,uncertainty,False,0,0,5,False,True,True,True,44,False,2.8636363636363638
p05,complete_cohort,6,uncertainty,False,0,0,5,False,True,True,True,44,False,2.909090909090909
p05,complete_cohort,7,uncertainty,False,0,0,5,False,True,True,True,44,False,1.2727272727272727
p05,complete_cohort,9,uncertainty,False,0,0,5,False,True,True,True,44,False,2.8636363636363638
p05,complete_cohort,11,uncertainty,False,0,0,5,False,True,True,True,44,False,1.3636363636363635
p05,complete_cohort,12,uncertainty,False,0,0,5,False,True,True,True,44,False,2.8636363636363638
p05,complete_cohort,13,uncertainty,False,0,0,5,False,True,True,True,44,False,2.5454545454545454
p05,complete_cohort,14,uncertainty,False,0,0,5,False,True,True,True,44,False,1.1818181818181819
p05,complete_cohort,15,uncertainty,False,0,0,5,False,True,True,True,44,False,2.5
p05,complete_cohort,17,uncertainty,False,0,0,5,False,True,True,True,44,False,2.5454545454545454
p05,complete_cohort,19,uncertainty,False,0,0,5,False,True,True,True,44,False,2.5454545454545454
p05,complete_cohort,20,uncertainty,False,0,0,5,False,True,True,True,44,False,2.272727272727273
p05,complete_cohort,21,uncertainty,False,0,0,5,False,True,True,True,44,False,2.4545454545454546
p05,complete_cohort,22,uncertainty,False,0,0,5,False,True,True,True,44,False,1.0909090909090908
p05,complete_cohort,23,uncertainty,False,0,0,5,False,True,True,True,44,False,1.8181818181818181
p05,complete_cohort,24,uncertainty,False,0,0,5,False,True,True,True,44,False,2.8636363636363638
p05,complete_cohort,25,uncertainty,False,0,0,5,False,True,True,True,44,False,1.6363636363636365
p05,complete_cohort,27,uncertainty,False,0,0,5,False,True,True,True,44,False,2.772727272727273
p05,complete_cohort,28,uncertainty,False,0,0,5,False,True,True,True,44,False,2.8636363636363638
p05,complete_cohort,29,uncertainty,False,0,0,5,False,True,True,True,44,False,2.8636363636363638
p05,complete_cohort,30,uncertainty,False,0,0,5,False,True,True,True,44,False,2.909090909090909
p05,complete_cohort,31,uncertainty,False,0,0,5,False,True,True,True,44,False,2.8636363636363638
p05,complete_cohort,39,uncertainty,False,0,0,5,False,True,True,True,44,False,2.5454545454545454
p05,complete_cohort,40,uncertainty,False,0,0,5,False,True,True,True,44,False,2.5454545454545454
p05,complete_cohort,41,uncertainty,False,0,0,5,False,True,True,True,44,False,2.8636363636363638
p05,complete_cohort,42,uncertainty,False,0,0,5,False,True,True,True,44,False,2.8181818181818183
p05,complete_cohort,43,uncertainty,False,0,0,5,False,True,True,True,44,False,2.8636363636363638
p05,complete_cohort,44,uncertainty,False,0,0,5,False,True,True,True,44,False,2.909090909090909
p05,complete_cohort,45,uncertainty,False,0,0,5,False,True,True,True,44,False,2.8636363636363638
p05,complete_cohort,46,uncertainty,False,0,0,5,False,True,True,True,44,False,1.2272727272727273
p05,complete_cohort,47,uncertainty,False,0,0,5,False,True,True,True,44,False,2.5454545454545454
p05,complete_cohort,48,uncertainty,False,0,0,5,False,True,True,True,44,False,2.5454545454545454
p05,complete_cohort,50,uncertainty,False,0,0,5,False,True,True,True,44,False,2.8636363636363638
p05,complete_cohort,51,uncertainty,False,0,0,5,False,True,True,True,44,False,0.8636363636363636
p05,complete_cohort,52,uncertainty,False,0,0,5,False,True,True,True,44,False,1.2272727272727273
p05,complete_cohort,53,uncertainty,False,0,0,5,False,True,True,True,44,False,1.3636363636363635
p05,complete_cohort,54,uncertainty,False,0,0,5,False,True,True,True,44,False,2.909090909090909
p05,complete_cohort,55,uncertainty,False,0,0,5,False,True,True,True,44,False,2.5454545454545454
p05,complete_cohort,56,uncertainty,False,0,0,5,False,True,True,True,44,False,2.909090909090909
p05,complete_cohort,58,uncertainty,False,0,0,5,False,True,True,True,44,False,2.8181818181818183
p05,complete_cohort,59,uncertainty,False,0,0,5,False,True,True,True,44,False,2.909090909090909
p05,complete_cohort,61,uncertainty,False,0,0,5,False,True,True,True,44,False,2.8636363636363638
p05,complete_cohort,62,uncertainty,False,0,0,5,False,True,True,True,44,False,2.909090909090909
p05,complete_cohort,63,uncertainty,False,0,0,5,False,True,True,True,44,False,2.8636363636363638
p05,complete_cohort,64,uncertainty,False,0,0,5,False,True,True,True,44,False,2.909090909090909
p05,complete_cohort,66,uncertainty,False,0,0,5,False,True,True,True,44,False,2.909090909090909
p05,complete_cohort,67,uncertainty,False,0,0,5,False,True,True,True,44,False,2.8181818181818183
p05,complete_cohort,68,uncertainty,False,0,0,5,False,True,True,True,44,False,2.8636363636363638
p05,complete_cohort,70,uncertainty,False,0,0,5,False,True,True,True,44,False,2.409090909090909
p05,complete_cohort,71,uncertainty,False,0,0,5,False,True,True,True,44,False,2.5454545454545454
p05,complete_cohort,72,uncertainty,True,1,1,4,True,False,True,True,44,False,2.090909090909091
p05,complete_cohort,73,uncertainty,False,0,0,5,False,True,True,True,44,False,2.4545454545454546
p05,complete_cohort,74,uncertainty,False,0,0,5,False,True,True,True,44,False,2.409090909090909
p05,complete_cohort,76,uncertainty,False,0,0,5,False,False,False,True,44,False,0.9090909090909091
p05,complete_cohort,77,uncertainty,False,0,0,5,True,True,True,True,44,False,1.8636363636363635
p05,complete_cohort,78,uncertainty,False,0,0,5,False,True,True,True,44,False,2.8181818181818183
p05,complete_cohort,79,uncertainty,False,0,0,5,False,False,True,True,44,False,2.5454545454545454
p05,complete_cohort,80,uncertainty,False,0,0,5,False,True,True,True,44,False,2.3636363636363638
p05,complete_cohort,81,uncertainty,True,2,2,3,True,False,True,True,44,False,2.5454545454545454
p05,complete_cohort,82,uncertainty,False,0,0,5,True,True,True,True,44,False,1.9545454545454546
p05,complete_cohort,83,uncertainty,False,0,0,5,False,True,True,True,44,False,2.909090909090909
p05,complete_cohort,84,uncertainty,False,0,0,5,False,False,True,True,44,False,2.5454545454545454
p05,complete_cohort,85,uncertainty,False,0,0,5,False,True,True,True,44,False,2.909090909090909
p05,complete_cohort,86,uncertainty,False,0,0,5,False,True,True,True,44,False,1.1363636363636365
p05,complete_cohort,87,uncertainty,False,0,0,5,False,True,True,True,44,False,1.7272727272727273
p05,complete_cohort,88,uncertainty,False,0,0,5,False,True,True,True,44,False,2.8636363636363638
p05,complete_cohort,89,uncertainty,False,0,0,5,False,True,True,True,44,False,2.8636363636363638
p05,complete_cohort,90,uncertainty,False,0,0,5,False,True,True,True,44,False,0.8181818181818182
p05,complete_cohort,91,uncertainty,False,0,0,5,False,True,True,True,44,False,1.0454545454545454
p05,complete_cohort,92,uncertainty,False,0,0,5,False,True,True,True,44,False,2.8636363636363638
p05,complete_cohort,93,uncertainty,False,0,0,5,False,True,True,True,44,False,2.5454545454545454
p05,complete_cohort,94,uncertainty,False,0,0,5,False,True,True,True,44,False,2.772727272727273
p05,complete_cohort,95,uncertainty,False,0,0,5,False,True,True,True,44,False,2.8181818181818183
p05,complete_cohort,96,uncertainty,False,0,0,5,False,True,True,True,44,False,2.8181818181818183
p05,complete_cohort,97,uncertainty,False,0,0,5,False,True,True,True,44,False,2.8636363636363638
p05,complete_cohort,98,uncertainty,False,0,0,5,False,True,True,True,44,False,2.909090909090909
p05,complete_cohort,99,uncertainty,False,0,0,5,False,True,True,True,44,False,2.909090909090909
p05,complete_cohort,100,uncertainty,False,0,0,5,False,True,True,True,44,False,2.1818181818181817
p05,complete_cohort,101,uncertainty,False,0,0,5,False,True,True,True,44,False,2.772727272727273
p05,complete_cohort,102,uncertainty,False,0,0,5,False,True,True,True,44,False,2.1818181818181817
p05,complete_cohort,103,uncertainty,False,0,0,5,False,True,True,True,44,False,2.8636363636363638
p05,complete_cohort,104,uncertainty,False,0,0,5,False,True,True,True,44,False,2.5
p05,complete_cohort,105,uncertainty,False,0,0,5,False,True,True,True,44,False,2.5
p05,complete_cohort,106,uncertainty,False,0,0,5,False,True,True,True,44,False,2.8181818181818183
p05,complete_cohort,107,uncertainty,False,0,0,5,False,True,True,True,44,False,2.8636363636363638
p05,complete_cohort,108,uncertainty,False,0,0,5,False,True,True,True,44,False,2.0454545454545454
p05,complete_cohort,109,uncertainty,False,0,0,5,False,True,True,True,44,False,1.8181818181818181
p05,complete_cohort,110,uncertainty,False,0,0,5,False,True,True,True,44,False,2.909090909090909
p05,complete_cohort,111,uncertainty,False,0,0,5,False,True,True,True,44,False,2.5454545454545454
p05,complete_cohort,112,uncertainty,False,0,0,5,False,True,True,True,44,False,2.1818181818181817
p05,complete_cohort,113,uncertainty,False,0,0,5,False,True,True,True,44,False,2.8636363636363638
p05,complete_cohort,114,uncertainty,False,0,0,5,False,True,True,True,44,False,2.772727272727273
p05,complete_cohort,115,uncertainty,False,0,0,5,False,True,True,True,44,False,2.8636363636363638
p05,complete_cohort,116,uncertainty,False,0,0,5,False,True,True,True,44,False,2.8636363636363638
p05,complete_cohort,117,uncertainty,False,0,0,5,False,True,True,True,44,False,1.5909090909090908
p05,complete_cohort,118,uncertainty,False,0,0,5,False,True,True,True,44,False,1.3636363636363635
p05,complete_cohort,119,uncertainty,False,0,0,5,False,True,True,True,44,False,1.4545454545454546
p05,complete_cohort,120,uncertainty,False,0,0,5,False,True,True,True,44,False,2.8636363636363638
p05,complete_cohort,121,uncertainty,False,0,0,5,False,True,True,True,44,False,1.2727272727272727
p05,complete_cohort,122,uncertainty,False,0,0,5,False,True,True,True,44,False,2.3636363636363638
p05,complete_cohort,123,uncertainty,False,0,0,5,False,True,True,True,44,False,2.8636363636363638
p05,complete_cohort,124,uncertainty,False,0,0,5,False,True,True,True,44,False,2.5454545454545454
p05,complete_cohort,125,uncertainty,False,0,0,5,False,True,True,True,44,False,2.772727272727273
p05,complete_cohort,126,uncertainty,False,0,0,5,False,True,True,True,44,False,2.5454545454545454
p05,complete_cohort,127,uncertainty,False,0,0,5,False,True,True,True,44,False,1.0
p05,complete_cohort,128,uncertainty,False,0,0,5,False,True,True,True,44,False,2.727272727272727
p05,complete_cohort,129,uncertainty,False,0,0,5,False,True,True,True,44,False,2.909090909090909
p05,complete_cohort,130,uncertainty,False,0,0,5,False,True,True,True,44,False,2.727272727272727
p05,complete_cohort,131,uncertainty,False,0,0,5,False,True,True,True,44,False,2.5
p05,complete_cohort,132,uncertainty,False,0,0,5,False,True,True,True,44,False,2.5454545454545454
p05,complete_cohort,133,uncertainty,False,0,0,5,False,True,True,True,44,False,2.909090909090909
p05,complete_cohort,134,uncertainty,False,0,0,5,False,True,True,True,44,False,2.590909090909091
p05,complete_cohort,135,uncertainty,False,0,0,5,False,True,True,True,44,False,2.4545454545454546
p05,complete_cohort,136,uncertainty,False,0,0,5,False,True,True,True,44,False,2.272727272727273
p05,complete_cohort,137,uncertainty,False,0,0,5,False,True,True,True,44,False,2.590909090909091
p05,complete_cohort,138,uncertainty,False,0,0,5,False,True,True,True,44,False,2.090909090909091
p05,complete_cohort,139,uncertainty,False,0,0,5,False,True,True,True,44,False,2.727272727272727
p05,complete_cohort,140,uncertainty,False,0,0,5,False,True,True,True,44,False,2.1363636363636362
p05,complete_cohort,141,uncertainty,False,0,0,5,False,True,True,True,44,False,2.3636363636363638
p05,complete_cohort,142,uncertainty,False,0,0,5,False,True,True,True,44,False,1.9545454545454546
p05,complete_cohort,143,uncertainty,False,0,0,5,False,True,True,True,44,False,1.0
p05,complete_cohort,144,uncertainty,False,0,0,5,False,True,True,True,44,False,2.8636363636363638
p05,complete_cohort,147,uncertainty,False,0,0,5,False,True,True,True,44,False,0.9090909090909091
p05,complete_cohort,148,uncertainty,False,0,0,5,False,True,True,True,44,False,2.6818181818181817
p05,complete_cohort,149,uncertainty,False,0,0,5,False,True,True,True,44,False,2.1818181818181817
p05,complete_cohort,150,uncertainty,False,0,0,5,False,True,True,True,44,False,2.590909090909091
p05,complete_cohort,151,uncertainty,False,0,0,5,False,True,True,True,44,False,1.4545454545454546
p05,complete_cohort,152,uncertainty,False,0,0,5,False,True,True,True,44,False,2.227272727272727
p05,complete_cohort,153,uncertainty,False,0,0,5,False,True,True,True,44,False,2.5454545454545454
p05,complete_cohort,154,uncertainty,False,0,0,5,False,True,True,True,44,False,2.5454545454545454
p05,complete_cohort,155,uncertainty,False,0,0,5,False,True,True,True,44,False,2.8636363636363638
p05,complete_cohort,156,uncertainty,False,0,0,5,False,True,True,True,44,False,2.3636363636363638
p05,complete_cohort,157,uncertainty,False,0,0,5,False,True,True,True,44,False,2.090909090909091
p05,complete_cohort,158,uncertainty,False,0,0,5,False,True,True,True,44,False,2.909090909090909
p05,complete_cohort,159,uncertainty,False,0,0,5,False,True,True,True,44,False,2.772727272727273
p05,complete_cohort,160,uncertainty,False,0,0,5,False,True,True,True,44,False,2.4545454545454546
p05,complete_cohort,161,uncertainty,False,0,0,5,False,True,True,True,44,False,2.6363636363636362
p05,complete_cohort,162,uncertainty,False,0,0,5,False,False,False,True,44,False,1.8181818181818181
p05,complete_cohort,163,uncertainty,False,0,0,5,False,True,True,True,44,False,1.9090909090909092
p05,complete_cohort,164,uncertainty,False,0,0,5,False,True,True,True,44,False,2.1818181818181817
p05,complete_cohort,165,uncertainty,False,0,0,5,False,True,True,True,44,False,2.3181818181818183
p05,complete_cohort,166,uncertainty,False,0,0,5,False,True,True,True,44,False,0.9545454545454546
p05,complete_cohort,167,uncertainty,False,0,0,5,False,True,True,True,44,False,2.8636363636363638
p05,complete_cohort,168,uncertainty,False,0,0,5,False,True,True,True,44,False,2.5454545454545454
p05,complete_cohort,169,uncertainty,False,0,0,5,False,True,True,True,44,False,2.5454545454545454
p05,complete_cohort,170,uncertainty,False,0,0,5,False,True,True,True,44,False,2.5454545454545454
p05,complete_cohort,172,uncertainty,False,0,0,5,False,True,True,True,44,False,2.8636363636363638
p05,complete_cohort,174,uncertainty,False,0,0,5,False,True,True,True,44,False,0.9090909090909091
p05,complete_cohort,175,uncertainty,False,0,0,5,False,True,True,True,44,False,2.3636363636363638
p05,complete_cohort,176,uncertainty,False,0,0,5,False,True,True,True,44,False,2.5454545454545454
p05,complete_cohort,177,uncertainty,False,0,0,5,False,True,True,True,44,False,2.8636363636363638
p05,complete_cohort,178,uncertainty,False,0,0,5,False,True,True,True,44,False,2.8636363636363638
p05,complete_cohort,179,uncertainty,False,0,0,5,False,True,True,True,44,False,1.6363636363636365
p05,complete_cohort,180,uncertainty,False,0,0,5,False,True,True,True,44,False,2.1363636363636362
p05,complete_cohort,181,uncertainty,False,0,0,5,False,True,True,True,44,False,2.8636363636363638
p05,complete_cohort,182,uncertainty,False,0,0,5,False,True,True,True,44,False,2.227272727272727
p05,complete_cohort,183,uncertainty,False,0,0,5,False,True,True,True,44,False,2.090909090909091
p05,complete_cohort,2,low_score,False,0,0,5,False,False,False,False,5,False,0.0
p05,complete_cohort,3,low_score,False,0,0,5,False,False,False,False,9,False,0.0
p05,complete_cohort,4,low_score,False,0,0,5,False,False,False,False,15,False,0.0
p05,complete_cohort,5,low_score,False,0,0,5,False,False,False,False,9,False,0.0
p05,complete_cohort,6,low_score,False,0,0,5,False,False,False,False,7,False,0.0
p05,complete_cohort,7,low_score,False,0,0,5,False,False,False,False,15,False,0.0
p05,complete_cohort,9,low_score,False,0,0,5,False,False,False,False,8,False,0.0
p05,complete_cohort,11,low_score,False,0,0,5,False,False,False,False,12,False,0.0
p05,complete_cohort,12,low_score,False,0,0,5,False,False,False,False,7,False,0.0
p05,complete_cohort,13,low_score,False,0,0,5,False,False,False,False,15,False,0.0
p05,complete_cohort,14,low_score,False,0,0,5,False,False,False,False,16,False,0.0
p05,complete_cohort,15,low_score,False,0,0,5,False,False,False,False,11,False,0.0
p05,complete_cohort,17,low_score,False,0,0,5,False,False,False,False,11,False,0.0
p05,complete_cohort,19,low_score,False,0,0,5,False,False,False,False,11,False,0.0
p05,complete_cohort,20,low_score,False,0,0,5,False,False,False,False,6,False,0.0
p05,complete_cohort,21,low_score,False,0,0,5,False,False,False,False,15,False,0.0
p05,complete_cohort,22,low_score,False,0,0,5,False,False,False,False,16,False,0.0
p05,complete_cohort,23,low_score,False,0,0,5,False,False,False,False,12,False,0.0
p05,complete_cohort,24,low_score,False,0,0,5,False,False,False,False,9,False,0.0
p05,complete_cohort,25,low_score,False,0,0,5,False,False,False,False,11,False,0.0
p05,complete_cohort,27,low_score,False,0,0,5,False,False,False,False,13,False,0.0
p05,complete_cohort,28,low_score,False,0,0,5,False,False,False,False,10,False,0.0
p05,complete_cohort,29,low_score,False,0,0,5,False,False,False,False,9,False,0.0
p05,complete_cohort,30,low_score,False,0,0,5,False,False,False,False,6,False,0.0
p05,complete_cohort,31,low_score,False,0,0,5,False,False,False,False,10,False,0.0
p05,complete_cohort,39,low_score,False,0,0,5,False,False,False,False,8,False,0.0
p05,complete_cohort,40,low_score,False,0,0,5,False,False,False,False,6,False,0.0
p05,complete_cohort,41,low_score,False,0,0,5,False,False,False,False,9,False,0.0
p05,complete_cohort,42,low_score,False,0,0,5,False,False,False,False,12,False,0.0
p05,complete_cohort,43,low_score,False,0,0,5,False,False,False,False,10,False,0.0
p05,complete_cohort,44,low_score,False,0,0,5,False,False,False,False,7,False,0.0
p05,complete_cohort,45,low_score,False,0,0,5,False,False,False,False,8,False,0.0
p05,complete_cohort,46,low_score,False,0,0,5,False,False,False,False,12,False,0.0
p05,complete_cohort,47,low_score,False,0,0,5,False,False,False,False,8,False,0.0
p05,complete_cohort,48,low_score,False,0,0,5,False,False,False,False,14,False,0.0
p05,complete_cohort,50,low_score,False,0,0,5,False,False,False,False,7,False,0.0
p05,complete_cohort,51,low_score,False,0,0,5,False,False,False,False,17,False,0.0
p05,complete_cohort,52,low_score,False,0,0,5,False,False,False,False,15,False,0.0
p05,complete_cohort,53,low_score,False,0,0,5,False,False,False,False,17,False,0.0
p05,complete_cohort,54,low_score,False,0,0,5,False,False,False,False,8,False,0.0
p05,complete_cohort,55,low_score,False,0,0,5,False,False,False,False,9,False,0.0
p05,complete_cohort,56,low_score,False,0,0,5,False,False,False,False,5,False,0.0
p05,complete_cohort,58,low_score,False,0,0,5,False,False,False,False,14,False,0.0
p05,complete_cohort,59,low_score,False,0,0,5,False,False,False,False,6,False,0.0
p05,complete_cohort,61,low_score,False,0,0,5,False,False,False,False,9,False,0.0
p05,complete_cohort,62,low_score,False,0,0,5,False,False,False,False,9,False,0.0
p05,complete_cohort,63,low_score,False,0,0,5,False,False,False,False,6,False,0.0
p05,complete_cohort,64,low_score,False,0,0,5,False,False,False,False,5,False,0.0
p05,complete_cohort,66,low_score,False,0,0,5,False,False,False,False,7,False,0.0
p05,complete_cohort,67,low_score,False,0,0,5,False,False,False,False,14,False,0.0
p05,complete_cohort,68,low_score,False,0,0,5,False,False,False,False,12,False,0.0
p05,complete_cohort,70,low_score,False,0,0,5,False,False,False,False,16,False,0.0
p05,complete_cohort,71,low_score,False,0,0,5,False,False,False,False,11,False,0.0
p05,complete_cohort,72,low_score,False,0,0,4,False,False,False,False,4,False,0.0
p05,complete_cohort,73,low_score,False,0,0,5,False,False,False,False,9,False,0.0
p05,complete_cohort,74,low_score,False,0,0,5,False,False,False,False,15,False,0.0
p05,complete_cohort,76,low_score,False,0,0,5,False,False,False,False,21,False,0.0
p05,complete_cohort,77,low_score,False,0,0,5,False,False,False,False,12,False,0.0
p05,complete_cohort,78,low_score,False,0,0,5,False,False,False,False,11,False,0.0
p05,complete_cohort,79,low_score,False,0,0,5,False,False,False,False,5,False,0.0
p05,complete_cohort,80,low_score,False,0,0,5,False,False,False,False,18,False,0.0
p05,complete_cohort,81,low_score,False,0,0,3,False,False,False,False,3,False,0.0
p05,complete_cohort,82,low_score,False,0,0,5,False,False,False,False,9,False,0.0
p05,complete_cohort,83,low_score,False,0,0,5,False,False,False,False,5,False,0.0
p05,complete_cohort,84,low_score,False,0,0,5,False,False,False,False,5,False,0.0
p05,complete_cohort,85,low_score,False,0,0,5,False,False,False,False,6,False,0.0
p05,complete_cohort,86,low_score,False,0,0,5,False,False,False,False,17,False,0.0
p05,complete_cohort,87,low_score,False,0,0,5,False,False,False,False,10,False,0.0
p05,complete_cohort,88,low_score,False,0,0,5,False,False,False,False,10,False,0.0
p05,complete_cohort,89,low_score,False,0,0,5,False,False,False,False,13,False,0.0
p05,complete_cohort,90,low_score,False,0,0,5,False,False,False,False,19,False,0.0
p05,complete_cohort,91,low_score,False,0,0,5,False,False,False,False,19,False,0.0
p05,complete_cohort,92,low_score,False,0,0,5,False,False,False,False,12,False,0.0
p05,complete_cohort,93,low_score,False,0,0,5,False,False,False,False,9,False,0.0
p05,complete_cohort,94,low_score,False,0,0,5,False,False,False,False,13,False,0.0
p05,complete_cohort,95,low_score,False,0,0,5,False,False,False,False,14,False,0.0
p05,complete_cohort,96,low_score,False,0,0,5,False,False,False,False,10,False,0.0
p05,complete_cohort,97,low_score,False,0,0,5,False,False,False,False,9,False,0.0
p05,complete_cohort,98,low_score,False,0,0,5,False,False,False,False,11,False,0.0
p05,complete_cohort,99,low_score,False,0,0,5,False,False,False,False,8,False,0.0
p05,complete_cohort,100,low_score,False,0,0,5,False,False,False,False,16,False,0.0
p05,complete_cohort,101,low_score,False,0,0,5,False,False,False,False,15,False,0.0
p05,complete_cohort,102,low_score,False,0,0,5,False,False,False,False,11,False,0.0
p05,complete_cohort,103,low_score,False,0,0,5,False,False,False,False,11,False,0.0
p05,complete_cohort,104,low_score,False,0,0,5,False,False,False,False,14,False,0.0
p05,complete_cohort,105,low_score,False,0,0,5,False,False,False,False,10,False,0.0
p05,complete_cohort,106,low_score,False,0,0,5,False,False,False,False,13,False,0.0
p05,complete_cohort,107,low_score,False,0,0,5,False,False,False,False,12,False,0.0
p05,complete_cohort,108,low_score,False,0,0,5,False,False,False,False,12,False,0.0
p05,complete_cohort,109,low_score,False,0,0,5,False,False,False,False,11,False,0.0
p05,complete_cohort,110,low_score,False,0,0,5,False,False,False,False,9,False,0.0
p05,complete_cohort,111,low_score,False,0,0,5,False,False,False,False,9,False,0.0
p05,complete_cohort,112,low_score,False,0,0,5,False,False,False,False,11,False,0.0
p05,complete_cohort,113,low_score,False,0,0,5,False,False,False,False,11,False,0.0
p05,complete_cohort,114,low_score,False,0,0,5,False,False,False,False,13,False,0.0
p05,complete_cohort,115,low_score,False,0,0,5,False,False,False,False,10,False,0.0
p05,complete_cohort,116,low_score,False,0,0,5,False,False,False,False,10,False,0.0
p05,complete_cohort,117,low_score,False,0,0,5,False,False,False,False,11,False,0.0
p05,complete_cohort,118,low_score,False,0,0,5,False,False,False,False,17,False,0.0
p05,complete_cohort,119,low_score,False,0,0,5,False,False,False,False,9,False,0.0
p05,complete_cohort,120,low_score,False,0,0,5,False,False,False,False,10,False,0.0
p05,complete_cohort,121,low_score,False,0,0,5,False,False,False,False,12,False,0.0
p05,complete_cohort,122,low_score,False,0,0,5,False,False,False,False,17,False,0.0
p05,complete_cohort,123,low_score,False,0,0,5,False,False,False,False,11,False,0.0
p05,complete_cohort,124,low_score,False,0,0,5,False,False,False,False,8,False,0.0
p05,complete_cohort,125,low_score,False,0,0,5,False,False,False,False,13,False,0.0
p05,complete_cohort,126,low_score,False,0,0,5,False,False,False,False,16,False,0.0
p05,complete_cohort,127,low_score,False,0,0,5,False,False,False,False,15,False,0.0
p05,complete_cohort,128,low_score,False,0,0,5,False,False,False,False,13,False,0.0
p05,complete_cohort,129,low_score,False,0,0,5,False,False,False,False,7,False,0.0
p05,complete_cohort,130,low_score,False,0,0,5,False,False,False,False,15,False,0.0
p05,complete_cohort,131,low_score,False,0,0,5,False,False,False,False,18,False,0.0
p05,complete_cohort,132,low_score,False,0,0,5,False,False,False,False,11,False,0.0
p05,complete_cohort,133,low_score,False,0,0,5,False,False,False,False,5,False,0.0
p05,complete_cohort,134,low_score,False,0,0,5,False,False,False,False,15,False,0.0
p05,complete_cohort,135,low_score,False,0,0,5,False,False,False,False,13,False,0.0
p05,complete_cohort,136,low_score,False,0,0,5,False,False,False,False,15,False,0.0
p05,complete_cohort,137,low_score,False,0,0,5,False,False,False,False,15,False,0.0
p05,complete_cohort,138,low_score,False,0,0,5,False,False,False,False,14,False,0.0
p05,complete_cohort,139,low_score,False,0,0,5,False,False,False,False,14,False,0.0
p05,complete_cohort,140,low_score,False,0,0,5,False,False,False,False,17,False,0.0
p05,complete_cohort,141,low_score,False,0,0,5,False,False,False,False,16,False,0.0
p05,complete_cohort,142,low_score,False,0,0,5,False,False,False,False,17,False,0.0
p05,complete_cohort,143,low_score,False,0,0,5,False,False,False,False,17,False,0.0
p05,complete_cohort,144,low_score,False,0,0,5,False,False,False,False,8,False,0.0
p05,complete_cohort,147,low_score,False,0,0,5,False,False,False,False,14,False,0.0
p05,complete_cohort,148,low_score,False,0,0,5,False,False,False,False,15,False,0.0
p05,complete_cohort,149,low_score,False,0,0,5,False,False,False,False,12,False,0.0
p05,complete_cohort,150,low_score,False,0,0,5,False,False,False,False,15,False,0.0
p05,complete_cohort,151,low_score,False,0,0,5,False,False,False,False,16,False,0.0
p05,complete_cohort,152,low_score,False,0,0,5,False,False,False,False,17,False,0.0
p05,complete_cohort,153,low_score,False,0,0,5,False,False,False,False,14,False,0.0
p05,complete_cohort,154,low_score,False,0,0,5,False,False,False,False,8,False,0.0
p05,complete_cohort,155,low_score,False,0,0,5,False,False,False,False,10,False,0.0
p05,complete_cohort,156,low_score,False,0,0,5,False,False,False,False,16,False,0.0
p05,complete_cohort,157,low_score,False,0,0,5,False,False,False,False,9,False,0.0
p05,complete_cohort,158,low_score,False,0,0,5,False,False,False,False,12,False,0.0
p05,complete_cohort,159,low_score,False,0,0,5,False,False,False,False,13,False,0.0
p05,complete_cohort,160,low_score,False,0,0,5,False,False,False,False,14,False,0.0
p05,complete_cohort,161,low_score,False,0,0,5,False,False,False,False,15,False,0.0
p05,complete_cohort,162,low_score,False,0,0,5,False,False,False,False,20,False,0.0
p05,complete_cohort,163,low_score,False,0,0,5,False,False,False,False,18,False,0.0
p05,complete_cohort,164,low_score,False,0,0,5,False,False,False,False,13,False,0.0
p05,complete_cohort,165,low_score,False,0,0,5,False,False,False,False,16,False,0.0
p05,complete_cohort,166,low_score,False,0,0,5,False,False,False,False,18,False,0.0
p05,complete_cohort,167,low_score,False,0,0,5,False,False,False,False,12,False,0.0
p05,complete_cohort,168,low_score,False,0,0,5,False,False,False,False,8,False,0.0
p05,complete_cohort,169,low_score,False,0,0,5,False,False,False,False,13,False,0.0
p05,complete_cohort,170,low_score,False,0,0,5,False,False,False,False,12,False,0.0
p05,complete_cohort,172,low_score,False,0,0,5,False,False,False,False,12,False,0.0
p05,complete_cohort,174,low_score,False,0,0,5,False,False,False,False,15,False,0.0
p05,complete_cohort,175,low_score,False,0,0,5,False,False,False,False,14,False,0.0
p05,complete_cohort,176,low_score,False,0,0,5,False,False,False,False,11,False,0.0
p05,complete_cohort,177,low_score,False,0,0,5,False,False,False,False,12,False,0.0
p05,complete_cohort,178,low_score,False,0,0,5,False,False,False,False,10,False,0.0
p05,complete_cohort,179,low_score,False,0,0,5,False,False,False,False,18,False,0.0
p05,complete_cohort,180,low_score,False,0,0,5,False,False,False,False,17,False,0.0
p05,complete_cohort,181,low_score,False,0,0,5,False,False,False,False,11,False,0.0
p05,complete_cohort,182,low_score,False,0,0,5,False,False,False,False,9,False,0.0
p05,complete_cohort,183,low_score,False,0,0,5,False,False,False,False,15,False,0.0
p10,demonstration,1,uncertainty,False,0,0,5,False,True,True,True,44,False,2.8636363636363638
p10,demonstration,2,uncertainty,False,0,0,5,False,True,True,True,44,False,2.8636363636363638
p10,demonstration,3,uncertainty,False,0,0,5,False,True,True,True,44,False,1.2727272727272727
p10,demonstration,4,uncertainty,False,0,0,5,False,True,True,True,44,False,2.8636363636363638
p10,demonstration,5,uncertainty,False,0,0,5,False,True,True,True,44,False,2.8636363636363638
p10,demonstration,6,uncertainty,False,0,0,5,False,True,True,True,44,False,1.7272727272727273
p10,demonstration,7,uncertainty,False,0,0,5,False,True,True,True,44,False,1.1363636363636365
p10,demonstration,8,uncertainty,False,0,0,5,False,True,True,True,44,False,0.8181818181818182
p10,demonstration,9,uncertainty,False,0,0,5,False,True,True,True,44,False,2.909090909090909
p10,demonstration,10,uncertainty,False,0,0,5,False,True,True,True,44,False,2.8636363636363638
p10,demonstration,1,low_score,False,0,0,5,False,False,False,False,5,False,0.0
p10,demonstration,2,low_score,False,0,0,5,False,False,False,False,9,False,0.0
p10,demonstration,3,low_score,False,0,0,5,False,False,False,False,15,False,0.0
p10,demonstration,4,low_score,False,0,0,5,False,False,False,False,7,False,0.0
p10,demonstration,5,low_score,False,0,0,5,False,False,False,False,8,False,0.0
p10,demonstration,6,low_score,False,0,0,5,False,False,False,False,10,False,0.0
p10,demonstration,7,low_score,False,0,0,5,False,False,False,False,17,False,0.0
p10,demonstration,8,low_score,False,0,0,5,False,False,False,False,19,False,0.0
p10,demonstration,9,low_score,False,0,0,5,False,False,False,False,5,False,0.0
p10,demonstration,10,low_score,False,0,0,5,False,False,False,False,12,False,0.0
p10,reference,159,uncertainty,False,0,0,5,False,True,True,True,44,False,2.772727272727273
p10,reference,42,uncertainty,False,0,0,5,False,True,True,True,44,False,2.8181818181818183
p10,reference,64,uncertainty,False,0,0,5,False,True,True,True,44,False,2.909090909090909
p10,reference,12,uncertainty,False,0,0,5,False,True,True,True,44,False,2.8636363636363638
p10,reference,160,uncertainty,False,0,0,5,False,True,True,True,44,False,2.4545454545454546
p10,reference,155,uncertainty,False,0,0,5,False,True,True,True,44,False,2.8636363636363638
p10,reference,11,uncertainty,False,0,0,5,False,True,True,True,44,False,1.3636363636363635
p10,reference,124,uncertainty,False,0,0,5,False,True,True,True,44,False,2.5454545454545454
p10,reference,169,uncertainty,False,0,0,5,False,True,True,True,44,False,2.5454545454545454
p10,reference,106,uncertainty,False,0,0,5,False,True,True,True,44,False,2.8181818181818183
p10,reference,157,uncertainty,False,0,0,5,False,True,True,True,44,False,2.090909090909091
p10,reference,126,uncertainty,False,0,0,5,False,True,True,True,44,False,2.5454545454545454
p10,reference,55,uncertainty,False,0,0,5,False,True,True,True,44,False,2.5454545454545454
p10,reference,113,uncertainty,False,0,0,5,False,True,True,True,44,False,2.8636363636363638
p10,reference,158,uncertainty,False,0,0,5,False,True,True,True,44,False,2.909090909090909
p10,reference,165,uncertainty,False,0,0,5,False,True,True,True,44,False,2.3181818181818183
p10,reference,178,uncertainty,False,0,0,5,False,True,True,True,44,False,2.8636363636363638
p10,reference,133,uncertainty,False,0,0,5,False,True,True,True,44,False,2.909090909090909
p10,reference,78,uncertainty,False,0,0,5,False,True,True,True,44,False,2.8181818181818183
p10,reference,70,uncertainty,False,0,0,5,False,True,True,True,44,False,2.409090909090909
p10,reference,176,uncertainty,False,0,0,5,False,True,True,True,44,False,2.5454545454545454
p10,reference,17,uncertainty,False,0,0,5,False,True,True,True,44,False,2.5454545454545454
p10,reference,136,uncertainty,False,0,0,5,False,True,True,True,44,False,2.272727272727273
p10,reference,76,uncertainty,False,0,0,5,False,False,False,True,44,False,0.9090909090909091
p10,reference,82,uncertainty,False,0,0,5,True,True,True,True,44,False,1.9545454545454546
p10,reference,114,uncertainty,False,0,0,5,False,True,True,True,44,False,2.772727272727273
p10,reference,168,uncertainty,False,0,0,5,False,True,True,True,44,False,2.5454545454545454
p10,reference,28,uncertainty,False,0,0,5,False,True,True,True,44,False,2.8636363636363638
p10,reference,39,uncertainty,False,0,0,5,False,True,True,True,44,False,2.5454545454545454
p10,reference,50,uncertainty,False,0,0,5,False,True,True,True,44,False,2.8636363636363638
p10,reference,61,uncertainty,False,0,0,5,False,True,True,True,44,False,2.8636363636363638
p10,reference,100,uncertainty,False,0,0,5,False,True,True,True,44,False,2.1818181818181817
p10,reference,130,uncertainty,False,0,0,5,False,True,True,True,44,False,2.727272727272727
p10,reference,141,uncertainty,False,0,0,5,False,True,True,True,44,False,2.3636363636363638
p10,reference,53,uncertainty,False,0,0,5,False,True,True,True,44,False,1.3636363636363635
p10,reference,73,uncertainty,False,0,0,5,False,True,True,True,44,False,2.4545454545454546
p10,reference,9,uncertainty,False,0,0,5,False,True,True,True,44,False,2.8636363636363638
p10,reference,6,uncertainty,False,0,0,5,False,True,True,True,44,False,2.909090909090909
p10,reference,31,uncertainty,False,0,0,5,False,True,True,True,44,False,2.8636363636363638
p10,reference,94,uncertainty,False,0,0,5,False,True,True,True,44,False,2.772727272727273
p10,reference,58,uncertainty,False,0,0,5,False,True,True,True,44,False,2.8181818181818183
p10,reference,177,uncertainty,False,0,0,5,False,True,True,True,44,False,2.8636363636363638
p10,reference,48,uncertainty,False,0,0,5,False,True,True,True,44,False,2.5454545454545454
p10,reference,164,uncertainty,False,0,0,5,False,True,True,True,44,False,2.1818181818181817
p10,reference,67,uncertainty,False,0,0,5,False,True,True,True,44,False,2.8181818181818183
p10,reference,118,uncertainty,False,0,0,5,False,True,True,True,44,False,1.3636363636363635
p10,reference,79,uncertainty,False,0,0,5,False,False,True,True,44,False,2.5454545454545454
p10,reference,122,uncertainty,False,0,0,5,False,True,True,True,44,False,2.3636363636363638
p10,reference,54,uncertainty,False,0,0,5,False,True,True,True,44,False,2.909090909090909
p10,reference,151,uncertainty,False,0,0,5,False,True,True,True,44,False,1.4545454545454546
p10,reference,103,uncertainty,False,0,0,5,False,True,True,True,44,False,2.8636363636363638
p10,reference,137,uncertainty,False,0,0,5,False,True,True,True,44,False,2.590909090909091
p10,reference,132,uncertainty,False,0,0,5,False,True,True,True,44,False,2.5454545454545454
p10,reference,143,uncertainty,False,0,0,5,False,True,True,True,44,False,1.0
p10,reference,107,uncertainty,False,0,0,5,False,True,True,True,44,False,2.8636363636363638
p10,reference,119,uncertainty,False,0,0,5,False,True,True,True,44,False,1.4545454545454546
p10,reference,109,uncertainty,False,0,0,5,False,True,True,True,44,False,1.8181818181818181
p10,reference,84,uncertainty,False,0,0,5,False,False,True,True,44,False,2.5454545454545454
p10,reference,135,uncertainty,False,0,0,5,False,True,True,True,44,False,2.4545454545454546
p10,reference,125,uncertainty,False,0,0,5,False,True,True,True,44,False,2.772727272727273
p10,reference,161,uncertainty,False,0,0,5,False,True,True,True,44,False,2.6363636363636362
p10,reference,4,uncertainty,False,0,0,5,False,True,True,True,44,False,2.3636363636363638
p10,reference,72,uncertainty,True,1,1,4,True,False,True,True,44,False,2.090909090909091
p10,reference,68,uncertainty,False,0,0,5,False,True,True,True,44,False,2.8636363636363638
p10,reference,175,uncertainty,False,0,0,5,False,True,True,True,44,False,2.3636363636363638
p10,reference,182,uncertainty,False,0,0,5,False,True,True,True,44,False,2.227272727272727
p10,reference,134,uncertainty,False,0,0,5,False,True,True,True,44,False,2.590909090909091
p10,reference,105,uncertainty,False,0,0,5,False,True,True,True,44,False,2.5
p10,reference,43,uncertainty,False,0,0,5,False,True,True,True,44,False,2.8636363636363638
p10,reference,139,uncertainty,False,0,0,5,False,True,True,True,44,False,2.727272727272727
p10,reference,3,uncertainty,False,0,0,5,False,True,True,True,44,False,1.2272727272727273
p10,reference,62,uncertainty,False,0,0,5,False,True,True,True,44,False,2.909090909090909
p10,reference,5,uncertainty,False,0,0,5,False,True,True,True,44,False,2.8636363636363638
p10,reference,66,uncertainty,False,0,0,5,False,True,True,True,44,False,2.909090909090909
p10,reference,180,uncertainty,False,0,0,5,False,True,True,True,44,False,2.1363636363636362
p10,reference,30,uncertainty,False,0,0,5,False,True,True,True,44,False,2.909090909090909
p10,reference,149,uncertainty,False,0,0,5,False,True,True,True,44,False,2.1818181818181817
p10,reference,110,uncertainty,False,0,0,5,False,True,True,True,44,False,2.909090909090909
p10,reference,13,uncertainty,False,0,0,5,False,True,True,True,44,False,2.5454545454545454
p10,reference,7,uncertainty,False,0,0,5,False,True,True,True,44,False,1.2727272727272727
p10,reference,87,uncertainty,False,0,0,5,False,True,True,True,44,False,1.7272727272727273
p10,reference,150,uncertainty,False,0,0,5,False,True,True,True,44,False,2.590909090909091
p10,reference,179,uncertainty,False,0,0,5,False,True,True,True,44,False,1.6363636363636365
p10,reference,181,uncertainty,False,0,0,5,False,True,True,True,44,False,2.8636363636363638
p10,reference,148,uncertainty,False,0,0,5,False,True,True,True,44,False,2.6818181818181817
p10,reference,162,uncertainty,False,0,0,5,False,False,False,True,44,False,1.8181818181818181
p10,reference,102,uncertainty,False,0,0,5,False,True,True,True,44,False,2.1818181818181817
p10,reference,56,uncertainty,False,0,0,5,False,True,True,True,44,False,2.909090909090909
p10,reference,19,uncertainty,False,0,0,5,False,True,True,True,44,False,2.5454545454545454
p10,reference,112,uncertainty,False,0,0,5,False,True,True,True,44,False,2.1818181818181817
p10,reference,40,uncertainty,False,0,0,5,False,True,True,True,44,False,2.5454545454545454
p10,reference,22,uncertainty,False,0,0,5,False,True,True,True,44,False,1.0909090909090908
p10,reference,88,uncertainty,False,0,0,5,False,True,True,True,44,False,2.8636363636363638
p10,reference,167,uncertainty,False,0,0,5,False,True,True,True,44,False,2.8636363636363638
p10,reference,183,uncertainty,False,0,0,5,False,True,True,True,44,False,2.090909090909091
p10,reference,24,uncertainty,False,0,0,5,False,True,True,True,44,False,2.8636363636363638
p10,reference,128,uncertainty,False,0,0,5,False,True,True,True,44,False,2.727272727272727
p10,reference,120,uncertainty,False,0,0,5,False,True,True,True,44,False,2.8636363636363638
p10,reference,45,uncertainty,False,0,0,5,False,True,True,True,44,False,2.8636363636363638
p10,reference,86,uncertainty,False,0,0,5,False,True,True,True,44,False,1.1363636363636365
p10,reference,156,uncertainty,False,0,0,5,False,True,True,True,44,False,2.3636363636363638
p10,reference,98,uncertainty,False,0,0,5,False,True,True,True,44,False,2.909090909090909
p10,reference,92,uncertainty,False,0,0,5,False,True,True,True,44,False,2.8636363636363638
p10,reference,95,uncertainty,False,0,0,5,False,True,True,True,44,False,2.8181818181818183
p10,reference,101,uncertainty,False,0,0,5,False,True,True,True,44,False,2.772727272727273
p10,reference,47,uncertainty,False,0,0,5,False,True,True,True,44,False,2.5454545454545454
p10,reference,25,uncertainty,False,0,0,5,False,True,True,True,44,False,1.6363636363636365
p10,reference,121,uncertainty,False,0,0,5,False,True,True,True,44,False,1.2727272727272727
p10,reference,41,uncertainty,False,0,0,5,False,True,True,True,44,False,2.8636363636363638
p10,reference,99,uncertainty,False,0,0,5,False,True,True,True,44,False,2.909090909090909
p10,reference,27,uncertainty,False,0,0,5,False,True,True,True,44,False,2.772727272727273
p10,reference,140,uncertainty,False,0,0,5,False,True,True,True,44,False,2.1363636363636362
p10,reference,81,uncertainty,True,2,2,3,True,False,True,True,44,False,2.5454545454545454
p10,reference,144,uncertainty,False,0,0,5,False,True,True,True,44,False,2.8636363636363638
p10,reference,108,uncertainty,False,0,0,5,False,True,True,True,44,False,2.0454545454545454
p10,reference,85,uncertainty,False,0,0,5,False,True,True,True,44,False,2.909090909090909
p10,reference,152,uncertainty,False,0,0,5,False,True,True,True,44,False,2.227272727272727
p10,reference,15,uncertainty,False,0,0,5,False,True,True,True,44,False,2.5
p10,reference,89,uncertainty,False,0,0,5,False,True,True,True,44,False,2.8636363636363638
p10,reference,116,uncertainty,False,0,0,5,False,True,True,True,44,False,2.8636363636363638
p10,reference,138,uncertainty,False,0,0,5,False,True,True,True,44,False,2.090909090909091
p10,reference,154,uncertainty,False,0,0,5,False,True,True,True,44,False,2.5454545454545454
p10,reference,104,uncertainty,False,0,0,5,False,True,True,True,44,False,2.5
p10,reference,131,uncertainty,False,0,0,5,False,True,True,True,44,False,2.5
p10,reference,129,uncertainty,False,0,0,5,False,True,True,True,44,False,2.909090909090909
p10,reference,96,uncertainty,False,0,0,5,False,True,True,True,44,False,2.8181818181818183
p10,reference,44,uncertainty,False,0,0,5,False,True,True,True,44,False,2.909090909090909
p10,reference,46,uncertainty,False,0,0,5,False,True,True,True,44,False,1.2272727272727273
p10,reference,159,low_score,False,0,0,5,False,False,False,False,13,False,0.0
p10,reference,42,low_score,False,0,0,5,False,False,False,False,12,False,0.0
p10,reference,64,low_score,False,0,0,5,False,False,False,False,5,False,0.0
p10,reference,12,low_score,False,0,0,5,False,False,False,False,7,False,0.0
p10,reference,160,low_score,False,0,0,5,False,False,False,False,14,False,0.0
p10,reference,155,low_score,False,0,0,5,False,False,False,False,10,False,0.0
p10,reference,11,low_score,False,0,0,5,False,False,False,False,12,False,0.0
p10,reference,124,low_score,False,0,0,5,False,False,False,False,8,False,0.0
p10,reference,169,low_score,False,0,0,5,False,False,False,False,13,False,0.0
p10,reference,106,low_score,False,0,0,5,False,False,False,False,13,False,0.0
p10,reference,157,low_score,False,0,0,5,False,False,False,False,9,False,0.0
p10,reference,126,low_score,False,0,0,5,False,False,False,False,16,False,0.0
p10,reference,55,low_score,False,0,0,5,False,False,False,False,9,False,0.0
p10,reference,113,low_score,False,0,0,5,False,False,False,False,11,False,0.0
p10,reference,158,low_score,False,0,0,5,False,False,False,False,12,False,0.0
p10,reference,165,low_score,False,0,0,5,False,False,False,False,16,False,0.0
p10,reference,178,low_score,False,0,0,5,False,False,False,False,10,False,0.0
p10,reference,133,low_score,False,0,0,5,False,False,False,False,5,False,0.0
p10,reference,78,low_score,False,0,0,5,False,False,False,False,11,False,0.0
p10,reference,70,low_score,False,0,0,5,False,False,False,False,16,False,0.0
p10,reference,176,low_score,False,0,0,5,False,False,False,False,11,False,0.0
p10,reference,17,low_score,False,0,0,5,False,False,False,False,11,False,0.0
p10,reference,136,low_score,False,0,0,5,False,False,False,False,15,False,0.0
p10,reference,76,low_score,False,0,0,5,False,False,False,False,21,False,0.0
p10,reference,82,low_score,False,0,0,5,False,False,False,False,9,False,0.0
p10,reference,114,low_score,False,0,0,5,False,False,False,False,13,False,0.0
p10,reference,168,low_score,False,0,0,5,False,False,False,False,8,False,0.0
p10,reference,28,low_score,False,0,0,5,False,False,False,False,10,False,0.0
p10,reference,39,low_score,False,0,0,5,False,False,False,False,8,False,0.0
p10,reference,50,low_score,False,0,0,5,False,False,False,False,7,False,0.0
p10,reference,61,low_score,False,0,0,5,False,False,False,False,9,False,0.0
p10,reference,100,low_score,False,0,0,5,False,False,False,False,16,False,0.0
p10,reference,130,low_score,False,0,0,5,False,False,False,False,15,False,0.0
p10,reference,141,low_score,False,0,0,5,False,False,False,False,16,False,0.0
p10,reference,53,low_score,False,0,0,5,False,False,False,False,17,False,0.0
p10,reference,73,low_score,False,0,0,5,False,False,False,False,9,False,0.0
p10,reference,9,low_score,False,0,0,5,False,False,False,False,8,False,0.0
p10,reference,6,low_score,False,0,0,5,False,False,False,False,7,False,0.0
p10,reference,31,low_score,False,0,0,5,False,False,False,False,10,False,0.0
p10,reference,94,low_score,False,0,0,5,False,False,False,False,13,False,0.0
p10,reference,58,low_score,False,0,0,5,False,False,False,False,14,False,0.0
p10,reference,177,low_score,False,0,0,5,False,False,False,False,12,False,0.0
p10,reference,48,low_score,False,0,0,5,False,False,False,False,14,False,0.0
p10,reference,164,low_score,False,0,0,5,False,False,False,False,13,False,0.0
p10,reference,67,low_score,False,0,0,5,False,False,False,False,14,False,0.0
p10,reference,118,low_score,False,0,0,5,False,False,False,False,17,False,0.0
p10,reference,79,low_score,False,0,0,5,False,False,False,False,5,False,0.0
p10,reference,122,low_score,False,0,0,5,False,False,False,False,17,False,0.0
p10,reference,54,low_score,False,0,0,5,False,False,False,False,8,False,0.0
p10,reference,151,low_score,False,0,0,5,False,False,False,False,16,False,0.0
p10,reference,103,low_score,False,0,0,5,False,False,False,False,11,False,0.0
p10,reference,137,low_score,False,0,0,5,False,False,False,False,15,False,0.0
p10,reference,132,low_score,False,0,0,5,False,False,False,False,11,False,0.0
p10,reference,143,low_score,False,0,0,5,False,False,False,False,17,False,0.0
p10,reference,107,low_score,False,0,0,5,False,False,False,False,12,False,0.0
p10,reference,119,low_score,False,0,0,5,False,False,False,False,9,False,0.0
p10,reference,109,low_score,False,0,0,5,False,False,False,False,11,False,0.0
p10,reference,84,low_score,False,0,0,5,False,False,False,False,5,False,0.0
p10,reference,135,low_score,False,0,0,5,False,False,False,False,13,False,0.0
p10,reference,125,low_score,False,0,0,5,False,False,False,False,13,False,0.0
p10,reference,161,low_score,False,0,0,5,False,False,False,False,15,False,0.0
p10,reference,4,low_score,False,0,0,5,False,False,False,False,15,False,0.0
p10,reference,72,low_score,False,0,0,4,False,False,False,False,4,False,0.0
p10,reference,68,low_score,False,0,0,5,False,False,False,False,12,False,0.0
p10,reference,175,low_score,False,0,0,5,False,False,False,False,14,False,0.0
p10,reference,182,low_score,False,0,0,5,False,False,False,False,9,False,0.0
p10,reference,134,low_score,False,0,0,5,False,False,False,False,15,False,0.0
p10,reference,105,low_score,False,0,0,5,False,False,False,False,10,False,0.0
p10,reference,43,low_score,False,0,0,5,False,False,False,False,10,False,0.0
p10,reference,139,low_score,False,0,0,5,False,False,False,False,14,False,0.0
p10,reference,3,low_score,False,0,0,5,False,False,False,False,9,False,0.0
p10,reference,62,low_score,False,0,0,5,False,False,False,False,9,False,0.0
p10,reference,5,low_score,False,0,0,5,False,False,False,False,9,False,0.0
p10,reference,66,low_score,False,0,0,5,False,False,False,False,7,False,0.0
p10,reference,180,low_score,False,0,0,5,False,False,False,False,17,False,0.0
p10,reference,30,low_score,False,0,0,5,False,False,False,False,6,False,0.0
p10,reference,149,low_score,False,0,0,5,False,False,False,False,12,False,0.0
p10,reference,110,low_score,False,0,0,5,False,False,False,False,9,False,0.0
p10,reference,13,low_score,False,0,0,5,False,False,False,False,15,False,0.0
p10,reference,7,low_score,False,0,0,5,False,False,False,False,15,False,0.0
p10,reference,87,low_score,False,0,0,5,False,False,False,False,10,False,0.0
p10,reference,150,low_score,False,0,0,5,False,False,False,False,15,False,0.0
p10,reference,179,low_score,False,0,0,5,False,False,False,False,18,False,0.0
p10,reference,181,low_score,False,0,0,5,False,False,False,False,11,False,0.0
p10,reference,148,low_score,False,0,0,5,False,False,False,False,15,False,0.0
p10,reference,162,low_score,False,0,0,5,False,False,False,False,20,False,0.0
p10,reference,102,low_score,False,0,0,5,False,False,False,False,11,False,0.0
p10,reference,56,low_score,False,0,0,5,False,False,False,False,5,False,0.0
p10,reference,19,low_score,False,0,0,5,False,False,False,False,11,False,0.0
p10,reference,112,low_score,False,0,0,5,False,False,False,False,11,False,0.0
p10,reference,40,low_score,False,0,0,5,False,False,False,False,6,False,0.0
p10,reference,22,low_score,False,0,0,5,False,False,False,False,16,False,0.0
p10,reference,88,low_score,False,0,0,5,False,False,False,False,10,False,0.0
p10,reference,167,low_score,False,0,0,5,False,False,False,False,12,False,0.0
p10,reference,183,low_score,False,0,0,5,False,False,False,False,15,False,0.0
p10,reference,24,low_score,False,0,0,5,False,False,False,False,9,False,0.0
p10,reference,128,low_score,False,0,0,5,False,False,False,False,13,False,0.0
p10,reference,120,low_score,False,0,0,5,False,False,False,False,10,False,0.0
p10,reference,45,low_score,False,0,0,5,False,False,False,False,8,False,0.0
p10,reference,86,low_score,False,0,0,5,False,False,False,False,17,False,0.0
p10,reference,156,low_score,False,0,0,5,False,False,False,False,16,False,0.0
p10,reference,98,low_score,False,0,0,5,False,False,False,False,11,False,0.0
p10,reference,92,low_score,False,0,0,5,False,False,False,False,12,False,0.0
p10,reference,95,low_score,False,0,0,5,False,False,False,False,14,False,0.0
p10,reference,101,low_score,False,0,0,5,False,False,False,False,15,False,0.0
p10,reference,47,low_score,False,0,0,5,False,False,False,False,8,False,0.0
p10,reference,25,low_score,False,0,0,5,False,False,False,False,11,False,0.0
p10,reference,121,low_score,False,0,0,5,False,False,False,False,12,False,0.0
p10,reference,41,low_score,False,0,0,5,False,False,False,False,9,False,0.0
p10,reference,99,low_score,False,0,0,5,False,False,False,False,8,False,0.0
p10,reference,27,low_score,False,0,0,5,False,False,False,False,13,False,0.0
p10,reference,140,low_score,False,0,0,5,False,False,False,False,17,False,0.0
p10,reference,81,low_score,False,0,0,3,False,False,False,False,3,False,0.0
p10,reference,144,low_score,False,0,0,5,False,False,False,False,8,False,0.0
p10,reference,108,low_score,False,0,0,5,False,False,False,False,12,False,0.0
p10,reference,85,low_score,False,0,0,5,False,False,False,False,6,False,0.0
p10,reference,152,low_score,False,0,0,5,False,False,False,False,17,False,0.0
p10,reference,15,low_score,False,0,0,5,False,False,False,False,11,False,0.0
p10,reference,89,low_score,False,0,0,5,False,False,False,False,13,False,0.0
p10,reference,116,low_score,False,0,0,5,False,False,False,False,10,False,0.0
p10,reference,138,low_score,False,0,0,5,False,False,False,False,14,False,0.0
p10,reference,154,low_score,False,0,0,5,False,False,False,False,8,False,0.0
p10,reference,104,low_score,False,0,0,5,False,False,False,False,14,False,0.0
p10,reference,131,low_score,False,0,0,5,False,False,False,False,18,False,0.0
p10,reference,129,low_score,False,0,0,5,False,False,False,False,7,False,0.0
p10,reference,96,low_score,False,0,0,5,False,False,False,False,10,False,0.0
p10,reference,44,low_score,False,0,0,5,False,False,False,False,7,False,0.0
p10,reference,46,low_score,False,0,0,5,False,False,False,False,12,False,0.0
p10,complete_cohort,2,uncertainty,False,0,0,5,False,True,True,True,44,False,2.8636363636363638
p10,complete_cohort,3,uncertainty,False,0,0,5,False,True,True,True,44,False,1.2272727272727273
p10,complete_cohort,4,uncertainty,False,0,0,5,False,True,True,True,44,False,2.3636363636363638
p10,complete_cohort,5,uncertainty,False,0,0,5,False,True,True,True,44,False,2.8636363636363638
p10,complete_cohort,6,uncertainty,False,0,0,5,False,True,True,True,44,False,2.909090909090909
p10,complete_cohort,7,uncertainty,False,0,0,5,False,True,True,True,44,False,1.2727272727272727
p10,complete_cohort,9,uncertainty,False,0,0,5,False,True,True,True,44,False,2.8636363636363638
p10,complete_cohort,11,uncertainty,False,0,0,5,False,True,True,True,44,False,1.3636363636363635
p10,complete_cohort,12,uncertainty,False,0,0,5,False,True,True,True,44,False,2.8636363636363638
p10,complete_cohort,13,uncertainty,False,0,0,5,False,True,True,True,44,False,2.5454545454545454
p10,complete_cohort,14,uncertainty,False,0,0,5,False,True,True,True,44,False,1.1818181818181819
p10,complete_cohort,15,uncertainty,False,0,0,5,False,True,True,True,44,False,2.5
p10,complete_cohort,17,uncertainty,False,0,0,5,False,True,True,True,44,False,2.5454545454545454
p10,complete_cohort,19,uncertainty,False,0,0,5,False,True,True,True,44,False,2.5454545454545454
p10,complete_cohort,20,uncertainty,False,0,0,5,False,True,True,True,44,False,2.272727272727273
p10,complete_cohort,21,uncertainty,False,0,0,5,False,True,True,True,44,False,2.4545454545454546
p10,complete_cohort,22,uncertainty,False,0,0,5,False,True,True,True,44,False,1.0909090909090908
p10,complete_cohort,23,uncertainty,False,0,0,5,False,True,True,True,44,False,1.8181818181818181
p10,complete_cohort,24,uncertainty,False,0,0,5,False,True,True,True,44,False,2.8636363636363638
p10,complete_cohort,25,uncertainty,False,0,0,5,False,True,True,True,44,False,1.6363636363636365
p10,complete_cohort,27,uncertainty,False,0,0,5,False,True,True,True,44,False,2.772727272727273
p10,complete_cohort,28,uncertainty,False,0,0,5,False,True,True,True,44,False,2.8636363636363638
p10,complete_cohort,29,uncertainty,False,0,0,5,False,True,True,True,44,False,2.8636363636363638
p10,complete_cohort,30,uncertainty,False,0,0,5,False,True,True,True,44,False,2.909090909090909
p10,complete_cohort,31,uncertainty,False,0,0,5,False,True,True,True,44,False,2.8636363636363638
p10,complete_cohort,39,uncertainty,False,0,0,5,False,True,True,True,44,False,2.5454545454545454
p10,complete_cohort,40,uncertainty,False,0,0,5,False,True,True,True,44,False,2.5454545454545454
p10,complete_cohort,41,uncertainty,False,0,0,5,False,True,True,True,44,False,2.8636363636363638
p10,complete_cohort,42,uncertainty,False,0,0,5,False,True,True,True,44,False,2.8181818181818183
p10,complete_cohort,43,uncertainty,False,0,0,5,False,True,True,True,44,False,2.8636363636363638
p10,complete_cohort,44,uncertainty,False,0,0,5,False,True,True,True,44,False,2.909090909090909
p10,complete_cohort,45,uncertainty,False,0,0,5,False,True,True,True,44,False,2.8636363636363638
p10,complete_cohort,46,uncertainty,False,0,0,5,False,True,True,True,44,False,1.2272727272727273
p10,complete_cohort,47,uncertainty,False,0,0,5,False,True,True,True,44,False,2.5454545454545454
p10,complete_cohort,48,uncertainty,False,0,0,5,False,True,True,True,44,False,2.5454545454545454
p10,complete_cohort,50,uncertainty,False,0,0,5,False,True,True,True,44,False,2.8636363636363638
p10,complete_cohort,51,uncertainty,False,0,0,5,False,True,True,True,44,False,0.8636363636363636
p10,complete_cohort,52,uncertainty,False,0,0,5,False,True,True,True,44,False,1.2272727272727273
p10,complete_cohort,53,uncertainty,False,0,0,5,False,True,True,True,44,False,1.3636363636363635
p10,complete_cohort,54,uncertainty,False,0,0,5,False,True,True,True,44,False,2.909090909090909
p10,complete_cohort,55,uncertainty,False,0,0,5,False,True,True,True,44,False,2.5454545454545454
p10,complete_cohort,56,uncertainty,False,0,0,5,False,True,True,True,44,False,2.909090909090909
p10,complete_cohort,58,uncertainty,False,0,0,5,False,True,True,True,44,False,2.8181818181818183
p10,complete_cohort,59,uncertainty,False,0,0,5,False,True,True,True,44,False,2.909090909090909
p10,complete_cohort,61,uncertainty,False,0,0,5,False,True,True,True,44,False,2.8636363636363638
p10,complete_cohort,62,uncertainty,False,0,0,5,False,True,True,True,44,False,2.909090909090909
p10,complete_cohort,63,uncertainty,False,0,0,5,False,True,True,True,44,False,2.8636363636363638
p10,complete_cohort,64,uncertainty,False,0,0,5,False,True,True,True,44,False,2.909090909090909
p10,complete_cohort,66,uncertainty,False,0,0,5,False,True,True,True,44,False,2.909090909090909
p10,complete_cohort,67,uncertainty,False,0,0,5,False,True,True,True,44,False,2.8181818181818183
p10,complete_cohort,68,uncertainty,False,0,0,5,False,True,True,True,44,False,2.8636363636363638
p10,complete_cohort,70,uncertainty,False,0,0,5,False,True,True,True,44,False,2.409090909090909
p10,complete_cohort,71,uncertainty,False,0,0,5,False,True,True,True,44,False,2.5454545454545454
p10,complete_cohort,72,uncertainty,True,1,1,4,True,False,True,True,44,False,2.090909090909091
p10,complete_cohort,73,uncertainty,False,0,0,5,False,True,True,True,44,False,2.4545454545454546
p10,complete_cohort,74,uncertainty,False,0,0,5,False,True,True,True,44,False,2.409090909090909
p10,complete_cohort,76,uncertainty,False,0,0,5,False,False,False,True,44,False,0.9090909090909091
p10,complete_cohort,77,uncertainty,False,0,0,5,True,True,True,True,44,False,1.8636363636363635
p10,complete_cohort,78,uncertainty,False,0,0,5,False,True,True,True,44,False,2.8181818181818183
p10,complete_cohort,79,uncertainty,False,0,0,5,False,False,True,True,44,False,2.5454545454545454
p10,complete_cohort,80,uncertainty,False,0,0,5,False,True,True,True,44,False,2.3636363636363638
p10,complete_cohort,81,uncertainty,True,2,2,3,True,False,True,True,44,False,2.5454545454545454
p10,complete_cohort,82,uncertainty,False,0,0,5,True,True,True,True,44,False,1.9545454545454546
p10,complete_cohort,83,uncertainty,False,0,0,5,False,True,True,True,44,False,2.909090909090909
p10,complete_cohort,84,uncertainty,False,0,0,5,False,False,True,True,44,False,2.5454545454545454
p10,complete_cohort,85,uncertainty,False,0,0,5,False,True,True,True,44,False,2.909090909090909
p10,complete_cohort,86,uncertainty,False,0,0,5,False,True,True,True,44,False,1.1363636363636365
p10,complete_cohort,87,uncertainty,False,0,0,5,False,True,True,True,44,False,1.7272727272727273
p10,complete_cohort,88,uncertainty,False,0,0,5,False,True,True,True,44,False,2.8636363636363638
p10,complete_cohort,89,uncertainty,False,0,0,5,False,True,True,True,44,False,2.8636363636363638
p10,complete_cohort,90,uncertainty,False,0,0,5,False,True,True,True,44,False,0.8181818181818182
p10,complete_cohort,91,uncertainty,False,0,0,5,False,True,True,True,44,False,1.0454545454545454
p10,complete_cohort,92,uncertainty,False,0,0,5,False,True,True,True,44,False,2.8636363636363638
p10,complete_cohort,93,uncertainty,False,0,0,5,False,True,True,True,44,False,2.5454545454545454
p10,complete_cohort,94,uncertainty,False,0,0,5,False,True,True,True,44,False,2.772727272727273
p10,complete_cohort,95,uncertainty,False,0,0,5,False,True,True,True,44,False,2.8181818181818183
p10,complete_cohort,96,uncertainty,False,0,0,5,False,True,True,True,44,False,2.8181818181818183
p10,complete_cohort,97,uncertainty,False,0,0,5,False,True,True,True,44,False,2.8636363636363638
p10,complete_cohort,98,uncertainty,False,0,0,5,False,True,True,True,44,False,2.909090909090909
p10,complete_cohort,99,uncertainty,False,0,0,5,False,True,True,True,44,False,2.909090909090909
p10,complete_cohort,100,uncertainty,False,0,0,5,False,True,True,True,44,False,2.1818181818181817
p10,complete_cohort,101,uncertainty,False,0,0,5,False,True,True,True,44,False,2.772727272727273
p10,complete_cohort,102,uncertainty,False,0,0,5,False,True,True,True,44,False,2.1818181818181817
p10,complete_cohort,103,uncertainty,False,0,0,5,False,True,True,True,44,False,2.8636363636363638
p10,complete_cohort,104,uncertainty,False,0,0,5,False,True,True,True,44,False,2.5
p10,complete_cohort,105,uncertainty,False,0,0,5,False,True,True,True,44,False,2.5
p10,complete_cohort,106,uncertainty,False,0,0,5,False,True,True,True,44,False,2.8181818181818183
p10,complete_cohort,107,uncertainty,False,0,0,5,False,True,True,True,44,False,2.8636363636363638
p10,complete_cohort,108,uncertainty,False,0,0,5,False,True,True,True,44,False,2.0454545454545454
p10,complete_cohort,109,uncertainty,False,0,0,5,False,True,True,True,44,False,1.8181818181818181
p10,complete_cohort,110,uncertainty,False,0,0,5,False,True,True,True,44,False,2.909090909090909
p10,complete_cohort,111,uncertainty,False,0,0,5,False,True,True,True,44,False,2.5454545454545454
p10,complete_cohort,112,uncertainty,False,0,0,5,False,True,True,True,44,False,2.1818181818181817
p10,complete_cohort,113,uncertainty,False,0,0,5,False,True,True,True,44,False,2.8636363636363638
p10,complete_cohort,114,uncertainty,False,0,0,5,False,True,True,True,44,False,2.772727272727273
p10,complete_cohort,115,uncertainty,False,0,0,5,False,True,True,True,44,False,2.8636363636363638
p10,complete_cohort,116,uncertainty,False,0,0,5,False,True,True,True,44,False,2.8636363636363638
p10,complete_cohort,117,uncertainty,False,0,0,5,False,True,True,True,44,False,1.5909090909090908
p10,complete_cohort,118,uncertainty,False,0,0,5,False,True,True,True,44,False,1.3636363636363635
p10,complete_cohort,119,uncertainty,False,0,0,5,False,True,True,True,44,False,1.4545454545454546
p10,complete_cohort,120,uncertainty,False,0,0,5,False,True,True,True,44,False,2.8636363636363638
p10,complete_cohort,121,uncertainty,False,0,0,5,False,True,True,True,44,False,1.2727272727272727
p10,complete_cohort,122,uncertainty,False,0,0,5,False,True,True,True,44,False,2.3636363636363638
p10,complete_cohort,123,uncertainty,False,0,0,5,False,True,True,True,44,False,2.8636363636363638
p10,complete_cohort,124,uncertainty,False,0,0,5,False,True,True,True,44,False,2.5454545454545454
p10,complete_cohort,125,uncertainty,False,0,0,5,False,True,True,True,44,False,2.772727272727273
p10,complete_cohort,126,uncertainty,False,0,0,5,False,True,True,True,44,False,2.5454545454545454
p10,complete_cohort,127,uncertainty,False,0,0,5,False,True,True,True,44,False,1.0
p10,complete_cohort,128,uncertainty,False,0,0,5,False,True,True,True,44,False,2.727272727272727
p10,complete_cohort,129,uncertainty,False,0,0,5,False,True,True,True,44,False,2.909090909090909
p10,complete_cohort,130,uncertainty,False,0,0,5,False,True,True,True,44,False,2.727272727272727
p10,complete_cohort,131,uncertainty,False,0,0,5,False,True,True,True,44,False,2.5
p10,complete_cohort,132,uncertainty,False,0,0,5,False,True,True,True,44,False,2.5454545454545454
p10,complete_cohort,133,uncertainty,False,0,0,5,False,True,True,True,44,False,2.909090909090909
p10,complete_cohort,134,uncertainty,False,0,0,5,False,True,True,True,44,False,2.590909090909091
p10,complete_cohort,135,uncertainty,False,0,0,5,False,True,True,True,44,False,2.4545454545454546
p10,complete_cohort,136,uncertainty,False,0,0,5,False,True,True,True,44,False,2.272727272727273
p10,complete_cohort,137,uncertainty,False,0,0,5,False,True,True,True,44,False,2.590909090909091
p10,complete_cohort,138,uncertainty,False,0,0,5,False,True,True,True,44,False,2.090909090909091
p10,complete_cohort,139,uncertainty,False,0,0,5,False,True,True,True,44,False,2.727272727272727
p10,complete_cohort,140,uncertainty,False,0,0,5,False,True,True,True,44,False,2.1363636363636362
p10,complete_cohort,141,uncertainty,False,0,0,5,False,True,True,True,44,False,2.3636363636363638
p10,complete_cohort,142,uncertainty,False,0,0,5,False,True,True,True,44,False,1.9545454545454546
p10,complete_cohort,143,uncertainty,False,0,0,5,False,True,True,True,44,False,1.0
p10,complete_cohort,144,uncertainty,False,0,0,5,False,True,True,True,44,False,2.8636363636363638
p10,complete_cohort,147,uncertainty,False,0,0,5,False,True,True,True,44,False,0.9090909090909091
p10,complete_cohort,148,uncertainty,False,0,0,5,False,True,True,True,44,False,2.6818181818181817
p10,complete_cohort,149,uncertainty,False,0,0,5,False,True,True,True,44,False,2.1818181818181817
p10,complete_cohort,150,uncertainty,False,0,0,5,False,True,True,True,44,False,2.590909090909091
p10,complete_cohort,151,uncertainty,False,0,0,5,False,True,True,True,44,False,1.4545454545454546
p10,complete_cohort,152,uncertainty,False,0,0,5,False,True,True,True,44,False,2.227272727272727
p10,complete_cohort,153,uncertainty,False,0,0,5,False,True,True,True,44,False,2.5454545454545454
p10,complete_cohort,154,uncertainty,False,0,0,5,False,True,True,True,44,False,2.5454545454545454
p10,complete_cohort,155,uncertainty,False,0,0,5,False,True,True,True,44,False,2.8636363636363638
p10,complete_cohort,156,uncertainty,False,0,0,5,False,True,True,True,44,False,2.3636363636363638
p10,complete_cohort,157,uncertainty,False,0,0,5,False,True,True,True,44,False,2.090909090909091
p10,complete_cohort,158,uncertainty,False,0,0,5,False,True,True,True,44,False,2.909090909090909
p10,complete_cohort,159,uncertainty,False,0,0,5,False,True,True,True,44,False,2.772727272727273
p10,complete_cohort,160,uncertainty,False,0,0,5,False,True,True,True,44,False,2.4545454545454546
p10,complete_cohort,161,uncertainty,False,0,0,5,False,True,True,True,44,False,2.6363636363636362
p10,complete_cohort,162,uncertainty,False,0,0,5,False,False,False,True,44,False,1.8181818181818181
p10,complete_cohort,163,uncertainty,False,0,0,5,False,True,True,True,44,False,1.9090909090909092
p10,complete_cohort,164,uncertainty,False,0,0,5,False,True,True,True,44,False,2.1818181818181817
p10,complete_cohort,165,uncertainty,False,0,0,5,False,True,True,True,44,False,2.3181818181818183
p10,complete_cohort,166,uncertainty,False,0,0,5,False,True,True,True,44,False,0.9545454545454546
p10,complete_cohort,167,uncertainty,False,0,0,5,False,True,True,True,44,False,2.8636363636363638
p10,complete_cohort,168,uncertainty,False,0,0,5,False,True,True,True,44,False,2.5454545454545454
p10,complete_cohort,169,uncertainty,False,0,0,5,False,True,True,True,44,False,2.5454545454545454
p10,complete_cohort,170,uncertainty,False,0,0,5,False,True,True,True,44,False,2.5454545454545454
p10,complete_cohort,172,uncertainty,False,0,0,5,False,True,True,True,44,False,2.8636363636363638
p10,complete_cohort,174,uncertainty,False,0,0,5,False,True,True,True,44,False,0.9090909090909091
p10,complete_cohort,175,uncertainty,False,0,0,5,False,True,True,True,44,False,2.3636363636363638
p10,complete_cohort,176,uncertainty,False,0,0,5,False,True,True,True,44,False,2.5454545454545454
p10,complete_cohort,177,uncertainty,False,0,0,5,False,True,True,True,44,False,2.8636363636363638
p10,complete_cohort,178,uncertainty,False,0,0,5,False,True,True,True,44,False,2.8636363636363638
p10,complete_cohort,179,uncertainty,False,0,0,5,False,True,True,True,44,False,1.6363636363636365
p10,complete_cohort,180,uncertainty,False,0,0,5,False,True,True,True,44,False,2.1363636363636362
p10,complete_cohort,181,uncertainty,False,0,0,5,False,True,True,True,44,False,2.8636363636363638
p10,complete_cohort,182,uncertainty,False,0,0,5,False,True,True,True,44,False,2.227272727272727
p10,complete_cohort,183,uncertainty,False,0,0,5,False,True,True,True,44,False,2.090909090909091
p10,complete_cohort,2,low_score,False,0,0,5,False,False,False,False,5,False,0.0
p10,complete_cohort,3,low_score,False,0,0,5,False,False,False,False,9,False,0.0
p10,complete_cohort,4,low_score,False,0,0,5,False,False,False,False,15,False,0.0
p10,complete_cohort,5,low_score,False,0,0,5,False,False,False,False,9,False,0.0
p10,complete_cohort,6,low_score,False,0,0,5,False,False,False,False,7,False,0.0
p10,complete_cohort,7,low_score,False,0,0,5,False,False,False,False,15,False,0.0
p10,complete_cohort,9,low_score,False,0,0,5,False,False,False,False,8,False,0.0
p10,complete_cohort,11,low_score,False,0,0,5,False,False,False,False,12,False,0.0
p10,complete_cohort,12,low_score,False,0,0,5,False,False,False,False,7,False,0.0
p10,complete_cohort,13,low_score,False,0,0,5,False,False,False,False,15,False,0.0
p10,complete_cohort,14,low_score,False,0,0,5,False,False,False,False,16,False,0.0
p10,complete_cohort,15,low_score,False,0,0,5,False,False,False,False,11,False,0.0
p10,complete_cohort,17,low_score,False,0,0,5,False,False,False,False,11,False,0.0
p10,complete_cohort,19,low_score,False,0,0,5,False,False,False,False,11,False,0.0
p10,complete_cohort,20,low_score,False,0,0,5,False,False,False,False,6,False,0.0
p10,complete_cohort,21,low_score,False,0,0,5,False,False,False,False,15,False,0.0
p10,complete_cohort,22,low_score,False,0,0,5,False,False,False,False,16,False,0.0
p10,complete_cohort,23,low_score,False,0,0,5,False,False,False,False,12,False,0.0
p10,complete_cohort,24,low_score,False,0,0,5,False,False,False,False,9,False,0.0
p10,complete_cohort,25,low_score,False,0,0,5,False,False,False,False,11,False,0.0
p10,complete_cohort,27,low_score,False,0,0,5,False,False,False,False,13,False,0.0
p10,complete_cohort,28,low_score,False,0,0,5,False,False,False,False,10,False,0.0
p10,complete_cohort,29,low_score,False,0,0,5,False,False,False,False,9,False,0.0
p10,complete_cohort,30,low_score,False,0,0,5,False,False,False,False,6,False,0.0
p10,complete_cohort,31,low_score,False,0,0,5,False,False,False,False,10,False,0.0
p10,complete_cohort,39,low_score,False,0,0,5,False,False,False,False,8,False,0.0
p10,complete_cohort,40,low_score,False,0,0,5,False,False,False,False,6,False,0.0
p10,complete_cohort,41,low_score,False,0,0,5,False,False,False,False,9,False,0.0
p10,complete_cohort,42,low_score,False,0,0,5,False,False,False,False,12,False,0.0
p10,complete_cohort,43,low_score,False,0,0,5,False,False,False,False,10,False,0.0
p10,complete_cohort,44,low_score,False,0,0,5,False,False,False,False,7,False,0.0
p10,complete_cohort,45,low_score,False,0,0,5,False,False,False,False,8,False,0.0
p10,complete_cohort,46,low_score,False,0,0,5,False,False,False,False,12,False,0.0
p10,complete_cohort,47,low_score,False,0,0,5,False,False,False,False,8,False,0.0
p10,complete_cohort,48,low_score,False,0,0,5,False,False,False,False,14,False,0.0
p10,complete_cohort,50,low_score,False,0,0,5,False,False,False,False,7,False,0.0
p10,complete_cohort,51,low_score,False,0,0,5,False,False,False,False,17,False,0.0
p10,complete_cohort,52,low_score,False,0,0,5,False,False,False,False,15,False,0.0
p10,complete_cohort,53,low_score,False,0,0,5,False,False,False,False,17,False,0.0
p10,complete_cohort,54,low_score,False,0,0,5,False,False,False,False,8,False,0.0
p10,complete_cohort,55,low_score,False,0,0,5,False,False,False,False,9,False,0.0
p10,complete_cohort,56,low_score,False,0,0,5,False,False,False,False,5,False,0.0
p10,complete_cohort,58,low_score,False,0,0,5,False,False,False,False,14,False,0.0
p10,complete_cohort,59,low_score,False,0,0,5,False,False,False,False,6,False,0.0
p10,complete_cohort,61,low_score,False,0,0,5,False,False,False,False,9,False,0.0
p10,complete_cohort,62,low_score,False,0,0,5,False,False,False,False,9,False,0.0
p10,complete_cohort,63,low_score,False,0,0,5,False,False,False,False,6,False,0.0
p10,complete_cohort,64,low_score,False,0,0,5,False,False,False,False,5,False,0.0
p10,complete_cohort,66,low_score,False,0,0,5,False,False,False,False,7,False,0.0
p10,complete_cohort,67,low_score,False,0,0,5,False,False,False,False,14,False,0.0
p10,complete_cohort,68,low_score,False,0,0,5,False,False,False,False,12,False,0.0
p10,complete_cohort,70,low_score,False,0,0,5,False,False,False,False,16,False,0.0
p10,complete_cohort,71,low_score,False,0,0,5,False,False,False,False,11,False,0.0
p10,complete_cohort,72,low_score,False,0,0,4,False,False,False,False,4,False,0.0
p10,complete_cohort,73,low_score,False,0,0,5,False,False,False,False,9,False,0.0
p10,complete_cohort,74,low_score,False,0,0,5,False,False,False,False,15,False,0.0
p10,complete_cohort,76,low_score,False,0,0,5,False,False,False,False,21,False,0.0
p10,complete_cohort,77,low_score,False,0,0,5,False,False,False,False,12,False,0.0
p10,complete_cohort,78,low_score,False,0,0,5,False,False,False,False,11,False,0.0
p10,complete_cohort,79,low_score,False,0,0,5,False,False,False,False,5,False,0.0
p10,complete_cohort,80,low_score,False,0,0,5,False,False,False,False,18,False,0.0
p10,complete_cohort,81,low_score,False,0,0,3,False,False,False,False,3,False,0.0
p10,complete_cohort,82,low_score,False,0,0,5,False,False,False,False,9,False,0.0
p10,complete_cohort,83,low_score,False,0,0,5,False,False,False,False,5,False,0.0
p10,complete_cohort,84,low_score,False,0,0,5,False,False,False,False,5,False,0.0
p10,complete_cohort,85,low_score,False,0,0,5,False,False,False,False,6,False,0.0
p10,complete_cohort,86,low_score,False,0,0,5,False,False,False,False,17,False,0.0
p10,complete_cohort,87,low_score,False,0,0,5,False,False,False,False,10,False,0.0
p10,complete_cohort,88,low_score,False,0,0,5,False,False,False,False,10,False,0.0
p10,complete_cohort,89,low_score,False,0,0,5,False,False,False,False,13,False,0.0
p10,complete_cohort,90,low_score,False,0,0,5,False,False,False,False,19,False,0.0
p10,complete_cohort,91,low_score,False,0,0,5,False,False,False,False,19,False,0.0
p10,complete_cohort,92,low_score,False,0,0,5,False,False,False,False,12,False,0.0
p10,complete_cohort,93,low_score,False,0,0,5,False,False,False,False,9,False,0.0
p10,complete_cohort,94,low_score,False,0,0,5,False,False,False,False,13,False,0.0
p10,complete_cohort,95,low_score,False,0,0,5,False,False,False,False,14,False,0.0
p10,complete_cohort,96,low_score,False,0,0,5,False,False,False,False,10,False,0.0
p10,complete_cohort,97,low_score,False,0,0,5,False,False,False,False,9,False,0.0
p10,complete_cohort,98,low_score,False,0,0,5,False,False,False,False,11,False,0.0
p10,complete_cohort,99,low_score,False,0,0,5,False,False,False,False,8,False,0.0
p10,complete_cohort,100,low_score,False,0,0,5,False,False,False,False,16,False,0.0
p10,complete_cohort,101,low_score,False,0,0,5,False,False,False,False,15,False,0.0
p10,complete_cohort,102,low_score,False,0,0,5,False,False,False,False,11,False,0.0
p10,complete_cohort,103,low_score,False,0,0,5,False,False,False,False,11,False,0.0
p10,complete_cohort,104,low_score,False,0,0,5,False,False,False,False,14,False,0.0
p10,complete_cohort,105,low_score,False,0,0,5,False,False,False,False,10,False,0.0
p10,complete_cohort,106,low_score,False,0,0,5,False,False,False,False,13,False,0.0
p10,complete_cohort,107,low_score,False,0,0,5,False,False,False,False,12,False,0.0
p10,complete_cohort,108,low_score,False,0,0,5,False,False,False,False,12,False,0.0
p10,complete_cohort,109,low_score,False,0,0,5,False,False,False,False,11,False,0.0
p10,complete_cohort,110,low_score,False,0,0,5,False,False,False,False,9,False,0.0
p10,complete_cohort,111,low_score,False,0,0,5,False,False,False,False,9,False,0.0
p10,complete_cohort,112,low_score,False,0,0,5,False,False,False,False,11,False,0.0
p10,complete_cohort,113,low_score,False,0,0,5,False,False,False,False,11,False,0.0
p10,complete_cohort,114,low_score,False,0,0,5,False,False,False,False,13,False,0.0
p10,complete_cohort,115,low_score,False,0,0,5,False,False,False,False,10,False,0.0
p10,complete_cohort,116,low_score,False,0,0,5,False,False,False,False,10,False,0.0
p10,complete_cohort,117,low_score,False,0,0,5,False,False,False,False,11,False,0.0
p10,complete_cohort,118,low_score,False,0,0,5,False,False,False,False,17,False,0.0
p10,complete_cohort,119,low_score,False,0,0,5,False,False,False,False,9,False,0.0
p10,complete_cohort,120,low_score,False,0,0,5,False,False,False,False,10,False,0.0
p10,complete_cohort,121,low_score,False,0,0,5,False,False,False,False,12,False,0.0
p10,complete_cohort,122,low_score,False,0,0,5,False,False,False,False,17,False,0.0
p10,complete_cohort,123,low_score,False,0,0,5,False,False,False,False,11,False,0.0
p10,complete_cohort,124,low_score,False,0,0,5,False,False,False,False,8,False,0.0
p10,complete_cohort,125,low_score,False,0,0,5,False,False,False,False,13,False,0.0
p10,complete_cohort,126,low_score,False,0,0,5,False,False,False,False,16,False,0.0
p10,complete_cohort,127,low_score,False,0,0,5,False,False,False,False,15,False,0.0
p10,complete_cohort,128,low_score,False,0,0,5,False,False,False,False,13,False,0.0
p10,complete_cohort,129,low_score,False,0,0,5,False,False,False,False,7,False,0.0
p10,complete_cohort,130,low_score,False,0,0,5,False,False,False,False,15,False,0.0
p10,complete_cohort,131,low_score,False,0,0,5,False,False,False,False,18,False,0.0
p10,complete_cohort,132,low_score,False,0,0,5,False,False,False,False,11,False,0.0
p10,complete_cohort,133,low_score,False,0,0,5,False,False,False,False,5,False,0.0
p10,complete_cohort,134,low_score,False,0,0,5,False,False,False,False,15,False,0.0
p10,complete_cohort,135,low_score,False,0,0,5,False,False,False,False,13,False,0.0
p10,complete_cohort,136,low_score,False,0,0,5,False,False,False,False,15,False,0.0
p10,complete_cohort,137,low_score,False,0,0,5,False,False,False,False,15,False,0.0
p10,complete_cohort,138,low_score,False,0,0,5,False,False,False,False,14,False,0.0
p10,complete_cohort,139,low_score,False,0,0,5,False,False,False,False,14,False,0.0
p10,complete_cohort,140,low_score,False,0,0,5,False,False,False,False,17,False,0.0
p10,complete_cohort,141,low_score,False,0,0,5,False,False,False,False,16,False,0.0
p10,complete_cohort,142,low_score,False,0,0,5,False,False,False,False,17,False,0.0
p10,complete_cohort,143,low_score,False,0,0,5,False,False,False,False,17,False,0.0
p10,complete_cohort,144,low_score,False,0,0,5,False,False,False,False,8,False,0.0
p10,complete_cohort,147,low_score,False,0,0,5,False,False,False,False,14,False,0.0
p10,complete_cohort,148,low_score,False,0,0,5,False,False,False,False,15,False,0.0
p10,complete_cohort,149,low_score,False,0,0,5,False,False,False,False,12,False,0.0
p10,complete_cohort,150,low_score,False,0,0,5,False,False,False,False,15,False,0.0
p10,complete_cohort,151,low_score,False,0,0,5,False,False,False,False,16,False,0.0
p10,complete_cohort,152,low_score,False,0,0,5,False,False,False,False,17,False,0.0
p10,complete_cohort,153,low_score,False,0,0,5,False,False,False,False,14,False,0.0
p10,complete_cohort,154,low_score,False,0,0,5,False,False,False,False,8,False,0.0
p10,complete_cohort,155,low_score,False,0,0,5,False,False,False,False,10,False,0.0
p10,complete_cohort,156,low_score,False,0,0,5,False,False,False,False,16,False,0.0
p10,complete_cohort,157,low_score,False,0,0,5,False,False,False,False,9,False,0.0
p10,complete_cohort,158,low_score,False,0,0,5,False,False,False,False,12,False,0.0
p10,complete_cohort,159,low_score,False,0,0,5,False,False,False,False,13,False,0.0
p10,complete_cohort,160,low_score,False,0,0,5,False,False,False,False,14,False,0.0
p10,complete_cohort,161,low_score,False,0,0,5,False,False,False,False,15,False,0.0
p10,complete_cohort,162,low_score,False,0,0,5,False,False,False,False,20,False,0.0
p10,complete_cohort,163,low_score,False,0,0,5,False,False,False,False,18,False,0.0
p10,complete_cohort,164,low_score,False,0,0,5,False,False,False,False,13,False,0.0
p10,complete_cohort,165,low_score,False,0,0,5,False,False,False,False,16,False,0.0
p10,complete_cohort,166,low_score,False,0,0,5,False,False,False,False,18,False,0.0
p10,complete_cohort,167,low_score,False,0,0,5,False,False,False,False,12,False,0.0
p10,complete_cohort,168,low_score,False,0,0,5,False,False,False,False,8,False,0.0
p10,complete_cohort,169,low_score,False,0,0,5,False,False,False,False,13,False,0.0
p10,complete_cohort,170,low_score,False,0,0,5,False,False,False,False,12,False,0.0
p10,complete_cohort,172,low_score,False,0,0,5,False,False,False,False,12,False,0.0
p10,complete_cohort,174,low_score,False,0,0,5,False,False,False,False,15,False,0.0
p10,complete_cohort,175,low_score,False,0,0,5,False,False,False,False,14,False,0.0
p10,complete_cohort,176,low_score,False,0,0,5,False,False,False,False,11,False,0.0
p10,complete_cohort,177,low_score,False,0,0,5,False,False,False,False,12,False,0.0
p10,complete_cohort,178,low_score,False,0,0,5,False,False,False,False,10,False,0.0
p10,complete_cohort,179,low_score,False,0,0,5,False,False,False,False,18,False,0.0
p10,complete_cohort,180,low_score,False,0,0,5,False,False,False,False,17,False,0.0
p10,complete_cohort,181,low_score,False,0,0,5,False,False,False,False,11,False,0.0
p10,complete_cohort,182,low_score,False,0,0,5,False,False,False,False,9,False,0.0
p10,complete_cohort,183,low_score,False,0,0,5,False,False,False,False,15,False,0.0
supp_p01,demonstration,1,uncertainty,False,0,0,5,False,True,True,True,44,False,2.8636363636363638
supp_p01,demonstration,2,uncertainty,False,0,0,5,False,True,True,True,44,False,2.8636363636363638
supp_p01,demonstration,3,uncertainty,False,0,0,5,False,True,True,True,44,False,1.2727272727272727
supp_p01,demonstration,4,uncertainty,False,0,0,5,False,True,True,True,44,False,2.8636363636363638
supp_p01,demonstration,5,uncertainty,False,0,0,5,False,True,True,True,44,False,2.8636363636363638
supp_p01,demonstration,6,uncertainty,False,0,0,5,False,True,True,True,44,False,1.7272727272727273
supp_p01,demonstration,7,uncertainty,False,0,0,5,False,True,True,True,44,False,1.1363636363636365
supp_p01,demonstration,8,uncertainty,False,0,0,5,False,True,True,True,44,False,0.8181818181818182
supp_p01,demonstration,9,uncertainty,False,0,0,5,False,True,True,True,44,False,2.909090909090909
supp_p01,demonstration,10,uncertainty,False,0,0,5,False,True,True,True,44,False,2.8636363636363638
supp_p01,demonstration,1,low_score,False,0,0,5,False,False,False,False,5,False,0.0
supp_p01,demonstration,2,low_score,False,0,0,5,False,False,False,False,9,False,0.0
supp_p01,demonstration,3,low_score,False,0,0,5,False,False,False,False,15,False,0.0
supp_p01,demonstration,4,low_score,False,0,0,5,False,False,False,False,7,False,0.0
supp_p01,demonstration,5,low_score,False,0,0,5,False,False,False,False,8,False,0.0
supp_p01,demonstration,6,low_score,False,0,0,5,False,False,False,False,10,False,0.0
supp_p01,demonstration,7,low_score,False,0,0,5,False,False,False,False,17,False,0.0
supp_p01,demonstration,8,low_score,False,0,0,5,False,False,False,False,19,False,0.0
supp_p01,demonstration,9,low_score,False,0,0,5,False,False,False,False,5,False,0.0
supp_p01,demonstration,10,low_score,False,0,0,5,False,False,False,False,12,False,0.0
supp_p01,reference,159,uncertainty,False,0,0,5,False,True,True,True,44,False,2.772727272727273
supp_p01,reference,42,uncertainty,False,0,0,5,False,True,True,True,44,False,2.8181818181818183
supp_p01,reference,64,uncertainty,False,0,0,5,False,True,True,True,44,False,2.909090909090909
supp_p01,reference,12,uncertainty,False,0,0,5,False,True,True,True,44,False,2.8636363636363638
supp_p01,reference,160,uncertainty,False,0,0,5,False,True,True,True,44,False,2.4545454545454546
supp_p01,reference,155,uncertainty,False,0,0,5,False,True,True,True,44,False,2.8636363636363638
supp_p01,reference,11,uncertainty,False,0,0,5,False,True,True,True,44,False,1.3636363636363635
supp_p01,reference,124,uncertainty,False,0,0,5,False,True,True,True,44,False,2.5454545454545454
supp_p01,reference,169,uncertainty,False,0,0,5,False,True,True,True,44,False,2.5454545454545454
supp_p01,reference,106,uncertainty,False,0,0,5,False,True,True,True,44,False,2.8181818181818183
supp_p01,reference,157,uncertainty,False,0,0,5,False,True,True,True,44,False,2.090909090909091
supp_p01,reference,126,uncertainty,False,0,0,5,False,True,True,True,44,False,2.5454545454545454
supp_p01,reference,55,uncertainty,False,0,0,5,False,True,True,True,44,False,2.5454545454545454
supp_p01,reference,113,uncertainty,False,0,0,5,False,True,True,True,44,False,2.8636363636363638
supp_p01,reference,158,uncertainty,False,0,0,5,False,True,True,True,44,False,2.909090909090909
supp_p01,reference,165,uncertainty,False,0,0,5,False,True,True,True,44,False,2.3181818181818183
supp_p01,reference,178,uncertainty,False,0,0,5,False,True,True,True,44,False,2.8636363636363638
supp_p01,reference,133,uncertainty,False,0,0,5,False,True,True,True,44,False,2.909090909090909
supp_p01,reference,78,uncertainty,False,0,0,5,False,True,True,True,44,False,2.8181818181818183
supp_p01,reference,70,uncertainty,False,0,0,5,False,True,True,True,44,False,2.409090909090909
supp_p01,reference,176,uncertainty,False,0,0,5,False,True,True,True,44,False,2.5454545454545454
supp_p01,reference,17,uncertainty,False,0,0,5,False,True,True,True,44,False,2.5454545454545454
supp_p01,reference,136,uncertainty,False,0,0,5,False,True,True,True,44,False,2.272727272727273
supp_p01,reference,76,uncertainty,False,0,0,5,False,False,False,True,44,False,0.9090909090909091
supp_p01,reference,82,uncertainty,False,0,0,5,True,True,True,True,44,False,1.9545454545454546
supp_p01,reference,114,uncertainty,False,0,0,5,False,True,True,True,44,False,2.772727272727273
supp_p01,reference,168,uncertainty,False,0,0,5,False,True,True,True,44,False,2.5454545454545454
supp_p01,reference,28,uncertainty,False,0,0,5,False,True,True,True,44,False,2.8636363636363638
supp_p01,reference,39,uncertainty,False,0,0,5,False,True,True,True,44,False,2.5454545454545454
supp_p01,reference,50,uncertainty,False,0,0,5,False,True,True,True,44,False,2.8636363636363638
supp_p01,reference,61,uncertainty,False,0,0,5,False,True,True,True,44,False,2.8636363636363638
supp_p01,reference,100,uncertainty,False,0,0,5,False,True,True,True,44,False,2.1818181818181817
supp_p01,reference,130,uncertainty,False,0,0,5,False,True,True,True,44,False,2.727272727272727
supp_p01,reference,141,uncertainty,False,0,0,5,False,True,True,True,44,False,2.3636363636363638
supp_p01,reference,53,uncertainty,False,0,0,5,False,True,True,True,44,False,1.3636363636363635
supp_p01,reference,73,uncertainty,False,0,0,5,False,True,True,True,44,False,2.4545454545454546
supp_p01,reference,9,uncertainty,False,0,0,5,False,True,True,True,44,False,2.8636363636363638
supp_p01,reference,6,uncertainty,False,0,0,5,False,True,True,True,44,False,2.909090909090909
supp_p01,reference,31,uncertainty,False,0,0,5,False,True,True,True,44,False,2.8636363636363638
supp_p01,reference,94,uncertainty,False,0,0,5,False,True,True,True,44,False,2.772727272727273
supp_p01,reference,58,uncertainty,False,0,0,5,False,True,True,True,44,False,2.8181818181818183
supp_p01,reference,177,uncertainty,False,0,0,5,False,True,True,True,44,False,2.8636363636363638
supp_p01,reference,48,uncertainty,False,0,0,5,False,True,True,True,44,False,2.5454545454545454
supp_p01,reference,164,uncertainty,False,0,0,5,False,True,True,True,44,False,2.1818181818181817
supp_p01,reference,67,uncertainty,False,0,0,5,False,True,True,True,44,False,2.8181818181818183
supp_p01,reference,118,uncertainty,False,0,0,5,False,True,True,True,44,False,1.3636363636363635
supp_p01,reference,79,uncertainty,False,0,0,5,False,False,True,True,44,False,2.5454545454545454
supp_p01,reference,122,uncertainty,False,0,0,5,False,True,True,True,44,False,2.3636363636363638
supp_p01,reference,54,uncertainty,False,0,0,5,False,True,True,True,44,False,2.909090909090909
supp_p01,reference,151,uncertainty,False,0,0,5,False,True,True,True,44,False,1.4545454545454546
supp_p01,reference,103,uncertainty,False,0,0,5,False,True,True,True,44,False,2.8636363636363638
supp_p01,reference,137,uncertainty,False,0,0,5,False,True,True,True,44,False,2.590909090909091
supp_p01,reference,132,uncertainty,False,0,0,5,False,True,True,True,44,False,2.5454545454545454
supp_p01,reference,143,uncertainty,False,0,0,5,False,True,True,True,44,False,1.0
supp_p01,reference,107,uncertainty,False,0,0,5,False,True,True,True,44,False,2.8636363636363638
supp_p01,reference,119,uncertainty,False,0,0,5,False,True,True,True,44,False,1.4545454545454546
supp_p01,reference,109,uncertainty,False,0,0,5,False,True,True,True,44,False,1.8181818181818181
supp_p01,reference,84,uncertainty,False,0,0,5,False,False,True,True,44,False,2.5454545454545454
supp_p01,reference,135,uncertainty,False,0,0,5,False,True,True,True,44,False,2.4545454545454546
supp_p01,reference,125,uncertainty,False,0,0,5,False,True,True,True,44,False,2.772727272727273
supp_p01,reference,161,uncertainty,False,0,0,5,False,True,True,True,44,False,2.6363636363636362
supp_p01,reference,4,uncertainty,False,0,0,5,False,True,True,True,44,False,2.3636363636363638
supp_p01,reference,72,uncertainty,True,1,1,4,True,False,True,True,44,False,2.090909090909091
supp_p01,reference,68,uncertainty,False,0,0,5,False,True,True,True,44,False,2.8636363636363638
supp_p01,reference,175,uncertainty,False,0,0,5,False,True,True,True,44,False,2.3636363636363638
supp_p01,reference,182,uncertainty,False,0,0,5,False,True,True,True,44,False,2.227272727272727
supp_p01,reference,134,uncertainty,False,0,0,5,False,True,True,True,44,False,2.590909090909091
supp_p01,reference,105,uncertainty,False,0,0,5,False,True,True,True,44,False,2.5
supp_p01,reference,43,uncertainty,False,0,0,5,False,True,True,True,44,False,2.8636363636363638
supp_p01,reference,139,uncertainty,False,0,0,5,False,True,True,True,44,False,2.727272727272727
supp_p01,reference,3,uncertainty,False,0,0,5,False,True,True,True,44,False,1.2272727272727273
supp_p01,reference,62,uncertainty,False,0,0,5,False,True,True,True,44,False,2.909090909090909
supp_p01,reference,5,uncertainty,False,0,0,5,False,True,True,True,44,False,2.8636363636363638
supp_p01,reference,66,uncertainty,False,0,0,5,False,True,True,True,44,False,2.909090909090909
supp_p01,reference,180,uncertainty,False,0,0,5,False,True,True,True,44,False,2.1363636363636362
supp_p01,reference,30,uncertainty,False,0,0,5,False,True,True,True,44,False,2.909090909090909
supp_p01,reference,149,uncertainty,False,0,0,5,False,True,True,True,44,False,2.1818181818181817
supp_p01,reference,110,uncertainty,False,0,0,5,False,True,True,True,44,False,2.909090909090909
supp_p01,reference,13,uncertainty,False,0,0,5,False,True,True,True,44,False,2.5454545454545454
supp_p01,reference,7,uncertainty,False,0,0,5,False,True,True,True,44,False,1.2727272727272727
supp_p01,reference,87,uncertainty,False,0,0,5,False,True,True,True,44,False,1.7272727272727273
supp_p01,reference,150,uncertainty,False,0,0,5,False,True,True,True,44,False,2.590909090909091
supp_p01,reference,179,uncertainty,False,0,0,5,False,True,True,True,44,False,1.6363636363636365
supp_p01,reference,181,uncertainty,False,0,0,5,False,True,True,True,44,False,2.8636363636363638
supp_p01,reference,148,uncertainty,False,0,0,5,False,True,True,True,44,False,2.6818181818181817
supp_p01,reference,162,uncertainty,False,0,0,5,False,False,False,True,44,False,1.8181818181818181
supp_p01,reference,102,uncertainty,False,0,0,5,False,True,True,True,44,False,2.1818181818181817
supp_p01,reference,56,uncertainty,False,0,0,5,False,True,True,True,44,False,2.909090909090909
supp_p01,reference,19,uncertainty,False,0,0,5,False,True,True,True,44,False,2.5454545454545454
supp_p01,reference,112,uncertainty,False,0,0,5,False,True,True,True,44,False,2.1818181818181817
supp_p01,reference,40,uncertainty,False,0,0,5,False,True,True,True,44,False,2.5454545454545454
supp_p01,reference,22,uncertainty,False,0,0,5,False,True,True,True,44,False,1.0909090909090908
supp_p01,reference,88,uncertainty,False,0,0,5,False,True,True,True,44,False,2.8636363636363638
supp_p01,reference,167,uncertainty,False,0,0,5,False,True,True,True,44,False,2.8636363636363638
supp_p01,reference,183,uncertainty,False,0,0,5,False,True,True,True,44,False,2.090909090909091
supp_p01,reference,24,uncertainty,False,0,0,5,False,True,True,True,44,False,2.8636363636363638
supp_p01,reference,128,uncertainty,False,0,0,5,False,True,True,True,44,False,2.727272727272727
supp_p01,reference,120,uncertainty,False,0,0,5,False,True,True,True,44,False,2.8636363636363638
supp_p01,reference,45,uncertainty,False,0,0,5,False,True,True,True,44,False,2.8636363636363638
supp_p01,reference,86,uncertainty,False,0,0,5,False,True,True,True,44,False,1.1363636363636365
supp_p01,reference,156,uncertainty,False,0,0,5,False,True,True,True,44,False,2.3636363636363638
supp_p01,reference,98,uncertainty,False,0,0,5,False,True,True,True,44,False,2.909090909090909
supp_p01,reference,92,uncertainty,False,0,0,5,False,True,True,True,44,False,2.8636363636363638
supp_p01,reference,95,uncertainty,False,0,0,5,False,True,True,True,44,False,2.8181818181818183
supp_p01,reference,101,uncertainty,False,0,0,5,False,True,True,True,44,False,2.772727272727273
supp_p01,reference,47,uncertainty,False,0,0,5,False,True,True,True,44,False,2.5454545454545454
supp_p01,reference,25,uncertainty,False,0,0,5,False,True,True,True,44,False,1.6363636363636365
supp_p01,reference,121,uncertainty,False,0,0,5,False,True,True,True,44,False,1.2727272727272727
supp_p01,reference,41,uncertainty,False,0,0,5,False,True,True,True,44,False,2.8636363636363638
supp_p01,reference,99,uncertainty,False,0,0,5,False,True,True,True,44,False,2.909090909090909
supp_p01,reference,27,uncertainty,False,0,0,5,False,True,True,True,44,False,2.772727272727273
supp_p01,reference,140,uncertainty,False,0,0,5,False,True,True,True,44,False,2.1363636363636362
supp_p01,reference,81,uncertainty,True,2,2,3,True,False,True,True,44,False,2.5454545454545454
supp_p01,reference,144,uncertainty,False,0,0,5,False,True,True,True,44,False,2.8636363636363638
supp_p01,reference,108,uncertainty,False,0,0,5,False,True,True,True,44,False,2.0454545454545454
supp_p01,reference,85,uncertainty,False,0,0,5,False,True,True,True,44,False,2.909090909090909
supp_p01,reference,152,uncertainty,False,0,0,5,False,True,True,True,44,False,2.227272727272727
supp_p01,reference,15,uncertainty,False,0,0,5,False,True,True,True,44,False,2.5
supp_p01,reference,89,uncertainty,False,0,0,5,False,True,True,True,44,False,2.8636363636363638
supp_p01,reference,116,uncertainty,False,0,0,5,False,True,True,True,44,False,2.8636363636363638
supp_p01,reference,138,uncertainty,False,0,0,5,False,True,True,True,44,False,2.090909090909091
supp_p01,reference,154,uncertainty,False,0,0,5,False,True,True,True,44,False,2.5454545454545454
supp_p01,reference,104,uncertainty,False,0,0,5,False,True,True,True,44,False,2.5
supp_p01,reference,131,uncertainty,False,0,0,5,False,True,True,True,44,False,2.5
supp_p01,reference,129,uncertainty,False,0,0,5,False,True,True,True,44,False,2.909090909090909
supp_p01,reference,96,uncertainty,False,0,0,5,False,True,True,True,44,False,2.8181818181818183
supp_p01,reference,44,uncertainty,False,0,0,5,False,True,True,True,44,False,2.909090909090909
supp_p01,reference,46,uncertainty,False,0,0,5,False,True,True,True,44,False,1.2272727272727273
supp_p01,reference,159,low_score,False,0,0,5,False,False,False,False,13,False,0.0
supp_p01,reference,42,low_score,False,0,0,5,False,False,False,False,12,False,0.0
supp_p01,reference,64,low_score,False,0,0,5,False,False,False,False,5,False,0.0
supp_p01,reference,12,low_score,False,0,0,5,False,False,False,False,7,False,0.0
supp_p01,reference,160,low_score,False,0,0,5,False,False,False,False,14,False,0.0
supp_p01,reference,155,low_score,False,0,0,5,False,False,False,False,10,False,0.0
supp_p01,reference,11,low_score,False,0,0,5,False,False,False,False,12,False,0.0
supp_p01,reference,124,low_score,False,0,0,5,False,False,False,False,8,False,0.0
supp_p01,reference,169,low_score,False,0,0,5,False,False,False,False,13,False,0.0
supp_p01,reference,106,low_score,False,0,0,5,False,False,False,False,13,False,0.0
supp_p01,reference,157,low_score,False,0,0,5,False,False,False,False,9,False,0.0
supp_p01,reference,126,low_score,False,0,0,5,False,False,False,False,16,False,0.0
supp_p01,reference,55,low_score,False,0,0,5,False,False,False,False,9,False,0.0
supp_p01,reference,113,low_score,False,0,0,5,False,False,False,False,11,False,0.0
supp_p01,reference,158,low_score,False,0,0,5,False,False,False,False,12,False,0.0
supp_p01,reference,165,low_score,False,0,0,5,False,False,False,False,16,False,0.0
supp_p01,reference,178,low_score,False,0,0,5,False,False,False,False,10,False,0.0
supp_p01,reference,133,low_score,False,0,0,5,False,False,False,False,5,False,0.0
supp_p01,reference,78,low_score,False,0,0,5,False,False,False,False,11,False,0.0
supp_p01,reference,70,low_score,False,0,0,5,False,False,False,False,16,False,0.0
supp_p01,reference,176,low_score,False,0,0,5,False,False,False,False,11,False,0.0
supp_p01,reference,17,low_score,False,0,0,5,False,False,False,False,11,False,0.0
supp_p01,reference,136,low_score,False,0,0,5,False,False,False,False,15,False,0.0
supp_p01,reference,76,low_score,False,0,0,5,False,False,False,False,21,False,0.0
supp_p01,reference,82,low_score,False,0,0,5,False,False,False,False,9,False,0.0
supp_p01,reference,114,low_score,False,0,0,5,False,False,False,False,13,False,0.0
supp_p01,reference,168,low_score,False,0,0,5,False,False,False,False,8,False,0.0
supp_p01,reference,28,low_score,False,0,0,5,False,False,False,False,10,False,0.0
supp_p01,reference,39,low_score,False,0,0,5,False,False,False,False,8,False,0.0
supp_p01,reference,50,low_score,False,0,0,5,False,False,False,False,7,False,0.0
supp_p01,reference,61,low_score,False,0,0,5,False,False,False,False,9,False,0.0
supp_p01,reference,100,low_score,False,0,0,5,False,False,False,False,16,False,0.0
supp_p01,reference,130,low_score,False,0,0,5,False,False,False,False,15,False,0.0
supp_p01,reference,141,low_score,False,0,0,5,False,False,False,False,16,False,0.0
supp_p01,reference,53,low_score,False,0,0,5,False,False,False,False,17,False,0.0
supp_p01,reference,73,low_score,False,0,0,5,False,False,False,False,9,False,0.0
supp_p01,reference,9,low_score,False,0,0,5,False,False,False,False,8,False,0.0
supp_p01,reference,6,low_score,False,0,0,5,False,False,False,False,7,False,0.0
supp_p01,reference,31,low_score,False,0,0,5,False,False,False,False,10,False,0.0
supp_p01,reference,94,low_score,False,0,0,5,False,False,False,False,13,False,0.0
supp_p01,reference,58,low_score,False,0,0,5,False,False,False,False,14,False,0.0
supp_p01,reference,177,low_score,False,0,0,5,False,False,False,False,12,False,0.0
supp_p01,reference,48,low_score,False,0,0,5,False,False,False,False,14,False,0.0
supp_p01,reference,164,low_score,False,0,0,5,False,False,False,False,13,False,0.0
supp_p01,reference,67,low_score,False,0,0,5,False,False,False,False,14,False,0.0
supp_p01,reference,118,low_score,False,0,0,5,False,False,False,False,17,False,0.0
supp_p01,reference,79,low_score,False,0,0,5,False,False,False,False,5,False,0.0
supp_p01,reference,122,low_score,False,0,0,5,False,False,False,False,17,False,0.0
supp_p01,reference,54,low_score,False,0,0,5,False,False,False,False,8,False,0.0
supp_p01,reference,151,low_score,False,0,0,5,False,False,False,False,16,False,0.0
supp_p01,reference,103,low_score,False,0,0,5,False,False,False,False,11,False,0.0
supp_p01,reference,137,low_score,False,0,0,5,False,False,False,False,15,False,0.0
supp_p01,reference,132,low_score,False,0,0,5,False,False,False,False,11,False,0.0
supp_p01,reference,143,low_score,False,0,0,5,False,False,False,False,17,False,0.0
supp_p01,reference,107,low_score,False,0,0,5,False,False,False,False,12,False,0.0
supp_p01,reference,119,low_score,False,0,0,5,False,False,False,False,9,False,0.0
supp_p01,reference,109,low_score,False,0,0,5,False,False,False,False,11,False,0.0
supp_p01,reference,84,low_score,False,0,0,5,False,False,False,False,5,False,0.0
supp_p01,reference,135,low_score,False,0,0,5,False,False,False,False,13,False,0.0
supp_p01,reference,125,low_score,False,0,0,5,False,False,False,False,13,False,0.0
supp_p01,reference,161,low_score,False,0,0,5,False,False,False,False,15,False,0.0
supp_p01,reference,4,low_score,False,0,0,5,False,False,False,False,15,False,0.0
supp_p01,reference,72,low_score,False,0,0,4,False,False,False,False,4,False,0.0
supp_p01,reference,68,low_score,False,0,0,5,False,False,False,False,12,False,0.0
supp_p01,reference,175,low_score,False,0,0,5,False,False,False,False,14,False,0.0
supp_p01,reference,182,low_score,False,0,0,5,False,False,False,False,9,False,0.0
supp_p01,reference,134,low_score,False,0,0,5,False,False,False,False,15,False,0.0
supp_p01,reference,105,low_score,False,0,0,5,False,False,False,False,10,False,0.0
supp_p01,reference,43,low_score,False,0,0,5,False,False,False,False,10,False,0.0
supp_p01,reference,139,low_score,False,0,0,5,False,False,False,False,14,False,0.0
supp_p01,reference,3,low_score,False,0,0,5,False,False,False,False,9,False,0.0
supp_p01,reference,62,low_score,False,0,0,5,False,False,False,False,9,False,0.0
supp_p01,reference,5,low_score,False,0,0,5,False,False,False,False,9,False,0.0
supp_p01,reference,66,low_score,False,0,0,5,False,False,False,False,7,False,0.0
supp_p01,reference,180,low_score,False,0,0,5,False,False,False,False,17,False,0.0
supp_p01,reference,30,low_score,False,0,0,5,False,False,False,False,6,False,0.0
supp_p01,reference,149,low_score,False,0,0,5,False,False,False,False,12,False,0.0
supp_p01,reference,110,low_score,False,0,0,5,False,False,False,False,9,False,0.0
supp_p01,reference,13,low_score,False,0,0,5,False,False,False,False,15,False,0.0
supp_p01,reference,7,low_score,False,0,0,5,False,False,False,False,15,False,0.0
supp_p01,reference,87,low_score,False,0,0,5,False,False,False,False,10,False,0.0
supp_p01,reference,150,low_score,False,0,0,5,False,False,False,False,15,False,0.0
supp_p01,reference,179,low_score,False,0,0,5,False,False,False,False,18,False,0.0
supp_p01,reference,181,low_score,False,0,0,5,False,False,False,False,11,False,0.0
supp_p01,reference,148,low_score,False,0,0,5,False,False,False,False,15,False,0.0
supp_p01,reference,162,low_score,False,0,0,5,False,False,False,False,20,False,0.0
supp_p01,reference,102,low_score,False,0,0,5,False,False,False,False,11,False,0.0
supp_p01,reference,56,low_score,False,0,0,5,False,False,False,False,5,False,0.0
supp_p01,reference,19,low_score,False,0,0,5,False,False,False,False,11,False,0.0
supp_p01,reference,112,low_score,False,0,0,5,False,False,False,False,11,False,0.0
supp_p01,reference,40,low_score,False,0,0,5,False,False,False,False,6,False,0.0
supp_p01,reference,22,low_score,False,0,0,5,False,False,False,False,16,False,0.0
supp_p01,reference,88,low_score,False,0,0,5,False,False,False,False,10,False,0.0
supp_p01,reference,167,low_score,False,0,0,5,False,False,False,False,12,False,0.0
supp_p01,reference,183,low_score,False,0,0,5,False,False,False,False,15,False,0.0
supp_p01,reference,24,low_score,False,0,0,5,False,False,False,False,9,False,0.0
supp_p01,reference,128,low_score,False,0,0,5,False,False,False,False,13,False,0.0
supp_p01,reference,120,low_score,False,0,0,5,False,False,False,False,10,False,0.0
supp_p01,reference,45,low_score,False,0,0,5,False,False,False,False,8,False,0.0
supp_p01,reference,86,low_score,False,0,0,5,False,False,False,False,17,False,0.0
supp_p01,reference,156,low_score,False,0,0,5,False,False,False,False,16,False,0.0
supp_p01,reference,98,low_score,False,0,0,5,False,False,False,False,11,False,0.0
supp_p01,reference,92,low_score,False,0,0,5,False,False,False,False,12,False,0.0
supp_p01,reference,95,low_score,False,0,0,5,False,False,False,False,14,False,0.0
supp_p01,reference,101,low_score,False,0,0,5,False,False,False,False,15,False,0.0
supp_p01,reference,47,low_score,False,0,0,5,False,False,False,False,8,False,0.0
supp_p01,reference,25,low_score,False,0,0,5,False,False,False,False,11,False,0.0
supp_p01,reference,121,low_score,False,0,0,5,False,False,False,False,12,False,0.0
supp_p01,reference,41,low_score,False,0,0,5,False,False,False,False,9,False,0.0
supp_p01,reference,99,low_score,False,0,0,5,False,False,False,False,8,False,0.0
supp_p01,reference,27,low_score,False,0,0,5,False,False,False,False,13,False,0.0
supp_p01,reference,140,low_score,False,0,0,5,False,False,False,False,17,False,0.0
supp_p01,reference,81,low_score,False,0,0,3,False,False,False,False,3,False,0.0
supp_p01,reference,144,low_score,False,0,0,5,False,False,False,False,8,False,0.0
supp_p01,reference,108,low_score,False,0,0,5,False,False,False,False,12,False,0.0
supp_p01,reference,85,low_score,False,0,0,5,False,False,False,False,6,False,0.0
supp_p01,reference,152,low_score,False,0,0,5,False,False,False,False,17,False,0.0
supp_p01,reference,15,low_score,False,0,0,5,False,False,False,False,11,False,0.0
supp_p01,reference,89,low_score,False,0,0,5,False,False,False,False,13,False,0.0
supp_p01,reference,116,low_score,False,0,0,5,False,False,False,False,10,False,0.0
supp_p01,reference,138,low_score,False,0,0,5,False,False,False,False,14,False,0.0
supp_p01,reference,154,low_score,False,0,0,5,False,False,False,False,8,False,0.0
supp_p01,reference,104,low_score,False,0,0,5,False,False,False,False,14,False,0.0
supp_p01,reference,131,low_score,False,0,0,5,False,False,False,False,18,False,0.0
supp_p01,reference,129,low_score,False,0,0,5,False,False,False,False,7,False,0.0
supp_p01,reference,96,low_score,False,0,0,5,False,False,False,False,10,False,0.0
supp_p01,reference,44,low_score,False,0,0,5,False,False,False,False,7,False,0.0
supp_p01,reference,46,low_score,False,0,0,5,False,False,False,False,12,False,0.0
supp_p01,complete_cohort,2,uncertainty,False,0,0,5,False,True,True,True,44,False,2.8636363636363638
supp_p01,complete_cohort,3,uncertainty,False,0,0,5,False,True,True,True,44,False,1.2272727272727273
supp_p01,complete_cohort,4,uncertainty,False,0,0,5,False,True,True,True,44,False,2.3636363636363638
supp_p01,complete_cohort,5,uncertainty,False,0,0,5,False,True,True,True,44,False,2.8636363636363638
supp_p01,complete_cohort,6,uncertainty,False,0,0,5,False,True,True,True,44,False,2.909090909090909
supp_p01,complete_cohort,7,uncertainty,False,0,0,5,False,True,True,True,44,False,1.2727272727272727
supp_p01,complete_cohort,9,uncertainty,False,0,0,5,False,True,True,True,44,False,2.8636363636363638
supp_p01,complete_cohort,11,uncertainty,False,0,0,5,False,True,True,True,44,False,1.3636363636363635
supp_p01,complete_cohort,12,uncertainty,False,0,0,5,False,True,True,True,44,False,2.8636363636363638
supp_p01,complete_cohort,13,uncertainty,False,0,0,5,False,True,True,True,44,False,2.5454545454545454
supp_p01,complete_cohort,14,uncertainty,False,0,0,5,False,True,True,True,44,False,1.1818181818181819
supp_p01,complete_cohort,15,uncertainty,False,0,0,5,False,True,True,True,44,False,2.5
supp_p01,complete_cohort,17,uncertainty,False,0,0,5,False,True,True,True,44,False,2.5454545454545454
supp_p01,complete_cohort,19,uncertainty,False,0,0,5,False,True,True,True,44,False,2.5454545454545454
supp_p01,complete_cohort,20,uncertainty,False,0,0,5,False,True,True,True,44,False,2.272727272727273
supp_p01,complete_cohort,21,uncertainty,False,0,0,5,False,True,True,True,44,False,2.4545454545454546
supp_p01,complete_cohort,22,uncertainty,False,0,0,5,False,True,True,True,44,False,1.0909090909090908
supp_p01,complete_cohort,23,uncertainty,False,0,0,5,False,True,True,True,44,False,1.8181818181818181
supp_p01,complete_cohort,24,uncertainty,False,0,0,5,False,True,True,True,44,False,2.8636363636363638
supp_p01,complete_cohort,25,uncertainty,False,0,0,5,False,True,True,True,44,False,1.6363636363636365
supp_p01,complete_cohort,27,uncertainty,False,0,0,5,False,True,True,True,44,False,2.772727272727273
supp_p01,complete_cohort,28,uncertainty,False,0,0,5,False,True,True,True,44,False,2.8636363636363638
supp_p01,complete_cohort,29,uncertainty,False,0,0,5,False,True,True,True,44,False,2.8636363636363638
supp_p01,complete_cohort,30,uncertainty,False,0,0,5,False,True,True,True,44,False,2.909090909090909
supp_p01,complete_cohort,31,uncertainty,False,0,0,5,False,True,True,True,44,False,2.8636363636363638
supp_p01,complete_cohort,39,uncertainty,False,0,0,5,False,True,True,True,44,False,2.5454545454545454
supp_p01,complete_cohort,40,uncertainty,False,0,0,5,False,True,True,True,44,False,2.5454545454545454
supp_p01,complete_cohort,41,uncertainty,False,0,0,5,False,True,True,True,44,False,2.8636363636363638
supp_p01,complete_cohort,42,uncertainty,False,0,0,5,False,True,True,True,44,False,2.8181818181818183
supp_p01,complete_cohort,43,uncertainty,False,0,0,5,False,True,True,True,44,False,2.8636363636363638
supp_p01,complete_cohort,44,uncertainty,False,0,0,5,False,True,True,True,44,False,2.909090909090909
supp_p01,complete_cohort,45,uncertainty,False,0,0,5,False,True,True,True,44,False,2.8636363636363638
supp_p01,complete_cohort,46,uncertainty,False,0,0,5,False,True,True,True,44,False,1.2272727272727273
supp_p01,complete_cohort,47,uncertainty,False,0,0,5,False,True,True,True,44,False,2.5454545454545454
supp_p01,complete_cohort,48,uncertainty,False,0,0,5,False,True,True,True,44,False,2.5454545454545454
supp_p01,complete_cohort,50,uncertainty,False,0,0,5,False,True,True,True,44,False,2.8636363636363638
supp_p01,complete_cohort,51,uncertainty,False,0,0,5,False,True,True,True,44,False,0.8636363636363636
supp_p01,complete_cohort,52,uncertainty,False,0,0,5,False,True,True,True,44,False,1.2272727272727273
supp_p01,complete_cohort,53,uncertainty,False,0,0,5,False,True,True,True,44,False,1.3636363636363635
supp_p01,complete_cohort,54,uncertainty,False,0,0,5,False,True,True,True,44,False,2.909090909090909
supp_p01,complete_cohort,55,uncertainty,False,0,0,5,False,True,True,True,44,False,2.5454545454545454
supp_p01,complete_cohort,56,uncertainty,False,0,0,5,False,True,True,True,44,False,2.909090909090909
supp_p01,complete_cohort,58,uncertainty,False,0,0,5,False,True,True,True,44,False,2.8181818181818183
supp_p01,complete_cohort,59,uncertainty,False,0,0,5,False,True,True,True,44,False,2.909090909090909
supp_p01,complete_cohort,61,uncertainty,False,0,0,5,False,True,True,True,44,False,2.8636363636363638
supp_p01,complete_cohort,62,uncertainty,False,0,0,5,False,True,True,True,44,False,2.909090909090909
supp_p01,complete_cohort,63,uncertainty,False,0,0,5,False,True,True,True,44,False,2.8636363636363638
supp_p01,complete_cohort,64,uncertainty,False,0,0,5,False,True,True,True,44,False,2.909090909090909
supp_p01,complete_cohort,66,uncertainty,False,0,0,5,False,True,True,True,44,False,2.909090909090909
supp_p01,complete_cohort,67,uncertainty,False,0,0,5,False,True,True,True,44,False,2.8181818181818183
supp_p01,complete_cohort,68,uncertainty,False,0,0,5,False,True,True,True,44,False,2.8636363636363638
supp_p01,complete_cohort,70,uncertainty,False,0,0,5,False,True,True,True,44,False,2.409090909090909
supp_p01,complete_cohort,71,uncertainty,False,0,0,5,False,True,True,True,44,False,2.5454545454545454
supp_p01,complete_cohort,72,uncertainty,True,1,1,4,True,False,True,True,44,False,2.090909090909091
supp_p01,complete_cohort,73,uncertainty,False,0,0,5,False,True,True,True,44,False,2.4545454545454546
supp_p01,complete_cohort,74,uncertainty,False,0,0,5,False,True,True,True,44,False,2.409090909090909
supp_p01,complete_cohort,76,uncertainty,False,0,0,5,False,False,False,True,44,False,0.9090909090909091
supp_p01,complete_cohort,77,uncertainty,False,0,0,5,True,True,True,True,44,False,1.8636363636363635
supp_p01,complete_cohort,78,uncertainty,False,0,0,5,False,True,True,True,44,False,2.8181818181818183
supp_p01,complete_cohort,79,uncertainty,False,0,0,5,False,False,True,True,44,False,2.5454545454545454
supp_p01,complete_cohort,80,uncertainty,False,0,0,5,False,True,True,True,44,False,2.3636363636363638
supp_p01,complete_cohort,81,uncertainty,True,2,2,3,True,False,True,True,44,False,2.5454545454545454
supp_p01,complete_cohort,82,uncertainty,False,0,0,5,True,True,True,True,44,False,1.9545454545454546
supp_p01,complete_cohort,83,uncertainty,False,0,0,5,False,True,True,True,44,False,2.909090909090909
supp_p01,complete_cohort,84,uncertainty,False,0,0,5,False,False,True,True,44,False,2.5454545454545454
supp_p01,complete_cohort,85,uncertainty,False,0,0,5,False,True,True,True,44,False,2.909090909090909
supp_p01,complete_cohort,86,uncertainty,False,0,0,5,False,True,True,True,44,False,1.1363636363636365
supp_p01,complete_cohort,87,uncertainty,False,0,0,5,False,True,True,True,44,False,1.7272727272727273
supp_p01,complete_cohort,88,uncertainty,False,0,0,5,False,True,True,True,44,False,2.8636363636363638
supp_p01,complete_cohort,89,uncertainty,False,0,0,5,False,True,True,True,44,False,2.8636363636363638
supp_p01,complete_cohort,90,uncertainty,False,0,0,5,False,True,True,True,44,False,0.8181818181818182
supp_p01,complete_cohort,91,uncertainty,False,0,0,5,False,True,True,True,44,False,1.0454545454545454
supp_p01,complete_cohort,92,uncertainty,False,0,0,5,False,True,True,True,44,False,2.8636363636363638
supp_p01,complete_cohort,93,uncertainty,False,0,0,5,False,True,True,True,44,False,2.5454545454545454
supp_p01,complete_cohort,94,uncertainty,False,0,0,5,False,True,True,True,44,False,2.772727272727273
supp_p01,complete_cohort,95,uncertainty,False,0,0,5,False,True,True,True,44,False,2.8181818181818183
supp_p01,complete_cohort,96,uncertainty,False,0,0,5,False,True,True,True,44,False,2.8181818181818183
supp_p01,complete_cohort,97,uncertainty,False,0,0,5,False,True,True,True,44,False,2.8636363636363638
supp_p01,complete_cohort,98,uncertainty,False,0,0,5,False,True,True,True,44,False,2.909090909090909
supp_p01,complete_cohort,99,uncertainty,False,0,0,5,False,True,True,True,44,False,2.909090909090909
supp_p01,complete_cohort,100,uncertainty,False,0,0,5,False,True,True,True,44,False,2.1818181818181817
supp_p01,complete_cohort,101,uncertainty,False,0,0,5,False,True,True,True,44,False,2.772727272727273
supp_p01,complete_cohort,102,uncertainty,False,0,0,5,False,True,True,True,44,False,2.1818181818181817
supp_p01,complete_cohort,103,uncertainty,False,0,0,5,False,True,True,True,44,False,2.8636363636363638
supp_p01,complete_cohort,104,uncertainty,False,0,0,5,False,True,True,True,44,False,2.5
supp_p01,complete_cohort,105,uncertainty,False,0,0,5,False,True,True,True,44,False,2.5
supp_p01,complete_cohort,106,uncertainty,False,0,0,5,False,True,True,True,44,False,2.8181818181818183
supp_p01,complete_cohort,107,uncertainty,False,0,0,5,False,True,True,True,44,False,2.8636363636363638
supp_p01,complete_cohort,108,uncertainty,False,0,0,5,False,True,True,True,44,False,2.0454545454545454
supp_p01,complete_cohort,109,uncertainty,False,0,0,5,False,True,True,True,44,False,1.8181818181818181
supp_p01,complete_cohort,110,uncertainty,False,0,0,5,False,True,True,True,44,False,2.909090909090909
supp_p01,complete_cohort,111,uncertainty,False,0,0,5,False,True,True,True,44,False,2.5454545454545454
supp_p01,complete_cohort,112,uncertainty,False,0,0,5,False,True,True,True,44,False,2.1818181818181817
supp_p01,complete_cohort,113,uncertainty,False,0,0,5,False,True,True,True,44,False,2.8636363636363638
supp_p01,complete_cohort,114,uncertainty,False,0,0,5,False,True,True,True,44,False,2.772727272727273
supp_p01,complete_cohort,115,uncertainty,False,0,0,5,False,True,True,True,44,False,2.8636363636363638
supp_p01,complete_cohort,116,uncertainty,False,0,0,5,False,True,True,True,44,False,2.8636363636363638
supp_p01,complete_cohort,117,uncertainty,False,0,0,5,False,True,True,True,44,False,1.5909090909090908
supp_p01,complete_cohort,118,uncertainty,False,0,0,5,False,True,True,True,44,False,1.3636363636363635
supp_p01,complete_cohort,119,uncertainty,False,0,0,5,False,True,True,True,44,False,1.4545454545454546
supp_p01,complete_cohort,120,uncertainty,False,0,0,5,False,True,True,True,44,False,2.8636363636363638
supp_p01,complete_cohort,121,uncertainty,False,0,0,5,False,True,True,True,44,False,1.2727272727272727
supp_p01,complete_cohort,122,uncertainty,False,0,0,5,False,True,True,True,44,False,2.3636363636363638
supp_p01,complete_cohort,123,uncertainty,False,0,0,5,False,True,True,True,44,False,2.8636363636363638
supp_p01,complete_cohort,124,uncertainty,False,0,0,5,False,True,True,True,44,False,2.5454545454545454
supp_p01,complete_cohort,125,uncertainty,False,0,0,5,False,True,True,True,44,False,2.772727272727273
supp_p01,complete_cohort,126,uncertainty,False,0,0,5,False,True,True,True,44,False,2.5454545454545454
supp_p01,complete_cohort,127,uncertainty,False,0,0,5,False,True,True,True,44,False,1.0
supp_p01,complete_cohort,128,uncertainty,False,0,0,5,False,True,True,True,44,False,2.727272727272727
supp_p01,complete_cohort,129,uncertainty,False,0,0,5,False,True,True,True,44,False,2.909090909090909
supp_p01,complete_cohort,130,uncertainty,False,0,0,5,False,True,True,True,44,False,2.727272727272727
supp_p01,complete_cohort,131,uncertainty,False,0,0,5,False,True,True,True,44,False,2.5
supp_p01,complete_cohort,132,uncertainty,False,0,0,5,False,True,True,True,44,False,2.5454545454545454
supp_p01,complete_cohort,133,uncertainty,False,0,0,5,False,True,True,True,44,False,2.909090909090909
supp_p01,complete_cohort,134,uncertainty,False,0,0,5,False,True,True,True,44,False,2.590909090909091
supp_p01,complete_cohort,135,uncertainty,False,0,0,5,False,True,True,True,44,False,2.4545454545454546
supp_p01,complete_cohort,136,uncertainty,False,0,0,5,False,True,True,True,44,False,2.272727272727273
supp_p01,complete_cohort,137,uncertainty,False,0,0,5,False,True,True,True,44,False,2.590909090909091
supp_p01,complete_cohort,138,uncertainty,False,0,0,5,False,True,True,True,44,False,2.090909090909091
supp_p01,complete_cohort,139,uncertainty,False,0,0,5,False,True,True,True,44,False,2.727272727272727
supp_p01,complete_cohort,140,uncertainty,False,0,0,5,False,True,True,True,44,False,2.1363636363636362
supp_p01,complete_cohort,141,uncertainty,False,0,0,5,False,True,True,True,44,False,2.3636363636363638
supp_p01,complete_cohort,142,uncertainty,False,0,0,5,False,True,True,True,44,False,1.9545454545454546
supp_p01,complete_cohort,143,uncertainty,False,0,0,5,False,True,True,True,44,False,1.0
supp_p01,complete_cohort,144,uncertainty,False,0,0,5,False,True,True,True,44,False,2.8636363636363638
supp_p01,complete_cohort,147,uncertainty,False,0,0,5,False,True,True,True,44,False,0.9090909090909091
supp_p01,complete_cohort,148,uncertainty,False,0,0,5,False,True,True,True,44,False,2.6818181818181817
supp_p01,complete_cohort,149,uncertainty,False,0,0,5,False,True,True,True,44,False,2.1818181818181817
supp_p01,complete_cohort,150,uncertainty,False,0,0,5,False,True,True,True,44,False,2.590909090909091
supp_p01,complete_cohort,151,uncertainty,False,0,0,5,False,True,True,True,44,False,1.4545454545454546
supp_p01,complete_cohort,152,uncertainty,False,0,0,5,False,True,True,True,44,False,2.227272727272727
supp_p01,complete_cohort,153,uncertainty,False,0,0,5,False,True,True,True,44,False,2.5454545454545454
supp_p01,complete_cohort,154,uncertainty,False,0,0,5,False,True,True,True,44,False,2.5454545454545454
supp_p01,complete_cohort,155,uncertainty,False,0,0,5,False,True,True,True,44,False,2.8636363636363638
supp_p01,complete_cohort,156,uncertainty,False,0,0,5,False,True,True,True,44,False,2.3636363636363638
supp_p01,complete_cohort,157,uncertainty,False,0,0,5,False,True,True,True,44,False,2.090909090909091
supp_p01,complete_cohort,158,uncertainty,False,0,0,5,False,True,True,True,44,False,2.909090909090909
supp_p01,complete_cohort,159,uncertainty,False,0,0,5,False,True,True,True,44,False,2.772727272727273
supp_p01,complete_cohort,160,uncertainty,False,0,0,5,False,True,True,True,44,False,2.4545454545454546
supp_p01,complete_cohort,161,uncertainty,False,0,0,5,False,True,True,True,44,False,2.6363636363636362
supp_p01,complete_cohort,162,uncertainty,False,0,0,5,False,False,False,True,44,False,1.8181818181818181
supp_p01,complete_cohort,163,uncertainty,False,0,0,5,False,True,True,True,44,False,1.9090909090909092
supp_p01,complete_cohort,164,uncertainty,False,0,0,5,False,True,True,True,44,False,2.1818181818181817
supp_p01,complete_cohort,165,uncertainty,False,0,0,5,False,True,True,True,44,False,2.3181818181818183
supp_p01,complete_cohort,166,uncertainty,False,0,0,5,False,True,True,True,44,False,0.9545454545454546
supp_p01,complete_cohort,167,uncertainty,False,0,0,5,False,True,True,True,44,False,2.8636363636363638
supp_p01,complete_cohort,168,uncertainty,False,0,0,5,False,True,True,True,44,False,2.5454545454545454
supp_p01,complete_cohort,169,uncertainty,False,0,0,5,False,True,True,True,44,False,2.5454545454545454
supp_p01,complete_cohort,170,uncertainty,False,0,0,5,False,True,True,True,44,False,2.5454545454545454
supp_p01,complete_cohort,172,uncertainty,False,0,0,5,False,True,True,True,44,False,2.8636363636363638
supp_p01,complete_cohort,174,uncertainty,False,0,0,5,False,True,True,True,44,False,0.9090909090909091
supp_p01,complete_cohort,175,uncertainty,False,0,0,5,False,True,True,True,44,False,2.3636363636363638
supp_p01,complete_cohort,176,uncertainty,False,0,0,5,False,True,True,True,44,False,2.5454545454545454
supp_p01,complete_cohort,177,uncertainty,False,0,0,5,False,True,True,True,44,False,2.8636363636363638
supp_p01,complete_cohort,178,uncertainty,False,0,0,5,False,True,True,True,44,False,2.8636363636363638
supp_p01,complete_cohort,179,uncertainty,False,0,0,5,False,True,True,True,44,False,1.6363636363636365
supp_p01,complete_cohort,180,uncertainty,False,0,0,5,False,True,True,True,44,False,2.1363636363636362
supp_p01,complete_cohort,181,uncertainty,False,0,0,5,False,True,True,True,44,False,2.8636363636363638
supp_p01,complete_cohort,182,uncertainty,False,0,0,5,False,True,True,True,44,False,2.227272727272727
supp_p01,complete_cohort,183,uncertainty,False,0,0,5,False,True,True,True,44,False,2.090909090909091
supp_p01,complete_cohort,2,low_score,False,0,0,5,False,False,False,False,5,False,0.0
supp_p01,complete_cohort,3,low_score,False,0,0,5,False,False,False,False,9,False,0.0
supp_p01,complete_cohort,4,low_score,False,0,0,5,False,False,False,False,15,False,0.0
supp_p01,complete_cohort,5,low_score,False,0,0,5,False,False,False,False,9,False,0.0
supp_p01,complete_cohort,6,low_score,False,0,0,5,False,False,False,False,7,False,0.0
supp_p01,complete_cohort,7,low_score,False,0,0,5,False,False,False,False,15,False,0.0
supp_p01,complete_cohort,9,low_score,False,0,0,5,False,False,False,False,8,False,0.0
supp_p01,complete_cohort,11,low_score,False,0,0,5,False,False,False,False,12,False,0.0
supp_p01,complete_cohort,12,low_score,False,0,0,5,False,False,False,False,7,False,0.0
supp_p01,complete_cohort,13,low_score,False,0,0,5,False,False,False,False,15,False,0.0
supp_p01,complete_cohort,14,low_score,False,0,0,5,False,False,False,False,16,False,0.0
supp_p01,complete_cohort,15,low_score,False,0,0,5,False,False,False,False,11,False,0.0
supp_p01,complete_cohort,17,low_score,False,0,0,5,False,False,False,False,11,False,0.0
supp_p01,complete_cohort,19,low_score,False,0,0,5,False,False,False,False,11,False,0.0
supp_p01,complete_cohort,20,low_score,False,0,0,5,False,False,False,False,6,False,0.0
supp_p01,complete_cohort,21,low_score,False,0,0,5,False,False,False,False,15,False,0.0
supp_p01,complete_cohort,22,low_score,False,0,0,5,False,False,False,False,16,False,0.0
supp_p01,complete_cohort,23,low_score,False,0,0,5,False,False,False,False,12,False,0.0
supp_p01,complete_cohort,24,low_score,False,0,0,5,False,False,False,False,9,False,0.0
supp_p01,complete_cohort,25,low_score,False,0,0,5,False,False,False,False,11,False,0.0
supp_p01,complete_cohort,27,low_score,False,0,0,5,False,False,False,False,13,False,0.0
supp_p01,complete_cohort,28,low_score,False,0,0,5,False,False,False,False,10,False,0.0
supp_p01,complete_cohort,29,low_score,False,0,0,5,False,False,False,False,9,False,0.0
supp_p01,complete_cohort,30,low_score,False,0,0,5,False,False,False,False,6,False,0.0
supp_p01,complete_cohort,31,low_score,False,0,0,5,False,False,False,False,10,False,0.0
supp_p01,complete_cohort,39,low_score,False,0,0,5,False,False,False,False,8,False,0.0
supp_p01,complete_cohort,40,low_score,False,0,0,5,False,False,False,False,6,False,0.0
supp_p01,complete_cohort,41,low_score,False,0,0,5,False,False,False,False,9,False,0.0
supp_p01,complete_cohort,42,low_score,False,0,0,5,False,False,False,False,12,False,0.0
supp_p01,complete_cohort,43,low_score,False,0,0,5,False,False,False,False,10,False,0.0
supp_p01,complete_cohort,44,low_score,False,0,0,5,False,False,False,False,7,False,0.0
supp_p01,complete_cohort,45,low_score,False,0,0,5,False,False,False,False,8,False,0.0
supp_p01,complete_cohort,46,low_score,False,0,0,5,False,False,False,False,12,False,0.0
supp_p01,complete_cohort,47,low_score,False,0,0,5,False,False,False,False,8,False,0.0
supp_p01,complete_cohort,48,low_score,False,0,0,5,False,False,False,False,14,False,0.0
supp_p01,complete_cohort,50,low_score,False,0,0,5,False,False,False,False,7,False,0.0
supp_p01,complete_cohort,51,low_score,False,0,0,5,False,False,False,False,17,False,0.0
supp_p01,complete_cohort,52,low_score,False,0,0,5,False,False,False,False,15,False,0.0
supp_p01,complete_cohort,53,low_score,False,0,0,5,False,False,False,False,17,False,0.0
supp_p01,complete_cohort,54,low_score,False,0,0,5,False,False,False,False,8,False,0.0
supp_p01,complete_cohort,55,low_score,False,0,0,5,False,False,False,False,9,False,0.0
supp_p01,complete_cohort,56,low_score,False,0,0,5,False,False,False,False,5,False,0.0
supp_p01,complete_cohort,58,low_score,False,0,0,5,False,False,False,False,14,False,0.0
supp_p01,complete_cohort,59,low_score,False,0,0,5,False,False,False,False,6,False,0.0
supp_p01,complete_cohort,61,low_score,False,0,0,5,False,False,False,False,9,False,0.0
supp_p01,complete_cohort,62,low_score,False,0,0,5,False,False,False,False,9,False,0.0
supp_p01,complete_cohort,63,low_score,False,0,0,5,False,False,False,False,6,False,0.0
supp_p01,complete_cohort,64,low_score,False,0,0,5,False,False,False,False,5,False,0.0
supp_p01,complete_cohort,66,low_score,False,0,0,5,False,False,False,False,7,False,0.0
supp_p01,complete_cohort,67,low_score,False,0,0,5,False,False,False,False,14,False,0.0
supp_p01,complete_cohort,68,low_score,False,0,0,5,False,False,False,False,12,False,0.0
supp_p01,complete_cohort,70,low_score,False,0,0,5,False,False,False,False,16,False,0.0
supp_p01,complete_cohort,71,low_score,False,0,0,5,False,False,False,False,11,False,0.0
supp_p01,complete_cohort,72,low_score,False,0,0,4,False,False,False,False,4,False,0.0
supp_p01,complete_cohort,73,low_score,False,0,0,5,False,False,False,False,9,False,0.0
supp_p01,complete_cohort,74,low_score,False,0,0,5,False,False,False,False,15,False,0.0
supp_p01,complete_cohort,76,low_score,False,0,0,5,False,False,False,False,21,False,0.0
supp_p01,complete_cohort,77,low_score,False,0,0,5,False,False,False,False,12,False,0.0
supp_p01,complete_cohort,78,low_score,False,0,0,5,False,False,False,False,11,False,0.0
supp_p01,complete_cohort,79,low_score,False,0,0,5,False,False,False,False,5,False,0.0
supp_p01,complete_cohort,80,low_score,False,0,0,5,False,False,False,False,18,False,0.0
supp_p01,complete_cohort,81,low_score,False,0,0,3,False,False,False,False,3,False,0.0
supp_p01,complete_cohort,82,low_score,False,0,0,5,False,False,False,False,9,False,0.0
supp_p01,complete_cohort,83,low_score,False,0,0,5,False,False,False,False,5,False,0.0
supp_p01,complete_cohort,84,low_score,False,0,0,5,False,False,False,False,5,False,0.0
supp_p01,complete_cohort,85,low_score,False,0,0,5,False,False,False,False,6,False,0.0
supp_p01,complete_cohort,86,low_score,False,0,0,5,False,False,False,False,17,False,0.0
supp_p01,complete_cohort,87,low_score,False,0,0,5,False,False,False,False,10,False,0.0
supp_p01,complete_cohort,88,low_score,False,0,0,5,False,False,False,False,10,False,0.0
supp_p01,complete_cohort,89,low_score,False,0,0,5,False,False,False,False,13,False,0.0
supp_p01,complete_cohort,90,low_score,False,0,0,5,False,False,False,False,19,False,0.0
supp_p01,complete_cohort,91,low_score,False,0,0,5,False,False,False,False,19,False,0.0
supp_p01,complete_cohort,92,low_score,False,0,0,5,False,False,False,False,12,False,0.0
supp_p01,complete_cohort,93,low_score,False,0,0,5,False,False,False,False,9,False,0.0
supp_p01,complete_cohort,94,low_score,False,0,0,5,False,False,False,False,13,False,0.0
supp_p01,complete_cohort,95,low_score,False,0,0,5,False,False,False,False,14,False,0.0
supp_p01,complete_cohort,96,low_score,False,0,0,5,False,False,False,False,10,False,0.0
supp_p01,complete_cohort,97,low_score,False,0,0,5,False,False,False,False,9,False,0.0
supp_p01,complete_cohort,98,low_score,False,0,0,5,False,False,False,False,11,False,0.0
supp_p01,complete_cohort,99,low_score,False,0,0,5,False,False,False,False,8,False,0.0
supp_p01,complete_cohort,100,low_score,False,0,0,5,False,False,False,False,16,False,0.0
supp_p01,complete_cohort,101,low_score,False,0,0,5,False,False,False,False,15,False,0.0
supp_p01,complete_cohort,102,low_score,False,0,0,5,False,False,False,False,11,False,0.0
supp_p01,complete_cohort,103,low_score,False,0,0,5,False,False,False,False,11,False,0.0
supp_p01,complete_cohort,104,low_score,False,0,0,5,False,False,False,False,14,False,0.0
supp_p01,complete_cohort,105,low_score,False,0,0,5,False,False,False,False,10,False,0.0
supp_p01,complete_cohort,106,low_score,False,0,0,5,False,False,False,False,13,False,0.0
supp_p01,complete_cohort,107,low_score,False,0,0,5,False,False,False,False,12,False,0.0
supp_p01,complete_cohort,108,low_score,False,0,0,5,False,False,False,False,12,False,0.0
supp_p01,complete_cohort,109,low_score,False,0,0,5,False,False,False,False,11,False,0.0
supp_p01,complete_cohort,110,low_score,False,0,0,5,False,False,False,False,9,False,0.0
supp_p01,complete_cohort,111,low_score,False,0,0,5,False,False,False,False,9,False,0.0
supp_p01,complete_cohort,112,low_score,False,0,0,5,False,False,False,False,11,False,0.0
supp_p01,complete_cohort,113,low_score,False,0,0,5,False,False,False,False,11,False,0.0
supp_p01,complete_cohort,114,low_score,False,0,0,5,False,False,False,False,13,False,0.0
supp_p01,complete_cohort,115,low_score,False,0,0,5,False,False,False,False,10,False,0.0
supp_p01,complete_cohort,116,low_score,False,0,0,5,False,False,False,False,10,False,0.0
supp_p01,complete_cohort,117,low_score,False,0,0,5,False,False,False,False,11,False,0.0
supp_p01,complete_cohort,118,low_score,False,0,0,5,False,False,False,False,17,False,0.0
supp_p01,complete_cohort,119,low_score,False,0,0,5,False,False,False,False,9,False,0.0
supp_p01,complete_cohort,120,low_score,False,0,0,5,False,False,False,False,10,False,0.0
supp_p01,complete_cohort,121,low_score,False,0,0,5,False,False,False,False,12,False,0.0
supp_p01,complete_cohort,122,low_score,False,0,0,5,False,False,False,False,17,False,0.0
supp_p01,complete_cohort,123,low_score,False,0,0,5,False,False,False,False,11,False,0.0
supp_p01,complete_cohort,124,low_score,False,0,0,5,False,False,False,False,8,False,0.0
supp_p01,complete_cohort,125,low_score,False,0,0,5,False,False,False,False,13,False,0.0
supp_p01,complete_cohort,126,low_score,False,0,0,5,False,False,False,False,16,False,0.0
supp_p01,complete_cohort,127,low_score,False,0,0,5,False,False,False,False,15,False,0.0
supp_p01,complete_cohort,128,low_score,False,0,0,5,False,False,False,False,13,False,0.0
supp_p01,complete_cohort,129,low_score,False,0,0,5,False,False,False,False,7,False,0.0
supp_p01,complete_cohort,130,low_score,False,0,0,5,False,False,False,False,15,False,0.0
supp_p01,complete_cohort,131,low_score,False,0,0,5,False,False,False,False,18,False,0.0
supp_p01,complete_cohort,132,low_score,False,0,0,5,False,False,False,False,11,False,0.0
supp_p01,complete_cohort,133,low_score,False,0,0,5,False,False,False,False,5,False,0.0
supp_p01,complete_cohort,134,low_score,False,0,0,5,False,False,False,False,15,False,0.0
supp_p01,complete_cohort,135,low_score,False,0,0,5,False,False,False,False,13,False,0.0
supp_p01,complete_cohort,136,low_score,False,0,0,5,False,False,False,False,15,False,0.0
supp_p01,complete_cohort,137,low_score,False,0,0,5,False,False,False,False,15,False,0.0
supp_p01,complete_cohort,138,low_score,False,0,0,5,False,False,False,False,14,False,0.0
supp_p01,complete_cohort,139,low_score,False,0,0,5,False,False,False,False,14,False,0.0
supp_p01,complete_cohort,140,low_score,False,0,0,5,False,False,False,False,17,False,0.0
supp_p01,complete_cohort,141,low_score,False,0,0,5,False,False,False,False,16,False,0.0
supp_p01,complete_cohort,142,low_score,False,0,0,5,False,False,False,False,17,False,0.0
supp_p01,complete_cohort,143,low_score,False,0,0,5,False,False,False,False,17,False,0.0
supp_p01,complete_cohort,144,low_score,False,0,0,5,False,False,False,False,8,False,0.0
supp_p01,complete_cohort,147,low_score,False,0,0,5,False,False,False,False,14,False,0.0
supp_p01,complete_cohort,148,low_score,False,0,0,5,False,False,False,False,15,False,0.0
supp_p01,complete_cohort,149,low_score,False,0,0,5,False,False,False,False,12,False,0.0
supp_p01,complete_cohort,150,low_score,False,0,0,5,False,False,False,False,15,False,0.0
supp_p01,complete_cohort,151,low_score,False,0,0,5,False,False,False,False,16,False,0.0
supp_p01,complete_cohort,152,low_score,False,0,0,5,False,False,False,False,17,False,0.0
supp_p01,complete_cohort,153,low_score,False,0,0,5,False,False,False,False,14,False,0.0
supp_p01,complete_cohort,154,low_score,False,0,0,5,False,False,False,False,8,False,0.0
supp_p01,complete_cohort,155,low_score,False,0,0,5,False,False,False,False,10,False,0.0
supp_p01,complete_cohort,156,low_score,False,0,0,5,False,False,False,False,16,False,0.0
supp_p01,complete_cohort,157,low_score,False,0,0,5,False,False,False,False,9,False,0.0
supp_p01,complete_cohort,158,low_score,False,0,0,5,False,False,False,False,12,False,0.0
supp_p01,complete_cohort,159,low_score,False,0,0,5,False,False,False,False,13,False,0.0
supp_p01,complete_cohort,160,low_score,False,0,0,5,False,False,False,False,14,False,0.0
supp_p01,complete_cohort,161,low_score,False,0,0,5,False,False,False,False,15,False,0.0
supp_p01,complete_cohort,162,low_score,False,0,0,5,False,False,False,False,20,False,0.0
supp_p01,complete_cohort,163,low_score,False,0,0,5,False,False,False,False,18,False,0.0
supp_p01,complete_cohort,164,low_score,False,0,0,5,False,False,False,False,13,False,0.0
supp_p01,complete_cohort,165,low_score,False,0,0,5,False,False,False,False,16,False,0.0
supp_p01,complete_cohort,166,low_score,False,0,0,5,False,False,False,False,18,False,0.0
supp_p01,complete_cohort,167,low_score,False,0,0,5,False,False,False,False,12,False,0.0
supp_p01,complete_cohort,168,low_score,False,0,0,5,False,False,False,False,8,False,0.0
supp_p01,complete_cohort,169,low_score,False,0,0,5,False,False,False,False,13,False,0.0
supp_p01,complete_cohort,170,low_score,False,0,0,5,False,False,False,False,12,False,0.0
supp_p01,complete_cohort,172,low_score,False,0,0,5,False,False,False,False,12,False,0.0
supp_p01,complete_cohort,174,low_score,False,0,0,5,False,False,False,False,15,False,0.0
supp_p01,complete_cohort,175,low_score,False,0,0,5,False,False,False,False,14,False,0.0
supp_p01,complete_cohort,176,low_score,False,0,0,5,False,False,False,False,11,False,0.0
supp_p01,complete_cohort,177,low_score,False,0,0,5,False,False,False,False,12,False,0.0
supp_p01,complete_cohort,178,low_score,False,0,0,5,False,False,False,False,10,False,0.0
supp_p01,complete_cohort,179,low_score,False,0,0,5,False,False,False,False,18,False,0.0
supp_p01,complete_cohort,180,low_score,False,0,0,5,False,False,False,False,17,False,0.0
supp_p01,complete_cohort,181,low_score,False,0,0,5,False,False,False,False,11,False,0.0
supp_p01,complete_cohort,182,low_score,False,0,0,5,False,False,False,False,9,False,0.0
supp_p01,complete_cohort,183,low_score,False,0,0,5,False,False,False,False,15,False,0.0
supp_p05,demonstration,1,uncertainty,False,0,0,5,False,True,True,True,44,False,2.8636363636363638
supp_p05,demonstration,2,uncertainty,False,0,0,5,False,True,True,True,44,False,2.8636363636363638
supp_p05,demonstration,3,uncertainty,False,0,0,5,False,True,True,True,44,False,1.2727272727272727
supp_p05,demonstration,4,uncertainty,False,0,0,5,False,True,True,True,44,False,2.8636363636363638
supp_p05,demonstration,5,uncertainty,False,0,0,5,False,True,True,True,44,False,2.8636363636363638
supp_p05,demonstration,6,uncertainty,False,0,0,5,False,True,True,True,44,False,1.7272727272727273
supp_p05,demonstration,7,uncertainty,False,0,0,5,False,True,True,True,44,False,1.1363636363636365
supp_p05,demonstration,8,uncertainty,False,0,0,5,False,True,True,True,44,False,0.8181818181818182
supp_p05,demonstration,9,uncertainty,False,0,0,5,False,True,True,True,44,False,2.909090909090909
supp_p05,demonstration,10,uncertainty,False,0,0,5,False,True,True,True,44,False,2.8636363636363638
supp_p05,demonstration,1,low_score,False,0,0,5,False,False,False,False,5,False,0.0
supp_p05,demonstration,2,low_score,False,0,0,5,False,False,False,False,9,False,0.0
supp_p05,demonstration,3,low_score,False,0,0,5,False,False,False,False,15,False,0.0
supp_p05,demonstration,4,low_score,False,0,0,5,False,False,False,False,7,False,0.0
supp_p05,demonstration,5,low_score,False,0,0,5,False,False,False,False,8,False,0.0
supp_p05,demonstration,6,low_score,False,0,0,5,False,False,False,False,10,False,0.0
supp_p05,demonstration,7,low_score,False,0,0,5,False,False,False,False,17,False,0.0
supp_p05,demonstration,8,low_score,False,0,0,5,False,False,False,False,19,False,0.0
supp_p05,demonstration,9,low_score,False,0,0,5,False,False,False,False,5,False,0.0
supp_p05,demonstration,10,low_score,False,0,0,5,False,False,False,False,12,False,0.0
supp_p05,reference,159,uncertainty,False,0,0,5,False,True,True,True,44,False,2.772727272727273
supp_p05,reference,42,uncertainty,False,0,0,5,False,True,True,True,44,False,2.8181818181818183
supp_p05,reference,64,uncertainty,False,0,0,5,False,True,True,True,44,False,2.909090909090909
supp_p05,reference,12,uncertainty,False,0,0,5,False,True,True,True,44,False,2.8636363636363638
supp_p05,reference,160,uncertainty,False,0,0,5,False,True,True,True,44,False,2.4545454545454546
supp_p05,reference,155,uncertainty,False,0,0,5,False,True,True,True,44,False,2.8636363636363638
supp_p05,reference,11,uncertainty,False,0,0,5,False,True,True,True,44,False,1.3636363636363635
supp_p05,reference,124,uncertainty,False,0,0,5,False,True,True,True,44,False,2.5454545454545454
supp_p05,reference,169,uncertainty,False,0,0,5,False,True,True,True,44,False,2.5454545454545454
supp_p05,reference,106,uncertainty,False,0,0,5,False,True,True,True,44,False,2.8181818181818183
supp_p05,reference,157,uncertainty,False,0,0,5,False,True,True,True,44,False,2.090909090909091
supp_p05,reference,126,uncertainty,False,0,0,5,False,True,True,True,44,False,2.5454545454545454
supp_p05,reference,55,uncertainty,False,0,0,5,False,True,True,True,44,False,2.5454545454545454
supp_p05,reference,113,uncertainty,False,0,0,5,False,True,True,True,44,False,2.8636363636363638
supp_p05,reference,158,uncertainty,False,0,0,5,False,True,True,True,44,False,2.909090909090909
supp_p05,reference,165,uncertainty,False,0,0,5,False,True,True,True,44,False,2.3181818181818183
supp_p05,reference,178,uncertainty,False,0,0,5,False,True,True,True,44,False,2.8636363636363638
supp_p05,reference,133,uncertainty,False,0,0,5,False,True,True,True,44,False,2.909090909090909
supp_p05,reference,78,uncertainty,False,0,0,5,False,True,True,True,44,False,2.8181818181818183
supp_p05,reference,70,uncertainty,False,0,0,5,False,True,True,True,44,False,2.409090909090909
supp_p05,reference,176,uncertainty,False,0,0,5,False,True,True,True,44,False,2.5454545454545454
supp_p05,reference,17,uncertainty,False,0,0,5,False,True,True,True,44,False,2.5454545454545454
supp_p05,reference,136,uncertainty,False,0,0,5,False,True,True,True,44,False,2.272727272727273
supp_p05,reference,76,uncertainty,False,0,0,5,False,False,False,True,44,False,0.9090909090909091
supp_p05,reference,82,uncertainty,False,0,0,5,True,True,True,True,44,False,1.9545454545454546
supp_p05,reference,114,uncertainty,False,0,0,5,False,True,True,True,44,False,2.772727272727273
supp_p05,reference,168,uncertainty,False,0,0,5,False,True,True,True,44,False,2.5454545454545454
supp_p05,reference,28,uncertainty,False,0,0,5,False,True,True,True,44,False,2.8636363636363638
supp_p05,reference,39,uncertainty,False,0,0,5,False,True,True,True,44,False,2.5454545454545454
supp_p05,reference,50,uncertainty,False,0,0,5,False,True,True,True,44,False,2.8636363636363638
supp_p05,reference,61,uncertainty,False,0,0,5,False,True,True,True,44,False,2.8636363636363638
supp_p05,reference,100,uncertainty,False,0,0,5,False,True,True,True,44,False,2.1818181818181817
supp_p05,reference,130,uncertainty,False,0,0,5,False,True,True,True,44,False,2.727272727272727
supp_p05,reference,141,uncertainty,False,0,0,5,False,True,True,True,44,False,2.3636363636363638
supp_p05,reference,53,uncertainty,False,0,0,5,False,True,True,True,44,False,1.3636363636363635
supp_p05,reference,73,uncertainty,False,0,0,5,False,True,True,True,44,False,2.4545454545454546
supp_p05,reference,9,uncertainty,False,0,0,5,False,True,True,True,44,False,2.8636363636363638
supp_p05,reference,6,uncertainty,False,0,0,5,False,True,True,True,44,False,2.909090909090909
supp_p05,reference,31,uncertainty,False,0,0,5,False,True,True,True,44,False,2.8636363636363638
supp_p05,reference,94,uncertainty,False,0,0,5,False,True,True,True,44,False,2.772727272727273
supp_p05,reference,58,uncertainty,False,0,0,5,False,True,True,True,44,False,2.8181818181818183
supp_p05,reference,177,uncertainty,False,0,0,5,False,True,True,True,44,False,2.8636363636363638
supp_p05,reference,48,uncertainty,False,0,0,5,False,True,True,True,44,False,2.5454545454545454
supp_p05,reference,164,uncertainty,False,0,0,5,False,True,True,True,44,False,2.1818181818181817
supp_p05,reference,67,uncertainty,False,0,0,5,False,True,True,True,44,False,2.8181818181818183
supp_p05,reference,118,uncertainty,False,0,0,5,False,True,True,True,44,False,1.3636363636363635
supp_p05,reference,79,uncertainty,False,0,0,5,False,False,True,True,44,False,2.5454545454545454
supp_p05,reference,122,uncertainty,False,0,0,5,False,True,True,True,44,False,2.3636363636363638
supp_p05,reference,54,uncertainty,False,0,0,5,False,True,True,True,44,False,2.909090909090909
supp_p05,reference,151,uncertainty,False,0,0,5,False,True,True,True,44,False,1.4545454545454546
supp_p05,reference,103,uncertainty,False,0,0,5,False,True,True,True,44,False,2.8636363636363638
supp_p05,reference,137,uncertainty,False,0,0,5,False,True,True,True,44,False,2.590909090909091
supp_p05,reference,132,uncertainty,False,0,0,5,False,True,True,True,44,False,2.5454545454545454
supp_p05,reference,143,uncertainty,False,0,0,5,False,True,True,True,44,False,1.0
supp_p05,reference,107,uncertainty,False,0,0,5,False,True,True,True,44,False,2.8636363636363638
supp_p05,reference,119,uncertainty,False,0,0,5,False,True,True,True,44,False,1.4545454545454546
supp_p05,reference,109,uncertainty,False,0,0,5,False,True,True,True,44,False,1.8181818181818181
supp_p05,reference,84,uncertainty,False,0,0,5,False,False,True,True,44,False,2.5454545454545454
supp_p05,reference,135,uncertainty,False,0,0,5,False,True,True,True,44,False,2.4545454545454546
supp_p05,reference,125,uncertainty,False,0,0,5,False,True,True,True,44,False,2.772727272727273
supp_p05,reference,161,uncertainty,False,0,0,5,False,True,True,True,44,False,2.6363636363636362
supp_p05,reference,4,uncertainty,False,0,0,5,False,True,True,True,44,False,2.3636363636363638
supp_p05,reference,72,uncertainty,True,1,1,4,True,False,True,True,44,False,2.090909090909091
supp_p05,reference,68,uncertainty,False,0,0,5,False,True,True,True,44,False,2.8636363636363638
supp_p05,reference,175,uncertainty,False,0,0,5,False,True,True,True,44,False,2.3636363636363638
supp_p05,reference,182,uncertainty,False,0,0,5,False,True,True,True,44,False,2.227272727272727
supp_p05,reference,134,uncertainty,False,0,0,5,False,True,True,True,44,False,2.590909090909091
supp_p05,reference,105,uncertainty,False,0,0,5,False,True,True,True,44,False,2.5
supp_p05,reference,43,uncertainty,False,0,0,5,False,True,True,True,44,False,2.8636363636363638
supp_p05,reference,139,uncertainty,False,0,0,5,False,True,True,True,44,False,2.727272727272727
supp_p05,reference,3,uncertainty,False,0,0,5,False,True,True,True,44,False,1.2272727272727273
supp_p05,reference,62,uncertainty,False,0,0,5,False,True,True,True,44,False,2.909090909090909
supp_p05,reference,5,uncertainty,False,0,0,5,False,True,True,True,44,False,2.8636363636363638
supp_p05,reference,66,uncertainty,False,0,0,5,False,True,True,True,44,False,2.909090909090909
supp_p05,reference,180,uncertainty,False,0,0,5,False,True,True,True,44,False,2.1363636363636362
supp_p05,reference,30,uncertainty,False,0,0,5,False,True,True,True,44,False,2.909090909090909
supp_p05,reference,149,uncertainty,False,0,0,5,False,True,True,True,44,False,2.1818181818181817
supp_p05,reference,110,uncertainty,False,0,0,5,False,True,True,True,44,False,2.909090909090909
supp_p05,reference,13,uncertainty,False,0,0,5,False,True,True,True,44,False,2.5454545454545454
supp_p05,reference,7,uncertainty,False,0,0,5,False,True,True,True,44,False,1.2727272727272727
supp_p05,reference,87,uncertainty,False,0,0,5,False,True,True,True,44,False,1.7272727272727273
supp_p05,reference,150,uncertainty,False,0,0,5,False,True,True,True,44,False,2.590909090909091
supp_p05,reference,179,uncertainty,False,0,0,5,False,True,True,True,44,False,1.6363636363636365
supp_p05,reference,181,uncertainty,False,0,0,5,False,True,True,True,44,False,2.8636363636363638
supp_p05,reference,148,uncertainty,False,0,0,5,False,True,True,True,44,False,2.6818181818181817
supp_p05,reference,162,uncertainty,False,0,0,5,False,False,False,True,44,False,1.8181818181818181
supp_p05,reference,102,uncertainty,False,0,0,5,False,True,True,True,44,False,2.1818181818181817
supp_p05,reference,56,uncertainty,False,0,0,5,False,True,True,True,44,False,2.909090909090909
supp_p05,reference,19,uncertainty,False,0,0,5,False,True,True,True,44,False,2.5454545454545454
supp_p05,reference,112,uncertainty,False,0,0,5,False,True,True,True,44,False,2.1818181818181817
supp_p05,reference,40,uncertainty,False,0,0,5,False,True,True,True,44,False,2.5454545454545454
supp_p05,reference,22,uncertainty,False,0,0,5,False,True,True,True,44,False,1.0909090909090908
supp_p05,reference,88,uncertainty,False,0,0,5,False,True,True,True,44,False,2.8636363636363638
supp_p05,reference,167,uncertainty,False,0,0,5,False,True,True,True,44,False,2.8636363636363638
supp_p05,reference,183,uncertainty,False,0,0,5,False,True,True,True,44,False,2.090909090909091
supp_p05,reference,24,uncertainty,False,0,0,5,False,True,True,True,44,False,2.8636363636363638
supp_p05,reference,128,uncertainty,False,0,0,5,False,True,True,True,44,False,2.727272727272727
supp_p05,reference,120,uncertainty,False,0,0,5,False,True,True,True,44,False,2.8636363636363638
supp_p05,reference,45,uncertainty,False,0,0,5,False,True,True,True,44,False,2.8636363636363638
supp_p05,reference,86,uncertainty,False,0,0,5,False,True,True,True,44,False,1.1363636363636365
supp_p05,reference,156,uncertainty,False,0,0,5,False,True,True,True,44,False,2.3636363636363638
supp_p05,reference,98,uncertainty,False,0,0,5,False,True,True,True,44,False,2.909090909090909
supp_p05,reference,92,uncertainty,False,0,0,5,False,True,True,True,44,False,2.8636363636363638
supp_p05,reference,95,uncertainty,False,0,0,5,False,True,True,True,44,False,2.8181818181818183
supp_p05,reference,101,uncertainty,False,0,0,5,False,True,True,True,44,False,2.772727272727273
supp_p05,reference,47,uncertainty,False,0,0,5,False,True,True,True,44,False,2.5454545454545454
supp_p05,reference,25,uncertainty,False,0,0,5,False,True,True,True,44,False,1.6363636363636365
supp_p05,reference,121,uncertainty,False,0,0,5,False,True,True,True,44,False,1.2727272727272727
supp_p05,reference,41,uncertainty,False,0,0,5,False,True,True,True,44,False,2.8636363636363638
supp_p05,reference,99,uncertainty,False,0,0,5,False,True,True,True,44,False,2.909090909090909
supp_p05,reference,27,uncertainty,False,0,0,5,False,True,True,True,44,False,2.772727272727273
supp_p05,reference,140,uncertainty,False,0,0,5,False,True,True,True,44,False,2.1363636363636362
supp_p05,reference,81,uncertainty,True,2,2,3,True,False,True,True,44,False,2.5454545454545454
supp_p05,reference,144,uncertainty,False,0,0,5,False,True,True,True,44,False,2.8636363636363638
supp_p05,reference,108,uncertainty,False,0,0,5,False,True,True,True,44,False,2.0454545454545454
supp_p05,reference,85,uncertainty,False,0,0,5,False,True,True,True,44,False,2.909090909090909
supp_p05,reference,152,uncertainty,False,0,0,5,False,True,True,True,44,False,2.227272727272727
supp_p05,reference,15,uncertainty,False,0,0,5,False,True,True,True,44,False,2.5
supp_p05,reference,89,uncertainty,False,0,0,5,False,True,True,True,44,False,2.8636363636363638
supp_p05,reference,116,uncertainty,False,0,0,5,False,True,True,True,44,False,2.8636363636363638
supp_p05,reference,138,uncertainty,False,0,0,5,False,True,True,True,44,False,2.090909090909091
supp_p05,reference,154,uncertainty,False,0,0,5,False,True,True,True,44,False,2.5454545454545454
supp_p05,reference,104,uncertainty,False,0,0,5,False,True,True,True,44,False,2.5
supp_p05,reference,131,uncertainty,False,0,0,5,False,True,True,True,44,False,2.5
supp_p05,reference,129,uncertainty,False,0,0,5,False,True,True,True,44,False,2.909090909090909
supp_p05,reference,96,uncertainty,False,0,0,5,False,True,True,True,44,False,2.8181818181818183
supp_p05,reference,44,uncertainty,False,0,0,5,False,True,True,True,44,False,2.909090909090909
supp_p05,reference,46,uncertainty,False,0,0,5,False,True,True,True,44,False,1.2272727272727273
supp_p05,reference,159,low_score,False,0,0,5,False,False,False,False,13,False,0.0
supp_p05,reference,42,low_score,False,0,0,5,False,False,False,False,12,False,0.0
supp_p05,reference,64,low_score,False,0,0,5,False,False,False,False,5,False,0.0
supp_p05,reference,12,low_score,False,0,0,5,False,False,False,False,7,False,0.0
supp_p05,reference,160,low_score,False,0,0,5,False,False,False,False,14,False,0.0
supp_p05,reference,155,low_score,False,0,0,5,False,False,False,False,10,False,0.0
supp_p05,reference,11,low_score,False,0,0,5,False,False,False,False,12,False,0.0
supp_p05,reference,124,low_score,False,0,0,5,False,False,False,False,8,False,0.0
supp_p05,reference,169,low_score,False,0,0,5,False,False,False,False,13,False,0.0
supp_p05,reference,106,low_score,False,0,0,5,False,False,False,False,13,False,0.0
supp_p05,reference,157,low_score,False,0,0,5,False,False,False,False,9,False,0.0
supp_p05,reference,126,low_score,False,0,0,5,False,False,False,False,16,False,0.0
supp_p05,reference,55,low_score,False,0,0,5,False,False,False,False,9,False,0.0
supp_p05,reference,113,low_score,False,0,0,5,False,False,False,False,11,False,0.0
supp_p05,reference,158,low_score,False,0,0,5,False,False,False,False,12,False,0.0
supp_p05,reference,165,low_score,False,0,0,5,False,False,False,False,16,False,0.0
supp_p05,reference,178,low_score,False,0,0,5,False,False,False,False,10,False,0.0
supp_p05,reference,133,low_score,False,0,0,5,False,False,False,False,5,False,0.0
supp_p05,reference,78,low_score,False,0,0,5,False,False,False,False,11,False,0.0
supp_p05,reference,70,low_score,False,0,0,5,False,False,False,False,16,False,0.0
supp_p05,reference,176,low_score,False,0,0,5,False,False,False,False,11,False,0.0
supp_p05,reference,17,low_score,False,0,0,5,False,False,False,False,11,False,0.0
supp_p05,reference,136,low_score,False,0,0,5,False,False,False,False,15,False,0.0
supp_p05,reference,76,low_score,False,0,0,5,False,False,False,False,21,False,0.0
supp_p05,reference,82,low_score,False,0,0,5,False,False,False,False,9,False,0.0
supp_p05,reference,114,low_score,False,0,0,5,False,False,False,False,13,False,0.0
supp_p05,reference,168,low_score,False,0,0,5,False,False,False,False,8,False,0.0
supp_p05,reference,28,low_score,False,0,0,5,False,False,False,False,10,False,0.0
supp_p05,reference,39,low_score,False,0,0,5,False,False,False,False,8,False,0.0
supp_p05,reference,50,low_score,False,0,0,5,False,False,False,False,7,False,0.0
supp_p05,reference,61,low_score,False,0,0,5,False,False,False,False,9,False,0.0
supp_p05,reference,100,low_score,False,0,0,5,False,False,False,False,16,False,0.0
supp_p05,reference,130,low_score,False,0,0,5,False,False,False,False,15,False,0.0
supp_p05,reference,141,low_score,False,0,0,5,False,False,False,False,16,False,0.0
supp_p05,reference,53,low_score,False,0,0,5,False,False,False,False,17,False,0.0
supp_p05,reference,73,low_score,False,0,0,5,False,False,False,False,9,False,0.0
supp_p05,reference,9,low_score,False,0,0,5,False,False,False,False,8,False,0.0
supp_p05,reference,6,low_score,False,0,0,5,False,False,False,False,7,False,0.0
supp_p05,reference,31,low_score,False,0,0,5,False,False,False,False,10,False,0.0
supp_p05,reference,94,low_score,False,0,0,5,False,False,False,False,13,False,0.0
supp_p05,reference,58,low_score,False,0,0,5,False,False,False,False,14,False,0.0
supp_p05,reference,177,low_score,False,0,0,5,False,False,False,False,12,False,0.0
supp_p05,reference,48,low_score,False,0,0,5,False,False,False,False,14,False,0.0
supp_p05,reference,164,low_score,False,0,0,5,False,False,False,False,13,False,0.0
supp_p05,reference,67,low_score,False,0,0,5,False,False,False,False,14,False,0.0
supp_p05,reference,118,low_score,False,0,0,5,False,False,False,False,17,False,0.0
supp_p05,reference,79,low_score,False,0,0,5,False,False,False,False,5,False,0.0
supp_p05,reference,122,low_score,False,0,0,5,False,False,False,False,17,False,0.0
supp_p05,reference,54,low_score,False,0,0,5,False,False,False,False,8,False,0.0
supp_p05,reference,151,low_score,False,0,0,5,False,False,False,False,16,False,0.0
supp_p05,reference,103,low_score,False,0,0,5,False,False,False,False,11,False,0.0
supp_p05,reference,137,low_score,False,0,0,5,False,False,False,False,15,False,0.0
supp_p05,reference,132,low_score,False,0,0,5,False,False,False,False,11,False,0.0
supp_p05,reference,143,low_score,False,0,0,5,False,False,False,False,17,False,0.0
supp_p05,reference,107,low_score,False,0,0,5,False,False,False,False,12,False,0.0
supp_p05,reference,119,low_score,False,0,0,5,False,False,False,False,9,False,0.0
supp_p05,reference,109,low_score,False,0,0,5,False,False,False,False,11,False,0.0
supp_p05,reference,84,low_score,False,0,0,5,False,False,False,False,5,False,0.0
supp_p05,reference,135,low_score,False,0,0,5,False,False,False,False,13,False,0.0
supp_p05,reference,125,low_score,False,0,0,5,False,False,False,False,13,False,0.0
supp_p05,reference,161,low_score,False,0,0,5,False,False,False,False,15,False,0.0
supp_p05,reference,4,low_score,False,0,0,5,False,False,False,False,15,False,0.0
supp_p05,reference,72,low_score,False,0,0,4,False,False,False,False,4,False,0.0
supp_p05,reference,68,low_score,False,0,0,5,False,False,False,False,12,False,0.0
supp_p05,reference,175,low_score,False,0,0,5,False,False,False,False,14,False,0.0
supp_p05,reference,182,low_score,False,0,0,5,False,False,False,False,9,False,0.0
supp_p05,reference,134,low_score,False,0,0,5,False,False,False,False,15,False,0.0
supp_p05,reference,105,low_score,False,0,0,5,False,False,False,False,10,False,0.0
supp_p05,reference,43,low_score,False,0,0,5,False,False,False,False,10,False,0.0
supp_p05,reference,139,low_score,False,0,0,5,False,False,False,False,14,False,0.0
supp_p05,reference,3,low_score,False,0,0,5,False,False,False,False,9,False,0.0
supp_p05,reference,62,low_score,False,0,0,5,False,False,False,False,9,False,0.0
supp_p05,reference,5,low_score,False,0,0,5,False,False,False,False,9,False,0.0
supp_p05,reference,66,low_score,False,0,0,5,False,False,False,False,7,False,0.0
supp_p05,reference,180,low_score,False,0,0,5,False,False,False,False,17,False,0.0
supp_p05,reference,30,low_score,False,0,0,5,False,False,False,False,6,False,0.0
supp_p05,reference,149,low_score,False,0,0,5,False,False,False,False,12,False,0.0
supp_p05,reference,110,low_score,False,0,0,5,False,False,False,False,9,False,0.0
supp_p05,reference,13,low_score,False,0,0,5,False,False,False,False,15,False,0.0
supp_p05,reference,7,low_score,False,0,0,5,False,False,False,False,15,False,0.0
supp_p05,reference,87,low_score,False,0,0,5,False,False,False,False,10,False,0.0
supp_p05,reference,150,low_score,False,0,0,5,False,False,False,False,15,False,0.0
supp_p05,reference,179,low_score,False,0,0,5,False,False,False,False,18,False,0.0
supp_p05,reference,181,low_score,False,0,0,5,False,False,False,False,11,False,0.0
supp_p05,reference,148,low_score,False,0,0,5,False,False,False,False,15,False,0.0
supp_p05,reference,162,low_score,False,0,0,5,False,False,False,False,20,False,0.0
supp_p05,reference,102,low_score,False,0,0,5,False,False,False,False,11,False,0.0
supp_p05,reference,56,low_score,False,0,0,5,False,False,False,False,5,False,0.0
supp_p05,reference,19,low_score,False,0,0,5,False,False,False,False,11,False,0.0
supp_p05,reference,112,low_score,False,0,0,5,False,False,False,False,11,False,0.0
supp_p05,reference,40,low_score,False,0,0,5,False,False,False,False,6,False,0.0
supp_p05,reference,22,low_score,False,0,0,5,False,False,False,False,16,False,0.0
supp_p05,reference,88,low_score,False,0,0,5,False,False,False,False,10,False,0.0
supp_p05,reference,167,low_score,False,0,0,5,False,False,False,False,12,False,0.0
supp_p05,reference,183,low_score,False,0,0,5,False,False,False,False,15,False,0.0
supp_p05,reference,24,low_score,False,0,0,5,False,False,False,False,9,False,0.0
supp_p05,reference,128,low_score,False,0,0,5,False,False,False,False,13,False,0.0
supp_p05,reference,120,low_score,False,0,0,5,False,False,False,False,10,False,0.0
supp_p05,reference,45,low_score,False,0,0,5,False,False,False,False,8,False,0.0
supp_p05,reference,86,low_score,False,0,0,5,False,False,False,False,17,False,0.0
supp_p05,reference,156,low_score,False,0,0,5,False,False,False,False,16,False,0.0
supp_p05,reference,98,low_score,False,0,0,5,False,False,False,False,11,False,0.0
supp_p05,reference,92,low_score,False,0,0,5,False,False,False,False,12,False,0.0
supp_p05,reference,95,low_score,False,0,0,5,False,False,False,False,14,False,0.0
supp_p05,reference,101,low_score,False,0,0,5,False,False,False,False,15,False,0.0
supp_p05,reference,47,low_score,False,0,0,5,False,False,False,False,8,False,0.0
supp_p05,reference,25,low_score,False,0,0,5,False,False,False,False,11,False,0.0
supp_p05,reference,121,low_score,False,0,0,5,False,False,False,False,12,False,0.0
supp_p05,reference,41,low_score,False,0,0,5,False,False,False,False,9,False,0.0
supp_p05,reference,99,low_score,False,0,0,5,False,False,False,False,8,False,0.0
supp_p05,reference,27,low_score,False,0,0,5,False,False,False,False,13,False,0.0
supp_p05,reference,140,low_score,False,0,0,5,False,False,False,False,17,False,0.0
supp_p05,reference,81,low_score,False,0,0,3,False,False,False,False,3,False,0.0
supp_p05,reference,144,low_score,False,0,0,5,False,False,False,False,8,False,0.0
supp_p05,reference,108,low_score,False,0,0,5,False,False,False,False,12,False,0.0
supp_p05,reference,85,low_score,False,0,0,5,False,False,False,False,6,False,0.0
supp_p05,reference,152,low_score,False,0,0,5,False,False,False,False,17,False,0.0
supp_p05,reference,15,low_score,False,0,0,5,False,False,False,False,11,False,0.0
supp_p05,reference,89,low_score,False,0,0,5,False,False,False,False,13,False,0.0
supp_p05,reference,116,low_score,False,0,0,5,False,False,False,False,10,False,0.0
supp_p05,reference,138,low_score,False,0,0,5,False,False,False,False,14,False,0.0
supp_p05,reference,154,low_score,False,0,0,5,False,False,False,False,8,False,0.0
supp_p05,reference,104,low_score,False,0,0,5,False,False,False,False,14,False,0.0
supp_p05,reference,131,low_score,False,0,0,5,False,False,False,False,18,False,0.0
supp_p05,reference,129,low_score,False,0,0,5,False,False,False,False,7,False,0.0
supp_p05,reference,96,low_score,False,0,0,5,False,False,False,False,10,False,0.0
supp_p05,reference,44,low_score,False,0,0,5,False,False,False,False,7,False,0.0
supp_p05,reference,46,low_score,False,0,0,5,False,False,False,False,12,False,0.0
supp_p05,complete_cohort,2,uncertainty,False,0,0,5,False,True,True,True,44,False,2.8636363636363638
supp_p05,complete_cohort,3,uncertainty,False,0,0,5,False,True,True,True,44,False,1.2272727272727273
supp_p05,complete_cohort,4,uncertainty,False,0,0,5,False,True,True,True,44,False,2.3636363636363638
supp_p05,complete_cohort,5,uncertainty,False,0,0,5,False,True,True,True,44,False,2.8636363636363638
supp_p05,complete_cohort,6,uncertainty,False,0,0,5,False,True,True,True,44,False,2.909090909090909
supp_p05,complete_cohort,7,uncertainty,False,0,0,5,False,True,True,True,44,False,1.2727272727272727
supp_p05,complete_cohort,9,uncertainty,False,0,0,5,False,True,True,True,44,False,2.8636363636363638
supp_p05,complete_cohort,11,uncertainty,False,0,0,5,False,True,True,True,44,False,1.3636363636363635
supp_p05,complete_cohort,12,uncertainty,False,0,0,5,False,True,True,True,44,False,2.8636363636363638
supp_p05,complete_cohort,13,uncertainty,False,0,0,5,False,True,True,True,44,False,2.5454545454545454
supp_p05,complete_cohort,14,uncertainty,False,0,0,5,False,True,True,True,44,False,1.1818181818181819
supp_p05,complete_cohort,15,uncertainty,False,0,0,5,False,True,True,True,44,False,2.5
supp_p05,complete_cohort,17,uncertainty,False,0,0,5,False,True,True,True,44,False,2.5454545454545454
supp_p05,complete_cohort,19,uncertainty,False,0,0,5,False,True,True,True,44,False,2.5454545454545454
supp_p05,complete_cohort,20,uncertainty,False,0,0,5,False,True,True,True,44,False,2.272727272727273
supp_p05,complete_cohort,21,uncertainty,False,0,0,5,False,True,True,True,44,False,2.4545454545454546
supp_p05,complete_cohort,22,uncertainty,False,0,0,5,False,True,True,True,44,False,1.0909090909090908
supp_p05,complete_cohort,23,uncertainty,False,0,0,5,False,True,True,True,44,False,1.8181818181818181
supp_p05,complete_cohort,24,uncertainty,False,0,0,5,False,True,True,True,44,False,2.8636363636363638
supp_p05,complete_cohort,25,uncertainty,False,0,0,5,False,True,True,True,44,False,1.6363636363636365
supp_p05,complete_cohort,27,uncertainty,False,0,0,5,False,True,True,True,44,False,2.772727272727273
supp_p05,complete_cohort,28,uncertainty,False,0,0,5,False,True,True,True,44,False,2.8636363636363638
supp_p05,complete_cohort,29,uncertainty,False,0,0,5,False,True,True,True,44,False,2.8636363636363638
supp_p05,complete_cohort,30,uncertainty,False,0,0,5,False,True,True,True,44,False,2.909090909090909
supp_p05,complete_cohort,31,uncertainty,False,0,0,5,False,True,True,True,44,False,2.8636363636363638
supp_p05,complete_cohort,39,uncertainty,False,0,0,5,False,True,True,True,44,False,2.5454545454545454
supp_p05,complete_cohort,40,uncertainty,False,0,0,5,False,True,True,True,44,False,2.5454545454545454
supp_p05,complete_cohort,41,uncertainty,False,0,0,5,False,True,True,True,44,False,2.8636363636363638
supp_p05,complete_cohort,42,uncertainty,False,0,0,5,False,True,True,True,44,False,2.8181818181818183
supp_p05,complete_cohort,43,uncertainty,False,0,0,5,False,True,True,True,44,False,2.8636363636363638
supp_p05,complete_cohort,44,uncertainty,False,0,0,5,False,True,True,True,44,False,2.909090909090909
supp_p05,complete_cohort,45,uncertainty,False,0,0,5,False,True,True,True,44,False,2.8636363636363638
supp_p05,complete_cohort,46,uncertainty,False,0,0,5,False,True,True,True,44,False,1.2272727272727273
supp_p05,complete_cohort,47,uncertainty,False,0,0,5,False,True,True,True,44,False,2.5454545454545454
supp_p05,complete_cohort,48,uncertainty,False,0,0,5,False,True,True,True,44,False,2.5454545454545454
supp_p05,complete_cohort,50,uncertainty,False,0,0,5,False,True,True,True,44,False,2.8636363636363638
supp_p05,complete_cohort,51,uncertainty,False,0,0,5,False,True,True,True,44,False,0.8636363636363636
supp_p05,complete_cohort,52,uncertainty,False,0,0,5,False,True,True,True,44,False,1.2272727272727273
supp_p05,complete_cohort,53,uncertainty,False,0,0,5,False,True,True,True,44,False,1.3636363636363635
supp_p05,complete_cohort,54,uncertainty,False,0,0,5,False,True,True,True,44,False,2.909090909090909
supp_p05,complete_cohort,55,uncertainty,False,0,0,5,False,True,True,True,44,False,2.5454545454545454
supp_p05,complete_cohort,56,uncertainty,False,0,0,5,False,True,True,True,44,False,2.909090909090909
supp_p05,complete_cohort,58,uncertainty,False,0,0,5,False,True,True,True,44,False,2.8181818181818183
supp_p05,complete_cohort,59,uncertainty,False,0,0,5,False,True,True,True,44,False,2.909090909090909
supp_p05,complete_cohort,61,uncertainty,False,0,0,5,False,True,True,True,44,False,2.8636363636363638
supp_p05,complete_cohort,62,uncertainty,False,0,0,5,False,True,True,True,44,False,2.909090909090909
supp_p05,complete_cohort,63,uncertainty,False,0,0,5,False,True,True,True,44,False,2.8636363636363638
supp_p05,complete_cohort,64,uncertainty,False,0,0,5,False,True,True,True,44,False,2.909090909090909
supp_p05,complete_cohort,66,uncertainty,False,0,0,5,False,True,True,True,44,False,2.909090909090909
supp_p05,complete_cohort,67,uncertainty,False,0,0,5,False,True,True,True,44,False,2.8181818181818183
supp_p05,complete_cohort,68,uncertainty,False,0,0,5,False,True,True,True,44,False,2.8636363636363638
supp_p05,complete_cohort,70,uncertainty,False,0,0,5,False,True,True,True,44,False,2.409090909090909
supp_p05,complete_cohort,71,uncertainty,False,0,0,5,False,True,True,True,44,False,2.5454545454545454
supp_p05,complete_cohort,72,uncertainty,True,1,1,4,True,False,True,True,44,False,2.090909090909091
supp_p05,complete_cohort,73,uncertainty,False,0,0,5,False,True,True,True,44,False,2.4545454545454546
supp_p05,complete_cohort,74,uncertainty,False,0,0,5,False,True,True,True,44,False,2.409090909090909
supp_p05,complete_cohort,76,uncertainty,False,0,0,5,False,False,False,True,44,False,0.9090909090909091
supp_p05,complete_cohort,77,uncertainty,False,0,0,5,True,True,True,True,44,False,1.8636363636363635
supp_p05,complete_cohort,78,uncertainty,False,0,0,5,False,True,True,True,44,False,2.8181818181818183
supp_p05,complete_cohort,79,uncertainty,False,0,0,5,False,False,True,True,44,False,2.5454545454545454
supp_p05,complete_cohort,80,uncertainty,False,0,0,5,False,True,True,True,44,False,2.3636363636363638
supp_p05,complete_cohort,81,uncertainty,True,2,2,3,True,False,True,True,44,False,2.5454545454545454
supp_p05,complete_cohort,82,uncertainty,False,0,0,5,True,True,True,True,44,False,1.9545454545454546
supp_p05,complete_cohort,83,uncertainty,False,0,0,5,False,True,True,True,44,False,2.909090909090909
supp_p05,complete_cohort,84,uncertainty,False,0,0,5,False,False,True,True,44,False,2.5454545454545454
supp_p05,complete_cohort,85,uncertainty,False,0,0,5,False,True,True,True,44,False,2.909090909090909
supp_p05,complete_cohort,86,uncertainty,False,0,0,5,False,True,True,True,44,False,1.1363636363636365
supp_p05,complete_cohort,87,uncertainty,False,0,0,5,False,True,True,True,44,False,1.7272727272727273
supp_p05,complete_cohort,88,uncertainty,False,0,0,5,False,True,True,True,44,False,2.8636363636363638
supp_p05,complete_cohort,89,uncertainty,False,0,0,5,False,True,True,True,44,False,2.8636363636363638
supp_p05,complete_cohort,90,uncertainty,False,0,0,5,False,True,True,True,44,False,0.8181818181818182
supp_p05,complete_cohort,91,uncertainty,False,0,0,5,False,True,True,True,44,False,1.0454545454545454
supp_p05,complete_cohort,92,uncertainty,False,0,0,5,False,True,True,True,44,False,2.8636363636363638
supp_p05,complete_cohort,93,uncertainty,False,0,0,5,False,True,True,True,44,False,2.5454545454545454
supp_p05,complete_cohort,94,uncertainty,False,0,0,5,False,True,True,True,44,False,2.772727272727273
supp_p05,complete_cohort,95,uncertainty,False,0,0,5,False,True,True,True,44,False,2.8181818181818183
supp_p05,complete_cohort,96,uncertainty,False,0,0,5,False,True,True,True,44,False,2.8181818181818183
supp_p05,complete_cohort,97,uncertainty,False,0,0,5,False,True,True,True,44,False,2.8636363636363638
supp_p05,complete_cohort,98,uncertainty,False,0,0,5,False,True,True,True,44,False,2.909090909090909
supp_p05,complete_cohort,99,uncertainty,False,0,0,5,False,True,True,True,44,False,2.909090909090909
supp_p05,complete_cohort,100,uncertainty,False,0,0,5,False,True,True,True,44,False,2.1818181818181817
supp_p05,complete_cohort,101,uncertainty,False,0,0,5,False,True,True,True,44,False,2.772727272727273
supp_p05,complete_cohort,102,uncertainty,False,0,0,5,False,True,True,True,44,False,2.1818181818181817
supp_p05,complete_cohort,103,uncertainty,False,0,0,5,False,True,True,True,44,False,2.8636363636363638
supp_p05,complete_cohort,104,uncertainty,False,0,0,5,False,True,True,True,44,False,2.5
supp_p05,complete_cohort,105,uncertainty,False,0,0,5,False,True,True,True,44,False,2.5
supp_p05,complete_cohort,106,uncertainty,False,0,0,5,False,True,True,True,44,False,2.8181818181818183
supp_p05,complete_cohort,107,uncertainty,False,0,0,5,False,True,True,True,44,False,2.8636363636363638
supp_p05,complete_cohort,108,uncertainty,False,0,0,5,False,True,True,True,44,False,2.0454545454545454
supp_p05,complete_cohort,109,uncertainty,False,0,0,5,False,True,True,True,44,False,1.8181818181818181
supp_p05,complete_cohort,110,uncertainty,False,0,0,5,False,True,True,True,44,False,2.909090909090909
supp_p05,complete_cohort,111,uncertainty,False,0,0,5,False,True,True,True,44,False,2.5454545454545454
supp_p05,complete_cohort,112,uncertainty,False,0,0,5,False,True,True,True,44,False,2.1818181818181817
supp_p05,complete_cohort,113,uncertainty,False,0,0,5,False,True,True,True,44,False,2.8636363636363638
supp_p05,complete_cohort,114,uncertainty,False,0,0,5,False,True,True,True,44,False,2.772727272727273
supp_p05,complete_cohort,115,uncertainty,False,0,0,5,False,True,True,True,44,False,2.8636363636363638
supp_p05,complete_cohort,116,uncertainty,False,0,0,5,False,True,True,True,44,False,2.8636363636363638
supp_p05,complete_cohort,117,uncertainty,False,0,0,5,False,True,True,True,44,False,1.5909090909090908
supp_p05,complete_cohort,118,uncertainty,False,0,0,5,False,True,True,True,44,False,1.3636363636363635
supp_p05,complete_cohort,119,uncertainty,False,0,0,5,False,True,True,True,44,False,1.4545454545454546
supp_p05,complete_cohort,120,uncertainty,False,0,0,5,False,True,True,True,44,False,2.8636363636363638
supp_p05,complete_cohort,121,uncertainty,False,0,0,5,False,True,True,True,44,False,1.2727272727272727
supp_p05,complete_cohort,122,uncertainty,False,0,0,5,False,True,True,True,44,False,2.3636363636363638
supp_p05,complete_cohort,123,uncertainty,False,0,0,5,False,True,True,True,44,False,2.8636363636363638
supp_p05,complete_cohort,124,uncertainty,False,0,0,5,False,True,True,True,44,False,2.5454545454545454
supp_p05,complete_cohort,125,uncertainty,False,0,0,5,False,True,True,True,44,False,2.772727272727273
supp_p05,complete_cohort,126,uncertainty,False,0,0,5,False,True,True,True,44,False,2.5454545454545454
supp_p05,complete_cohort,127,uncertainty,False,0,0,5,False,True,True,True,44,False,1.0
supp_p05,complete_cohort,128,uncertainty,False,0,0,5,False,True,True,True,44,False,2.727272727272727
supp_p05,complete_cohort,129,uncertainty,False,0,0,5,False,True,True,True,44,False,2.909090909090909
supp_p05,complete_cohort,130,uncertainty,False,0,0,5,False,True,True,True,44,False,2.727272727272727
supp_p05,complete_cohort,131,uncertainty,False,0,0,5,False,True,True,True,44,False,2.5
supp_p05,complete_cohort,132,uncertainty,False,0,0,5,False,True,True,True,44,False,2.5454545454545454
supp_p05,complete_cohort,133,uncertainty,False,0,0,5,False,True,True,True,44,False,2.909090909090909
supp_p05,complete_cohort,134,uncertainty,False,0,0,5,False,True,True,True,44,False,2.590909090909091
supp_p05,complete_cohort,135,uncertainty,False,0,0,5,False,True,True,True,44,False,2.4545454545454546
supp_p05,complete_cohort,136,uncertainty,False,0,0,5,False,True,True,True,44,False,2.272727272727273
supp_p05,complete_cohort,137,uncertainty,False,0,0,5,False,True,True,True,44,False,2.590909090909091
supp_p05,complete_cohort,138,uncertainty,False,0,0,5,False,True,True,True,44,False,2.090909090909091
supp_p05,complete_cohort,139,uncertainty,False,0,0,5,False,True,True,True,44,False,2.727272727272727
supp_p05,complete_cohort,140,uncertainty,False,0,0,5,False,True,True,True,44,False,2.1363636363636362
supp_p05,complete_cohort,141,uncertainty,False,0,0,5,False,True,True,True,44,False,2.3636363636363638
supp_p05,complete_cohort,142,uncertainty,False,0,0,5,False,True,True,True,44,False,1.9545454545454546
supp_p05,complete_cohort,143,uncertainty,False,0,0,5,False,True,True,True,44,False,1.0
supp_p05,complete_cohort,144,uncertainty,False,0,0,5,False,True,True,True,44,False,2.8636363636363638
supp_p05,complete_cohort,147,uncertainty,False,0,0,5,False,True,True,True,44,False,0.9090909090909091
supp_p05,complete_cohort,148,uncertainty,False,0,0,5,False,True,True,True,44,False,2.6818181818181817
supp_p05,complete_cohort,149,uncertainty,False,0,0,5,False,True,True,True,44,False,2.1818181818181817
supp_p05,complete_cohort,150,uncertainty,False,0,0,5,False,True,True,True,44,False,2.590909090909091
supp_p05,complete_cohort,151,uncertainty,False,0,0,5,False,True,True,True,44,False,1.4545454545454546
supp_p05,complete_cohort,152,uncertainty,False,0,0,5,False,True,True,True,44,False,2.227272727272727
supp_p05,complete_cohort,153,uncertainty,False,0,0,5,False,True,True,True,44,False,2.5454545454545454
supp_p05,complete_cohort,154,uncertainty,False,0,0,5,False,True,True,True,44,False,2.5454545454545454
supp_p05,complete_cohort,155,uncertainty,False,0,0,5,False,True,True,True,44,False,2.8636363636363638
supp_p05,complete_cohort,156,uncertainty,False,0,0,5,False,True,True,True,44,False,2.3636363636363638
supp_p05,complete_cohort,157,uncertainty,False,0,0,5,False,True,True,True,44,False,2.090909090909091
supp_p05,complete_cohort,158,uncertainty,False,0,0,5,False,True,True,True,44,False,2.909090909090909
supp_p05,complete_cohort,159,uncertainty,False,0,0,5,False,True,True,True,44,False,2.772727272727273
supp_p05,complete_cohort,160,uncertainty,False,0,0,5,False,True,True,True,44,False,2.4545454545454546
supp_p05,complete_cohort,161,uncertainty,False,0,0,5,False,True,True,True,44,False,2.6363636363636362
supp_p05,complete_cohort,162,uncertainty,False,0,0,5,False,False,False,True,44,False,1.8181818181818181
supp_p05,complete_cohort,163,uncertainty,False,0,0,5,False,True,True,True,44,False,1.9090909090909092
supp_p05,complete_cohort,164,uncertainty,False,0,0,5,False,True,True,True,44,False,2.1818181818181817
supp_p05,complete_cohort,165,uncertainty,False,0,0,5,False,True,True,True,44,False,2.3181818181818183
supp_p05,complete_cohort,166,uncertainty,False,0,0,5,False,True,True,True,44,False,0.9545454545454546
supp_p05,complete_cohort,167,uncertainty,False,0,0,5,False,True,True,True,44,False,2.8636363636363638
supp_p05,complete_cohort,168,uncertainty,False,0,0,5,False,True,True,True,44,False,2.5454545454545454
supp_p05,complete_cohort,169,uncertainty,False,0,0,5,False,True,True,True,44,False,2.5454545454545454
supp_p05,complete_cohort,170,uncertainty,False,0,0,5,False,True,True,True,44,False,2.5454545454545454
supp_p05,complete_cohort,172,uncertainty,False,0,0,5,False,True,True,True,44,False,2.8636363636363638
supp_p05,complete_cohort,174,uncertainty,False,0,0,5,False,True,True,True,44,False,0.9090909090909091
supp_p05,complete_cohort,175,uncertainty,False,0,0,5,False,True,True,True,44,False,2.3636363636363638
supp_p05,complete_cohort,176,uncertainty,False,0,0,5,False,True,True,True,44,False,2.5454545454545454
supp_p05,complete_cohort,177,uncertainty,False,0,0,5,False,True,True,True,44,False,2.8636363636363638
supp_p05,complete_cohort,178,uncertainty,False,0,0,5,False,True,True,True,44,False,2.8636363636363638
supp_p05,complete_cohort,179,uncertainty,False,0,0,5,False,True,True,True,44,False,1.6363636363636365
supp_p05,complete_cohort,180,uncertainty,False,0,0,5,False,True,True,True,44,False,2.1363636363636362
supp_p05,complete_cohort,181,uncertainty,False,0,0,5,False,True,True,True,44,False,2.8636363636363638
supp_p05,complete_cohort,182,uncertainty,False,0,0,5,False,True,True,True,44,False,2.227272727272727
supp_p05,complete_cohort,183,uncertainty,False,0,0,5,False,True,True,True,44,False,2.090909090909091
supp_p05,complete_cohort,2,low_score,False,0,0,5,False,False,False,False,5,False,0.0
supp_p05,complete_cohort,3,low_score,False,0,0,5,False,False,False,False,9,False,0.0
supp_p05,complete_cohort,4,low_score,False,0,0,5,False,False,False,False,15,False,0.0
supp_p05,complete_cohort,5,low_score,False,0,0,5,False,False,False,False,9,False,0.0
supp_p05,complete_cohort,6,low_score,False,0,0,5,False,False,False,False,7,False,0.0
supp_p05,complete_cohort,7,low_score,False,0,0,5,False,False,False,False,15,False,0.0
supp_p05,complete_cohort,9,low_score,False,0,0,5,False,False,False,False,8,False,0.0
supp_p05,complete_cohort,11,low_score,False,0,0,5,False,False,False,False,12,False,0.0
supp_p05,complete_cohort,12,low_score,False,0,0,5,False,False,False,False,7,False,0.0
supp_p05,complete_cohort,13,low_score,False,0,0,5,False,False,False,False,15,False,0.0
supp_p05,complete_cohort,14,low_score,False,0,0,5,False,False,False,False,16,False,0.0
supp_p05,complete_cohort,15,low_score,False,0,0,5,False,False,False,False,11,False,0.0
supp_p05,complete_cohort,17,low_score,False,0,0,5,False,False,False,False,11,False,0.0
supp_p05,complete_cohort,19,low_score,False,0,0,5,False,False,False,False,11,False,0.0
supp_p05,complete_cohort,20,low_score,False,0,0,5,False,False,False,False,6,False,0.0
supp_p05,complete_cohort,21,low_score,False,0,0,5,False,False,False,False,15,False,0.0
supp_p05,complete_cohort,22,low_score,False,0,0,5,False,False,False,False,16,False,0.0
supp_p05,complete_cohort,23,low_score,False,0,0,5,False,False,False,False,12,False,0.0
supp_p05,complete_cohort,24,low_score,False,0,0,5,False,False,False,False,9,False,0.0
supp_p05,complete_cohort,25,low_score,False,0,0,5,False,False,False,False,11,False,0.0
supp_p05,complete_cohort,27,low_score,False,0,0,5,False,False,False,False,13,False,0.0
supp_p05,complete_cohort,28,low_score,False,0,0,5,False,False,False,False,10,False,0.0
supp_p05,complete_cohort,29,low_score,False,0,0,5,False,False,False,False,9,False,0.0
supp_p05,complete_cohort,30,low_score,False,0,0,5,False,False,False,False,6,False,0.0
supp_p05,complete_cohort,31,low_score,False,0,0,5,False,False,False,False,10,False,0.0
supp_p05,complete_cohort,39,low_score,False,0,0,5,False,False,False,False,8,False,0.0
supp_p05,complete_cohort,40,low_score,False,0,0,5,False,False,False,False,6,False,0.0
supp_p05,complete_cohort,41,low_score,False,0,0,5,False,False,False,False,9,False,0.0
supp_p05,complete_cohort,42,low_score,False,0,0,5,False,False,False,False,12,False,0.0
supp_p05,complete_cohort,43,low_score,False,0,0,5,False,False,False,False,10,False,0.0
supp_p05,complete_cohort,44,low_score,False,0,0,5,False,False,False,False,7,False,0.0
supp_p05,complete_cohort,45,low_score,False,0,0,5,False,False,False,False,8,False,0.0
supp_p05,complete_cohort,46,low_score,False,0,0,5,False,False,False,False,12,False,0.0
supp_p05,complete_cohort,47,low_score,False,0,0,5,False,False,False,False,8,False,0.0
supp_p05,complete_cohort,48,low_score,False,0,0,5,False,False,False,False,14,False,0.0
supp_p05,complete_cohort,50,low_score,False,0,0,5,False,False,False,False,7,False,0.0
supp_p05,complete_cohort,51,low_score,False,0,0,5,False,False,False,False,17,False,0.0
supp_p05,complete_cohort,52,low_score,False,0,0,5,False,False,False,False,15,False,0.0
supp_p05,complete_cohort,53,low_score,False,0,0,5,False,False,False,False,17,False,0.0
supp_p05,complete_cohort,54,low_score,False,0,0,5,False,False,False,False,8,False,0.0
supp_p05,complete_cohort,55,low_score,False,0,0,5,False,False,False,False,9,False,0.0
supp_p05,complete_cohort,56,low_score,False,0,0,5,False,False,False,False,5,False,0.0
supp_p05,complete_cohort,58,low_score,False,0,0,5,False,False,False,False,14,False,0.0
supp_p05,complete_cohort,59,low_score,False,0,0,5,False,False,False,False,6,False,0.0
supp_p05,complete_cohort,61,low_score,False,0,0,5,False,False,False,False,9,False,0.0
supp_p05,complete_cohort,62,low_score,False,0,0,5,False,False,False,False,9,False,0.0
supp_p05,complete_cohort,63,low_score,False,0,0,5,False,False,False,False,6,False,0.0
supp_p05,complete_cohort,64,low_score,False,0,0,5,False,False,False,False,5,False,0.0
supp_p05,complete_cohort,66,low_score,False,0,0,5,False,False,False,False,7,False,0.0
supp_p05,complete_cohort,67,low_score,False,0,0,5,False,False,False,False,14,False,0.0
supp_p05,complete_cohort,68,low_score,False,0,0,5,False,False,False,False,12,False,0.0
supp_p05,complete_cohort,70,low_score,False,0,0,5,False,False,False,False,16,False,0.0
supp_p05,complete_cohort,71,low_score,False,0,0,5,False,False,False,False,11,False,0.0
supp_p05,complete_cohort,72,low_score,False,0,0,4,False,False,False,False,4,False,0.0
supp_p05,complete_cohort,73,low_score,False,0,0,5,False,False,False,False,9,False,0.0
supp_p05,complete_cohort,74,low_score,False,0,0,5,False,False,False,False,15,False,0.0
supp_p05,complete_cohort,76,low_score,False,0,0,5,False,False,False,False,21,False,0.0
supp_p05,complete_cohort,77,low_score,False,0,0,5,False,False,False,False,12,False,0.0
supp_p05,complete_cohort,78,low_score,False,0,0,5,False,False,False,False,11,False,0.0
supp_p05,complete_cohort,79,low_score,False,0,0,5,False,False,False,False,5,False,0.0
supp_p05,complete_cohort,80,low_score,False,0,0,5,False,False,False,False,18,False,0.0
supp_p05,complete_cohort,81,low_score,False,0,0,3,False,False,False,False,3,False,0.0
supp_p05,complete_cohort,82,low_score,False,0,0,5,False,False,False,False,9,False,0.0
supp_p05,complete_cohort,83,low_score,False,0,0,5,False,False,False,False,5,False,0.0
supp_p05,complete_cohort,84,low_score,False,0,0,5,False,False,False,False,5,False,0.0
supp_p05,complete_cohort,85,low_score,False,0,0,5,False,False,False,False,6,False,0.0
supp_p05,complete_cohort,86,low_score,False,0,0,5,False,False,False,False,17,False,0.0
supp_p05,complete_cohort,87,low_score,False,0,0,5,False,False,False,False,10,False,0.0
supp_p05,complete_cohort,88,low_score,False,0,0,5,False,False,False,False,10,False,0.0
supp_p05,complete_cohort,89,low_score,False,0,0,5,False,False,False,False,13,False,0.0
supp_p05,complete_cohort,90,low_score,False,0,0,5,False,False,False,False,19,False,0.0
supp_p05,complete_cohort,91,low_score,False,0,0,5,False,False,False,False,19,False,0.0
supp_p05,complete_cohort,92,low_score,False,0,0,5,False,False,False,False,12,False,0.0
supp_p05,complete_cohort,93,low_score,False,0,0,5,False,False,False,False,9,False,0.0
supp_p05,complete_cohort,94,low_score,False,0,0,5,False,False,False,False,13,False,0.0
supp_p05,complete_cohort,95,low_score,False,0,0,5,False,False,False,False,14,False,0.0
supp_p05,complete_cohort,96,low_score,False,0,0,5,False,False,False,False,10,False,0.0
supp_p05,complete_cohort,97,low_score,False,0,0,5,False,False,False,False,9,False,0.0
supp_p05,complete_cohort,98,low_score,False,0,0,5,False,False,False,False,11,False,0.0
supp_p05,complete_cohort,99,low_score,False,0,0,5,False,False,False,False,8,False,0.0
supp_p05,complete_cohort,100,low_score,False,0,0,5,False,False,False,False,16,False,0.0
supp_p05,complete_cohort,101,low_score,False,0,0,5,False,False,False,False,15,False,0.0
supp_p05,complete_cohort,102,low_score,False,0,0,5,False,False,False,False,11,False,0.0
supp_p05,complete_cohort,103,low_score,False,0,0,5,False,False,False,False,11,False,0.0
supp_p05,complete_cohort,104,low_score,False,0,0,5,False,False,False,False,14,False,0.0
supp_p05,complete_cohort,105,low_score,False,0,0,5,False,False,False,False,10,False,0.0
supp_p05,complete_cohort,106,low_score,False,0,0,5,False,False,False,False,13,False,0.0
supp_p05,complete_cohort,107,low_score,False,0,0,5,False,False,False,False,12,False,0.0
supp_p05,complete_cohort,108,low_score,False,0,0,5,False,False,False,False,12,False,0.0
supp_p05,complete_cohort,109,low_score,False,0,0,5,False,False,False,False,11,False,0.0
supp_p05,complete_cohort,110,low_score,False,0,0,5,False,False,False,False,9,False,0.0
supp_p05,complete_cohort,111,low_score,False,0,0,5,False,False,False,False,9,False,0.0
supp_p05,complete_cohort,112,low_score,False,0,0,5,False,False,False,False,11,False,0.0
supp_p05,complete_cohort,113,low_score,False,0,0,5,False,False,False,False,11,False,0.0
supp_p05,complete_cohort,114,low_score,False,0,0,5,False,False,False,False,13,False,0.0
supp_p05,complete_cohort,115,low_score,False,0,0,5,False,False,False,False,10,False,0.0
supp_p05,complete_cohort,116,low_score,False,0,0,5,False,False,False,False,10,False,0.0
supp_p05,complete_cohort,117,low_score,False,0,0,5,False,False,False,False,11,False,0.0
supp_p05,complete_cohort,118,low_score,False,0,0,5,False,False,False,False,17,False,0.0
supp_p05,complete_cohort,119,low_score,False,0,0,5,False,False,False,False,9,False,0.0
supp_p05,complete_cohort,120,low_score,False,0,0,5,False,False,False,False,10,False,0.0
supp_p05,complete_cohort,121,low_score,False,0,0,5,False,False,False,False,12,False,0.0
supp_p05,complete_cohort,122,low_score,False,0,0,5,False,False,False,False,17,False,0.0
supp_p05,complete_cohort,123,low_score,False,0,0,5,False,False,False,False,11,False,0.0
supp_p05,complete_cohort,124,low_score,False,0,0,5,False,False,False,False,8,False,0.0
supp_p05,complete_cohort,125,low_score,False,0,0,5,False,False,False,False,13,False,0.0
supp_p05,complete_cohort,126,low_score,False,0,0,5,False,False,False,False,16,False,0.0
supp_p05,complete_cohort,127,low_score,False,0,0,5,False,False,False,False,15,False,0.0
supp_p05,complete_cohort,128,low_score,False,0,0,5,False,False,False,False,13,False,0.0
supp_p05,complete_cohort,129,low_score,False,0,0,5,False,False,False,False,7,False,0.0
supp_p05,complete_cohort,130,low_score,False,0,0,5,False,False,False,False,15,False,0.0
supp_p05,complete_cohort,131,low_score,False,0,0,5,False,False,False,False,18,False,0.0
supp_p05,complete_cohort,132,low_score,False,0,0,5,False,False,False,False,11,False,0.0
supp_p05,complete_cohort,133,low_score,False,0,0,5,False,False,False,False,5,False,0.0
supp_p05,complete_cohort,134,low_score,False,0,0,5,False,False,False,False,15,False,0.0
supp_p05,complete_cohort,135,low_score,False,0,0,5,False,False,False,False,13,False,0.0
supp_p05,complete_cohort,136,low_score,False,0,0,5,False,False,False,False,15,False,0.0
supp_p05,complete_cohort,137,low_score,False,0,0,5,False,False,False,False,15,False,0.0
supp_p05,complete_cohort,138,low_score,False,0,0,5,False,False,False,False,14,False,0.0
supp_p05,complete_cohort,139,low_score,False,0,0,5,False,False,False,False,14,False,0.0
supp_p05,complete_cohort,140,low_score,False,0,0,5,False,False,False,False,17,False,0.0
supp_p05,complete_cohort,141,low_score,False,0,0,5,False,False,False,False,16,False,0.0
supp_p05,complete_cohort,142,low_score,False,0,0,5,False,False,False,False,17,False,0.0
supp_p05,complete_cohort,143,low_score,False,0,0,5,False,False,False,False,17,False,0.0
supp_p05,complete_cohort,144,low_score,False,0,0,5,False,False,False,False,8,False,0.0
supp_p05,complete_cohort,147,low_score,False,0,0,5,False,False,False,False,14,False,0.0
supp_p05,complete_cohort,148,low_score,False,0,0,5,False,False,False,False,15,False,0.0
supp_p05,complete_cohort,149,low_score,False,0,0,5,False,False,False,False,12,False,0.0
supp_p05,complete_cohort,150,low_score,False,0,0,5,False,False,False,False,15,False,0.0
supp_p05,complete_cohort,151,low_score,False,0,0,5,False,False,False,False,16,False,0.0
supp_p05,complete_cohort,152,low_score,False,0,0,5,False,False,False,False,17,False,0.0
supp_p05,complete_cohort,153,low_score,False,0,0,5,False,False,False,False,14,False,0.0
supp_p05,complete_cohort,154,low_score,False,0,0,5,False,False,False,False,8,False,0.0
supp_p05,complete_cohort,155,low_score,False,0,0,5,False,False,False,False,10,False,0.0
supp_p05,complete_cohort,156,low_score,False,0,0,5,False,False,False,False,16,False,0.0
supp_p05,complete_cohort,157,low_score,False,0,0,5,False,False,False,False,9,False,0.0
supp_p05,complete_cohort,158,low_score,False,0,0,5,False,False,False,False,12,False,0.0
supp_p05,complete_cohort,159,low_score,False,0,0,5,False,False,False,False,13,False,0.0
supp_p05,complete_cohort,160,low_score,False,0,0,5,False,False,False,False,14,False,0.0
supp_p05,complete_cohort,161,low_score,False,0,0,5,False,False,False,False,15,False,0.0
supp_p05,complete_cohort,162,low_score,False,0,0,5,False,False,False,False,20,False,0.0
supp_p05,complete_cohort,163,low_score,False,0,0,5,False,False,False,False,18,False,0.0
supp_p05,complete_cohort,164,low_score,False,0,0,5,False,False,False,False,13,False,0.0
supp_p05,complete_cohort,165,low_score,False,0,0,5,False,False,False,False,16,False,0.0
supp_p05,complete_cohort,166,low_score,False,0,0,5,False,False,False,False,18,False,0.0
supp_p05,complete_cohort,167,low_score,False,0,0,5,False,False,False,False,12,False,0.0
supp_p05,complete_cohort,168,low_score,False,0,0,5,False,False,False,False,8,False,0.0
supp_p05,complete_cohort,169,low_score,False,0,0,5,False,False,False,False,13,False,0.0
supp_p05,complete_cohort,170,low_score,False,0,0,5,False,False,False,False,12,False,0.0
supp_p05,complete_cohort,172,low_score,False,0,0,5,False,False,False,False,12,False,0.0
supp_p05,complete_cohort,174,low_score,False,0,0,5,False,False,False,False,15,False,0.0
supp_p05,complete_cohort,175,low_score,False,0,0,5,False,False,False,False,14,False,0.0
supp_p05,complete_cohort,176,low_score,False,0,0,5,False,False,False,False,11,False,0.0
supp_p05,complete_cohort,177,low_score,False,0,0,5,False,False,False,False,12,False,0.0
supp_p05,complete_cohort,178,low_score,False,0,0,5,False,False,False,False,10,False,0.0
supp_p05,complete_cohort,179,low_score,False,0,0,5,False,False,False,False,18,False,0.0
supp_p05,complete_cohort,180,low_score,False,0,0,5,False,False,False,False,17,False,0.0
supp_p05,complete_cohort,181,low_score,False,0,0,5,False,False,False,False,11,False,0.0
supp_p05,complete_cohort,182,low_score,False,0,0,5,False,False,False,False,9,False,0.0
supp_p05,complete_cohort,183,low_score,False,0,0,5,False,False,False,False,15,False,0.0
supp_p10,demonstration,1,uncertainty,False,0,0,5,False,True,True,True,44,False,2.8636363636363638
supp_p10,demonstration,2,uncertainty,False,0,0,5,False,True,True,True,44,False,2.8636363636363638
supp_p10,demonstration,3,uncertainty,False,0,0,5,False,True,True,True,44,False,1.2727272727272727
supp_p10,demonstration,4,uncertainty,False,0,0,5,False,True,True,True,44,False,2.8636363636363638
supp_p10,demonstration,5,uncertainty,False,0,0,5,False,True,True,True,44,False,2.8636363636363638
supp_p10,demonstration,6,uncertainty,False,0,0,5,False,True,True,True,44,False,1.7272727272727273
supp_p10,demonstration,7,uncertainty,False,0,0,5,False,True,True,True,44,False,1.1363636363636365
supp_p10,demonstration,8,uncertainty,False,0,0,5,False,True,True,True,44,False,0.8181818181818182
supp_p10,demonstration,9,uncertainty,False,0,0,5,False,True,True,True,44,False,2.909090909090909
supp_p10,demonstration,10,uncertainty,False,0,0,5,False,True,True,True,44,False,2.8636363636363638
supp_p10,demonstration,1,low_score,False,0,0,5,False,False,False,False,5,False,0.0
supp_p10,demonstration,2,low_score,False,0,0,5,False,False,False,False,9,False,0.0
supp_p10,demonstration,3,low_score,False,0,0,5,False,False,False,False,15,False,0.0
supp_p10,demonstration,4,low_score,False,0,0,5,False,False,False,False,7,False,0.0
supp_p10,demonstration,5,low_score,False,0,0,5,False,False,False,False,8,False,0.0
supp_p10,demonstration,6,low_score,False,0,0,5,False,False,False,False,10,False,0.0
supp_p10,demonstration,7,low_score,False,0,0,5,False,False,False,False,17,False,0.0
supp_p10,demonstration,8,low_score,False,0,0,5,False,False,False,False,19,False,0.0
supp_p10,demonstration,9,low_score,False,0,0,5,False,False,False,False,5,False,0.0
supp_p10,demonstration,10,low_score,False,0,0,5,False,False,False,False,12,False,0.0
supp_p10,reference,159,uncertainty,False,0,0,5,False,True,True,True,44,False,2.772727272727273
supp_p10,reference,42,uncertainty,False,0,0,5,False,True,True,True,44,False,2.8181818181818183
supp_p10,reference,64,uncertainty,False,0,0,5,False,True,True,True,44,False,2.909090909090909
supp_p10,reference,12,uncertainty,False,0,0,5,False,True,True,True,44,False,2.8636363636363638
supp_p10,reference,160,uncertainty,False,0,0,5,False,True,True,True,44,False,2.4545454545454546
supp_p10,reference,155,uncertainty,False,0,0,5,False,True,True,True,44,False,2.8636363636363638
supp_p10,reference,11,uncertainty,False,0,0,5,False,True,True,True,44,False,1.3636363636363635
supp_p10,reference,124,uncertainty,False,0,0,5,False,True,True,True,44,False,2.5454545454545454
supp_p10,reference,169,uncertainty,False,0,0,5,False,True,True,True,44,False,2.5454545454545454
supp_p10,reference,106,uncertainty,False,0,0,5,False,True,True,True,44,False,2.8181818181818183
supp_p10,reference,157,uncertainty,False,0,0,5,False,True,True,True,44,False,2.090909090909091
supp_p10,reference,126,uncertainty,False,0,0,5,False,True,True,True,44,False,2.5454545454545454
supp_p10,reference,55,uncertainty,False,0,0,5,False,True,True,True,44,False,2.5454545454545454
supp_p10,reference,113,uncertainty,False,0,0,5,False,True,True,True,44,False,2.8636363636363638
supp_p10,reference,158,uncertainty,False,0,0,5,False,True,True,True,44,False,2.909090909090909
supp_p10,reference,165,uncertainty,False,0,0,5,False,True,True,True,44,False,2.3181818181818183
supp_p10,reference,178,uncertainty,False,0,0,5,False,True,True,True,44,False,2.8636363636363638
supp_p10,reference,133,uncertainty,False,0,0,5,False,True,True,True,44,False,2.909090909090909
supp_p10,reference,78,uncertainty,False,0,0,5,False,True,True,True,44,False,2.8181818181818183
supp_p10,reference,70,uncertainty,False,0,0,5,False,True,True,True,44,False,2.409090909090909
supp_p10,reference,176,uncertainty,False,0,0,5,False,True,True,True,44,False,2.5454545454545454
supp_p10,reference,17,uncertainty,False,0,0,5,False,True,True,True,44,False,2.5454545454545454
supp_p10,reference,136,uncertainty,False,0,0,5,False,True,True,True,44,False,2.272727272727273
supp_p10,reference,76,uncertainty,False,0,0,5,False,False,False,True,44,False,0.9090909090909091
supp_p10,reference,82,uncertainty,False,0,0,5,True,True,True,True,44,False,1.9545454545454546
supp_p10,reference,114,uncertainty,False,0,0,5,False,True,True,True,44,False,2.772727272727273
supp_p10,reference,168,uncertainty,False,0,0,5,False,True,True,True,44,False,2.5454545454545454
supp_p10,reference,28,uncertainty,False,0,0,5,False,True,True,True,44,False,2.8636363636363638
supp_p10,reference,39,uncertainty,False,0,0,5,False,True,True,True,44,False,2.5454545454545454
supp_p10,reference,50,uncertainty,False,0,0,5,False,True,True,True,44,False,2.8636363636363638
supp_p10,reference,61,uncertainty,False,0,0,5,False,True,True,True,44,False,2.8636363636363638
supp_p10,reference,100,uncertainty,False,0,0,5,False,True,True,True,44,False,2.1818181818181817
supp_p10,reference,130,uncertainty,False,0,0,5,False,True,True,True,44,False,2.727272727272727
supp_p10,reference,141,uncertainty,False,0,0,5,False,True,True,True,44,False,2.3636363636363638
supp_p10,reference,53,uncertainty,False,0,0,5,False,True,True,True,44,False,1.3636363636363635
supp_p10,reference,73,uncertainty,False,0,0,5,False,True,True,True,44,False,2.4545454545454546
supp_p10,reference,9,uncertainty,False,0,0,5,False,True,True,True,44,False,2.8636363636363638
supp_p10,reference,6,uncertainty,False,0,0,5,False,True,True,True,44,False,2.909090909090909
supp_p10,reference,31,uncertainty,False,0,0,5,False,True,True,True,44,False,2.8636363636363638
supp_p10,reference,94,uncertainty,False,0,0,5,False,True,True,True,44,False,2.772727272727273
supp_p10,reference,58,uncertainty,False,0,0,5,False,True,True,True,44,False,2.8181818181818183
supp_p10,reference,177,uncertainty,False,0,0,5,False,True,True,True,44,False,2.8636363636363638
supp_p10,reference,48,uncertainty,False,0,0,5,False,True,True,True,44,False,2.5454545454545454
supp_p10,reference,164,uncertainty,False,0,0,5,False,True,True,True,44,False,2.1818181818181817
supp_p10,reference,67,uncertainty,False,0,0,5,False,True,True,True,44,False,2.8181818181818183
supp_p10,reference,118,uncertainty,False,0,0,5,False,True,True,True,44,False,1.3636363636363635
supp_p10,reference,79,uncertainty,False,0,0,5,False,False,True,True,44,False,2.5454545454545454
supp_p10,reference,122,uncertainty,False,0,0,5,False,True,True,True,44,False,2.3636363636363638
supp_p10,reference,54,uncertainty,False,0,0,5,False,True,True,True,44,False,2.909090909090909
supp_p10,reference,151,uncertainty,False,0,0,5,False,True,True,True,44,False,1.4545454545454546
supp_p10,reference,103,uncertainty,False,0,0,5,False,True,True,True,44,False,2.8636363636363638
supp_p10,reference,137,uncertainty,False,0,0,5,False,True,True,True,44,False,2.590909090909091
supp_p10,reference,132,uncertainty,False,0,0,5,False,True,True,True,44,False,2.5454545454545454
supp_p10,reference,143,uncertainty,False,0,0,5,False,True,True,True,44,False,1.0
supp_p10,reference,107,uncertainty,False,0,0,5,False,True,True,True,44,False,2.8636363636363638
supp_p10,reference,119,uncertainty,False,0,0,5,False,True,True,True,44,False,1.4545454545454546
supp_p10,reference,109,uncertainty,False,0,0,5,False,True,True,True,44,False,1.8181818181818181
supp_p10,reference,84,uncertainty,False,0,0,5,False,False,True,True,44,False,2.5454545454545454
supp_p10,reference,135,uncertainty,False,0,0,5,False,True,True,True,44,False,2.4545454545454546
supp_p10,reference,125,uncertainty,False,0,0,5,False,True,True,True,44,False,2.772727272727273
supp_p10,reference,161,uncertainty,False,0,0,5,False,True,True,True,44,False,2.6363636363636362
supp_p10,reference,4,uncertainty,False,0,0,5,False,True,True,True,44,False,2.3636363636363638
supp_p10,reference,72,uncertainty,True,1,1,4,True,False,True,True,44,False,2.090909090909091
supp_p10,reference,68,uncertainty,False,0,0,5,False,True,True,True,44,False,2.8636363636363638
supp_p10,reference,175,uncertainty,False,0,0,5,False,True,True,True,44,False,2.3636363636363638
supp_p10,reference,182,uncertainty,False,0,0,5,False,True,True,True,44,False,2.227272727272727
supp_p10,reference,134,uncertainty,False,0,0,5,False,True,True,True,44,False,2.590909090909091
supp_p10,reference,105,uncertainty,False,0,0,5,False,True,True,True,44,False,2.5
supp_p10,reference,43,uncertainty,False,0,0,5,False,True,True,True,44,False,2.8636363636363638
supp_p10,reference,139,uncertainty,False,0,0,5,False,True,True,True,44,False,2.727272727272727
supp_p10,reference,3,uncertainty,False,0,0,5,False,True,True,True,44,False,1.2272727272727273
supp_p10,reference,62,uncertainty,False,0,0,5,False,True,True,True,44,False,2.909090909090909
supp_p10,reference,5,uncertainty,False,0,0,5,False,True,True,True,44,False,2.8636363636363638
supp_p10,reference,66,uncertainty,False,0,0,5,False,True,True,True,44,False,2.909090909090909
supp_p10,reference,180,uncertainty,False,0,0,5,False,True,True,True,44,False,2.1363636363636362
supp_p10,reference,30,uncertainty,False,0,0,5,False,True,True,True,44,False,2.909090909090909
supp_p10,reference,149,uncertainty,False,0,0,5,False,True,True,True,44,False,2.1818181818181817
supp_p10,reference,110,uncertainty,False,0,0,5,False,True,True,True,44,False,2.909090909090909
supp_p10,reference,13,uncertainty,False,0,0,5,False,True,True,True,44,False,2.5454545454545454
supp_p10,reference,7,uncertainty,False,0,0,5,False,True,True,True,44,False,1.2727272727272727
supp_p10,reference,87,uncertainty,False,0,0,5,False,True,True,True,44,False,1.7272727272727273
supp_p10,reference,150,uncertainty,False,0,0,5,False,True,True,True,44,False,2.590909090909091
supp_p10,reference,179,uncertainty,False,0,0,5,False,True,True,True,44,False,1.6363636363636365
supp_p10,reference,181,uncertainty,False,0,0,5,False,True,True,True,44,False,2.8636363636363638
supp_p10,reference,148,uncertainty,False,0,0,5,False,True,True,True,44,False,2.6818181818181817
supp_p10,reference,162,uncertainty,False,0,0,5,False,False,False,True,44,False,1.8181818181818181
supp_p10,reference,102,uncertainty,False,0,0,5,False,True,True,True,44,False,2.1818181818181817
supp_p10,reference,56,uncertainty,False,0,0,5,False,True,True,True,44,False,2.909090909090909
supp_p10,reference,19,uncertainty,False,0,0,5,False,True,True,True,44,False,2.5454545454545454
supp_p10,reference,112,uncertainty,False,0,0,5,False,True,True,True,44,False,2.1818181818181817
supp_p10,reference,40,uncertainty,False,0,0,5,False,True,True,True,44,False,2.5454545454545454
supp_p10,reference,22,uncertainty,False,0,0,5,False,True,True,True,44,False,1.0909090909090908
supp_p10,reference,88,uncertainty,False,0,0,5,False,True,True,True,44,False,2.8636363636363638
supp_p10,reference,167,uncertainty,False,0,0,5,False,True,True,True,44,False,2.8636363636363638
supp_p10,reference,183,uncertainty,False,0,0,5,False,True,True,True,44,False,2.090909090909091
supp_p10,reference,24,uncertainty,False,0,0,5,False,True,True,True,44,False,2.8636363636363638
supp_p10,reference,128,uncertainty,False,0,0,5,False,True,True,True,44,False,2.727272727272727
supp_p10,reference,120,uncertainty,False,0,0,5,False,True,True,True,44,False,2.8636363636363638
supp_p10,reference,45,uncertainty,False,0,0,5,False,True,True,True,44,False,2.8636363636363638
supp_p10,reference,86,uncertainty,False,0,0,5,False,True,True,True,44,False,1.1363636363636365
supp_p10,reference,156,uncertainty,False,0,0,5,False,True,True,True,44,False,2.3636363636363638
supp_p10,reference,98,uncertainty,False,0,0,5,False,True,True,True,44,False,2.909090909090909
supp_p10,reference,92,uncertainty,False,0,0,5,False,True,True,True,44,False,2.8636363636363638
supp_p10,reference,95,uncertainty,False,0,0,5,False,True,True,True,44,False,2.8181818181818183
supp_p10,reference,101,uncertainty,False,0,0,5,False,True,True,True,44,False,2.772727272727273
supp_p10,reference,47,uncertainty,False,0,0,5,False,True,True,True,44,False,2.5454545454545454
supp_p10,reference,25,uncertainty,False,0,0,5,False,True,True,True,44,False,1.6363636363636365
supp_p10,reference,121,uncertainty,False,0,0,5,False,True,True,True,44,False,1.2727272727272727
supp_p10,reference,41,uncertainty,False,0,0,5,False,True,True,True,44,False,2.8636363636363638
supp_p10,reference,99,uncertainty,False,0,0,5,False,True,True,True,44,False,2.909090909090909
supp_p10,reference,27,uncertainty,False,0,0,5,False,True,True,True,44,False,2.772727272727273
supp_p10,reference,140,uncertainty,False,0,0,5,False,True,True,True,44,False,2.1363636363636362
supp_p10,reference,81,uncertainty,True,2,2,3,True,False,True,True,44,False,2.5454545454545454
supp_p10,reference,144,uncertainty,False,0,0,5,False,True,True,True,44,False,2.8636363636363638
supp_p10,reference,108,uncertainty,False,0,0,5,False,True,True,True,44,False,2.0454545454545454
supp_p10,reference,85,uncertainty,False,0,0,5,False,True,True,True,44,False,2.909090909090909
supp_p10,reference,152,uncertainty,False,0,0,5,False,True,True,True,44,False,2.227272727272727
supp_p10,reference,15,uncertainty,False,0,0,5,False,True,True,True,44,False,2.5
supp_p10,reference,89,uncertainty,False,0,0,5,False,True,True,True,44,False,2.8636363636363638
supp_p10,reference,116,uncertainty,False,0,0,5,False,True,True,True,44,False,2.8636363636363638
supp_p10,reference,138,uncertainty,False,0,0,5,False,True,True,True,44,False,2.090909090909091
supp_p10,reference,154,uncertainty,False,0,0,5,False,True,True,True,44,False,2.5454545454545454
supp_p10,reference,104,uncertainty,False,0,0,5,False,True,True,True,44,False,2.5
supp_p10,reference,131,uncertainty,False,0,0,5,False,True,True,True,44,False,2.5
supp_p10,reference,129,uncertainty,False,0,0,5,False,True,True,True,44,False,2.909090909090909
supp_p10,reference,96,uncertainty,False,0,0,5,False,True,True,True,44,False,2.8181818181818183
supp_p10,reference,44,uncertainty,False,0,0,5,False,True,True,True,44,False,2.909090909090909
supp_p10,reference,46,uncertainty,False,0,0,5,False,True,True,True,44,False,1.2272727272727273
supp_p10,reference,159,low_score,False,0,0,5,False,False,False,False,13,False,0.0
supp_p10,reference,42,low_score,False,0,0,5,False,False,False,False,12,False,0.0
supp_p10,reference,64,low_score,False,0,0,5,False,False,False,False,5,False,0.0
supp_p10,reference,12,low_score,False,0,0,5,False,False,False,False,7,False,0.0
supp_p10,reference,160,low_score,False,0,0,5,False,False,False,False,14,False,0.0
supp_p10,reference,155,low_score,False,0,0,5,False,False,False,False,10,False,0.0
supp_p10,reference,11,low_score,False,0,0,5,False,False,False,False,12,False,0.0
supp_p10,reference,124,low_score,False,0,0,5,False,False,False,False,8,False,0.0
supp_p10,reference,169,low_score,False,0,0,5,False,False,False,False,13,False,0.0
supp_p10,reference,106,low_score,False,0,0,5,False,False,False,False,13,False,0.0
supp_p10,reference,157,low_score,False,0,0,5,False,False,False,False,9,False,0.0
supp_p10,reference,126,low_score,False,0,0,5,False,False,False,False,16,False,0.0
supp_p10,reference,55,low_score,False,0,0,5,False,False,False,False,9,False,0.0
supp_p10,reference,113,low_score,False,0,0,5,False,False,False,False,11,False,0.0
supp_p10,reference,158,low_score,False,0,0,5,False,False,False,False,12,False,0.0
supp_p10,reference,165,low_score,False,0,0,5,False,False,False,False,16,False,0.0
supp_p10,reference,178,low_score,False,0,0,5,False,False,False,False,10,False,0.0
supp_p10,reference,133,low_score,False,0,0,5,False,False,False,False,5,False,0.0
supp_p10,reference,78,low_score,False,0,0,5,False,False,False,False,11,False,0.0
supp_p10,reference,70,low_score,False,0,0,5,False,False,False,False,16,False,0.0
supp_p10,reference,176,low_score,False,0,0,5,False,False,False,False,11,False,0.0
supp_p10,reference,17,low_score,False,0,0,5,False,False,False,False,11,False,0.0
supp_p10,reference,136,low_score,False,0,0,5,False,False,False,False,15,False,0.0
supp_p10,reference,76,low_score,False,0,0,5,False,False,False,False,21,False,0.0
supp_p10,reference,82,low_score,False,0,0,5,False,False,False,False,9,False,0.0
supp_p10,reference,114,low_score,False,0,0,5,False,False,False,False,13,False,0.0
supp_p10,reference,168,low_score,False,0,0,5,False,False,False,False,8,False,0.0
supp_p10,reference,28,low_score,False,0,0,5,False,False,False,False,10,False,0.0
supp_p10,reference,39,low_score,False,0,0,5,False,False,False,False,8,False,0.0
supp_p10,reference,50,low_score,False,0,0,5,False,False,False,False,7,False,0.0
supp_p10,reference,61,low_score,False,0,0,5,False,False,False,False,9,False,0.0
supp_p10,reference,100,low_score,False,0,0,5,False,False,False,False,16,False,0.0
supp_p10,reference,130,low_score,False,0,0,5,False,False,False,False,15,False,0.0
supp_p10,reference,141,low_score,False,0,0,5,False,False,False,False,16,False,0.0
supp_p10,reference,53,low_score,False,0,0,5,False,False,False,False,17,False,0.0
supp_p10,reference,73,low_score,False,0,0,5,False,False,False,False,9,False,0.0
supp_p10,reference,9,low_score,False,0,0,5,False,False,False,False,8,False,0.0
supp_p10,reference,6,low_score,False,0,0,5,False,False,False,False,7,False,0.0
supp_p10,reference,31,low_score,False,0,0,5,False,False,False,False,10,False,0.0
supp_p10,reference,94,low_score,False,0,0,5,False,False,False,False,13,False,0.0
supp_p10,reference,58,low_score,False,0,0,5,False,False,False,False,14,False,0.0
supp_p10,reference,177,low_score,False,0,0,5,False,False,False,False,12,False,0.0
supp_p10,reference,48,low_score,False,0,0,5,False,False,False,False,14,False,0.0
supp_p10,reference,164,low_score,False,0,0,5,False,False,False,False,13,False,0.0
supp_p10,reference,67,low_score,False,0,0,5,False,False,False,False,14,False,0.0
supp_p10,reference,118,low_score,False,0,0,5,False,False,False,False,17,False,0.0
supp_p10,reference,79,low_score,False,0,0,5,False,False,False,False,5,False,0.0
supp_p10,reference,122,low_score,False,0,0,5,False,False,False,False,17,False,0.0
supp_p10,reference,54,low_score,False,0,0,5,False,False,False,False,8,False,0.0
supp_p10,reference,151,low_score,False,0,0,5,False,False,False,False,16,False,0.0
supp_p10,reference,103,low_score,False,0,0,5,False,False,False,False,11,False,0.0
supp_p10,reference,137,low_score,False,0,0,5,False,False,False,False,15,False,0.0
supp_p10,reference,132,low_score,False,0,0,5,False,False,False,False,11,False,0.0
supp_p10,reference,143,low_score,False,0,0,5,False,False,False,False,17,False,0.0
supp_p10,reference,107,low_score,False,0,0,5,False,False,False,False,12,False,0.0
supp_p10,reference,119,low_score,False,0,0,5,False,False,False,False,9,False,0.0
supp_p10,reference,109,low_score,False,0,0,5,False,False,False,False,11,False,0.0
supp_p10,reference,84,low_score,False,0,0,5,False,False,False,False,5,False,0.0
supp_p10,reference,135,low_score,False,0,0,5,False,False,False,False,13,False,0.0
supp_p10,reference,125,low_score,False,0,0,5,False,False,False,False,13,False,0.0
supp_p10,reference,161,low_score,False,0,0,5,False,False,False,False,15,False,0.0
supp_p10,reference,4,low_score,False,0,0,5,False,False,False,False,15,False,0.0
supp_p10,reference,72,low_score,False,0,0,4,False,False,False,False,4,False,0.0
supp_p10,reference,68,low_score,False,0,0,5,False,False,False,False,12,False,0.0
supp_p10,reference,175,low_score,False,0,0,5,False,False,False,False,14,False,0.0
supp_p10,reference,182,low_score,False,0,0,5,False,False,False,False,9,False,0.0
supp_p10,reference,134,low_score,False,0,0,5,False,False,False,False,15,False,0.0
supp_p10,reference,105,low_score,False,0,0,5,False,False,False,False,10,False,0.0
supp_p10,reference,43,low_score,False,0,0,5,False,False,False,False,10,False,0.0
supp_p10,reference,139,low_score,False,0,0,5,False,False,False,False,14,False,0.0
supp_p10,reference,3,low_score,False,0,0,5,False,False,False,False,9,False,0.0
supp_p10,reference,62,low_score,False,0,0,5,False,False,False,False,9,False,0.0
supp_p10,reference,5,low_score,False,0,0,5,False,False,False,False,9,False,0.0
supp_p10,reference,66,low_score,False,0,0,5,False,False,False,False,7,False,0.0
supp_p10,reference,180,low_score,False,0,0,5,False,False,False,False,17,False,0.0
supp_p10,reference,30,low_score,False,0,0,5,False,False,False,False,6,False,0.0
supp_p10,reference,149,low_score,False,0,0,5,False,False,False,False,12,False,0.0
supp_p10,reference,110,low_score,False,0,0,5,False,False,False,False,9,False,0.0
supp_p10,reference,13,low_score,False,0,0,5,False,False,False,False,15,False,0.0
supp_p10,reference,7,low_score,False,0,0,5,False,False,False,False,15,False,0.0
supp_p10,reference,87,low_score,False,0,0,5,False,False,False,False,10,False,0.0
supp_p10,reference,150,low_score,False,0,0,5,False,False,False,False,15,False,0.0
supp_p10,reference,179,low_score,False,0,0,5,False,False,False,False,18,False,0.0
supp_p10,reference,181,low_score,False,0,0,5,False,False,False,False,11,False,0.0
supp_p10,reference,148,low_score,False,0,0,5,False,False,False,False,15,False,0.0
supp_p10,reference,162,low_score,False,0,0,5,False,False,False,False,20,False,0.0
supp_p10,reference,102,low_score,False,0,0,5,False,False,False,False,11,False,0.0
supp_p10,reference,56,low_score,False,0,0,5,False,False,False,False,5,False,0.0
supp_p10,reference,19,low_score,False,0,0,5,False,False,False,False,11,False,0.0
supp_p10,reference,112,low_score,False,0,0,5,False,False,False,False,11,False,0.0
supp_p10,reference,40,low_score,False,0,0,5,False,False,False,False,6,False,0.0
supp_p10,reference,22,low_score,False,0,0,5,False,False,False,False,16,False,0.0
supp_p10,reference,88,low_score,False,0,0,5,False,False,False,False,10,False,0.0
supp_p10,reference,167,low_score,False,0,0,5,False,False,False,False,12,False,0.0
supp_p10,reference,183,low_score,False,0,0,5,False,False,False,False,15,False,0.0
supp_p10,reference,24,low_score,False,0,0,5,False,False,False,False,9,False,0.0
supp_p10,reference,128,low_score,False,0,0,5,False,False,False,False,13,False,0.0
supp_p10,reference,120,low_score,False,0,0,5,False,False,False,False,10,False,0.0
supp_p10,reference,45,low_score,False,0,0,5,False,False,False,False,8,False,0.0
supp_p10,reference,86,low_score,False,0,0,5,False,False,False,False,17,False,0.0
supp_p10,reference,156,low_score,False,0,0,5,False,False,False,False,16,False,0.0
supp_p10,reference,98,low_score,False,0,0,5,False,False,False,False,11,False,0.0
supp_p10,reference,92,low_score,False,0,0,5,False,False,False,False,12,False,0.0
supp_p10,reference,95,low_score,False,0,0,5,False,False,False,False,14,False,0.0
supp_p10,reference,101,low_score,False,0,0,5,False,False,False,False,15,False,0.0
supp_p10,reference,47,low_score,False,0,0,5,False,False,False,False,8,False,0.0
supp_p10,reference,25,low_score,False,0,0,5,False,False,False,False,11,False,0.0
supp_p10,reference,121,low_score,False,0,0,5,False,False,False,False,12,False,0.0
supp_p10,reference,41,low_score,False,0,0,5,False,False,False,False,9,False,0.0
supp_p10,reference,99,low_score,False,0,0,5,False,False,False,False,8,False,0.0
supp_p10,reference,27,low_score,False,0,0,5,False,False,False,False,13,False,0.0
supp_p10,reference,140,low_score,False,0,0,5,False,False,False,False,17,False,0.0
supp_p10,reference,81,low_score,False,0,0,3,False,False,False,False,3,False,0.0
supp_p10,reference,144,low_score,False,0,0,5,False,False,False,False,8,False,0.0
supp_p10,reference,108,low_score,False,0,0,5,False,False,False,False,12,False,0.0
supp_p10,reference,85,low_score,False,0,0,5,False,False,False,False,6,False,0.0
supp_p10,reference,152,low_score,False,0,0,5,False,False,False,False,17,False,0.0
supp_p10,reference,15,low_score,False,0,0,5,False,False,False,False,11,False,0.0
supp_p10,reference,89,low_score,False,0,0,5,False,False,False,False,13,False,0.0
supp_p10,reference,116,low_score,False,0,0,5,False,False,False,False,10,False,0.0
supp_p10,reference,138,low_score,False,0,0,5,False,False,False,False,14,False,0.0
supp_p10,reference,154,low_score,False,0,0,5,False,False,False,False,8,False,0.0
supp_p10,reference,104,low_score,False,0,0,5,False,False,False,False,14,False,0.0
supp_p10,reference,131,low_score,False,0,0,5,False,False,False,False,18,False,0.0
supp_p10,reference,129,low_score,False,0,0,5,False,False,False,False,7,False,0.0
supp_p10,reference,96,low_score,False,0,0,5,False,False,False,False,10,False,0.0
supp_p10,reference,44,low_score,False,0,0,5,False,False,False,False,7,False,0.0
supp_p10,reference,46,low_score,False,0,0,5,False,False,False,False,12,False,0.0
supp_p10,complete_cohort,2,uncertainty,False,0,0,5,False,True,True,True,44,False,2.8636363636363638
supp_p10,complete_cohort,3,uncertainty,False,0,0,5,False,True,True,True,44,False,1.2272727272727273
supp_p10,complete_cohort,4,uncertainty,False,0,0,5,False,True,True,True,44,False,2.3636363636363638
supp_p10,complete_cohort,5,uncertainty,False,0,0,5,False,True,True,True,44,False,2.8636363636363638
supp_p10,complete_cohort,6,uncertainty,False,0,0,5,False,True,True,True,44,False,2.909090909090909
supp_p10,complete_cohort,7,uncertainty,False,0,0,5,False,True,True,True,44,False,1.2727272727272727
supp_p10,complete_cohort,9,uncertainty,False,0,0,5,False,True,True,True,44,False,2.8636363636363638
supp_p10,complete_cohort,11,uncertainty,False,0,0,5,False,True,True,True,44,False,1.3636363636363635
supp_p10,complete_cohort,12,uncertainty,False,0,0,5,False,True,True,True,44,False,2.8636363636363638
supp_p10,complete_cohort,13,uncertainty,False,0,0,5,False,True,True,True,44,False,2.5454545454545454
supp_p10,complete_cohort,14,uncertainty,False,0,0,5,False,True,True,True,44,False,1.1818181818181819
supp_p10,complete_cohort,15,uncertainty,False,0,0,5,False,True,True,True,44,False,2.5
supp_p10,complete_cohort,17,uncertainty,False,0,0,5,False,True,True,True,44,False,2.5454545454545454
supp_p10,complete_cohort,19,uncertainty,False,0,0,5,False,True,True,True,44,False,2.5454545454545454
supp_p10,complete_cohort,20,uncertainty,False,0,0,5,False,True,True,True,44,False,2.272727272727273
supp_p10,complete_cohort,21,uncertainty,False,0,0,5,False,True,True,True,44,False,2.4545454545454546
supp_p10,complete_cohort,22,uncertainty,False,0,0,5,False,True,True,True,44,False,1.0909090909090908
supp_p10,complete_cohort,23,uncertainty,False,0,0,5,False,True,True,True,44,False,1.8181818181818181
supp_p10,complete_cohort,24,uncertainty,False,0,0,5,False,True,True,True,44,False,2.8636363636363638
supp_p10,complete_cohort,25,uncertainty,False,0,0,5,False,True,True,True,44,False,1.6363636363636365
supp_p10,complete_cohort,27,uncertainty,False,0,0,5,False,True,True,True,44,False,2.772727272727273
supp_p10,complete_cohort,28,uncertainty,False,0,0,5,False,True,True,True,44,False,2.8636363636363638
supp_p10,complete_cohort,29,uncertainty,False,0,0,5,False,True,True,True,44,False,2.8636363636363638
supp_p10,complete_cohort,30,uncertainty,False,0,0,5,False,True,True,True,44,False,2.909090909090909
supp_p10,complete_cohort,31,uncertainty,False,0,0,5,False,True,True,True,44,False,2.8636363636363638
supp_p10,complete_cohort,39,uncertainty,False,0,0,5,False,True,True,True,44,False,2.5454545454545454
supp_p10,complete_cohort,40,uncertainty,False,0,0,5,False,True,True,True,44,False,2.5454545454545454
supp_p10,complete_cohort,41,uncertainty,False,0,0,5,False,True,True,True,44,False,2.8636363636363638
supp_p10,complete_cohort,42,uncertainty,False,0,0,5,False,True,True,True,44,False,2.8181818181818183
supp_p10,complete_cohort,43,uncertainty,False,0,0,5,False,True,True,True,44,False,2.8636363636363638
supp_p10,complete_cohort,44,uncertainty,False,0,0,5,False,True,True,True,44,False,2.909090909090909
supp_p10,complete_cohort,45,uncertainty,False,0,0,5,False,True,True,True,44,False,2.8636363636363638
supp_p10,complete_cohort,46,uncertainty,False,0,0,5,False,True,True,True,44,False,1.2272727272727273
supp_p10,complete_cohort,47,uncertainty,False,0,0,5,False,True,True,True,44,False,2.5454545454545454
supp_p10,complete_cohort,48,uncertainty,False,0,0,5,False,True,True,True,44,False,2.5454545454545454
supp_p10,complete_cohort,50,uncertainty,False,0,0,5,False,True,True,True,44,False,2.8636363636363638
supp_p10,complete_cohort,51,uncertainty,False,0,0,5,False,True,True,True,44,False,0.8636363636363636
supp_p10,complete_cohort,52,uncertainty,False,0,0,5,False,True,True,True,44,False,1.0
supp_p10,complete_cohort,53,uncertainty,False,0,0,5,False,True,True,True,44,False,1.3636363636363635
supp_p10,complete_cohort,54,uncertainty,False,0,0,5,False,True,True,True,44,False,2.909090909090909
supp_p10,complete_cohort,55,uncertainty,False,0,0,5,False,True,True,True,44,False,2.5454545454545454
supp_p10,complete_cohort,56,uncertainty,False,0,0,5,False,True,True,True,44,False,2.909090909090909
supp_p10,complete_cohort,58,uncertainty,False,0,0,5,False,True,True,True,44,False,2.8181818181818183
supp_p10,complete_cohort,59,uncertainty,False,0,0,5,False,True,True,True,44,False,2.909090909090909
supp_p10,complete_cohort,61,uncertainty,False,0,0,5,False,True,True,True,44,False,2.8636363636363638
supp_p10,complete_cohort,62,uncertainty,False,0,0,5,False,True,True,True,44,False,2.909090909090909
supp_p10,complete_cohort,63,uncertainty,False,0,0,5,False,True,True,True,44,False,2.8636363636363638
supp_p10,complete_cohort,64,uncertainty,False,0,0,5,False,True,True,True,44,False,2.909090909090909
supp_p10,complete_cohort,66,uncertainty,False,0,0,5,False,True,True,True,44,False,2.909090909090909
supp_p10,complete_cohort,67,uncertainty,False,0,0,5,False,True,True,True,44,False,2.8181818181818183
supp_p10,complete_cohort,68,uncertainty,False,0,0,5,False,True,True,True,44,False,2.8636363636363638
supp_p10,complete_cohort,70,uncertainty,False,0,0,5,False,True,True,True,44,False,2.409090909090909
supp_p10,complete_cohort,71,uncertainty,False,0,0,5,False,True,True,True,44,False,2.5454545454545454
supp_p10,complete_cohort,72,uncertainty,True,1,1,4,True,False,True,True,44,False,2.090909090909091
supp_p10,complete_cohort,73,uncertainty,False,0,0,5,False,True,True,True,44,False,2.4545454545454546
supp_p10,complete_cohort,74,uncertainty,False,0,0,5,False,True,True,True,44,False,2.409090909090909
supp_p10,complete_cohort,76,uncertainty,False,0,0,5,False,False,False,True,44,False,0.9090909090909091
supp_p10,complete_cohort,77,uncertainty,False,0,0,5,True,True,True,True,44,False,1.8636363636363635
supp_p10,complete_cohort,78,uncertainty,False,0,0,5,False,True,True,True,44,False,2.8181818181818183
supp_p10,complete_cohort,79,uncertainty,False,0,0,5,False,False,True,True,44,False,2.5454545454545454
supp_p10,complete_cohort,80,uncertainty,False,0,0,5,False,True,True,True,44,False,2.3636363636363638
supp_p10,complete_cohort,81,uncertainty,True,2,2,3,True,False,True,True,44,False,2.5454545454545454
supp_p10,complete_cohort,82,uncertainty,False,0,0,5,True,True,True,True,44,False,1.9545454545454546
supp_p10,complete_cohort,83,uncertainty,False,0,0,5,False,True,True,True,44,False,2.909090909090909
supp_p10,complete_cohort,84,uncertainty,False,0,0,5,False,False,True,True,44,False,2.5454545454545454
supp_p10,complete_cohort,85,uncertainty,False,0,0,5,False,True,True,True,44,False,2.909090909090909
supp_p10,complete_cohort,86,uncertainty,False,0,0,5,False,True,True,True,44,False,1.1363636363636365
supp_p10,complete_cohort,87,uncertainty,False,0,0,5,False,True,True,True,44,False,1.7272727272727273
supp_p10,complete_cohort,88,uncertainty,False,0,0,5,False,True,True,True,44,False,2.8636363636363638
supp_p10,complete_cohort,89,uncertainty,False,0,0,5,False,True,True,True,44,False,2.8636363636363638
supp_p10,complete_cohort,90,uncertainty,False,0,0,5,False,True,True,True,44,False,0.8181818181818182
supp_p10,complete_cohort,91,uncertainty,False,0,0,5,False,True,True,True,44,False,1.0454545454545454
supp_p10,complete_cohort,92,uncertainty,False,0,0,5,False,True,True,True,44,False,2.8636363636363638
supp_p10,complete_cohort,93,uncertainty,False,0,0,5,False,True,True,True,44,False,2.5454545454545454
supp_p10,complete_cohort,94,uncertainty,False,0,0,5,False,True,True,True,44,False,2.772727272727273
supp_p10,complete_cohort,95,uncertainty,False,0,0,5,False,True,True,True,44,False,2.8181818181818183
supp_p10,complete_cohort,96,uncertainty,False,0,0,5,False,True,True,True,44,False,2.8181818181818183
supp_p10,complete_cohort,97,uncertainty,False,0,0,5,False,True,True,True,44,False,2.8636363636363638
supp_p10,complete_cohort,98,uncertainty,False,0,0,5,False,True,True,True,44,False,2.909090909090909
supp_p10,complete_cohort,99,uncertainty,False,0,0,5,False,True,True,True,44,False,2.909090909090909
supp_p10,complete_cohort,100,uncertainty,False,0,0,5,False,True,True,True,44,False,2.1818181818181817
supp_p10,complete_cohort,101,uncertainty,False,0,0,5,False,True,True,True,44,False,2.772727272727273
supp_p10,complete_cohort,102,uncertainty,False,0,0,5,False,True,True,True,44,False,2.1818181818181817
supp_p10,complete_cohort,103,uncertainty,False,0,0,5,False,True,True,True,44,False,2.8636363636363638
supp_p10,complete_cohort,104,uncertainty,False,0,0,5,False,True,True,True,44,False,2.5
supp_p10,complete_cohort,105,uncertainty,False,0,0,5,False,True,True,True,44,False,2.5
supp_p10,complete_cohort,106,uncertainty,False,0,0,5,False,True,True,True,44,False,2.8181818181818183
supp_p10,complete_cohort,107,uncertainty,False,0,0,5,False,True,True,True,44,False,2.8636363636363638
supp_p10,complete_cohort,108,uncertainty,False,0,0,5,False,True,True,True,44,False,2.0454545454545454
supp_p10,complete_cohort,109,uncertainty,False,0,0,5,False,True,True,True,44,False,1.8181818181818181
supp_p10,complete_cohort,110,uncertainty,False,0,0,5,False,True,True,True,44,False,2.909090909090909
supp_p10,complete_cohort,111,uncertainty,False,0,0,5,False,True,True,True,44,False,2.5454545454545454
supp_p10,complete_cohort,112,uncertainty,False,0,0,5,False,True,True,True,44,False,2.1818181818181817
supp_p10,complete_cohort,113,uncertainty,False,0,0,5,False,True,True,True,44,False,2.8636363636363638
supp_p10,complete_cohort,114,uncertainty,False,0,0,5,False,True,True,True,44,False,2.772727272727273
supp_p10,complete_cohort,115,uncertainty,False,0,0,5,False,True,True,True,44,False,2.8636363636363638
supp_p10,complete_cohort,116,uncertainty,False,0,0,5,False,True,True,True,44,False,2.8636363636363638
supp_p10,complete_cohort,117,uncertainty,False,0,0,5,False,True,True,True,44,False,1.5909090909090908
supp_p10,complete_cohort,118,uncertainty,False,0,0,5,False,True,True,True,44,False,1.3636363636363635
supp_p10,complete_cohort,119,uncertainty,False,0,0,5,False,True,True,True,44,False,1.4545454545454546
supp_p10,complete_cohort,120,uncertainty,False,0,0,5,False,True,True,True,44,False,2.8636363636363638
supp_p10,complete_cohort,121,uncertainty,False,0,0,5,False,True,True,True,44,False,1.2727272727272727
supp_p10,complete_cohort,122,uncertainty,False,0,0,5,False,True,True,True,44,False,2.3636363636363638
supp_p10,complete_cohort,123,uncertainty,False,0,0,5,False,True,True,True,44,False,2.8636363636363638
supp_p10,complete_cohort,124,uncertainty,False,0,0,5,False,True,True,True,44,False,2.5454545454545454
supp_p10,complete_cohort,125,uncertainty,False,0,0,5,False,True,True,True,44,False,2.772727272727273
supp_p10,complete_cohort,126,uncertainty,False,0,0,5,False,True,True,True,44,False,2.5454545454545454
supp_p10,complete_cohort,127,uncertainty,False,0,0,5,False,True,True,True,44,False,1.0
supp_p10,complete_cohort,128,uncertainty,False,0,0,5,False,True,True,True,44,False,2.727272727272727
supp_p10,complete_cohort,129,uncertainty,False,0,0,5,False,True,True,True,44,False,2.909090909090909
supp_p10,complete_cohort,130,uncertainty,False,0,0,5,False,True,True,True,44,False,2.727272727272727
supp_p10,complete_cohort,131,uncertainty,False,0,0,5,False,True,True,True,44,False,2.5
supp_p10,complete_cohort,132,uncertainty,False,0,0,5,False,True,True,True,44,False,2.5454545454545454
supp_p10,complete_cohort,133,uncertainty,False,0,0,5,False,True,True,True,44,False,2.909090909090909
supp_p10,complete_cohort,134,uncertainty,False,0,0,5,False,True,True,True,44,False,2.590909090909091
supp_p10,complete_cohort,135,uncertainty,False,0,0,5,False,True,True,True,44,False,2.4545454545454546
supp_p10,complete_cohort,136,uncertainty,False,0,0,5,False,True,True,True,44,False,2.272727272727273
supp_p10,complete_cohort,137,uncertainty,False,0,0,5,False,True,True,True,44,False,2.590909090909091
supp_p10,complete_cohort,138,uncertainty,False,0,0,5,False,True,True,True,44,False,2.090909090909091
supp_p10,complete_cohort,139,uncertainty,False,0,0,5,False,True,True,True,44,False,2.727272727272727
supp_p10,complete_cohort,140,uncertainty,False,0,0,5,False,True,True,True,44,False,2.1363636363636362
supp_p10,complete_cohort,141,uncertainty,False,0,0,5,False,True,True,True,44,False,2.3636363636363638
supp_p10,complete_cohort,142,uncertainty,False,0,0,5,False,True,True,True,44,False,1.9545454545454546
supp_p10,complete_cohort,143,uncertainty,False,0,0,5,False,True,True,True,44,False,1.0
supp_p10,complete_cohort,144,uncertainty,False,0,0,5,False,True,True,True,44,False,2.8636363636363638
supp_p10,complete_cohort,147,uncertainty,False,0,0,5,False,True,True,True,44,False,0.8181818181818182
supp_p10,complete_cohort,148,uncertainty,False,0,0,5,False,True,True,True,44,False,2.6818181818181817
supp_p10,complete_cohort,149,uncertainty,False,0,0,5,False,True,True,True,44,False,2.1818181818181817
supp_p10,complete_cohort,150,uncertainty,False,0,0,5,False,True,True,True,44,False,2.590909090909091
supp_p10,complete_cohort,151,uncertainty,False,0,0,5,False,True,True,True,44,False,1.4545454545454546
supp_p10,complete_cohort,152,uncertainty,False,0,0,5,False,True,True,True,44,False,2.227272727272727
supp_p10,complete_cohort,153,uncertainty,False,0,0,5,False,True,True,True,44,False,2.5454545454545454
supp_p10,complete_cohort,154,uncertainty,False,0,0,5,False,True,True,True,44,False,2.5454545454545454
supp_p10,complete_cohort,155,uncertainty,False,0,0,5,False,True,True,True,44,False,2.8636363636363638
supp_p10,complete_cohort,156,uncertainty,False,0,0,5,False,True,True,True,44,False,2.3636363636363638
supp_p10,complete_cohort,157,uncertainty,False,0,0,5,False,True,True,True,44,False,2.090909090909091
supp_p10,complete_cohort,158,uncertainty,False,0,0,5,False,True,True,True,44,False,2.909090909090909
supp_p10,complete_cohort,159,uncertainty,False,0,0,5,False,True,True,True,44,False,2.772727272727273
supp_p10,complete_cohort,160,uncertainty,False,0,0,5,False,True,True,True,44,False,2.4545454545454546
supp_p10,complete_cohort,161,uncertainty,False,0,0,5,False,True,True,True,44,False,2.6363636363636362
supp_p10,complete_cohort,162,uncertainty,False,0,0,5,False,False,False,True,44,False,1.8181818181818181
supp_p10,complete_cohort,163,uncertainty,False,0,0,5,False,True,True,True,44,False,1.9090909090909092
supp_p10,complete_cohort,164,uncertainty,False,0,0,5,False,True,True,True,44,False,2.1818181818181817
supp_p10,complete_cohort,165,uncertainty,False,0,0,5,False,True,True,True,44,False,2.3181818181818183
supp_p10,complete_cohort,166,uncertainty,False,0,0,5,False,True,True,True,44,False,0.9545454545454546
supp_p10,complete_cohort,167,uncertainty,False,0,0,5,False,True,True,True,44,False,2.8636363636363638
supp_p10,complete_cohort,168,uncertainty,False,0,0,5,False,True,True,True,44,False,2.5454545454545454
supp_p10,complete_cohort,169,uncertainty,False,0,0,5,False,True,True,True,44,False,2.5454545454545454
supp_p10,complete_cohort,170,uncertainty,False,0,0,5,False,True,True,True,44,False,2.5454545454545454
supp_p10,complete_cohort,172,uncertainty,False,0,0,5,False,True,True,True,44,False,2.8636363636363638
supp_p10,complete_cohort,174,uncertainty,False,0,0,5,False,True,True,True,44,False,0.9090909090909091
supp_p10,complete_cohort,175,uncertainty,False,0,0,5,False,True,True,True,44,False,2.3636363636363638
supp_p10,complete_cohort,176,uncertainty,False,0,0,5,False,True,True,True,44,False,2.5454545454545454
supp_p10,complete_cohort,177,uncertainty,False,0,0,5,False,True,True,True,44,False,2.8636363636363638
supp_p10,complete_cohort,178,uncertainty,False,0,0,5,False,True,True,True,44,False,2.8636363636363638
supp_p10,complete_cohort,179,uncertainty,False,0,0,5,False,True,True,True,44,False,1.6363636363636365
supp_p10,complete_cohort,180,uncertainty,False,0,0,5,False,True,True,True,44,False,2.1363636363636362
supp_p10,complete_cohort,181,uncertainty,False,0,0,5,False,True,True,True,44,False,2.8636363636363638
supp_p10,complete_cohort,182,uncertainty,False,0,0,5,False,True,True,True,44,False,2.227272727272727
supp_p10,complete_cohort,183,uncertainty,False,0,0,5,False,True,True,True,44,False,2.090909090909091
supp_p10,complete_cohort,2,low_score,False,0,0,5,False,False,False,False,5,False,0.0
supp_p10,complete_cohort,3,low_score,False,0,0,5,False,False,False,False,9,False,0.0
supp_p10,complete_cohort,4,low_score,False,0,0,5,False,False,False,False,15,False,0.0
supp_p10,complete_cohort,5,low_score,False,0,0,5,False,False,False,False,9,False,0.0
supp_p10,complete_cohort,6,low_score,False,0,0,5,False,False,False,False,7,False,0.0
supp_p10,complete_cohort,7,low_score,False,0,0,5,False,False,False,False,15,False,0.0
supp_p10,complete_cohort,9,low_score,False,0,0,5,False,False,False,False,8,False,0.0
supp_p10,complete_cohort,11,low_score,False,0,0,5,False,False,False,False,12,False,0.0
supp_p10,complete_cohort,12,low_score,False,0,0,5,False,False,False,False,7,False,0.0
supp_p10,complete_cohort,13,low_score,False,0,0,5,False,False,False,False,15,False,0.0
supp_p10,complete_cohort,14,low_score,False,0,0,5,False,False,False,False,16,False,0.0
supp_p10,complete_cohort,15,low_score,False,0,0,5,False,False,False,False,11,False,0.0
supp_p10,complete_cohort,17,low_score,False,0,0,5,False,False,False,False,11,False,0.0
supp_p10,complete_cohort,19,low_score,False,0,0,5,False,False,False,False,11,False,0.0
supp_p10,complete_cohort,20,low_score,False,0,0,5,False,False,False,False,6,False,0.0
supp_p10,complete_cohort,21,low_score,False,0,0,5,False,False,False,False,15,False,0.0
supp_p10,complete_cohort,22,low_score,False,0,0,5,False,False,False,False,16,False,0.0
supp_p10,complete_cohort,23,low_score,False,0,0,5,False,False,False,False,12,False,0.0
supp_p10,complete_cohort,24,low_score,False,0,0,5,False,False,False,False,9,False,0.0
supp_p10,complete_cohort,25,low_score,False,0,0,5,False,False,False,False,11,False,0.0
supp_p10,complete_cohort,27,low_score,False,0,0,5,False,False,False,False,13,False,0.0
supp_p10,complete_cohort,28,low_score,False,0,0,5,False,False,False,False,10,False,0.0
supp_p10,complete_cohort,29,low_score,False,0,0,5,False,False,False,False,9,False,0.0
supp_p10,complete_cohort,30,low_score,False,0,0,5,False,False,False,False,6,False,0.0
supp_p10,complete_cohort,31,low_score,False,0,0,5,False,False,False,False,10,False,0.0
supp_p10,complete_cohort,39,low_score,False,0,0,5,False,False,False,False,8,False,0.0
supp_p10,complete_cohort,40,low_score,False,0,0,5,False,False,False,False,6,False,0.0
supp_p10,complete_cohort,41,low_score,False,0,0,5,False,False,False,False,9,False,0.0
supp_p10,complete_cohort,42,low_score,False,0,0,5,False,False,False,False,12,False,0.0
supp_p10,complete_cohort,43,low_score,False,0,0,5,False,False,False,False,10,False,0.0
supp_p10,complete_cohort,44,low_score,False,0,0,5,False,False,False,False,7,False,0.0
supp_p10,complete_cohort,45,low_score,False,0,0,5,False,False,False,False,8,False,0.0
supp_p10,complete_cohort,46,low_score,False,0,0,5,False,False,False,False,12,False,0.0
supp_p10,complete_cohort,47,low_score,False,0,0,5,False,False,False,False,8,False,0.0
supp_p10,complete_cohort,48,low_score,False,0,0,5,False,False,False,False,14,False,0.0
supp_p10,complete_cohort,50,low_score,False,0,0,5,False,False,False,False,7,False,0.0
supp_p10,complete_cohort,51,low_score,False,0,0,5,False,False,False,False,17,False,0.0
supp_p10,complete_cohort,52,low_score,False,0,0,5,False,False,False,False,15,False,0.0
supp_p10,complete_cohort,53,low_score,False,0,0,5,False,False,False,False,17,False,0.0
supp_p10,complete_cohort,54,low_score,False,0,0,5,False,False,False,False,8,False,0.0
supp_p10,complete_cohort,55,low_score,False,0,0,5,False,False,False,False,9,False,0.0
supp_p10,complete_cohort,56,low_score,False,0,0,5,False,False,False,False,5,False,0.0
supp_p10,complete_cohort,58,low_score,False,0,0,5,False,False,False,False,14,False,0.0
supp_p10,complete_cohort,59,low_score,False,0,0,5,False,False,False,False,6,False,0.0
supp_p10,complete_cohort,61,low_score,False,0,0,5,False,False,False,False,9,False,0.0
supp_p10,complete_cohort,62,low_score,False,0,0,5,False,False,False,False,9,False,0.0
supp_p10,complete_cohort,63,low_score,False,0,0,5,False,False,False,False,6,False,0.0
supp_p10,complete_cohort,64,low_score,False,0,0,5,False,False,False,False,5,False,0.0
supp_p10,complete_cohort,66,low_score,False,0,0,5,False,False,False,False,7,False,0.0
supp_p10,complete_cohort,67,low_score,False,0,0,5,False,False,False,False,14,False,0.0
supp_p10,complete_cohort,68,low_score,False,0,0,5,False,False,False,False,12,False,0.0
supp_p10,complete_cohort,70,low_score,False,0,0,5,False,False,False,False,16,False,0.0
supp_p10,complete_cohort,71,low_score,False,0,0,5,False,False,False,False,11,False,0.0
supp_p10,complete_cohort,72,low_score,False,0,0,4,False,False,False,False,4,False,0.0
supp_p10,complete_cohort,73,low_score,False,0,0,5,False,False,False,False,9,False,0.0
supp_p10,complete_cohort,74,low_score,False,0,0,5,False,False,False,False,15,False,0.0
supp_p10,complete_cohort,76,low_score,False,0,0,5,False,False,False,False,21,False,0.0
supp_p10,complete_cohort,77,low_score,False,0,0,5,False,False,False,False,12,False,0.0
supp_p10,complete_cohort,78,low_score,False,0,0,5,False,False,False,False,11,False,0.0
supp_p10,complete_cohort,79,low_score,False,0,0,5,False,False,False,False,5,False,0.0
supp_p10,complete_cohort,80,low_score,False,0,0,5,False,False,False,False,18,False,0.0
supp_p10,complete_cohort,81,low_score,False,0,0,3,False,False,False,False,3,False,0.0
supp_p10,complete_cohort,82,low_score,False,0,0,5,False,False,False,False,9,False,0.0
supp_p10,complete_cohort,83,low_score,False,0,0,5,False,False,False,False,5,False,0.0
supp_p10,complete_cohort,84,low_score,False,0,0,5,False,False,False,False,5,False,0.0
supp_p10,complete_cohort,85,low_score,False,0,0,5,False,False,False,False,6,False,0.0
supp_p10,complete_cohort,86,low_score,False,0,0,5,False,False,False,False,17,False,0.0
supp_p10,complete_cohort,87,low_score,False,0,0,5,False,False,False,False,10,False,0.0
supp_p10,complete_cohort,88,low_score,False,0,0,5,False,False,False,False,10,False,0.0
supp_p10,complete_cohort,89,low_score,False,0,0,5,False,False,False,False,13,False,0.0
supp_p10,complete_cohort,90,low_score,False,0,0,5,False,False,False,False,19,False,0.0
supp_p10,complete_cohort,91,low_score,False,0,0,5,False,False,False,False,19,False,0.0
supp_p10,complete_cohort,92,low_score,False,0,0,5,False,False,False,False,12,False,0.0
supp_p10,complete_cohort,93,low_score,False,0,0,5,False,False,False,False,9,False,0.0
supp_p10,complete_cohort,94,low_score,False,0,0,5,False,False,False,False,13,False,0.0
supp_p10,complete_cohort,95,low_score,False,0,0,5,False,False,False,False,14,False,0.0
supp_p10,complete_cohort,96,low_score,False,0,0,5,False,False,False,False,10,False,0.0
supp_p10,complete_cohort,97,low_score,False,0,0,5,False,False,False,False,9,False,0.0
supp_p10,complete_cohort,98,low_score,False,0,0,5,False,False,False,False,11,False,0.0
supp_p10,complete_cohort,99,low_score,False,0,0,5,False,False,False,False,8,False,0.0
supp_p10,complete_cohort,100,low_score,False,0,0,5,False,False,False,False,16,False,0.0
supp_p10,complete_cohort,101,low_score,False,0,0,5,False,False,False,False,15,False,0.0
supp_p10,complete_cohort,102,low_score,False,0,0,5,False,False,False,False,11,False,0.0
supp_p10,complete_cohort,103,low_score,False,0,0,5,False,False,False,False,11,False,0.0
supp_p10,complete_cohort,104,low_score,False,0,0,5,False,False,False,False,14,False,0.0
supp_p10,complete_cohort,105,low_score,False,0,0,5,False,False,False,False,10,False,0.0
supp_p10,complete_cohort,106,low_score,False,0,0,5,False,False,False,False,13,False,0.0
supp_p10,complete_cohort,107,low_score,False,0,0,5,False,False,False,False,12,False,0.0
supp_p10,complete_cohort,108,low_score,False,0,0,5,False,False,False,False,12,False,0.0
supp_p10,complete_cohort,109,low_score,False,0,0,5,False,False,False,False,11,False,0.0
supp_p10,complete_cohort,110,low_score,False,0,0,5,False,False,False,False,9,False,0.0
supp_p10,complete_cohort,111,low_score,False,0,0,5,False,False,False,False,9,False,0.0
supp_p10,complete_cohort,112,low_score,False,0,0,5,False,False,False,False,11,False,0.0
supp_p10,complete_cohort,113,low_score,False,0,0,5,False,False,False,False,11,False,0.0
supp_p10,complete_cohort,114,low_score,False,0,0,5,False,False,False,False,13,False,0.0
supp_p10,complete_cohort,115,low_score,False,0,0,5,False,False,False,False,10,False,0.0
supp_p10,complete_cohort,116,low_score,False,0,0,5,False,False,False,False,10,False,0.0
supp_p10,complete_cohort,117,low_score,False,0,0,5,False,False,False,False,11,False,0.0
supp_p10,complete_cohort,118,low_score,False,0,0,5,False,False,False,False,17,False,0.0
supp_p10,complete_cohort,119,low_score,False,0,0,5,False,False,False,False,9,False,0.0
supp_p10,complete_cohort,120,low_score,False,0,0,5,False,False,False,False,10,False,0.0
supp_p10,complete_cohort,121,low_score,False,0,0,5,False,False,False,False,12,False,0.0
supp_p10,complete_cohort,122,low_score,False,0,0,5,False,False,False,False,17,False,0.0
supp_p10,complete_cohort,123,low_score,False,0,0,5,False,False,False,False,11,False,0.0
supp_p10,complete_cohort,124,low_score,False,0,0,5,False,False,False,False,8,False,0.0
supp_p10,complete_cohort,125,low_score,False,0,0,5,False,False,False,False,13,False,0.0
supp_p10,complete_cohort,126,low_score,False,0,0,5,False,False,False,False,16,False,0.0
supp_p10,complete_cohort,127,low_score,False,0,0,5,False,False,False,False,15,False,0.0
supp_p10,complete_cohort,128,low_score,False,0,0,5,False,False,False,False,13,False,0.0
supp_p10,complete_cohort,129,low_score,False,0,0,5,False,False,False,False,7,False,0.0
supp_p10,complete_cohort,130,low_score,False,0,0,5,False,False,False,False,15,False,0.0
supp_p10,complete_cohort,131,low_score,False,0,0,5,False,False,False,False,18,False,0.0
supp_p10,complete_cohort,132,low_score,False,0,0,5,False,False,False,False,11,False,0.0
supp_p10,complete_cohort,133,low_score,False,0,0,5,False,False,False,False,5,False,0.0
supp_p10,complete_cohort,134,low_score,False,0,0,5,False,False,False,False,15,False,0.0
supp_p10,complete_cohort,135,low_score,False,0,0,5,False,False,False,False,13,False,0.0
supp_p10,complete_cohort,136,low_score,False,0,0,5,False,False,False,False,15,False,0.0
supp_p10,complete_cohort,137,low_score,False,0,0,5,False,False,False,False,15,False,0.0
supp_p10,complete_cohort,138,low_score,False,0,0,5,False,False,False,False,14,False,0.0
supp_p10,complete_cohort,139,low_score,False,0,0,5,False,False,False,False,14,False,0.0
supp_p10,complete_cohort,140,low_score,False,0,0,5,False,False,False,False,17,False,0.0
supp_p10,complete_cohort,141,low_score,False,0,0,5,False,False,False,False,16,False,0.0
supp_p10,complete_cohort,142,low_score,False,0,0,5,False,False,False,False,17,False,0.0
supp_p10,complete_cohort,143,low_score,False,0,0,5,False,False,False,False,17,False,0.0
supp_p10,complete_cohort,144,low_score,False,0,0,5,False,False,False,False,8,False,0.0
supp_p10,complete_cohort,147,low_score,False,0,0,5,False,False,False,False,14,False,0.0
supp_p10,complete_cohort,148,low_score,False,0,0,5,False,False,False,False,15,False,0.0
supp_p10,complete_cohort,149,low_score,False,0,0,5,False,False,False,False,12,False,0.0
supp_p10,complete_cohort,150,low_score,False,0,0,5,False,False,False,False,15,False,0.0
supp_p10,complete_cohort,151,low_score,False,0,0,5,False,False,False,False,16,False,0.0
supp_p10,complete_cohort,152,low_score,False,0,0,5,False,False,False,False,17,False,0.0
supp_p10,complete_cohort,153,low_score,False,0,0,5,False,False,False,False,14,False,0.0
supp_p10,complete_cohort,154,low_score,False,0,0,5,False,False,False,False,8,False,0.0
supp_p10,complete_cohort,155,low_score,False,0,0,5,False,False,False,False,10,False,0.0
supp_p10,complete_cohort,156,low_score,False,0,0,5,False,False,False,False,16,False,0.0
supp_p10,complete_cohort,157,low_score,False,0,0,5,False,False,False,False,9,False,0.0
supp_p10,complete_cohort,158,low_score,False,0,0,5,False,False,False,False,12,False,0.0
supp_p10,complete_cohort,159,low_score,False,0,0,5,False,False,False,False,13,False,0.0
supp_p10,complete_cohort,160,low_score,False,0,0,5,False,False,False,False,14,False,0.0
supp_p10,complete_cohort,161,low_score,False,0,0,5,False,False,False,False,15,False,0.0
supp_p10,complete_cohort,162,low_score,False,0,0,5,False,False,False,False,20,False,0.0
supp_p10,complete_cohort,163,low_score,False,0,0,5,False,False,False,False,18,False,0.0
supp_p10,complete_cohort,164,low_score,False,0,0,5,False,False,False,False,13,False,0.0
supp_p10,complete_cohort,165,low_score,False,0,0,5,False,False,False,False,16,False,0.0
supp_p10,complete_cohort,166,low_score,False,0,0,5,False,False,False,False,18,False,0.0
supp_p10,complete_cohort,167,low_score,False,0,0,5,False,False,False,False,12,False,0.0
supp_p10,complete_cohort,168,low_score,False,0,0,5,False,False,False,False,8,False,0.0
supp_p10,complete_cohort,169,low_score,False,0,0,5,False,False,False,False,13,False,0.0
supp_p10,complete_cohort,170,low_score,False,0,0,5,False,False,False,False,12,False,0.0
supp_p10,complete_cohort,172,low_score,False,0,0,5,False,False,False,False,12,False,0.0
supp_p10,complete_cohort,174,low_score,False,0,0,5,False,False,False,False,15,False,0.0
supp_p10,complete_cohort,175,low_score,False,0,0,5,False,False,False,False,14,False,0.0
supp_p10,complete_cohort,176,low_score,False,0,0,5,False,False,False,False,11,False,0.0
supp_p10,complete_cohort,177,low_score,False,0,0,5,False,False,False,False,12,False,0.0
supp_p10,complete_cohort,178,low_score,False,0,0,5,False,False,False,False,10,False,0.0
supp_p10,complete_cohort,179,low_score,False,0,0,5,False,False,False,False,18,False,0.0
supp_p10,complete_cohort,180,low_score,False,0,0,5,False,False,False,False,17,False,0.0
supp_p10,complete_cohort,181,low_score,False,0,0,5,False,False,False,False,11,False,0.0
supp_p10,complete_cohort,182,low_score,False,0,0,5,False,False,False,False,9,False,0.0
supp_p10,complete_cohort,183,low_score,False,0,0,5,False,False,False,False,15,False,0.0
supp_p20,demonstration,1,uncertainty,False,0,0,5,False,True,True,True,44,False,2.8636363636363638
supp_p20,demonstration,2,uncertainty,False,0,0,5,False,True,True,True,44,False,2.8636363636363638
supp_p20,demonstration,3,uncertainty,False,0,0,5,False,True,True,True,44,False,1.2727272727272727
supp_p20,demonstration,4,uncertainty,False,0,0,5,False,True,True,True,44,False,2.909090909090909
supp_p20,demonstration,5,uncertainty,False,0,0,5,False,True,True,True,44,False,2.8636363636363638
supp_p20,demonstration,6,uncertainty,False,0,0,5,False,True,True,True,44,False,1.7272727272727273
supp_p20,demonstration,7,uncertainty,False,0,0,5,False,True,True,True,44,False,1.1363636363636365
supp_p20,demonstration,8,uncertainty,False,0,0,5,False,True,True,True,44,False,0.8181818181818182
supp_p20,demonstration,9,uncertainty,False,0,0,5,False,True,True,True,44,False,2.909090909090909
supp_p20,demonstration,10,uncertainty,False,0,0,5,False,True,True,True,44,False,2.8636363636363638
supp_p20,demonstration,1,low_score,False,0,0,5,False,False,False,False,5,False,0.0
supp_p20,demonstration,2,low_score,False,0,0,5,False,False,False,False,9,False,0.0
supp_p20,demonstration,3,low_score,False,0,0,5,False,False,False,False,15,False,0.0
supp_p20,demonstration,4,low_score,False,0,0,5,False,False,False,False,7,False,0.0
supp_p20,demonstration,5,low_score,False,0,0,5,False,False,False,False,8,False,0.0
supp_p20,demonstration,6,low_score,False,0,0,5,False,False,False,False,10,False,0.0
supp_p20,demonstration,7,low_score,False,0,0,5,False,False,False,False,17,False,0.0
supp_p20,demonstration,8,low_score,False,0,0,5,False,False,False,False,19,False,0.0
supp_p20,demonstration,9,low_score,False,0,0,5,False,False,False,False,5,False,0.0
supp_p20,demonstration,10,low_score,False,0,0,5,False,False,False,False,12,False,0.0
supp_p20,reference,159,uncertainty,False,0,0,5,False,True,True,True,44,False,2.772727272727273
supp_p20,reference,42,uncertainty,False,0,0,5,False,True,True,True,44,False,2.8181818181818183
supp_p20,reference,64,uncertainty,False,0,0,5,False,True,True,True,44,False,2.909090909090909
supp_p20,reference,12,uncertainty,False,0,0,5,False,True,True,True,44,False,2.909090909090909
supp_p20,reference,160,uncertainty,False,0,0,5,False,True,True,True,44,False,2.4545454545454546
supp_p20,reference,155,uncertainty,False,0,0,5,False,True,True,True,44,False,2.8636363636363638
supp_p20,reference,11,uncertainty,False,0,0,5,False,True,True,True,44,False,1.3636363636363635
supp_p20,reference,124,uncertainty,False,0,0,5,False,True,True,True,44,False,2.5454545454545454
supp_p20,reference,169,uncertainty,False,0,0,5,False,True,True,True,44,False,2.5454545454545454
supp_p20,reference,106,uncertainty,False,0,0,5,False,True,True,True,44,False,2.8181818181818183
supp_p20,reference,157,uncertainty,False,0,0,5,False,True,True,True,44,False,2.090909090909091
supp_p20,reference,126,uncertainty,False,0,0,5,False,True,True,True,44,False,2.6363636363636362
supp_p20,reference,55,uncertainty,False,0,0,5,False,True,True,True,44,False,2.5454545454545454
supp_p20,reference,113,uncertainty,False,0,0,5,False,True,True,True,44,False,2.8636363636363638
supp_p20,reference,158,uncertainty,False,0,0,5,False,True,True,True,44,False,2.909090909090909
supp_p20,reference,165,uncertainty,False,0,0,5,False,True,True,True,44,False,2.3181818181818183
supp_p20,reference,178,uncertainty,False,0,0,5,False,True,True,True,44,False,2.8636363636363638
supp_p20,reference,133,uncertainty,False,0,0,5,False,True,True,True,44,False,2.909090909090909
supp_p20,reference,78,uncertainty,False,0,0,5,False,True,True,True,44,False,2.8181818181818183
supp_p20,reference,70,uncertainty,False,0,0,5,False,True,True,True,44,False,2.227272727272727
supp_p20,reference,176,uncertainty,False,0,0,5,False,True,True,True,44,False,2.5454545454545454
supp_p20,reference,17,uncertainty,False,0,0,5,False,True,True,True,44,False,2.5454545454545454
supp_p20,reference,136,uncertainty,False,0,0,5,False,True,True,True,44,False,2.3636363636363638
supp_p20,reference,76,uncertainty,False,0,0,5,False,False,False,True,44,False,0.9090909090909091
supp_p20,reference,82,uncertainty,False,0,0,5,True,True,True,True,44,False,1.9545454545454546
supp_p20,reference,114,uncertainty,False,0,0,5,False,True,True,True,44,False,2.6818181818181817
supp_p20,reference,168,uncertainty,False,0,0,5,False,True,True,True,44,False,2.5454545454545454
supp_p20,reference,28,uncertainty,False,0,0,5,False,True,True,True,44,False,2.8636363636363638
supp_p20,reference,39,uncertainty,False,0,0,5,False,True,True,True,44,False,2.5454545454545454
supp_p20,reference,50,uncertainty,False,0,0,5,False,True,True,True,44,False,2.8636363636363638
supp_p20,reference,61,uncertainty,False,0,0,5,False,True,True,True,44,False,2.8636363636363638
supp_p20,reference,100,uncertainty,False,0,0,5,False,True,True,True,44,False,2.1818181818181817
supp_p20,reference,130,uncertainty,False,0,0,5,False,True,True,True,44,False,2.727272727272727
supp_p20,reference,141,uncertainty,False,0,0,5,False,True,True,True,44,False,2.409090909090909
supp_p20,reference,53,uncertainty,False,0,0,5,False,True,True,True,44,False,1.3636363636363635
supp_p20,reference,73,uncertainty,False,0,0,5,False,True,True,True,44,False,2.5454545454545454
supp_p20,reference,9,uncertainty,False,0,0,5,False,True,True,True,44,False,2.8636363636363638
supp_p20,reference,6,uncertainty,False,0,0,5,False,True,True,True,44,False,2.909090909090909
supp_p20,reference,31,uncertainty,False,0,0,5,False,True,True,True,44,False,2.8636363636363638
supp_p20,reference,94,uncertainty,False,0,0,5,False,True,True,True,44,False,2.772727272727273
supp_p20,reference,58,uncertainty,False,0,0,5,False,True,True,True,44,False,2.772727272727273
supp_p20,reference,177,uncertainty,False,0,0,5,False,True,True,True,44,False,2.8636363636363638
supp_p20,reference,48,uncertainty,False,0,0,5,False,True,True,True,44,False,2.5454545454545454
supp_p20,reference,164,uncertainty,False,0,0,5,False,True,True,True,44,False,2.1818181818181817
supp_p20,reference,67,uncertainty,False,0,0,5,False,True,True,True,44,False,2.8181818181818183
supp_p20,reference,118,uncertainty,False,0,0,5,False,True,True,True,44,False,1.2727272727272727
supp_p20,reference,79,uncertainty,False,0,0,5,False,False,True,True,44,False,2.5454545454545454
supp_p20,reference,122,uncertainty,False,0,0,5,False,True,True,True,44,False,2.3636363636363638
supp_p20,reference,54,uncertainty,False,0,0,5,False,True,True,True,44,False,2.909090909090909
supp_p20,reference,151,uncertainty,False,0,0,5,False,True,True,True,44,False,1.4545454545454546
supp_p20,reference,103,uncertainty,False,0,0,5,False,True,True,True,44,False,2.909090909090909
supp_p20,reference,137,uncertainty,False,0,0,5,False,True,True,True,44,False,2.590909090909091
supp_p20,reference,132,uncertainty,False,0,0,5,False,True,True,True,44,False,2.5454545454545454
supp_p20,reference,143,uncertainty,False,0,0,5,False,True,True,True,44,False,1.0
supp_p20,reference,107,uncertainty,False,0,0,5,False,True,True,True,44,False,2.8636363636363638
supp_p20,reference,119,uncertainty,False,0,0,5,False,True,True,True,44,False,1.4545454545454546
supp_p20,reference,109,uncertainty,False,0,0,5,False,True,True,True,44,False,2.909090909090909
supp_p20,reference,84,uncertainty,False,0,0,5,False,False,True,True,44,False,2.5454545454545454
supp_p20,reference,135,uncertainty,False,0,0,5,False,True,True,True,44,False,2.4545454545454546
supp_p20,reference,125,uncertainty,False,0,0,5,False,True,True,True,44,False,2.727272727272727
supp_p20,reference,161,uncertainty,False,0,0,5,False,True,True,True,44,False,2.6363636363636362
supp_p20,reference,4,uncertainty,False,0,0,5,False,True,True,True,44,False,2.3181818181818183
supp_p20,reference,72,uncertainty,True,1,1,4,True,False,True,True,44,False,2.090909090909091
supp_p20,reference,68,uncertainty,False,0,0,5,False,True,True,True,44,False,2.8636363636363638
supp_p20,reference,175,uncertainty,False,0,0,5,False,True,True,True,44,False,2.3636363636363638
supp_p20,reference,182,uncertainty,False,0,0,5,False,True,True,True,44,False,2.227272727272727
supp_p20,reference,134,uncertainty,False,0,0,5,False,True,True,True,44,False,2.590909090909091
supp_p20,reference,105,uncertainty,False,0,0,5,False,True,True,True,44,False,2.5
supp_p20,reference,43,uncertainty,False,0,0,5,False,True,True,True,44,False,2.909090909090909
supp_p20,reference,139,uncertainty,False,0,0,5,False,True,True,True,44,False,2.727272727272727
supp_p20,reference,3,uncertainty,False,0,0,5,False,True,True,True,44,False,1.2272727272727273
supp_p20,reference,62,uncertainty,False,0,0,5,False,True,True,True,44,False,2.909090909090909
supp_p20,reference,5,uncertainty,False,0,0,5,False,True,True,True,44,False,2.8636363636363638
supp_p20,reference,66,uncertainty,False,0,0,5,False,True,True,True,44,False,2.909090909090909
supp_p20,reference,180,uncertainty,False,0,0,5,False,True,True,True,44,False,2.1363636363636362
supp_p20,reference,30,uncertainty,False,0,0,5,False,True,True,True,44,False,2.909090909090909
supp_p20,reference,149,uncertainty,False,0,0,5,False,True,True,True,44,False,2.1818181818181817
supp_p20,reference,110,uncertainty,False,0,0,5,False,True,True,True,44,False,2.909090909090909
supp_p20,reference,13,uncertainty,False,0,0,5,False,True,True,True,44,False,2.5454545454545454
supp_p20,reference,7,uncertainty,False,0,0,5,False,True,True,True,44,False,1.2727272727272727
supp_p20,reference,87,uncertainty,False,0,0,5,False,True,True,True,44,False,1.7272727272727273
supp_p20,reference,150,uncertainty,False,0,0,5,False,True,True,True,44,False,2.590909090909091
supp_p20,reference,179,uncertainty,False,0,0,5,False,True,True,True,44,False,1.6363636363636365
supp_p20,reference,181,uncertainty,False,0,0,5,False,True,True,True,44,False,2.8636363636363638
supp_p20,reference,148,uncertainty,False,0,0,5,False,True,True,True,44,False,2.6818181818181817
supp_p20,reference,162,uncertainty,False,0,0,5,False,False,False,True,44,False,1.8181818181818181
supp_p20,reference,102,uncertainty,False,0,0,5,False,True,True,True,44,False,2.227272727272727
supp_p20,reference,56,uncertainty,False,0,0,5,False,True,True,True,44,False,2.909090909090909
supp_p20,reference,19,uncertainty,False,0,0,5,False,True,True,True,44,False,2.5454545454545454
supp_p20,reference,112,uncertainty,False,0,0,5,False,True,True,True,44,False,2.1818181818181817
supp_p20,reference,40,uncertainty,False,0,0,5,False,True,True,True,44,False,2.0
supp_p20,reference,22,uncertainty,False,0,0,5,False,True,True,True,44,False,1.0909090909090908
supp_p20,reference,88,uncertainty,False,0,0,5,False,True,True,True,44,False,2.8636363636363638
supp_p20,reference,167,uncertainty,False,0,0,5,False,True,True,True,44,False,2.8636363636363638
supp_p20,reference,183,uncertainty,False,0,0,5,False,True,True,True,44,False,2.090909090909091
supp_p20,reference,24,uncertainty,False,0,0,5,False,True,True,True,44,False,2.8636363636363638
supp_p20,reference,128,uncertainty,False,0,0,5,False,True,True,True,44,False,2.727272727272727
supp_p20,reference,120,uncertainty,False,0,0,5,False,True,True,True,44,False,2.909090909090909
supp_p20,reference,45,uncertainty,False,0,0,5,False,True,True,True,44,False,2.8636363636363638
supp_p20,reference,86,uncertainty,False,0,0,5,False,True,True,True,44,False,1.1363636363636365
supp_p20,reference,156,uncertainty,False,0,0,5,False,True,True,True,44,False,2.3636363636363638
supp_p20,reference,98,uncertainty,False,0,0,5,False,True,True,True,44,False,2.909090909090909
supp_p20,reference,92,uncertainty,False,0,0,5,False,True,True,True,44,False,2.8636363636363638
supp_p20,reference,95,uncertainty,False,0,0,5,False,True,True,True,44,False,2.8181818181818183
supp_p20,reference,101,uncertainty,False,0,0,5,False,True,True,True,44,False,2.772727272727273
supp_p20,reference,47,uncertainty,False,0,0,5,False,True,True,True,44,False,2.5454545454545454
supp_p20,reference,25,uncertainty,False,0,0,5,False,True,True,True,44,False,2.5454545454545454
supp_p20,reference,121,uncertainty,False,0,0,5,False,True,True,True,44,False,2.5454545454545454
supp_p20,reference,41,uncertainty,False,0,0,5,False,True,True,True,44,False,2.8636363636363638
supp_p20,reference,99,uncertainty,False,0,0,5,False,True,True,True,44,False,2.909090909090909
supp_p20,reference,27,uncertainty,False,0,0,5,False,True,True,True,44,False,2.772727272727273
supp_p20,reference,140,uncertainty,False,0,0,5,False,True,True,True,44,False,2.1363636363636362
supp_p20,reference,81,uncertainty,True,2,2,3,True,False,True,True,44,False,2.5454545454545454
supp_p20,reference,144,uncertainty,False,0,0,5,False,True,True,True,44,False,2.8636363636363638
supp_p20,reference,108,uncertainty,False,0,0,5,False,True,True,True,44,False,1.9545454545454546
supp_p20,reference,85,uncertainty,False,0,0,5,False,True,True,True,44,False,2.909090909090909
supp_p20,reference,152,uncertainty,False,0,0,5,False,True,True,True,44,False,2.227272727272727
supp_p20,reference,15,uncertainty,False,0,0,5,False,True,True,True,44,False,2.5
supp_p20,reference,89,uncertainty,False,0,0,5,False,True,True,True,44,False,2.8636363636363638
supp_p20,reference,116,uncertainty,False,0,0,5,False,True,True,True,44,False,2.8636363636363638
supp_p20,reference,138,uncertainty,False,0,0,5,False,True,True,True,44,False,2.090909090909091
supp_p20,reference,154,uncertainty,False,0,0,5,False,True,True,True,44,False,2.5454545454545454
supp_p20,reference,104,uncertainty,False,0,0,5,False,True,True,True,44,False,2.5
supp_p20,reference,131,uncertainty,False,0,0,5,False,True,True,True,44,False,2.5
supp_p20,reference,129,uncertainty,False,0,0,5,False,True,True,True,44,False,2.8636363636363638
supp_p20,reference,96,uncertainty,False,0,0,5,False,True,True,True,44,False,2.8181818181818183
supp_p20,reference,44,uncertainty,False,0,0,5,False,True,True,True,44,False,2.909090909090909
supp_p20,reference,46,uncertainty,False,0,0,5,False,True,True,True,44,False,1.2272727272727273
supp_p20,reference,159,low_score,False,0,0,5,False,False,False,False,13,False,0.0
supp_p20,reference,42,low_score,False,0,0,5,False,False,False,False,12,False,0.0
supp_p20,reference,64,low_score,False,0,0,5,False,False,False,False,5,False,0.0
supp_p20,reference,12,low_score,False,0,0,5,False,False,False,False,7,False,0.0
supp_p20,reference,160,low_score,False,0,0,5,False,False,False,False,14,False,0.0
supp_p20,reference,155,low_score,False,0,0,5,False,False,False,False,10,False,0.0
supp_p20,reference,11,low_score,False,0,0,5,False,False,False,False,12,False,0.0
supp_p20,reference,124,low_score,False,0,0,5,False,False,False,False,8,False,0.0
supp_p20,reference,169,low_score,False,0,0,5,False,False,False,False,13,False,0.0
supp_p20,reference,106,low_score,False,0,0,5,False,False,False,False,13,False,0.0
supp_p20,reference,157,low_score,False,0,0,5,False,False,False,False,9,False,0.0
supp_p20,reference,126,low_score,False,0,0,5,False,False,False,False,16,False,0.0
supp_p20,reference,55,low_score,False,0,0,5,False,False,False,False,9,False,0.0
supp_p20,reference,113,low_score,False,0,0,5,False,False,False,False,11,False,0.0
supp_p20,reference,158,low_score,False,0,0,5,False,False,False,False,12,False,0.0
supp_p20,reference,165,low_score,False,0,0,5,False,False,False,False,16,False,0.0
supp_p20,reference,178,low_score,False,0,0,5,False,False,False,False,10,False,0.0
supp_p20,reference,133,low_score,False,0,0,5,False,False,False,False,5,False,0.0
supp_p20,reference,78,low_score,False,0,0,5,False,False,False,False,11,False,0.0
supp_p20,reference,70,low_score,False,0,0,5,False,False,False,False,16,False,0.0
supp_p20,reference,176,low_score,False,0,0,5,False,False,False,False,11,False,0.0
supp_p20,reference,17,low_score,False,0,0,5,False,False,False,False,11,False,0.0
supp_p20,reference,136,low_score,False,0,0,5,False,False,False,False,15,False,0.0
supp_p20,reference,76,low_score,False,0,0,5,False,False,False,False,21,False,0.0
supp_p20,reference,82,low_score,False,0,0,5,False,False,False,False,9,False,0.0
supp_p20,reference,114,low_score,False,0,0,5,False,False,False,False,13,False,0.0
supp_p20,reference,168,low_score,False,0,0,5,False,False,False,False,8,False,0.0
supp_p20,reference,28,low_score,False,0,0,5,False,False,False,False,10,False,0.0
supp_p20,reference,39,low_score,False,0,0,5,False,False,False,False,8,False,0.0
supp_p20,reference,50,low_score,False,0,0,5,False,False,False,False,7,False,0.0
supp_p20,reference,61,low_score,False,0,0,5,False,False,False,False,9,False,0.0
supp_p20,reference,100,low_score,False,0,0,5,False,False,False,False,16,False,0.0
supp_p20,reference,130,low_score,False,0,0,5,False,False,False,False,15,False,0.0
supp_p20,reference,141,low_score,False,0,0,5,False,False,False,False,16,False,0.0
supp_p20,reference,53,low_score,False,0,0,5,False,False,False,False,17,False,0.0
supp_p20,reference,73,low_score,False,0,0,5,False,False,False,False,9,False,0.0
supp_p20,reference,9,low_score,False,0,0,5,False,False,False,False,8,False,0.0
supp_p20,reference,6,low_score,False,0,0,5,False,False,False,False,7,False,0.0
supp_p20,reference,31,low_score,False,0,0,5,False,False,False,False,10,False,0.0
supp_p20,reference,94,low_score,False,0,0,5,False,False,False,False,13,False,0.0
supp_p20,reference,58,low_score,False,0,0,5,False,False,False,False,14,False,0.0
supp_p20,reference,177,low_score,False,0,0,5,False,False,False,False,12,False,0.0
supp_p20,reference,48,low_score,False,0,0,5,False,False,False,False,14,False,0.0
supp_p20,reference,164,low_score,False,0,0,5,False,False,False,False,13,False,0.0
supp_p20,reference,67,low_score,False,0,0,5,False,False,False,False,14,False,0.0
supp_p20,reference,118,low_score,False,0,0,5,False,False,False,False,17,False,0.0
supp_p20,reference,79,low_score,False,0,0,5,False,False,False,False,5,False,0.0
supp_p20,reference,122,low_score,False,0,0,5,False,False,False,False,17,False,0.0
supp_p20,reference,54,low_score,False,0,0,5,False,False,False,False,8,False,0.0
supp_p20,reference,151,low_score,False,0,0,5,False,False,False,False,16,False,0.0
supp_p20,reference,103,low_score,False,0,0,5,False,False,False,False,11,False,0.0
supp_p20,reference,137,low_score,False,0,0,5,False,False,False,False,15,False,0.0
supp_p20,reference,132,low_score,False,0,0,5,False,False,False,False,11,False,0.0
supp_p20,reference,143,low_score,False,0,0,5,False,False,False,False,17,False,0.0
supp_p20,reference,107,low_score,False,0,0,5,False,False,False,False,12,False,0.0
supp_p20,reference,119,low_score,False,0,0,5,False,False,False,False,9,False,0.0
supp_p20,reference,109,low_score,False,0,0,5,False,False,False,False,11,False,0.0
supp_p20,reference,84,low_score,False,0,0,5,False,False,False,False,5,False,0.0
supp_p20,reference,135,low_score,False,0,0,5,False,False,False,False,13,False,0.0
supp_p20,reference,125,low_score,False,0,0,5,False,False,False,False,13,False,0.0
supp_p20,reference,161,low_score,False,0,0,5,False,False,False,False,15,False,0.0
supp_p20,reference,4,low_score,False,0,0,5,False,False,False,False,15,False,0.0
supp_p20,reference,72,low_score,False,0,0,4,False,False,False,False,4,False,0.0
supp_p20,reference,68,low_score,False,0,0,5,False,False,False,False,12,False,0.0
supp_p20,reference,175,low_score,False,0,0,5,False,False,False,False,14,False,0.0
supp_p20,reference,182,low_score,False,0,0,5,False,False,False,False,9,False,0.0
supp_p20,reference,134,low_score,False,0,0,5,False,False,False,False,15,False,0.0
supp_p20,reference,105,low_score,False,0,0,5,False,False,False,False,10,False,0.0
supp_p20,reference,43,low_score,False,0,0,5,False,False,False,False,10,False,0.0
supp_p20,reference,139,low_score,False,0,0,5,False,False,False,False,14,False,0.0
supp_p20,reference,3,low_score,False,0,0,5,False,False,False,False,9,False,0.0
supp_p20,reference,62,low_score,False,0,0,5,False,False,False,False,9,False,0.0
supp_p20,reference,5,low_score,False,0,0,5,False,False,False,False,9,False,0.0
supp_p20,reference,66,low_score,False,0,0,5,False,False,False,False,7,False,0.0
supp_p20,reference,180,low_score,False,0,0,5,False,False,False,False,17,False,0.0
supp_p20,reference,30,low_score,False,0,0,5,False,False,False,False,6,False,0.0
supp_p20,reference,149,low_score,False,0,0,5,False,False,False,False,12,False,0.0
supp_p20,reference,110,low_score,False,0,0,5,False,False,False,False,9,False,0.0
supp_p20,reference,13,low_score,False,0,0,5,False,False,False,False,15,False,0.0
supp_p20,reference,7,low_score,False,0,0,5,False,False,False,False,15,False,0.0
supp_p20,reference,87,low_score,False,0,0,5,False,False,False,False,10,False,0.0
supp_p20,reference,150,low_score,False,0,0,5,False,False,False,False,15,False,0.0
supp_p20,reference,179,low_score,False,0,0,5,False,False,False,False,18,False,0.0
supp_p20,reference,181,low_score,False,0,0,5,False,False,False,False,11,False,0.0
supp_p20,reference,148,low_score,False,0,0,5,False,False,False,False,15,False,0.0
supp_p20,reference,162,low_score,False,0,0,5,False,False,False,False,20,False,0.0
supp_p20,reference,102,low_score,False,0,0,5,False,False,False,False,11,False,0.0
supp_p20,reference,56,low_score,False,0,0,5,False,False,False,False,5,False,0.0
supp_p20,reference,19,low_score,False,0,0,5,False,False,False,False,11,False,0.0
supp_p20,reference,112,low_score,False,0,0,5,False,False,False,False,11,False,0.0
supp_p20,reference,40,low_score,False,0,0,5,False,False,False,False,6,False,0.0
supp_p20,reference,22,low_score,False,0,0,5,False,False,False,False,16,False,0.0
supp_p20,reference,88,low_score,False,0,0,5,False,False,False,False,10,False,0.0
supp_p20,reference,167,low_score,False,0,0,5,False,False,False,False,12,False,0.0
supp_p20,reference,183,low_score,False,0,0,5,False,False,False,False,15,False,0.0
supp_p20,reference,24,low_score,False,0,0,5,False,False,False,False,9,False,0.0
supp_p20,reference,128,low_score,False,0,0,5,False,False,False,False,13,False,0.0
supp_p20,reference,120,low_score,False,0,0,5,False,False,False,False,10,False,0.0
supp_p20,reference,45,low_score,False,0,0,5,False,False,False,False,8,False,0.0
supp_p20,reference,86,low_score,False,0,0,5,False,False,False,False,17,False,0.0
supp_p20,reference,156,low_score,False,0,0,5,False,False,False,False,16,False,0.0
supp_p20,reference,98,low_score,False,0,0,5,False,False,False,False,11,False,0.0
supp_p20,reference,92,low_score,False,0,0,5,False,False,False,False,12,False,0.0
supp_p20,reference,95,low_score,False,0,0,5,False,False,False,False,14,False,0.0
supp_p20,reference,101,low_score,False,0,0,5,False,False,False,False,15,False,0.0
supp_p20,reference,47,low_score,False,0,0,5,False,False,False,False,8,False,0.0
supp_p20,reference,25,low_score,False,0,0,5,False,False,False,False,11,False,0.0
supp_p20,reference,121,low_score,False,0,0,5,False,False,False,False,12,False,0.0
supp_p20,reference,41,low_score,False,0,0,5,False,False,False,False,9,False,0.0
supp_p20,reference,99,low_score,False,0,0,5,False,False,False,False,8,False,0.0
supp_p20,reference,27,low_score,False,0,0,5,False,False,False,False,13,False,0.0
supp_p20,reference,140,low_score,False,0,0,5,False,False,False,False,17,False,0.0
supp_p20,reference,81,low_score,False,0,0,3,False,False,False,False,3,False,0.0
supp_p20,reference,144,low_score,False,0,0,5,False,False,False,False,8,False,0.0
supp_p20,reference,108,low_score,False,0,0,5,False,False,False,False,12,False,0.0
supp_p20,reference,85,low_score,False,0,0,5,False,False,False,False,6,False,0.0
supp_p20,reference,152,low_score,False,0,0,5,False,False,False,False,17,False,0.0
supp_p20,reference,15,low_score,False,0,0,5,False,False,False,False,11,False,0.0
supp_p20,reference,89,low_score,False,0,0,5,False,False,False,False,13,False,0.0
supp_p20,reference,116,low_score,False,0,0,5,False,False,False,False,10,False,0.0
supp_p20,reference,138,low_score,False,0,0,5,False,False,False,False,14,False,0.0
supp_p20,reference,154,low_score,False,0,0,5,False,False,False,False,8,False,0.0
supp_p20,reference,104,low_score,False,0,0,5,False,False,False,False,14,False,0.0
supp_p20,reference,131,low_score,False,0,0,5,False,False,False,False,18,False,0.0
supp_p20,reference,129,low_score,False,0,0,5,False,False,False,False,7,False,0.0
supp_p20,reference,96,low_score,False,0,0,5,False,False,False,False,10,False,0.0
supp_p20,reference,44,low_score,False,0,0,5,False,False,False,False,7,False,0.0
supp_p20,reference,46,low_score,False,0,0,5,False,False,False,False,12,False,0.0
supp_p20,complete_cohort,2,uncertainty,False,0,0,5,False,True,True,True,44,False,2.8636363636363638
supp_p20,complete_cohort,3,uncertainty,False,0,0,5,False,True,True,True,44,False,1.2272727272727273
supp_p20,complete_cohort,4,uncertainty,False,0,0,5,False,True,True,True,44,False,2.3181818181818183
supp_p20,complete_cohort,5,uncertainty,False,0,0,5,False,True,True,True,44,False,2.8636363636363638
supp_p20,complete_cohort,6,uncertainty,False,0,0,5,False,True,True,True,44,False,2.909090909090909
supp_p20,complete_cohort,7,uncertainty,False,0,0,5,False,True,True,True,44,False,1.2727272727272727
supp_p20,complete_cohort,9,uncertainty,False,0,0,5,False,True,True,True,44,False,2.8636363636363638
supp_p20,complete_cohort,11,uncertainty,False,0,0,5,False,True,True,True,44,False,1.3636363636363635
supp_p20,complete_cohort,12,uncertainty,False,0,0,5,False,True,True,True,44,False,2.909090909090909
supp_p20,complete_cohort,13,uncertainty,False,0,0,5,False,True,True,True,44,False,2.5454545454545454
supp_p20,complete_cohort,14,uncertainty,False,0,0,5,False,True,True,True,44,False,1.1818181818181819
supp_p20,complete_cohort,15,uncertainty,False,0,0,5,False,True,True,True,44,False,2.5
supp_p20,complete_cohort,17,uncertainty,False,0,0,5,False,True,True,True,44,False,2.5454545454545454
supp_p20,complete_cohort,19,uncertainty,False,0,0,5,False,True,True,True,44,False,2.5454545454545454
supp_p20,complete_cohort,20,uncertainty,False,0,0,5,False,True,True,True,44,False,2.272727272727273
supp_p20,complete_cohort,21,uncertainty,False,0,0,5,False,True,True,True,44,False,2.4545454545454546
supp_p20,complete_cohort,22,uncertainty,False,0,0,5,False,True,True,True,44,False,1.0909090909090908
supp_p20,complete_cohort,23,uncertainty,False,0,0,5,False,True,True,True,44,False,1.8181818181818181
supp_p20,complete_cohort,24,uncertainty,False,0,0,5,False,True,True,True,44,False,2.8636363636363638
supp_p20,complete_cohort,25,uncertainty,False,0,0,5,False,True,True,True,44,False,2.5454545454545454
supp_p20,complete_cohort,27,uncertainty,False,0,0,5,False,True,True,True,44,False,2.772727272727273
supp_p20,complete_cohort,28,uncertainty,False,0,0,5,False,True,True,True,44,False,2.8636363636363638
supp_p20,complete_cohort,29,uncertainty,False,0,0,5,False,True,True,True,44,False,2.8636363636363638
supp_p20,complete_cohort,30,uncertainty,False,0,0,5,False,True,True,True,44,False,2.909090909090909
supp_p20,complete_cohort,31,uncertainty,False,0,0,5,False,True,True,True,44,False,2.8636363636363638
supp_p20,complete_cohort,39,uncertainty,False,0,0,5,False,True,True,True,44,False,2.5454545454545454
supp_p20,complete_cohort,40,uncertainty,False,0,0,5,False,True,True,True,44,False,2.0
supp_p20,complete_cohort,41,uncertainty,False,0,0,5,False,True,True,True,44,False,2.8636363636363638
supp_p20,complete_cohort,42,uncertainty,False,0,0,5,False,True,True,True,44,False,2.8181818181818183
supp_p20,complete_cohort,43,uncertainty,False,0,0,5,False,True,True,True,44,False,2.909090909090909
supp_p20,complete_cohort,44,uncertainty,False,0,0,5,False,True,True,True,44,False,2.909090909090909
supp_p20,complete_cohort,45,uncertainty,False,0,0,5,False,True,True,True,44,False,2.8636363636363638
supp_p20,complete_cohort,46,uncertainty,False,0,0,5,False,True,True,True,44,False,1.2272727272727273
supp_p20,complete_cohort,47,uncertainty,False,0,0,5,False,True,True,True,44,False,2.5454545454545454
supp_p20,complete_cohort,48,uncertainty,False,0,0,5,False,True,True,True,44,False,2.5454545454545454
supp_p20,complete_cohort,50,uncertainty,False,0,0,5,False,True,True,True,44,False,2.8636363636363638
supp_p20,complete_cohort,51,uncertainty,False,0,0,5,False,True,True,True,44,False,0.8636363636363636
supp_p20,complete_cohort,52,uncertainty,False,0,0,5,False,True,True,True,44,False,1.1818181818181819
supp_p20,complete_cohort,53,uncertainty,False,0,0,5,False,True,True,True,44,False,1.3636363636363635
supp_p20,complete_cohort,54,uncertainty,False,0,0,5,False,True,True,True,44,False,2.909090909090909
supp_p20,complete_cohort,55,uncertainty,False,0,0,5,False,True,True,True,44,False,2.5454545454545454
supp_p20,complete_cohort,56,uncertainty,False,0,0,5,False,True,True,True,44,False,2.909090909090909
supp_p20,complete_cohort,58,uncertainty,False,0,0,5,False,True,True,True,44,False,2.772727272727273
supp_p20,complete_cohort,59,uncertainty,False,0,0,5,False,True,True,True,44,False,2.909090909090909
supp_p20,complete_cohort,61,uncertainty,False,0,0,5,False,True,True,True,44,False,2.8636363636363638
supp_p20,complete_cohort,62,uncertainty,False,0,0,5,False,True,True,True,44,False,2.909090909090909
supp_p20,complete_cohort,63,uncertainty,False,0,0,5,False,True,True,True,44,False,2.909090909090909
supp_p20,complete_cohort,64,uncertainty,False,0,0,5,False,True,True,True,44,False,2.909090909090909
supp_p20,complete_cohort,66,uncertainty,False,0,0,5,False,True,True,True,44,False,2.909090909090909
supp_p20,complete_cohort,67,uncertainty,False,0,0,5,False,True,True,True,44,False,2.8181818181818183
supp_p20,complete_cohort,68,uncertainty,False,0,0,5,False,True,True,True,44,False,2.8636363636363638
supp_p20,complete_cohort,70,uncertainty,False,0,0,5,False,True,True,True,44,False,2.227272727272727
supp_p20,complete_cohort,71,uncertainty,False,0,0,5,False,True,True,True,44,False,2.5454545454545454
supp_p20,complete_cohort,72,uncertainty,True,1,1,4,True,False,True,True,44,False,2.090909090909091
supp_p20,complete_cohort,73,uncertainty,False,0,0,5,False,True,True,True,44,False,2.5454545454545454
supp_p20,complete_cohort,74,uncertainty,False,0,0,5,False,True,True,True,44,False,2.409090909090909
supp_p20,complete_cohort,76,uncertainty,False,0,0,5,False,False,False,True,44,False,0.9090909090909091
supp_p20,complete_cohort,77,uncertainty,False,0,0,5,True,True,True,True,44,False,1.8636363636363635
supp_p20,complete_cohort,78,uncertainty,False,0,0,5,False,True,True,True,44,False,2.8181818181818183
supp_p20,complete_cohort,79,uncertainty,False,0,0,5,False,False,True,True,44,False,2.5454545454545454
supp_p20,complete_cohort,80,uncertainty,False,0,0,5,False,True,True,True,44,False,2.3636363636363638
supp_p20,complete_cohort,81,uncertainty,True,2,2,3,True,False,True,True,44,False,2.5454545454545454
supp_p20,complete_cohort,82,uncertainty,False,0,0,5,True,True,True,True,44,False,1.9545454545454546
supp_p20,complete_cohort,83,uncertainty,False,0,0,5,False,True,True,True,44,False,2.909090909090909
supp_p20,complete_cohort,84,uncertainty,False,0,0,5,False,False,True,True,44,False,2.5454545454545454
supp_p20,complete_cohort,85,uncertainty,False,0,0,5,False,True,True,True,44,False,2.909090909090909
supp_p20,complete_cohort,86,uncertainty,False,0,0,5,False,True,True,True,44,False,1.1363636363636365
supp_p20,complete_cohort,87,uncertainty,False,0,0,5,False,True,True,True,44,False,1.7272727272727273
supp_p20,complete_cohort,88,uncertainty,False,0,0,5,False,True,True,True,44,False,2.8636363636363638
supp_p20,complete_cohort,89,uncertainty,False,0,0,5,False,True,True,True,44,False,2.8636363636363638
supp_p20,complete_cohort,90,uncertainty,False,0,0,5,False,True,True,True,44,False,0.8181818181818182
supp_p20,complete_cohort,91,uncertainty,False,0,0,5,False,True,True,True,44,False,1.0454545454545454
supp_p20,complete_cohort,92,uncertainty,False,0,0,5,False,True,True,True,44,False,2.8636363636363638
supp_p20,complete_cohort,93,uncertainty,False,0,0,5,False,True,True,True,44,False,2.5454545454545454
supp_p20,complete_cohort,94,uncertainty,False,0,0,5,False,True,True,True,44,False,2.772727272727273
supp_p20,complete_cohort,95,uncertainty,False,0,0,5,False,True,True,True,44,False,2.8181818181818183
supp_p20,complete_cohort,96,uncertainty,False,0,0,5,False,True,True,True,44,False,2.8181818181818183
supp_p20,complete_cohort,97,uncertainty,False,0,0,5,False,True,True,True,44,False,2.8636363636363638
supp_p20,complete_cohort,98,uncertainty,False,0,0,5,False,True,True,True,44,False,2.909090909090909
supp_p20,complete_cohort,99,uncertainty,False,0,0,5,False,True,True,True,44,False,2.909090909090909
supp_p20,complete_cohort,100,uncertainty,False,0,0,5,False,True,True,True,44,False,2.1818181818181817
supp_p20,complete_cohort,101,uncertainty,False,0,0,5,False,True,True,True,44,False,2.772727272727273
supp_p20,complete_cohort,102,uncertainty,False,0,0,5,False,True,True,True,44,False,2.227272727272727
supp_p20,complete_cohort,103,uncertainty,False,0,0,5,False,True,True,True,44,False,2.909090909090909
supp_p20,complete_cohort,104,uncertainty,False,0,0,5,False,True,True,True,44,False,2.5
supp_p20,complete_cohort,105,uncertainty,False,0,0,5,False,True,True,True,44,False,2.5
supp_p20,complete_cohort,106,uncertainty,False,0,0,5,False,True,True,True,44,False,2.8181818181818183
supp_p20,complete_cohort,107,uncertainty,False,0,0,5,False,True,True,True,44,False,2.8636363636363638
supp_p20,complete_cohort,108,uncertainty,False,0,0,5,False,True,True,True,44,False,1.9545454545454546
supp_p20,complete_cohort,109,uncertainty,False,0,0,5,False,True,True,True,44,False,2.909090909090909
supp_p20,complete_cohort,110,uncertainty,False,0,0,5,False,True,True,True,44,False,2.909090909090909
supp_p20,complete_cohort,111,uncertainty,False,0,0,5,False,True,True,True,44,False,2.5
supp_p20,complete_cohort,112,uncertainty,False,0,0,5,False,True,True,True,44,False,2.1818181818181817
supp_p20,complete_cohort,113,uncertainty,False,0,0,5,False,True,True,True,44,False,2.8636363636363638
supp_p20,complete_cohort,114,uncertainty,False,0,0,5,False,True,True,True,44,False,2.6818181818181817
supp_p20,complete_cohort,115,uncertainty,False,0,0,5,False,True,True,True,44,False,2.909090909090909
supp_p20,complete_cohort,116,uncertainty,False,0,0,5,False,True,True,True,44,False,2.8636363636363638
supp_p20,complete_cohort,117,uncertainty,False,0,0,5,False,True,True,True,44,False,2.909090909090909
supp_p20,complete_cohort,118,uncertainty,False,0,0,5,False,True,True,True,44,False,1.2727272727272727
supp_p20,complete_cohort,119,uncertainty,False,0,0,5,False,True,True,True,44,False,1.4545454545454546
supp_p20,complete_cohort,120,uncertainty,False,0,0,5,False,True,True,True,44,False,2.909090909090909
supp_p20,complete_cohort,121,uncertainty,False,0,0,5,False,True,True,True,44,False,2.5454545454545454
supp_p20,complete_cohort,122,uncertainty,False,0,0,5,False,True,True,True,44,False,2.3636363636363638
supp_p20,complete_cohort,123,uncertainty,False,0,0,5,False,True,True,True,44,False,2.8636363636363638
supp_p20,complete_cohort,124,uncertainty,False,0,0,5,False,True,True,True,44,False,2.5454545454545454
supp_p20,complete_cohort,125,uncertainty,False,0,0,5,False,True,True,True,44,False,2.727272727272727
supp_p20,complete_cohort,126,uncertainty,False,0,0,5,False,True,True,True,44,False,2.6363636363636362
supp_p20,complete_cohort,127,uncertainty,False,0,0,5,False,True,True,True,44,False,1.0
supp_p20,complete_cohort,128,uncertainty,False,0,0,5,False,True,True,True,44,False,2.727272727272727
supp_p20,complete_cohort,129,uncertainty,False,0,0,5,False,True,True,True,44,False,2.8636363636363638
supp_p20,complete_cohort,130,uncertainty,False,0,0,5,False,True,True,True,44,False,2.727272727272727
supp_p20,complete_cohort,131,uncertainty,False,0,0,5,False,True,True,True,44,False,2.5
supp_p20,complete_cohort,132,uncertainty,False,0,0,5,False,True,True,True,44,False,2.5454545454545454
supp_p20,complete_cohort,133,uncertainty,False,0,0,5,False,True,True,True,44,False,2.909090909090909
supp_p20,complete_cohort,134,uncertainty,False,0,0,5,False,True,True,True,44,False,2.590909090909091
supp_p20,complete_cohort,135,uncertainty,False,0,0,5,False,True,True,True,44,False,2.4545454545454546
supp_p20,complete_cohort,136,uncertainty,False,0,0,5,False,True,True,True,44,False,2.3636363636363638
supp_p20,complete_cohort,137,uncertainty,False,0,0,5,False,True,True,True,44,False,2.590909090909091
supp_p20,complete_cohort,138,uncertainty,False,0,0,5,False,True,True,True,44,False,2.090909090909091
supp_p20,complete_cohort,139,uncertainty,False,0,0,5,False,True,True,True,44,False,2.727272727272727
supp_p20,complete_cohort,140,uncertainty,False,0,0,5,False,True,True,True,44,False,2.1363636363636362
supp_p20,complete_cohort,141,uncertainty,False,0,0,5,False,True,True,True,44,False,2.409090909090909
supp_p20,complete_cohort,142,uncertainty,False,0,0,5,False,True,True,True,44,False,1.9090909090909092
supp_p20,complete_cohort,143,uncertainty,False,0,0,5,False,True,True,True,44,False,1.0
supp_p20,complete_cohort,144,uncertainty,False,0,0,5,False,True,True,True,44,False,2.8636363636363638
supp_p20,complete_cohort,147,uncertainty,False,0,0,5,False,True,True,True,44,False,0.8181818181818182
supp_p20,complete_cohort,148,uncertainty,False,0,0,5,False,True,True,True,44,False,2.6818181818181817
supp_p20,complete_cohort,149,uncertainty,False,0,0,5,False,True,True,True,44,False,2.1818181818181817
supp_p20,complete_cohort,150,uncertainty,False,0,0,5,False,True,True,True,44,False,2.590909090909091
supp_p20,complete_cohort,151,uncertainty,False,0,0,5,False,True,True,True,44,False,1.4545454545454546
supp_p20,complete_cohort,152,uncertainty,False,0,0,5,False,True,True,True,44,False,2.227272727272727
supp_p20,complete_cohort,153,uncertainty,False,0,0,5,False,True,True,True,44,False,2.5454545454545454
supp_p20,complete_cohort,154,uncertainty,False,0,0,5,False,True,True,True,44,False,2.5454545454545454
supp_p20,complete_cohort,155,uncertainty,False,0,0,5,False,True,True,True,44,False,2.8636363636363638
supp_p20,complete_cohort,156,uncertainty,False,0,0,5,False,True,True,True,44,False,2.3636363636363638
supp_p20,complete_cohort,157,uncertainty,False,0,0,5,False,True,True,True,44,False,2.090909090909091
supp_p20,complete_cohort,158,uncertainty,False,0,0,5,False,True,True,True,44,False,2.909090909090909
supp_p20,complete_cohort,159,uncertainty,False,0,0,5,False,True,True,True,44,False,2.772727272727273
supp_p20,complete_cohort,160,uncertainty,False,0,0,5,False,True,True,True,44,False,2.4545454545454546
supp_p20,complete_cohort,161,uncertainty,False,0,0,5,False,True,True,True,44,False,2.6363636363636362
supp_p20,complete_cohort,162,uncertainty,False,0,0,5,False,False,False,True,44,False,1.8181818181818181
supp_p20,complete_cohort,163,uncertainty,False,0,0,5,False,True,True,True,44,False,1.9090909090909092
supp_p20,complete_cohort,164,uncertainty,False,0,0,5,False,True,True,True,44,False,2.1818181818181817
supp_p20,complete_cohort,165,uncertainty,False,0,0,5,False,True,True,True,44,False,2.3181818181818183
supp_p20,complete_cohort,166,uncertainty,False,0,0,5,False,True,True,True,44,False,0.9545454545454546
supp_p20,complete_cohort,167,uncertainty,False,0,0,5,False,True,True,True,44,False,2.8636363636363638
supp_p20,complete_cohort,168,uncertainty,False,0,0,5,False,True,True,True,44,False,2.5454545454545454
supp_p20,complete_cohort,169,uncertainty,False,0,0,5,False,True,True,True,44,False,2.5454545454545454
supp_p20,complete_cohort,170,uncertainty,False,0,0,5,False,True,True,True,44,False,2.5454545454545454
supp_p20,complete_cohort,172,uncertainty,False,0,0,5,False,True,True,True,44,False,2.8636363636363638
supp_p20,complete_cohort,174,uncertainty,False,0,0,5,False,True,True,True,44,False,0.9090909090909091
supp_p20,complete_cohort,175,uncertainty,False,0,0,5,False,True,True,True,44,False,2.3636363636363638
supp_p20,complete_cohort,176,uncertainty,False,0,0,5,False,True,True,True,44,False,2.5454545454545454
supp_p20,complete_cohort,177,uncertainty,False,0,0,5,False,True,True,True,44,False,2.8636363636363638
supp_p20,complete_cohort,178,uncertainty,False,0,0,5,False,True,True,True,44,False,2.8636363636363638
supp_p20,complete_cohort,179,uncertainty,False,0,0,5,False,True,True,True,44,False,1.6363636363636365
supp_p20,complete_cohort,180,uncertainty,False,0,0,5,False,True,True,True,44,False,2.1363636363636362
supp_p20,complete_cohort,181,uncertainty,False,0,0,5,False,True,True,True,44,False,2.8636363636363638
supp_p20,complete_cohort,182,uncertainty,False,0,0,5,False,True,True,True,44,False,2.227272727272727
supp_p20,complete_cohort,183,uncertainty,False,0,0,5,False,True,True,True,44,False,2.090909090909091
supp_p20,complete_cohort,2,low_score,False,0,0,5,False,False,False,False,5,False,0.0
supp_p20,complete_cohort,3,low_score,False,0,0,5,False,False,False,False,9,False,0.0
supp_p20,complete_cohort,4,low_score,False,0,0,5,False,False,False,False,15,False,0.0
supp_p20,complete_cohort,5,low_score,False,0,0,5,False,False,False,False,9,False,0.0
supp_p20,complete_cohort,6,low_score,False,0,0,5,False,False,False,False,7,False,0.0
supp_p20,complete_cohort,7,low_score,False,0,0,5,False,False,False,False,15,False,0.0
supp_p20,complete_cohort,9,low_score,False,0,0,5,False,False,False,False,8,False,0.0
supp_p20,complete_cohort,11,low_score,False,0,0,5,False,False,False,False,12,False,0.0
supp_p20,complete_cohort,12,low_score,False,0,0,5,False,False,False,False,7,False,0.0
supp_p20,complete_cohort,13,low_score,False,0,0,5,False,False,False,False,15,False,0.0
supp_p20,complete_cohort,14,low_score,False,0,0,5,False,False,False,False,16,False,0.0
supp_p20,complete_cohort,15,low_score,False,0,0,5,False,False,False,False,11,False,0.0
supp_p20,complete_cohort,17,low_score,False,0,0,5,False,False,False,False,11,False,0.0
supp_p20,complete_cohort,19,low_score,False,0,0,5,False,False,False,False,11,False,0.0
supp_p20,complete_cohort,20,low_score,False,0,0,5,False,False,False,False,6,False,0.0
supp_p20,complete_cohort,21,low_score,False,0,0,5,False,False,False,False,15,False,0.0
supp_p20,complete_cohort,22,low_score,False,0,0,5,False,False,False,False,16,False,0.0
supp_p20,complete_cohort,23,low_score,False,0,0,5,False,False,False,False,12,False,0.0
supp_p20,complete_cohort,24,low_score,False,0,0,5,False,False,False,False,9,False,0.0
supp_p20,complete_cohort,25,low_score,False,0,0,5,False,False,False,False,11,False,0.0
supp_p20,complete_cohort,27,low_score,False,0,0,5,False,False,False,False,13,False,0.0
supp_p20,complete_cohort,28,low_score,False,0,0,5,False,False,False,False,10,False,0.0
supp_p20,complete_cohort,29,low_score,False,0,0,5,False,False,False,False,9,False,0.0
supp_p20,complete_cohort,30,low_score,False,0,0,5,False,False,False,False,6,False,0.0
supp_p20,complete_cohort,31,low_score,False,0,0,5,False,False,False,False,10,False,0.0
supp_p20,complete_cohort,39,low_score,False,0,0,5,False,False,False,False,8,False,0.0
supp_p20,complete_cohort,40,low_score,False,0,0,5,False,False,False,False,6,False,0.0
supp_p20,complete_cohort,41,low_score,False,0,0,5,False,False,False,False,9,False,0.0
supp_p20,complete_cohort,42,low_score,False,0,0,5,False,False,False,False,12,False,0.0
supp_p20,complete_cohort,43,low_score,False,0,0,5,False,False,False,False,10,False,0.0
supp_p20,complete_cohort,44,low_score,False,0,0,5,False,False,False,False,7,False,0.0
supp_p20,complete_cohort,45,low_score,False,0,0,5,False,False,False,False,8,False,0.0
supp_p20,complete_cohort,46,low_score,False,0,0,5,False,False,False,False,12,False,0.0
supp_p20,complete_cohort,47,low_score,False,0,0,5,False,False,False,False,8,False,0.0
supp_p20,complete_cohort,48,low_score,False,0,0,5,False,False,False,False,14,False,0.0
supp_p20,complete_cohort,50,low_score,False,0,0,5,False,False,False,False,7,False,0.0
supp_p20,complete_cohort,51,low_score,False,0,0,5,False,False,False,False,17,False,0.0
supp_p20,complete_cohort,52,low_score,False,0,0,5,False,False,False,False,15,False,0.0
supp_p20,complete_cohort,53,low_score,False,0,0,5,False,False,False,False,17,False,0.0
supp_p20,complete_cohort,54,low_score,False,0,0,5,False,False,False,False,8,False,0.0
supp_p20,complete_cohort,55,low_score,False,0,0,5,False,False,False,False,9,False,0.0
supp_p20,complete_cohort,56,low_score,False,0,0,5,False,False,False,False,5,False,0.0
supp_p20,complete_cohort,58,low_score,False,0,0,5,False,False,False,False,14,False,0.0
supp_p20,complete_cohort,59,low_score,False,0,0,5,False,False,False,False,6,False,0.0
supp_p20,complete_cohort,61,low_score,False,0,0,5,False,False,False,False,9,False,0.0
supp_p20,complete_cohort,62,low_score,False,0,0,5,False,False,False,False,9,False,0.0
supp_p20,complete_cohort,63,low_score,False,0,0,5,False,False,False,False,6,False,0.0
supp_p20,complete_cohort,64,low_score,False,0,0,5,False,False,False,False,5,False,0.0
supp_p20,complete_cohort,66,low_score,False,0,0,5,False,False,False,False,7,False,0.0
supp_p20,complete_cohort,67,low_score,False,0,0,5,False,False,False,False,14,False,0.0
supp_p20,complete_cohort,68,low_score,False,0,0,5,False,False,False,False,12,False,0.0
supp_p20,complete_cohort,70,low_score,False,0,0,5,False,False,False,False,16,False,0.0
supp_p20,complete_cohort,71,low_score,False,0,0,5,False,False,False,False,11,False,0.0
supp_p20,complete_cohort,72,low_score,False,0,0,4,False,False,False,False,4,False,0.0
supp_p20,complete_cohort,73,low_score,False,0,0,5,False,False,False,False,9,False,0.0
supp_p20,complete_cohort,74,low_score,False,0,0,5,False,False,False,False,15,False,0.0
supp_p20,complete_cohort,76,low_score,False,0,0,5,False,False,False,False,21,False,0.0
supp_p20,complete_cohort,77,low_score,False,0,0,5,False,False,False,False,12,False,0.0
supp_p20,complete_cohort,78,low_score,False,0,0,5,False,False,False,False,11,False,0.0
supp_p20,complete_cohort,79,low_score,False,0,0,5,False,False,False,False,5,False,0.0
supp_p20,complete_cohort,80,low_score,False,0,0,5,False,False,False,False,18,False,0.0
supp_p20,complete_cohort,81,low_score,False,0,0,3,False,False,False,False,3,False,0.0
supp_p20,complete_cohort,82,low_score,False,0,0,5,False,False,False,False,9,False,0.0
supp_p20,complete_cohort,83,low_score,False,0,0,5,False,False,False,False,5,False,0.0
supp_p20,complete_cohort,84,low_score,False,0,0,5,False,False,False,False,5,False,0.0
supp_p20,complete_cohort,85,low_score,False,0,0,5,False,False,False,False,6,False,0.0
supp_p20,complete_cohort,86,low_score,False,0,0,5,False,False,False,False,17,False,0.0
supp_p20,complete_cohort,87,low_score,False,0,0,5,False,False,False,False,10,False,0.0
supp_p20,complete_cohort,88,low_score,False,0,0,5,False,False,False,False,10,False,0.0
supp_p20,complete_cohort,89,low_score,False,0,0,5,False,False,False,False,13,False,0.0
supp_p20,complete_cohort,90,low_score,False,0,0,5,False,False,False,False,19,False,0.0
supp_p20,complete_cohort,91,low_score,False,0,0,5,False,False,False,False,19,False,0.0
supp_p20,complete_cohort,92,low_score,False,0,0,5,False,False,False,False,12,False,0.0
supp_p20,complete_cohort,93,low_score,False,0,0,5,False,False,False,False,9,False,0.0
supp_p20,complete_cohort,94,low_score,False,0,0,5,False,False,False,False,13,False,0.0
supp_p20,complete_cohort,95,low_score,False,0,0,5,False,False,False,False,14,False,0.0
supp_p20,complete_cohort,96,low_score,False,0,0,5,False,False,False,False,10,False,0.0
supp_p20,complete_cohort,97,low_score,False,0,0,5,False,False,False,False,9,False,0.0
supp_p20,complete_cohort,98,low_score,False,0,0,5,False,False,False,False,11,False,0.0
supp_p20,complete_cohort,99,low_score,False,0,0,5,False,False,False,False,8,False,0.0
supp_p20,complete_cohort,100,low_score,False,0,0,5,False,False,False,False,16,False,0.0
supp_p20,complete_cohort,101,low_score,False,0,0,5,False,False,False,False,15,False,0.0
supp_p20,complete_cohort,102,low_score,False,0,0,5,False,False,False,False,11,False,0.0
supp_p20,complete_cohort,103,low_score,False,0,0,5,False,False,False,False,11,False,0.0
supp_p20,complete_cohort,104,low_score,False,0,0,5,False,False,False,False,14,False,0.0
supp_p20,complete_cohort,105,low_score,False,0,0,5,False,False,False,False,10,False,0.0
supp_p20,complete_cohort,106,low_score,False,0,0,5,False,False,False,False,13,False,0.0
supp_p20,complete_cohort,107,low_score,False,0,0,5,False,False,False,False,12,False,0.0
supp_p20,complete_cohort,108,low_score,False,0,0,5,False,False,False,False,12,False,0.0
supp_p20,complete_cohort,109,low_score,False,0,0,5,False,False,False,False,11,False,0.0
supp_p20,complete_cohort,110,low_score,False,0,0,5,False,False,False,False,9,False,0.0
supp_p20,complete_cohort,111,low_score,False,0,0,5,False,False,False,False,9,False,0.0
supp_p20,complete_cohort,112,low_score,False,0,0,5,False,False,False,False,11,False,0.0
supp_p20,complete_cohort,113,low_score,False,0,0,5,False,False,False,False,11,False,0.0
supp_p20,complete_cohort,114,low_score,False,0,0,5,False,False,False,False,13,False,0.0
supp_p20,complete_cohort,115,low_score,False,0,0,5,False,False,False,False,10,False,0.0
supp_p20,complete_cohort,116,low_score,False,0,0,5,False,False,False,False,10,False,0.0
supp_p20,complete_cohort,117,low_score,False,0,0,5,False,False,False,False,11,False,0.0
supp_p20,complete_cohort,118,low_score,False,0,0,5,False,False,False,False,17,False,0.0
supp_p20,complete_cohort,119,low_score,False,0,0,5,False,False,False,False,9,False,0.0
supp_p20,complete_cohort,120,low_score,False,0,0,5,False,False,False,False,10,False,0.0
supp_p20,complete_cohort,121,low_score,False,0,0,5,False,False,False,False,12,False,0.0
supp_p20,complete_cohort,122,low_score,False,0,0,5,False,False,False,False,17,False,0.0
supp_p20,complete_cohort,123,low_score,False,0,0,5,False,False,False,False,11,False,0.0
supp_p20,complete_cohort,124,low_score,False,0,0,5,False,False,False,False,8,False,0.0
supp_p20,complete_cohort,125,low_score,False,0,0,5,False,False,False,False,13,False,0.0
supp_p20,complete_cohort,126,low_score,False,0,0,5,False,False,False,False,16,False,0.0
supp_p20,complete_cohort,127,low_score,False,0,0,5,False,False,False,False,15,False,0.0
supp_p20,complete_cohort,128,low_score,False,0,0,5,False,False,False,False,13,False,0.0
supp_p20,complete_cohort,129,low_score,False,0,0,5,False,False,False,False,7,False,0.0
supp_p20,complete_cohort,130,low_score,False,0,0,5,False,False,False,False,15,False,0.0
supp_p20,complete_cohort,131,low_score,False,0,0,5,False,False,False,False,18,False,0.0
supp_p20,complete_cohort,132,low_score,False,0,0,5,False,False,False,False,11,False,0.0
supp_p20,complete_cohort,133,low_score,False,0,0,5,False,False,False,False,5,False,0.0
supp_p20,complete_cohort,134,low_score,False,0,0,5,False,False,False,False,15,False,0.0
supp_p20,complete_cohort,135,low_score,False,0,0,5,False,False,False,False,13,False,0.0
supp_p20,complete_cohort,136,low_score,False,0,0,5,False,False,False,False,15,False,0.0
supp_p20,complete_cohort,137,low_score,False,0,0,5,False,False,False,False,15,False,0.0
supp_p20,complete_cohort,138,low_score,False,0,0,5,False,False,False,False,14,False,0.0
supp_p20,complete_cohort,139,low_score,False,0,0,5,False,False,False,False,14,False,0.0
supp_p20,complete_cohort,140,low_score,False,0,0,5,False,False,False,False,17,False,0.0
supp_p20,complete_cohort,141,low_score,False,0,0,5,False,False,False,False,16,False,0.0
supp_p20,complete_cohort,142,low_score,False,0,0,5,False,False,False,False,17,False,0.0
supp_p20,complete_cohort,143,low_score,False,0,0,5,False,False,False,False,17,False,0.0
supp_p20,complete_cohort,144,low_score,False,0,0,5,False,False,False,False,8,False,0.0
supp_p20,complete_cohort,147,low_score,False,0,0,5,False,False,False,False,14,False,0.0
supp_p20,complete_cohort,148,low_score,False,0,0,5,False,False,False,False,15,False,0.0
supp_p20,complete_cohort,149,low_score,False,0,0,5,False,False,False,False,12,False,0.0
supp_p20,complete_cohort,150,low_score,False,0,0,5,False,False,False,False,15,False,0.0
supp_p20,complete_cohort,151,low_score,False,0,0,5,False,False,False,False,16,False,0.0
supp_p20,complete_cohort,152,low_score,False,0,0,5,False,False,False,False,17,False,0.0
supp_p20,complete_cohort,153,low_score,False,0,0,5,False,False,False,False,14,False,0.0
supp_p20,complete_cohort,154,low_score,False,0,0,5,False,False,False,False,8,False,0.0
supp_p20,complete_cohort,155,low_score,False,0,0,5,False,False,False,False,10,False,0.0
supp_p20,complete_cohort,156,low_score,False,0,0,5,False,False,False,False,16,False,0.0
supp_p20,complete_cohort,157,low_score,False,0,0,5,False,False,False,False,9,False,0.0
supp_p20,complete_cohort,158,low_score,False,0,0,5,False,False,False,False,12,False,0.0
supp_p20,complete_cohort,159,low_score,False,0,0,5,False,False,False,False,13,False,0.0
supp_p20,complete_cohort,160,low_score,False,0,0,5,False,False,False,False,14,False,0.0
supp_p20,complete_cohort,161,low_score,False,0,0,5,False,False,False,False,15,False,0.0
supp_p20,complete_cohort,162,low_score,False,0,0,5,False,False,False,False,20,False,0.0
supp_p20,complete_cohort,163,low_score,False,0,0,5,False,False,False,False,18,False,0.0
supp_p20,complete_cohort,164,low_score,False,0,0,5,False,False,False,False,13,False,0.0
supp_p20,complete_cohort,165,low_score,False,0,0,5,False,False,False,False,16,False,0.0
supp_p20,complete_cohort,166,low_score,False,0,0,5,False,False,False,False,18,False,0.0
supp_p20,complete_cohort,167,low_score,False,0,0,5,False,False,False,False,12,False,0.0
supp_p20,complete_cohort,168,low_score,False,0,0,5,False,False,False,False,8,False,0.0
supp_p20,complete_cohort,169,low_score,False,0,0,5,False,False,False,False,13,False,0.0
supp_p20,complete_cohort,170,low_score,False,0,0,5,False,False,False,False,12,False,0.0
supp_p20,complete_cohort,172,low_score,False,0,0,5,False,False,False,False,12,False,0.0
supp_p20,complete_cohort,174,low_score,False,0,0,5,False,False,False,False,15,False,0.0
supp_p20,complete_cohort,175,low_score,False,0,0,5,False,False,False,False,14,False,0.0
supp_p20,complete_cohort,176,low_score,False,0,0,5,False,False,False,False,11,False,0.0
supp_p20,complete_cohort,177,low_score,False,0,0,5,False,False,False,False,12,False,0.0
supp_p20,complete_cohort,178,low_score,False,0,0,5,False,False,False,False,10,False,0.0
supp_p20,complete_cohort,179,low_score,False,0,0,5,False,False,False,False,18,False,0.0
supp_p20,complete_cohort,180,low_score,False,0,0,5,False,False,False,False,17,False,0.0
supp_p20,complete_cohort,181,low_score,False,0,0,5,False,False,False,False,11,False,0.0
supp_p20,complete_cohort,182,low_score,False,0,0,5,False,False,False,False,9,False,0.0
supp_p20,complete_cohort,183,low_score,False,0,0,5,False,False,False,False,15,False,0.0
supp_p25,demonstration,1,uncertainty,False,0,0,5,False,True,True,True,44,False,2.8636363636363638
supp_p25,demonstration,2,uncertainty,False,0,0,5,False,True,True,True,44,False,2.8636363636363638
supp_p25,demonstration,3,uncertainty,False,0,0,5,False,True,True,True,44,False,1.2727272727272727
supp_p25,demonstration,4,uncertainty,False,0,0,5,False,True,True,True,44,False,2.909090909090909
supp_p25,demonstration,5,uncertainty,False,0,0,5,False,True,True,True,44,False,2.8636363636363638
supp_p25,demonstration,6,uncertainty,False,0,0,5,False,True,True,True,44,False,1.7272727272727273
supp_p25,demonstration,7,uncertainty,False,0,0,5,False,True,True,True,44,False,1.1363636363636365
supp_p25,demonstration,8,uncertainty,False,0,0,5,False,True,True,True,44,False,0.8181818181818182
supp_p25,demonstration,9,uncertainty,False,0,0,5,False,True,True,True,44,False,2.909090909090909
supp_p25,demonstration,10,uncertainty,False,0,0,5,False,True,True,True,44,False,2.8636363636363638
supp_p25,demonstration,1,low_score,False,0,0,5,False,False,False,False,5,False,0.0
supp_p25,demonstration,2,low_score,False,0,0,5,False,False,False,False,9,False,0.0
supp_p25,demonstration,3,low_score,False,0,0,5,False,False,False,False,15,False,0.0
supp_p25,demonstration,4,low_score,False,0,0,5,False,False,False,False,7,False,0.0
supp_p25,demonstration,5,low_score,False,0,0,5,False,False,False,False,8,False,0.0
supp_p25,demonstration,6,low_score,False,0,0,5,False,False,False,False,10,False,0.0
supp_p25,demonstration,7,low_score,False,0,0,5,False,False,False,False,17,False,0.0
supp_p25,demonstration,8,low_score,False,0,0,5,False,False,False,False,19,False,0.0
supp_p25,demonstration,9,low_score,False,0,0,5,False,False,False,False,5,False,0.0
supp_p25,demonstration,10,low_score,False,0,0,5,False,False,False,False,12,False,0.0
supp_p25,reference,159,uncertainty,False,0,0,5,False,True,True,True,44,False,2.772727272727273
supp_p25,reference,42,uncertainty,False,0,0,5,False,True,True,True,44,False,2.8181818181818183
supp_p25,reference,64,uncertainty,False,0,0,5,False,True,True,True,44,False,2.909090909090909
supp_p25,reference,12,uncertainty,False,0,0,5,False,True,True,True,44,False,2.909090909090909
supp_p25,reference,160,uncertainty,False,0,0,5,False,True,True,True,44,False,2.4545454545454546
supp_p25,reference,155,uncertainty,False,0,0,5,False,True,True,True,44,False,2.8636363636363638
supp_p25,reference,11,uncertainty,False,0,0,5,False,True,True,True,44,False,1.3636363636363635
supp_p25,reference,124,uncertainty,False,0,0,5,False,True,True,True,44,False,2.5454545454545454
supp_p25,reference,169,uncertainty,False,0,0,5,False,True,True,True,44,False,2.5454545454545454
supp_p25,reference,106,uncertainty,False,0,0,5,False,True,True,True,44,False,2.8181818181818183
supp_p25,reference,157,uncertainty,False,0,0,5,False,True,True,True,44,False,2.090909090909091
supp_p25,reference,126,uncertainty,False,0,0,5,False,True,True,True,44,False,2.6363636363636362
supp_p25,reference,55,uncertainty,False,0,0,5,False,True,True,True,44,False,2.5454545454545454
supp_p25,reference,113,uncertainty,False,0,0,5,False,True,True,True,44,False,2.8636363636363638
supp_p25,reference,158,uncertainty,False,0,0,5,False,True,True,True,44,False,2.909090909090909
supp_p25,reference,165,uncertainty,False,0,0,5,False,True,True,True,44,False,2.3181818181818183
supp_p25,reference,178,uncertainty,False,0,0,5,False,True,True,True,44,False,2.8636363636363638
supp_p25,reference,133,uncertainty,False,0,0,5,False,True,True,True,44,False,2.909090909090909
supp_p25,reference,78,uncertainty,False,0,0,5,False,True,True,True,44,False,2.8181818181818183
supp_p25,reference,70,uncertainty,False,0,0,5,False,True,True,True,44,False,2.227272727272727
supp_p25,reference,176,uncertainty,False,0,0,5,False,True,True,True,44,False,2.5454545454545454
supp_p25,reference,17,uncertainty,False,0,0,5,False,True,True,True,44,False,2.5454545454545454
supp_p25,reference,136,uncertainty,False,0,0,5,False,True,True,True,44,False,2.3636363636363638
supp_p25,reference,76,uncertainty,False,0,0,5,False,False,False,True,44,False,0.9090909090909091
supp_p25,reference,82,uncertainty,False,0,0,5,True,True,True,True,44,False,1.9545454545454546
supp_p25,reference,114,uncertainty,False,0,0,5,False,True,True,True,44,False,2.6818181818181817
supp_p25,reference,168,uncertainty,False,0,0,5,False,True,True,True,44,False,2.5454545454545454
supp_p25,reference,28,uncertainty,False,0,0,5,False,True,True,True,44,False,2.8636363636363638
supp_p25,reference,39,uncertainty,False,0,0,5,False,True,True,True,44,False,2.5454545454545454
supp_p25,reference,50,uncertainty,False,0,0,5,False,True,True,True,44,False,2.8636363636363638
supp_p25,reference,61,uncertainty,False,0,0,5,False,True,True,True,44,False,2.8636363636363638
supp_p25,reference,100,uncertainty,False,0,0,5,False,True,True,True,44,False,2.1818181818181817
supp_p25,reference,130,uncertainty,False,0,0,5,False,True,True,True,44,False,2.727272727272727
supp_p25,reference,141,uncertainty,False,0,0,5,False,True,True,True,44,False,2.409090909090909
supp_p25,reference,53,uncertainty,False,0,0,5,False,True,True,True,44,False,1.3636363636363635
supp_p25,reference,73,uncertainty,False,0,0,5,False,True,True,True,44,False,2.5454545454545454
supp_p25,reference,9,uncertainty,False,0,0,5,False,True,True,True,44,False,2.8636363636363638
supp_p25,reference,6,uncertainty,False,0,0,5,False,True,True,True,44,False,2.909090909090909
supp_p25,reference,31,uncertainty,False,0,0,5,False,True,True,True,44,False,2.8636363636363638
supp_p25,reference,94,uncertainty,False,0,0,5,False,True,True,True,44,False,2.772727272727273
supp_p25,reference,58,uncertainty,False,0,0,5,False,True,True,True,44,False,2.772727272727273
supp_p25,reference,177,uncertainty,False,0,0,5,False,True,True,True,44,False,2.8636363636363638
supp_p25,reference,48,uncertainty,False,0,0,5,False,True,True,True,44,False,2.5454545454545454
supp_p25,reference,164,uncertainty,False,0,0,5,False,True,True,True,44,False,2.1818181818181817
supp_p25,reference,67,uncertainty,False,0,0,5,False,True,True,True,44,False,2.8181818181818183
supp_p25,reference,118,uncertainty,False,0,0,5,False,True,True,True,44,False,1.2727272727272727
supp_p25,reference,79,uncertainty,False,0,0,5,False,False,True,True,44,False,2.5454545454545454
supp_p25,reference,122,uncertainty,False,0,0,5,False,True,True,True,44,False,2.3636363636363638
supp_p25,reference,54,uncertainty,False,0,0,5,False,True,True,True,44,False,2.909090909090909
supp_p25,reference,151,uncertainty,False,0,0,5,False,True,True,True,44,False,1.4545454545454546
supp_p25,reference,103,uncertainty,False,0,0,5,False,True,True,True,44,False,2.909090909090909
supp_p25,reference,137,uncertainty,False,0,0,5,False,True,True,True,44,False,2.590909090909091
supp_p25,reference,132,uncertainty,False,0,0,5,False,True,True,True,44,False,2.5454545454545454
supp_p25,reference,143,uncertainty,False,0,0,5,False,True,True,True,44,False,1.0
supp_p25,reference,107,uncertainty,False,0,0,5,False,True,True,True,44,False,2.8636363636363638
supp_p25,reference,119,uncertainty,False,0,0,5,False,True,True,True,44,False,1.4545454545454546
supp_p25,reference,109,uncertainty,False,0,0,5,False,True,True,True,44,False,2.909090909090909
supp_p25,reference,84,uncertainty,False,0,0,5,False,False,True,True,44,False,2.5454545454545454
supp_p25,reference,135,uncertainty,False,0,0,5,False,True,True,True,44,False,2.4545454545454546
supp_p25,reference,125,uncertainty,False,0,0,5,False,True,True,True,44,False,2.727272727272727
supp_p25,reference,161,uncertainty,False,0,0,5,False,True,True,True,44,False,2.6363636363636362
supp_p25,reference,4,uncertainty,False,0,0,5,False,True,True,True,44,False,2.3181818181818183
supp_p25,reference,72,uncertainty,True,1,1,4,True,False,True,True,44,False,2.090909090909091
supp_p25,reference,68,uncertainty,False,0,0,5,False,True,True,True,44,False,2.8636363636363638
supp_p25,reference,175,uncertainty,False,0,0,5,False,True,True,True,44,False,2.3636363636363638
supp_p25,reference,182,uncertainty,False,0,0,5,False,True,True,True,44,False,2.227272727272727
supp_p25,reference,134,uncertainty,False,0,0,5,False,True,True,True,44,False,2.590909090909091
supp_p25,reference,105,uncertainty,False,0,0,5,False,True,True,True,44,False,2.5
supp_p25,reference,43,uncertainty,False,0,0,5,False,True,True,True,44,False,2.909090909090909
supp_p25,reference,139,uncertainty,False,0,0,5,False,True,True,True,44,False,2.727272727272727
supp_p25,reference,3,uncertainty,False,0,0,5,False,True,True,True,44,False,1.2272727272727273
supp_p25,reference,62,uncertainty,False,0,0,5,False,True,True,True,44,False,2.909090909090909
supp_p25,reference,5,uncertainty,False,0,0,5,False,True,True,True,44,False,2.8636363636363638
supp_p25,reference,66,uncertainty,False,0,0,5,False,True,True,True,44,False,2.909090909090909
supp_p25,reference,180,uncertainty,False,0,0,5,False,True,True,True,44,False,2.1363636363636362
supp_p25,reference,30,uncertainty,False,0,0,5,False,True,True,True,44,False,2.909090909090909
supp_p25,reference,149,uncertainty,False,0,0,5,False,True,True,True,44,False,2.1818181818181817
supp_p25,reference,110,uncertainty,False,0,0,5,False,True,True,True,44,False,2.909090909090909
supp_p25,reference,13,uncertainty,False,0,0,5,False,True,True,True,44,False,2.5454545454545454
supp_p25,reference,7,uncertainty,False,0,0,5,False,True,True,True,44,False,1.2727272727272727
supp_p25,reference,87,uncertainty,False,0,0,5,False,True,True,True,44,False,1.7272727272727273
supp_p25,reference,150,uncertainty,False,0,0,5,False,True,True,True,44,False,2.590909090909091
supp_p25,reference,179,uncertainty,False,0,0,5,False,True,True,True,44,False,1.6363636363636365
supp_p25,reference,181,uncertainty,False,0,0,5,False,True,True,True,44,False,2.8636363636363638
supp_p25,reference,148,uncertainty,False,0,0,5,False,True,True,True,44,False,2.6818181818181817
supp_p25,reference,162,uncertainty,False,0,0,5,False,False,False,True,44,False,1.8181818181818181
supp_p25,reference,102,uncertainty,False,0,0,5,False,True,True,True,44,False,2.227272727272727
supp_p25,reference,56,uncertainty,False,0,0,5,False,True,True,True,44,False,2.909090909090909
supp_p25,reference,19,uncertainty,False,0,0,5,False,True,True,True,44,False,2.5454545454545454
supp_p25,reference,112,uncertainty,False,0,0,5,False,True,True,True,44,False,2.1818181818181817
supp_p25,reference,40,uncertainty,False,0,0,5,False,True,True,True,44,False,2.0
supp_p25,reference,22,uncertainty,False,0,0,5,False,True,True,True,44,False,1.0909090909090908
supp_p25,reference,88,uncertainty,False,0,0,5,False,True,True,True,44,False,2.8636363636363638
supp_p25,reference,167,uncertainty,False,0,0,5,False,True,True,True,44,False,2.8636363636363638
supp_p25,reference,183,uncertainty,False,0,0,5,False,True,True,True,44,False,2.090909090909091
supp_p25,reference,24,uncertainty,False,0,0,5,False,True,True,True,44,False,2.8636363636363638
supp_p25,reference,128,uncertainty,False,0,0,5,False,True,True,True,44,False,2.727272727272727
supp_p25,reference,120,uncertainty,False,0,0,5,False,True,True,True,44,False,2.909090909090909
supp_p25,reference,45,uncertainty,False,0,0,5,False,True,True,True,44,False,2.8636363636363638
supp_p25,reference,86,uncertainty,False,0,0,5,False,True,True,True,44,False,1.1363636363636365
supp_p25,reference,156,uncertainty,False,0,0,5,False,True,True,True,44,False,2.3636363636363638
supp_p25,reference,98,uncertainty,False,0,0,5,False,True,True,True,44,False,2.909090909090909
supp_p25,reference,92,uncertainty,False,0,0,5,False,True,True,True,44,False,2.8636363636363638
supp_p25,reference,95,uncertainty,False,0,0,5,False,True,True,True,44,False,2.8181818181818183
supp_p25,reference,101,uncertainty,False,0,0,5,False,True,True,True,44,False,2.772727272727273
supp_p25,reference,47,uncertainty,False,0,0,5,False,True,True,True,44,False,2.5454545454545454
supp_p25,reference,25,uncertainty,False,0,0,5,False,True,True,True,44,False,2.5454545454545454
supp_p25,reference,121,uncertainty,False,0,0,5,False,True,True,True,44,False,2.5454545454545454
supp_p25,reference,41,uncertainty,False,0,0,5,False,True,True,True,44,False,2.8636363636363638
supp_p25,reference,99,uncertainty,False,0,0,5,False,True,True,True,44,False,2.909090909090909
supp_p25,reference,27,uncertainty,False,0,0,5,False,True,True,True,44,False,2.772727272727273
supp_p25,reference,140,uncertainty,False,0,0,5,False,True,True,True,44,False,2.1363636363636362
supp_p25,reference,81,uncertainty,True,2,2,3,True,False,True,True,44,False,2.5454545454545454
supp_p25,reference,144,uncertainty,False,0,0,5,False,True,True,True,44,False,2.8636363636363638
supp_p25,reference,108,uncertainty,False,0,0,5,False,True,True,True,44,False,1.9545454545454546
supp_p25,reference,85,uncertainty,False,0,0,5,False,True,True,True,44,False,2.909090909090909
supp_p25,reference,152,uncertainty,False,0,0,5,False,True,True,True,44,False,2.227272727272727
supp_p25,reference,15,uncertainty,False,0,0,5,False,True,True,True,44,False,2.5
supp_p25,reference,89,uncertainty,False,0,0,5,False,True,True,True,44,False,2.8636363636363638
supp_p25,reference,116,uncertainty,False,0,0,5,False,True,True,True,44,False,2.8636363636363638
supp_p25,reference,138,uncertainty,False,0,0,5,False,True,True,True,44,False,2.090909090909091
supp_p25,reference,154,uncertainty,False,0,0,5,False,True,True,True,44,False,2.5454545454545454
supp_p25,reference,104,uncertainty,False,0,0,5,False,True,True,True,44,False,2.5
supp_p25,reference,131,uncertainty,False,0,0,5,False,True,True,True,44,False,2.5
supp_p25,reference,129,uncertainty,False,0,0,5,False,True,True,True,44,False,2.8636363636363638
supp_p25,reference,96,uncertainty,False,0,0,5,False,True,True,True,44,False,2.8181818181818183
supp_p25,reference,44,uncertainty,False,0,0,5,False,True,True,True,44,False,2.909090909090909
supp_p25,reference,46,uncertainty,False,0,0,5,False,True,True,True,44,False,1.2272727272727273
supp_p25,reference,159,low_score,False,0,0,5,False,False,False,False,13,False,0.0
supp_p25,reference,42,low_score,False,0,0,5,False,False,False,False,12,False,0.0
supp_p25,reference,64,low_score,False,0,0,5,False,False,False,False,5,False,0.0
supp_p25,reference,12,low_score,False,0,0,5,False,False,False,False,7,False,0.0
supp_p25,reference,160,low_score,False,0,0,5,False,False,False,False,14,False,0.0
supp_p25,reference,155,low_score,False,0,0,5,False,False,False,False,10,False,0.0
supp_p25,reference,11,low_score,False,0,0,5,False,False,False,False,12,False,0.0
supp_p25,reference,124,low_score,False,0,0,5,False,False,False,False,8,False,0.0
supp_p25,reference,169,low_score,False,0,0,5,False,False,False,False,13,False,0.0
supp_p25,reference,106,low_score,False,0,0,5,False,False,False,False,13,False,0.0
supp_p25,reference,157,low_score,False,0,0,5,False,False,False,False,9,False,0.0
supp_p25,reference,126,low_score,False,0,0,5,False,False,False,False,16,False,0.0
supp_p25,reference,55,low_score,False,0,0,5,False,False,False,False,9,False,0.0
supp_p25,reference,113,low_score,False,0,0,5,False,False,False,False,11,False,0.0
supp_p25,reference,158,low_score,False,0,0,5,False,False,False,False,12,False,0.0
supp_p25,reference,165,low_score,False,0,0,5,False,False,False,False,16,False,0.0
supp_p25,reference,178,low_score,False,0,0,5,False,False,False,False,10,False,0.0
supp_p25,reference,133,low_score,False,0,0,5,False,False,False,False,5,False,0.0
supp_p25,reference,78,low_score,False,0,0,5,False,False,False,False,11,False,0.0
supp_p25,reference,70,low_score,False,0,0,5,False,False,False,False,16,False,0.0
supp_p25,reference,176,low_score,False,0,0,5,False,False,False,False,11,False,0.0
supp_p25,reference,17,low_score,False,0,0,5,False,False,False,False,11,False,0.0
supp_p25,reference,136,low_score,False,0,0,5,False,False,False,False,15,False,0.0
supp_p25,reference,76,low_score,False,0,0,5,False,False,False,False,21,False,0.0
supp_p25,reference,82,low_score,False,0,0,5,False,False,False,False,9,False,0.0
supp_p25,reference,114,low_score,False,0,0,5,False,False,False,False,13,False,0.0
supp_p25,reference,168,low_score,False,0,0,5,False,False,False,False,8,False,0.0
supp_p25,reference,28,low_score,False,0,0,5,False,False,False,False,10,False,0.0
supp_p25,reference,39,low_score,False,0,0,5,False,False,False,False,8,False,0.0
supp_p25,reference,50,low_score,False,0,0,5,False,False,False,False,7,False,0.0
supp_p25,reference,61,low_score,False,0,0,5,False,False,False,False,9,False,0.0
supp_p25,reference,100,low_score,False,0,0,5,False,False,False,False,16,False,0.0
supp_p25,reference,130,low_score,False,0,0,5,False,False,False,False,15,False,0.0
supp_p25,reference,141,low_score,False,0,0,5,False,False,False,False,16,False,0.0
supp_p25,reference,53,low_score,False,0,0,5,False,False,False,False,17,False,0.0
supp_p25,reference,73,low_score,False,0,0,5,False,False,False,False,9,False,0.0
supp_p25,reference,9,low_score,False,0,0,5,False,False,False,False,8,False,0.0
supp_p25,reference,6,low_score,False,0,0,5,False,False,False,False,7,False,0.0
supp_p25,reference,31,low_score,False,0,0,5,False,False,False,False,10,False,0.0
supp_p25,reference,94,low_score,False,0,0,5,False,False,False,False,13,False,0.0
supp_p25,reference,58,low_score,False,0,0,5,False,False,False,False,14,False,0.0
supp_p25,reference,177,low_score,False,0,0,5,False,False,False,False,12,False,0.0
supp_p25,reference,48,low_score,False,0,0,5,False,False,False,False,14,False,0.0
supp_p25,reference,164,low_score,False,0,0,5,False,False,False,False,13,False,0.0
supp_p25,reference,67,low_score,False,0,0,5,False,False,False,False,14,False,0.0
supp_p25,reference,118,low_score,False,0,0,5,False,False,False,False,17,False,0.0
supp_p25,reference,79,low_score,False,0,0,5,False,False,False,False,5,False,0.0
supp_p25,reference,122,low_score,False,0,0,5,False,False,False,False,17,False,0.0
supp_p25,reference,54,low_score,False,0,0,5,False,False,False,False,8,False,0.0
supp_p25,reference,151,low_score,False,0,0,5,False,False,False,False,16,False,0.0
supp_p25,reference,103,low_score,False,0,0,5,False,False,False,False,11,False,0.0
supp_p25,reference,137,low_score,False,0,0,5,False,False,False,False,15,False,0.0
supp_p25,reference,132,low_score,False,0,0,5,False,False,False,False,11,False,0.0
supp_p25,reference,143,low_score,False,0,0,5,False,False,False,False,17,False,0.0
supp_p25,reference,107,low_score,False,0,0,5,False,False,False,False,12,False,0.0
supp_p25,reference,119,low_score,False,0,0,5,False,False,False,False,9,False,0.0
supp_p25,reference,109,low_score,False,0,0,5,False,False,False,False,11,False,0.0
supp_p25,reference,84,low_score,False,0,0,5,False,False,False,False,5,False,0.0
supp_p25,reference,135,low_score,False,0,0,5,False,False,False,False,13,False,0.0
supp_p25,reference,125,low_score,False,0,0,5,False,False,False,False,13,False,0.0
supp_p25,reference,161,low_score,False,0,0,5,False,False,False,False,15,False,0.0
supp_p25,reference,4,low_score,False,0,0,5,False,False,False,False,15,False,0.0
supp_p25,reference,72,low_score,False,0,0,4,False,False,False,False,4,False,0.0
supp_p25,reference,68,low_score,False,0,0,5,False,False,False,False,12,False,0.0
supp_p25,reference,175,low_score,False,0,0,5,False,False,False,False,14,False,0.0
supp_p25,reference,182,low_score,False,0,0,5,False,False,False,False,9,False,0.0
supp_p25,reference,134,low_score,False,0,0,5,False,False,False,False,15,False,0.0
supp_p25,reference,105,low_score,False,0,0,5,False,False,False,False,10,False,0.0
supp_p25,reference,43,low_score,False,0,0,5,False,False,False,False,10,False,0.0
supp_p25,reference,139,low_score,False,0,0,5,False,False,False,False,14,False,0.0
supp_p25,reference,3,low_score,False,0,0,5,False,False,False,False,9,False,0.0
supp_p25,reference,62,low_score,False,0,0,5,False,False,False,False,9,False,0.0
supp_p25,reference,5,low_score,False,0,0,5,False,False,False,False,9,False,0.0
supp_p25,reference,66,low_score,False,0,0,5,False,False,False,False,7,False,0.0
supp_p25,reference,180,low_score,False,0,0,5,False,False,False,False,17,False,0.0
supp_p25,reference,30,low_score,False,0,0,5,False,False,False,False,6,False,0.0
supp_p25,reference,149,low_score,False,0,0,5,False,False,False,False,12,False,0.0
supp_p25,reference,110,low_score,False,0,0,5,False,False,False,False,9,False,0.0
supp_p25,reference,13,low_score,False,0,0,5,False,False,False,False,15,False,0.0
supp_p25,reference,7,low_score,False,0,0,5,False,False,False,False,15,False,0.0
supp_p25,reference,87,low_score,False,0,0,5,False,False,False,False,10,False,0.0
supp_p25,reference,150,low_score,False,0,0,5,False,False,False,False,15,False,0.0
supp_p25,reference,179,low_score,False,0,0,5,False,False,False,False,18,False,0.0
supp_p25,reference,181,low_score,False,0,0,5,False,False,False,False,11,False,0.0
supp_p25,reference,148,low_score,False,0,0,5,False,False,False,False,15,False,0.0
supp_p25,reference,162,low_score,False,0,0,5,False,False,False,False,20,False,0.0
supp_p25,reference,102,low_score,False,0,0,5,False,False,False,False,11,False,0.0
supp_p25,reference,56,low_score,False,0,0,5,False,False,False,False,5,False,0.0
supp_p25,reference,19,low_score,False,0,0,5,False,False,False,False,11,False,0.0
supp_p25,reference,112,low_score,False,0,0,5,False,False,False,False,11,False,0.0
supp_p25,reference,40,low_score,False,0,0,5,False,False,False,False,6,False,0.0
supp_p25,reference,22,low_score,False,0,0,5,False,False,False,False,16,False,0.0
supp_p25,reference,88,low_score,False,0,0,5,False,False,False,False,10,False,0.0
supp_p25,reference,167,low_score,False,0,0,5,False,False,False,False,12,False,0.0
supp_p25,reference,183,low_score,False,0,0,5,False,False,False,False,15,False,0.0
supp_p25,reference,24,low_score,False,0,0,5,False,False,False,False,9,False,0.0
supp_p25,reference,128,low_score,False,0,0,5,False,False,False,False,13,False,0.0
supp_p25,reference,120,low_score,False,0,0,5,False,False,False,False,10,False,0.0
supp_p25,reference,45,low_score,False,0,0,5,False,False,False,False,8,False,0.0
supp_p25,reference,86,low_score,False,0,0,5,False,False,False,False,17,False,0.0
supp_p25,reference,156,low_score,False,0,0,5,False,False,False,False,16,False,0.0
supp_p25,reference,98,low_score,False,0,0,5,False,False,False,False,11,False,0.0
supp_p25,reference,92,low_score,False,0,0,5,False,False,False,False,12,False,0.0
supp_p25,reference,95,low_score,False,0,0,5,False,False,False,False,14,False,0.0
supp_p25,reference,101,low_score,False,0,0,5,False,False,False,False,15,False,0.0
supp_p25,reference,47,low_score,False,0,0,5,False,False,False,False,8,False,0.0
supp_p25,reference,25,low_score,False,0,0,5,False,False,False,False,11,False,0.0
supp_p25,reference,121,low_score,False,0,0,5,False,False,False,False,12,False,0.0
supp_p25,reference,41,low_score,False,0,0,5,False,False,False,False,9,False,0.0
supp_p25,reference,99,low_score,False,0,0,5,False,False,False,False,8,False,0.0
supp_p25,reference,27,low_score,False,0,0,5,False,False,False,False,13,False,0.0
supp_p25,reference,140,low_score,False,0,0,5,False,False,False,False,17,False,0.0
supp_p25,reference,81,low_score,False,0,0,3,False,False,False,False,3,False,0.0
supp_p25,reference,144,low_score,False,0,0,5,False,False,False,False,8,False,0.0
supp_p25,reference,108,low_score,False,0,0,5,False,False,False,False,12,False,0.0
supp_p25,reference,85,low_score,False,0,0,5,False,False,False,False,6,False,0.0
supp_p25,reference,152,low_score,False,0,0,5,False,False,False,False,17,False,0.0
supp_p25,reference,15,low_score,False,0,0,5,False,False,False,False,11,False,0.0
supp_p25,reference,89,low_score,False,0,0,5,False,False,False,False,13,False,0.0
supp_p25,reference,116,low_score,False,0,0,5,False,False,False,False,10,False,0.0
supp_p25,reference,138,low_score,False,0,0,5,False,False,False,False,14,False,0.0
supp_p25,reference,154,low_score,False,0,0,5,False,False,False,False,8,False,0.0
supp_p25,reference,104,low_score,False,0,0,5,False,False,False,False,14,False,0.0
supp_p25,reference,131,low_score,False,0,0,5,False,False,False,False,18,False,0.0
supp_p25,reference,129,low_score,False,0,0,5,False,False,False,False,7,False,0.0
supp_p25,reference,96,low_score,False,0,0,5,False,False,False,False,10,False,0.0
supp_p25,reference,44,low_score,False,0,0,5,False,False,False,False,7,False,0.0
supp_p25,reference,46,low_score,False,0,0,5,False,False,False,False,12,False,0.0
supp_p25,complete_cohort,2,uncertainty,False,0,0,5,False,True,True,True,44,False,2.8636363636363638
supp_p25,complete_cohort,3,uncertainty,False,0,0,5,False,True,True,True,44,False,1.2272727272727273
supp_p25,complete_cohort,4,uncertainty,False,0,0,5,False,True,True,True,44,False,2.3181818181818183
supp_p25,complete_cohort,5,uncertainty,False,0,0,5,False,True,True,True,44,False,2.8636363636363638
supp_p25,complete_cohort,6,uncertainty,False,0,0,5,False,True,True,True,44,False,2.909090909090909
supp_p25,complete_cohort,7,uncertainty,False,0,0,5,False,True,True,True,44,False,1.2727272727272727
supp_p25,complete_cohort,9,uncertainty,False,0,0,5,False,True,True,True,44,False,2.8636363636363638
supp_p25,complete_cohort,11,uncertainty,False,0,0,5,False,True,True,True,44,False,1.3636363636363635
supp_p25,complete_cohort,12,uncertainty,False,0,0,5,False,True,True,True,44,False,2.909090909090909
supp_p25,complete_cohort,13,uncertainty,False,0,0,5,False,True,True,True,44,False,2.5454545454545454
supp_p25,complete_cohort,14,uncertainty,False,0,0,5,False,True,True,True,44,False,1.1818181818181819
supp_p25,complete_cohort,15,uncertainty,False,0,0,5,False,True,True,True,44,False,2.5
supp_p25,complete_cohort,17,uncertainty,False,0,0,5,False,True,True,True,44,False,2.5454545454545454
supp_p25,complete_cohort,19,uncertainty,False,0,0,5,False,True,True,True,44,False,2.5454545454545454
supp_p25,complete_cohort,20,uncertainty,False,0,0,5,False,True,True,True,44,False,2.272727272727273
supp_p25,complete_cohort,21,uncertainty,False,0,0,5,False,True,True,True,44,False,2.4545454545454546
supp_p25,complete_cohort,22,uncertainty,False,0,0,5,False,True,True,True,44,False,1.0909090909090908
supp_p25,complete_cohort,23,uncertainty,False,0,0,5,False,True,True,True,44,False,1.8181818181818181
supp_p25,complete_cohort,24,uncertainty,False,0,0,5,False,True,True,True,44,False,2.8636363636363638
supp_p25,complete_cohort,25,uncertainty,False,0,0,5,False,True,True,True,44,False,2.5454545454545454
supp_p25,complete_cohort,27,uncertainty,False,0,0,5,False,True,True,True,44,False,2.772727272727273
supp_p25,complete_cohort,28,uncertainty,False,0,0,5,False,True,True,True,44,False,2.8636363636363638
supp_p25,complete_cohort,29,uncertainty,False,0,0,5,False,True,True,True,44,False,2.8636363636363638
supp_p25,complete_cohort,30,uncertainty,False,0,0,5,False,True,True,True,44,False,2.909090909090909
supp_p25,complete_cohort,31,uncertainty,False,0,0,5,False,True,True,True,44,False,2.8636363636363638
supp_p25,complete_cohort,39,uncertainty,False,0,0,5,False,True,True,True,44,False,2.5454545454545454
supp_p25,complete_cohort,40,uncertainty,False,0,0,5,False,True,True,True,44,False,2.0
supp_p25,complete_cohort,41,uncertainty,False,0,0,5,False,True,True,True,44,False,2.8636363636363638
supp_p25,complete_cohort,42,uncertainty,False,0,0,5,False,True,True,True,44,False,2.8181818181818183
supp_p25,complete_cohort,43,uncertainty,False,0,0,5,False,True,True,True,44,False,2.909090909090909
supp_p25,complete_cohort,44,uncertainty,False,0,0,5,False,True,True,True,44,False,2.909090909090909
supp_p25,complete_cohort,45,uncertainty,False,0,0,5,False,True,True,True,44,False,2.8636363636363638
supp_p25,complete_cohort,46,uncertainty,False,0,0,5,False,True,True,True,44,False,1.2272727272727273
supp_p25,complete_cohort,47,uncertainty,False,0,0,5,False,True,True,True,44,False,2.5454545454545454
supp_p25,complete_cohort,48,uncertainty,False,0,0,5,False,True,True,True,44,False,2.5454545454545454
supp_p25,complete_cohort,50,uncertainty,False,0,0,5,False,True,True,True,44,False,2.8636363636363638
supp_p25,complete_cohort,51,uncertainty,False,0,0,5,False,True,True,True,44,False,0.8636363636363636
supp_p25,complete_cohort,52,uncertainty,False,0,0,5,False,True,True,True,44,False,1.1818181818181819
supp_p25,complete_cohort,53,uncertainty,False,0,0,5,False,True,True,True,44,False,1.3636363636363635
supp_p25,complete_cohort,54,uncertainty,False,0,0,5,False,True,True,True,44,False,2.909090909090909
supp_p25,complete_cohort,55,uncertainty,False,0,0,5,False,True,True,True,44,False,2.5454545454545454
supp_p25,complete_cohort,56,uncertainty,False,0,0,5,False,True,True,True,44,False,2.909090909090909
supp_p25,complete_cohort,58,uncertainty,False,0,0,5,False,True,True,True,44,False,2.772727272727273
supp_p25,complete_cohort,59,uncertainty,False,0,0,5,False,True,True,True,44,False,2.909090909090909
supp_p25,complete_cohort,61,uncertainty,False,0,0,5,False,True,True,True,44,False,2.8636363636363638
supp_p25,complete_cohort,62,uncertainty,False,0,0,5,False,True,True,True,44,False,2.909090909090909
supp_p25,complete_cohort,63,uncertainty,False,0,0,5,False,True,True,True,44,False,2.909090909090909
supp_p25,complete_cohort,64,uncertainty,False,0,0,5,False,True,True,True,44,False,2.909090909090909
supp_p25,complete_cohort,66,uncertainty,False,0,0,5,False,True,True,True,44,False,2.909090909090909
supp_p25,complete_cohort,67,uncertainty,False,0,0,5,False,True,True,True,44,False,2.8181818181818183
supp_p25,complete_cohort,68,uncertainty,False,0,0,5,False,True,True,True,44,False,2.8636363636363638
supp_p25,complete_cohort,70,uncertainty,False,0,0,5,False,True,True,True,44,False,2.227272727272727
supp_p25,complete_cohort,71,uncertainty,False,0,0,5,False,True,True,True,44,False,2.5454545454545454
supp_p25,complete_cohort,72,uncertainty,True,1,1,4,True,False,True,True,44,False,2.090909090909091
supp_p25,complete_cohort,73,uncertainty,False,0,0,5,False,True,True,True,44,False,2.5454545454545454
supp_p25,complete_cohort,74,uncertainty,False,0,0,5,False,True,True,True,44,False,2.409090909090909
supp_p25,complete_cohort,76,uncertainty,False,0,0,5,False,False,False,True,44,False,0.9090909090909091
supp_p25,complete_cohort,77,uncertainty,False,0,0,5,True,True,True,True,44,False,1.8636363636363635
supp_p25,complete_cohort,78,uncertainty,False,0,0,5,False,True,True,True,44,False,2.8181818181818183
supp_p25,complete_cohort,79,uncertainty,False,0,0,5,False,False,True,True,44,False,2.5454545454545454
supp_p25,complete_cohort,80,uncertainty,False,0,0,5,False,True,True,True,44,False,2.3636363636363638
supp_p25,complete_cohort,81,uncertainty,True,2,2,3,True,False,True,True,44,False,2.5454545454545454
supp_p25,complete_cohort,82,uncertainty,False,0,0,5,True,True,True,True,44,False,1.9545454545454546
supp_p25,complete_cohort,83,uncertainty,False,0,0,5,False,True,True,True,44,False,2.909090909090909
supp_p25,complete_cohort,84,uncertainty,False,0,0,5,False,False,True,True,44,False,2.5454545454545454
supp_p25,complete_cohort,85,uncertainty,False,0,0,5,False,True,True,True,44,False,2.909090909090909
supp_p25,complete_cohort,86,uncertainty,False,0,0,5,False,True,True,True,44,False,1.1363636363636365
supp_p25,complete_cohort,87,uncertainty,False,0,0,5,False,True,True,True,44,False,1.7272727272727273
supp_p25,complete_cohort,88,uncertainty,False,0,0,5,False,True,True,True,44,False,2.8636363636363638
supp_p25,complete_cohort,89,uncertainty,False,0,0,5,False,True,True,True,44,False,2.8636363636363638
supp_p25,complete_cohort,90,uncertainty,False,0,0,5,False,True,True,True,44,False,0.8181818181818182
supp_p25,complete_cohort,91,uncertainty,False,0,0,5,False,True,True,True,44,False,1.0454545454545454
supp_p25,complete_cohort,92,uncertainty,False,0,0,5,False,True,True,True,44,False,2.8636363636363638
supp_p25,complete_cohort,93,uncertainty,False,0,0,5,False,True,True,True,44,False,2.5454545454545454
supp_p25,complete_cohort,94,uncertainty,False,0,0,5,False,True,True,True,44,False,2.772727272727273
supp_p25,complete_cohort,95,uncertainty,False,0,0,5,False,True,True,True,44,False,2.8181818181818183
supp_p25,complete_cohort,96,uncertainty,False,0,0,5,False,True,True,True,44,False,2.8181818181818183
supp_p25,complete_cohort,97,uncertainty,False,0,0,5,False,True,True,True,44,False,2.8636363636363638
supp_p25,complete_cohort,98,uncertainty,False,0,0,5,False,True,True,True,44,False,2.909090909090909
supp_p25,complete_cohort,99,uncertainty,False,0,0,5,False,True,True,True,44,False,2.909090909090909
supp_p25,complete_cohort,100,uncertainty,False,0,0,5,False,True,True,True,44,False,2.1818181818181817
supp_p25,complete_cohort,101,uncertainty,False,0,0,5,False,True,True,True,44,False,2.772727272727273
supp_p25,complete_cohort,102,uncertainty,False,0,0,5,False,True,True,True,44,False,2.227272727272727
supp_p25,complete_cohort,103,uncertainty,False,0,0,5,False,True,True,True,44,False,2.909090909090909
supp_p25,complete_cohort,104,uncertainty,False,0,0,5,False,True,True,True,44,False,2.5
supp_p25,complete_cohort,105,uncertainty,False,0,0,5,False,True,True,True,44,False,2.5
supp_p25,complete_cohort,106,uncertainty,False,0,0,5,False,True,True,True,44,False,2.8181818181818183
supp_p25,complete_cohort,107,uncertainty,False,0,0,5,False,True,True,True,44,False,2.8636363636363638
supp_p25,complete_cohort,108,uncertainty,False,0,0,5,False,True,True,True,44,False,1.9545454545454546
supp_p25,complete_cohort,109,uncertainty,False,0,0,5,False,True,True,True,44,False,2.909090909090909
supp_p25,complete_cohort,110,uncertainty,False,0,0,5,False,True,True,True,44,False,2.909090909090909
supp_p25,complete_cohort,111,uncertainty,False,0,0,5,False,True,True,True,44,False,2.5
supp_p25,complete_cohort,112,uncertainty,False,0,0,5,False,True,True,True,44,False,2.1818181818181817
supp_p25,complete_cohort,113,uncertainty,False,0,0,5,False,True,True,True,44,False,2.8636363636363638
supp_p25,complete_cohort,114,uncertainty,False,0,0,5,False,True,True,True,44,False,2.6818181818181817
supp_p25,complete_cohort,115,uncertainty,False,0,0,5,False,True,True,True,44,False,2.909090909090909
supp_p25,complete_cohort,116,uncertainty,False,0,0,5,False,True,True,True,44,False,2.8636363636363638
supp_p25,complete_cohort,117,uncertainty,False,0,0,5,False,True,True,True,44,False,2.909090909090909
supp_p25,complete_cohort,118,uncertainty,False,0,0,5,False,True,True,True,44,False,1.2727272727272727
supp_p25,complete_cohort,119,uncertainty,False,0,0,5,False,True,True,True,44,False,1.4545454545454546
supp_p25,complete_cohort,120,uncertainty,False,0,0,5,False,True,True,True,44,False,2.909090909090909
supp_p25,complete_cohort,121,uncertainty,False,0,0,5,False,True,True,True,44,False,2.5454545454545454
supp_p25,complete_cohort,122,uncertainty,False,0,0,5,False,True,True,True,44,False,2.3636363636363638
supp_p25,complete_cohort,123,uncertainty,False,0,0,5,False,True,True,True,44,False,2.8636363636363638
supp_p25,complete_cohort,124,uncertainty,False,0,0,5,False,True,True,True,44,False,2.5454545454545454
supp_p25,complete_cohort,125,uncertainty,False,0,0,5,False,True,True,True,44,False,2.727272727272727
supp_p25,complete_cohort,126,uncertainty,False,0,0,5,False,True,True,True,44,False,2.6363636363636362
supp_p25,complete_cohort,127,uncertainty,False,0,0,5,False,True,True,True,44,False,1.0
supp_p25,complete_cohort,128,uncertainty,False,0,0,5,False,True,True,True,44,False,2.727272727272727
supp_p25,complete_cohort,129,uncertainty,False,0,0,5,False,True,True,True,44,False,2.8636363636363638
supp_p25,complete_cohort,130,uncertainty,False,0,0,5,False,True,True,True,44,False,2.727272727272727
supp_p25,complete_cohort,131,uncertainty,False,0,0,5,False,True,True,True,44,False,2.5
supp_p25,complete_cohort,132,uncertainty,False,0,0,5,False,True,True,True,44,False,2.5454545454545454
supp_p25,complete_cohort,133,uncertainty,False,0,0,5,False,True,True,True,44,False,2.909090909090909
supp_p25,complete_cohort,134,uncertainty,False,0,0,5,False,True,True,True,44,False,2.590909090909091
supp_p25,complete_cohort,135,uncertainty,False,0,0,5,False,True,True,True,44,False,2.4545454545454546
supp_p25,complete_cohort,136,uncertainty,False,0,0,5,False,True,True,True,44,False,2.3636363636363638
supp_p25,complete_cohort,137,uncertainty,False,0,0,5,False,True,True,True,44,False,2.590909090909091
supp_p25,complete_cohort,138,uncertainty,False,0,0,5,False,True,True,True,44,False,2.090909090909091
supp_p25,complete_cohort,139,uncertainty,False,0,0,5,False,True,True,True,44,False,2.727272727272727
supp_p25,complete_cohort,140,uncertainty,False,0,0,5,False,True,True,True,44,False,2.1363636363636362
supp_p25,complete_cohort,141,uncertainty,False,0,0,5,False,True,True,True,44,False,2.409090909090909
supp_p25,complete_cohort,142,uncertainty,False,0,0,5,False,True,True,True,44,False,1.9090909090909092
supp_p25,complete_cohort,143,uncertainty,False,0,0,5,False,True,True,True,44,False,1.0
supp_p25,complete_cohort,144,uncertainty,False,0,0,5,False,True,True,True,44,False,2.8636363636363638
supp_p25,complete_cohort,147,uncertainty,False,0,0,5,False,True,True,True,44,False,0.8181818181818182
supp_p25,complete_cohort,148,uncertainty,False,0,0,5,False,True,True,True,44,False,2.6818181818181817
supp_p25,complete_cohort,149,uncertainty,False,0,0,5,False,True,True,True,44,False,2.1818181818181817
supp_p25,complete_cohort,150,uncertainty,False,0,0,5,False,True,True,True,44,False,2.590909090909091
supp_p25,complete_cohort,151,uncertainty,False,0,0,5,False,True,True,True,44,False,1.4545454545454546
supp_p25,complete_cohort,152,uncertainty,False,0,0,5,False,True,True,True,44,False,2.227272727272727
supp_p25,complete_cohort,153,uncertainty,False,0,0,5,False,True,True,True,44,False,2.5454545454545454
supp_p25,complete_cohort,154,uncertainty,False,0,0,5,False,True,True,True,44,False,2.5454545454545454
supp_p25,complete_cohort,155,uncertainty,False,0,0,5,False,True,True,True,44,False,2.8636363636363638
supp_p25,complete_cohort,156,uncertainty,False,0,0,5,False,True,True,True,44,False,2.3636363636363638
supp_p25,complete_cohort,157,uncertainty,False,0,0,5,False,True,True,True,44,False,2.090909090909091
supp_p25,complete_cohort,158,uncertainty,False,0,0,5,False,True,True,True,44,False,2.909090909090909
supp_p25,complete_cohort,159,uncertainty,False,0,0,5,False,True,True,True,44,False,2.772727272727273
supp_p25,complete_cohort,160,uncertainty,False,0,0,5,False,True,True,True,44,False,2.4545454545454546
supp_p25,complete_cohort,161,uncertainty,False,0,0,5,False,True,True,True,44,False,2.6363636363636362
supp_p25,complete_cohort,162,uncertainty,False,0,0,5,False,False,False,True,44,False,1.8181818181818181
supp_p25,complete_cohort,163,uncertainty,False,0,0,5,False,True,True,True,44,False,1.9090909090909092
supp_p25,complete_cohort,164,uncertainty,False,0,0,5,False,True,True,True,44,False,2.1818181818181817
supp_p25,complete_cohort,165,uncertainty,False,0,0,5,False,True,True,True,44,False,2.3181818181818183
supp_p25,complete_cohort,166,uncertainty,False,0,0,5,False,True,True,True,44,False,0.9545454545454546
supp_p25,complete_cohort,167,uncertainty,False,0,0,5,False,True,True,True,44,False,2.8636363636363638
supp_p25,complete_cohort,168,uncertainty,False,0,0,5,False,True,True,True,44,False,2.5454545454545454
supp_p25,complete_cohort,169,uncertainty,False,0,0,5,False,True,True,True,44,False,2.5454545454545454
supp_p25,complete_cohort,170,uncertainty,False,0,0,5,False,True,True,True,44,False,2.5454545454545454
supp_p25,complete_cohort,172,uncertainty,False,0,0,5,False,True,True,True,44,False,2.8636363636363638
supp_p25,complete_cohort,174,uncertainty,False,0,0,5,False,True,True,True,44,False,0.9090909090909091
supp_p25,complete_cohort,175,uncertainty,False,0,0,5,False,True,True,True,44,False,2.3636363636363638
supp_p25,complete_cohort,176,uncertainty,False,0,0,5,False,True,True,True,44,False,2.5454545454545454
supp_p25,complete_cohort,177,uncertainty,False,0,0,5,False,True,True,True,44,False,2.8636363636363638
supp_p25,complete_cohort,178,uncertainty,False,0,0,5,False,True,True,True,44,False,2.8636363636363638
supp_p25,complete_cohort,179,uncertainty,False,0,0,5,False,True,True,True,44,False,1.6363636363636365
supp_p25,complete_cohort,180,uncertainty,False,0,0,5,False,True,True,True,44,False,2.1363636363636362
supp_p25,complete_cohort,181,uncertainty,False,0,0,5,False,True,True,True,44,False,2.8636363636363638
supp_p25,complete_cohort,182,uncertainty,False,0,0,5,False,True,True,True,44,False,2.227272727272727
supp_p25,complete_cohort,183,uncertainty,False,0,0,5,False,True,True,True,44,False,2.090909090909091
supp_p25,complete_cohort,2,low_score,False,0,0,5,False,False,False,False,5,False,0.0
supp_p25,complete_cohort,3,low_score,False,0,0,5,False,False,False,False,9,False,0.0
supp_p25,complete_cohort,4,low_score,False,0,0,5,False,False,False,False,15,False,0.0
supp_p25,complete_cohort,5,low_score,False,0,0,5,False,False,False,False,9,False,0.0
supp_p25,complete_cohort,6,low_score,False,0,0,5,False,False,False,False,7,False,0.0
supp_p25,complete_cohort,7,low_score,False,0,0,5,False,False,False,False,15,False,0.0
supp_p25,complete_cohort,9,low_score,False,0,0,5,False,False,False,False,8,False,0.0
supp_p25,complete_cohort,11,low_score,False,0,0,5,False,False,False,False,12,False,0.0
supp_p25,complete_cohort,12,low_score,False,0,0,5,False,False,False,False,7,False,0.0
supp_p25,complete_cohort,13,low_score,False,0,0,5,False,False,False,False,15,False,0.0
supp_p25,complete_cohort,14,low_score,False,0,0,5,False,False,False,False,16,False,0.0
supp_p25,complete_cohort,15,low_score,False,0,0,5,False,False,False,False,11,False,0.0
supp_p25,complete_cohort,17,low_score,False,0,0,5,False,False,False,False,11,False,0.0
supp_p25,complete_cohort,19,low_score,False,0,0,5,False,False,False,False,11,False,0.0
supp_p25,complete_cohort,20,low_score,False,0,0,5,False,False,False,False,6,False,0.0
supp_p25,complete_cohort,21,low_score,False,0,0,5,False,False,False,False,15,False,0.0
supp_p25,complete_cohort,22,low_score,False,0,0,5,False,False,False,False,16,False,0.0
supp_p25,complete_cohort,23,low_score,False,0,0,5,False,False,False,False,12,False,0.0
supp_p25,complete_cohort,24,low_score,False,0,0,5,False,False,False,False,9,False,0.0
supp_p25,complete_cohort,25,low_score,False,0,0,5,False,False,False,False,11,False,0.0
supp_p25,complete_cohort,27,low_score,False,0,0,5,False,False,False,False,13,False,0.0
supp_p25,complete_cohort,28,low_score,False,0,0,5,False,False,False,False,10,False,0.0
supp_p25,complete_cohort,29,low_score,False,0,0,5,False,False,False,False,9,False,0.0
supp_p25,complete_cohort,30,low_score,False,0,0,5,False,False,False,False,6,False,0.0
supp_p25,complete_cohort,31,low_score,False,0,0,5,False,False,False,False,10,False,0.0
supp_p25,complete_cohort,39,low_score,False,0,0,5,False,False,False,False,8,False,0.0
supp_p25,complete_cohort,40,low_score,False,0,0,5,False,False,False,False,6,False,0.0
supp_p25,complete_cohort,41,low_score,False,0,0,5,False,False,False,False,9,False,0.0
supp_p25,complete_cohort,42,low_score,False,0,0,5,False,False,False,False,12,False,0.0
supp_p25,complete_cohort,43,low_score,False,0,0,5,False,False,False,False,10,False,0.0
supp_p25,complete_cohort,44,low_score,False,0,0,5,False,False,False,False,7,False,0.0
supp_p25,complete_cohort,45,low_score,False,0,0,5,False,False,False,False,8,False,0.0
supp_p25,complete_cohort,46,low_score,False,0,0,5,False,False,False,False,12,False,0.0
supp_p25,complete_cohort,47,low_score,False,0,0,5,False,False,False,False,8,False,0.0
supp_p25,complete_cohort,48,low_score,False,0,0,5,False,False,False,False,14,False,0.0
supp_p25,complete_cohort,50,low_score,False,0,0,5,False,False,False,False,7,False,0.0
supp_p25,complete_cohort,51,low_score,False,0,0,5,False,False,False,False,17,False,0.0
supp_p25,complete_cohort,52,low_score,False,0,0,5,False,False,False,False,15,False,0.0
supp_p25,complete_cohort,53,low_score,False,0,0,5,False,False,False,False,17,False,0.0
supp_p25,complete_cohort,54,low_score,False,0,0,5,False,False,False,False,8,False,0.0
supp_p25,complete_cohort,55,low_score,False,0,0,5,False,False,False,False,9,False,0.0
supp_p25,complete_cohort,56,low_score,False,0,0,5,False,False,False,False,5,False,0.0
supp_p25,complete_cohort,58,low_score,False,0,0,5,False,False,False,False,14,False,0.0
supp_p25,complete_cohort,59,low_score,False,0,0,5,False,False,False,False,6,False,0.0
supp_p25,complete_cohort,61,low_score,False,0,0,5,False,False,False,False,9,False,0.0
supp_p25,complete_cohort,62,low_score,False,0,0,5,False,False,False,False,9,False,0.0
supp_p25,complete_cohort,63,low_score,False,0,0,5,False,False,False,False,6,False,0.0
supp_p25,complete_cohort,64,low_score,False,0,0,5,False,False,False,False,5,False,0.0
supp_p25,complete_cohort,66,low_score,False,0,0,5,False,False,False,False,7,False,0.0
supp_p25,complete_cohort,67,low_score,False,0,0,5,False,False,False,False,14,False,0.0
supp_p25,complete_cohort,68,low_score,False,0,0,5,False,False,False,False,12,False,0.0
supp_p25,complete_cohort,70,low_score,False,0,0,5,False,False,False,False,16,False,0.0
supp_p25,complete_cohort,71,low_score,False,0,0,5,False,False,False,False,11,False,0.0
supp_p25,complete_cohort,72,low_score,False,0,0,4,False,False,False,False,4,False,0.0
supp_p25,complete_cohort,73,low_score,False,0,0,5,False,False,False,False,9,False,0.0
supp_p25,complete_cohort,74,low_score,False,0,0,5,False,False,False,False,15,False,0.0
supp_p25,complete_cohort,76,low_score,False,0,0,5,False,False,False,False,21,False,0.0
supp_p25,complete_cohort,77,low_score,False,0,0,5,False,False,False,False,12,False,0.0
supp_p25,complete_cohort,78,low_score,False,0,0,5,False,False,False,False,11,False,0.0
supp_p25,complete_cohort,79,low_score,False,0,0,5,False,False,False,False,5,False,0.0
supp_p25,complete_cohort,80,low_score,False,0,0,5,False,False,False,False,18,False,0.0
supp_p25,complete_cohort,81,low_score,False,0,0,3,False,False,False,False,3,False,0.0
supp_p25,complete_cohort,82,low_score,False,0,0,5,False,False,False,False,9,False,0.0
supp_p25,complete_cohort,83,low_score,False,0,0,5,False,False,False,False,5,False,0.0
supp_p25,complete_cohort,84,low_score,False,0,0,5,False,False,False,False,5,False,0.0
supp_p25,complete_cohort,85,low_score,False,0,0,5,False,False,False,False,6,False,0.0
supp_p25,complete_cohort,86,low_score,False,0,0,5,False,False,False,False,17,False,0.0
supp_p25,complete_cohort,87,low_score,False,0,0,5,False,False,False,False,10,False,0.0
supp_p25,complete_cohort,88,low_score,False,0,0,5,False,False,False,False,10,False,0.0
supp_p25,complete_cohort,89,low_score,False,0,0,5,False,False,False,False,13,False,0.0
supp_p25,complete_cohort,90,low_score,False,0,0,5,False,False,False,False,19,False,0.0
supp_p25,complete_cohort,91,low_score,False,0,0,5,False,False,False,False,19,False,0.0
supp_p25,complete_cohort,92,low_score,False,0,0,5,False,False,False,False,12,False,0.0
supp_p25,complete_cohort,93,low_score,False,0,0,5,False,False,False,False,9,False,0.0
supp_p25,complete_cohort,94,low_score,False,0,0,5,False,False,False,False,13,False,0.0
supp_p25,complete_cohort,95,low_score,False,0,0,5,False,False,False,False,14,False,0.0
supp_p25,complete_cohort,96,low_score,False,0,0,5,False,False,False,False,10,False,0.0
supp_p25,complete_cohort,97,low_score,False,0,0,5,False,False,False,False,9,False,0.0
supp_p25,complete_cohort,98,low_score,False,0,0,5,False,False,False,False,11,False,0.0
supp_p25,complete_cohort,99,low_score,False,0,0,5,False,False,False,False,8,False,0.0
supp_p25,complete_cohort,100,low_score,False,0,0,5,False,False,False,False,16,False,0.0
supp_p25,complete_cohort,101,low_score,False,0,0,5,False,False,False,False,15,False,0.0
supp_p25,complete_cohort,102,low_score,False,0,0,5,False,False,False,False,11,False,0.0
supp_p25,complete_cohort,103,low_score,False,0,0,5,False,False,False,False,11,False,0.0
supp_p25,complete_cohort,104,low_score,False,0,0,5,False,False,False,False,14,False,0.0
supp_p25,complete_cohort,105,low_score,False,0,0,5,False,False,False,False,10,False,0.0
supp_p25,complete_cohort,106,low_score,False,0,0,5,False,False,False,False,13,False,0.0
supp_p25,complete_cohort,107,low_score,False,0,0,5,False,False,False,False,12,False,0.0
supp_p25,complete_cohort,108,low_score,False,0,0,5,False,False,False,False,12,False,0.0
supp_p25,complete_cohort,109,low_score,False,0,0,5,False,False,False,False,11,False,0.0
supp_p25,complete_cohort,110,low_score,False,0,0,5,False,False,False,False,9,False,0.0
supp_p25,complete_cohort,111,low_score,False,0,0,5,False,False,False,False,9,False,0.0
supp_p25,complete_cohort,112,low_score,False,0,0,5,False,False,False,False,11,False,0.0
supp_p25,complete_cohort,113,low_score,False,0,0,5,False,False,False,False,11,False,0.0
supp_p25,complete_cohort,114,low_score,False,0,0,5,False,False,False,False,13,False,0.0
supp_p25,complete_cohort,115,low_score,False,0,0,5,False,False,False,False,10,False,0.0
supp_p25,complete_cohort,116,low_score,False,0,0,5,False,False,False,False,10,False,0.0
supp_p25,complete_cohort,117,low_score,False,0,0,5,False,False,False,False,11,False,0.0
supp_p25,complete_cohort,118,low_score,False,0,0,5,False,False,False,False,17,False,0.0
supp_p25,complete_cohort,119,low_score,False,0,0,5,False,False,False,False,9,False,0.0
supp_p25,complete_cohort,120,low_score,False,0,0,5,False,False,False,False,10,False,0.0
supp_p25,complete_cohort,121,low_score,False,0,0,5,False,False,False,False,12,False,0.0
supp_p25,complete_cohort,122,low_score,False,0,0,5,False,False,False,False,17,False,0.0
supp_p25,complete_cohort,123,low_score,False,0,0,5,False,False,False,False,11,False,0.0
supp_p25,complete_cohort,124,low_score,False,0,0,5,False,False,False,False,8,False,0.0
supp_p25,complete_cohort,125,low_score,False,0,0,5,False,False,False,False,13,False,0.0
supp_p25,complete_cohort,126,low_score,False,0,0,5,False,False,False,False,16,False,0.0
supp_p25,complete_cohort,127,low_score,False,0,0,5,False,False,False,False,15,False,0.0
supp_p25,complete_cohort,128,low_score,False,0,0,5,False,False,False,False,13,False,0.0
supp_p25,complete_cohort,129,low_score,False,0,0,5,False,False,False,False,7,False,0.0
supp_p25,complete_cohort,130,low_score,False,0,0,5,False,False,False,False,15,False,0.0
supp_p25,complete_cohort,131,low_score,False,0,0,5,False,False,False,False,18,False,0.0
supp_p25,complete_cohort,132,low_score,False,0,0,5,False,False,False,False,11,False,0.0
supp_p25,complete_cohort,133,low_score,False,0,0,5,False,False,False,False,5,False,0.0
supp_p25,complete_cohort,134,low_score,False,0,0,5,False,False,False,False,15,False,0.0
supp_p25,complete_cohort,135,low_score,False,0,0,5,False,False,False,False,13,False,0.0
supp_p25,complete_cohort,136,low_score,False,0,0,5,False,False,False,False,15,False,0.0
supp_p25,complete_cohort,137,low_score,False,0,0,5,False,False,False,False,15,False,0.0
supp_p25,complete_cohort,138,low_score,False,0,0,5,False,False,False,False,14,False,0.0
supp_p25,complete_cohort,139,low_score,False,0,0,5,False,False,False,False,14,False,0.0
supp_p25,complete_cohort,140,low_score,False,0,0,5,False,False,False,False,17,False,0.0
supp_p25,complete_cohort,141,low_score,False,0,0,5,False,False,False,False,16,False,0.0
supp_p25,complete_cohort,142,low_score,False,0,0,5,False,False,False,False,17,False,0.0
supp_p25,complete_cohort,143,low_score,False,0,0,5,False,False,False,False,17,False,0.0
supp_p25,complete_cohort,144,low_score,False,0,0,5,False,False,False,False,8,False,0.0
supp_p25,complete_cohort,147,low_score,False,0,0,5,False,False,False,False,14,False,0.0
supp_p25,complete_cohort,148,low_score,False,0,0,5,False,False,False,False,15,False,0.0
supp_p25,complete_cohort,149,low_score,False,0,0,5,False,False,False,False,12,False,0.0
supp_p25,complete_cohort,150,low_score,False,0,0,5,False,False,False,False,15,False,0.0
supp_p25,complete_cohort,151,low_score,False,0,0,5,False,False,False,False,16,False,0.0
supp_p25,complete_cohort,152,low_score,False,0,0,5,False,False,False,False,17,False,0.0
supp_p25,complete_cohort,153,low_score,False,0,0,5,False,False,False,False,14,False,0.0
supp_p25,complete_cohort,154,low_score,False,0,0,5,False,False,False,False,8,False,0.0
supp_p25,complete_cohort,155,low_score,False,0,0,5,False,False,False,False,10,False,0.0
supp_p25,complete_cohort,156,low_score,False,0,0,5,False,False,False,False,16,False,0.0
supp_p25,complete_cohort,157,low_score,False,0,0,5,False,False,False,False,9,False,0.0
supp_p25,complete_cohort,158,low_score,False,0,0,5,False,False,False,False,12,False,0.0
supp_p25,complete_cohort,159,low_score,False,0,0,5,False,False,False,False,13,False,0.0
supp_p25,complete_cohort,160,low_score,False,0,0,5,False,False,False,False,14,False,0.0
supp_p25,complete_cohort,161,low_score,False,0,0,5,False,False,False,False,15,False,0.0
supp_p25,complete_cohort,162,low_score,False,0,0,5,False,False,False,False,20,False,0.0
supp_p25,complete_cohort,163,low_score,False,0,0,5,False,False,False,False,18,False,0.0
supp_p25,complete_cohort,164,low_score,False,0,0,5,False,False,False,False,13,False,0.0
supp_p25,complete_cohort,165,low_score,False,0,0,5,False,False,False,False,16,False,0.0
supp_p25,complete_cohort,166,low_score,False,0,0,5,False,False,False,False,18,False,0.0
supp_p25,complete_cohort,167,low_score,False,0,0,5,False,False,False,False,12,False,0.0
supp_p25,complete_cohort,168,low_score,False,0,0,5,False,False,False,False,8,False,0.0
supp_p25,complete_cohort,169,low_score,False,0,0,5,False,False,False,False,13,False,0.0
supp_p25,complete_cohort,170,low_score,False,0,0,5,False,False,False,False,12,False,0.0
supp_p25,complete_cohort,172,low_score,False,0,0,5,False,False,False,False,12,False,0.0
supp_p25,complete_cohort,174,low_score,False,0,0,5,False,False,False,False,15,False,0.0
supp_p25,complete_cohort,175,low_score,False,0,0,5,False,False,False,False,14,False,0.0
supp_p25,complete_cohort,176,low_score,False,0,0,5,False,False,False,False,11,False,0.0
supp_p25,complete_cohort,177,low_score,False,0,0,5,False,False,False,False,12,False,0.0
supp_p25,complete_cohort,178,low_score,False,0,0,5,False,False,False,False,10,False,0.0
supp_p25,complete_cohort,179,low_score,False,0,0,5,False,False,False,False,18,False,0.0
supp_p25,complete_cohort,180,low_score,False,0,0,5,False,False,False,False,17,False,0.0
supp_p25,complete_cohort,181,low_score,False,0,0,5,False,False,False,False,11,False,0.0
supp_p25,complete_cohort,182,low_score,False,0,0,5,False,False,False,False,9,False,0.0
supp_p25,complete_cohort,183,low_score,False,0,0,5,False,False,False,False,15,False,0.0
